numerical__Air temperature [K],numerical__Process temperature [K],numerical__Rotational speed [rpm],numerical__Torque [Nm],numerical__Tool wear [min],categorical__Type_0,categorical__Type_1,categorical__Type_2,Machine failure
-1.1057793207904283,-1.7594146924735963,2.0128354348840407,-1.5692982030070828,0.3347423741532867,0.0,1.0,0.0,0
1.840492473580391,1.5479732827897112,-1.055557181000935,1.099287329419476,-0.04108359475607377,1.0,0.0,0.0,0
-1.405400181234931,-1.4219261235691794,-0.25655440218097747,-0.16004516902901256,0.6009524354640837,1.0,0.0,0.0,0
1.7905556635063262,1.5479732827897112,0.5036079637796765,-0.7597273111473404,1.8067274190482818,0.0,1.0,0.0,0
0.4422617915060928,1.2779824276661549,3.3334094721003593,-2.348884987760909,-1.0119673477719215,0.0,0.0,1.0,0
0.19257774113568338,1.2104847138852945,-0.5894722266892931,0.21975352097926218,-1.4660903935373988,1.0,0.0,0.0,0
-2.004641902123908,-2.231898688939772,2.8007409528870544,-1.7691922503798587,-0.9336702709158049,0.0,1.0,0.0,0
1.041503512395098,1.0754892863235355,0.8975607227811834,-1.3793988580029457,-0.9649891016582516,0.0,0.0,1.0,0
0.492198601580186,0.6030052898573213,1.2526730689233867,-1.5792929053757216,1.1177131427144544,0.0,1.0,0.0,0
1.9903029038026423,1.8854618516941282,0.015328487834146953,0.2697270328224562,1.415242034767698,1.0,0.0,0.0,0
-0.4566007898273583,0.26551672095290446,-0.11229001156070736,0.5295892944070644,-0.24465599458197734,1.0,0.0,0.0,0
1.7905556635063262,1.6829687103514703,-1.4051208967346662,2.238683399444299,-0.10372125624096717,1.0,0.0,0.0,0
-0.6064112200496096,-0.6119535581985485,-1.050008550592463,1.2492078649490581,0.052872897471266354,1.0,0.0,0.0,0
1.5408716131359168,0.7380007174191187,0.30385726907468713,-0.44989153771953755,-1.4817498089086223,0.0,1.0,0.0,0
1.091440322469163,0.46800986229556224,0.34269768193399064,-0.6997590969355075,0.9141407428885507,0.0,1.0,0.0,0
-0.3067903596051354,-0.9494421271029653,-0.6893475740417878,1.6390012573259711,1.0550754812295609,1.0,0.0,0.0,0
0.5920722217283441,0.33301443473380316,0.03752300946803466,-0.00012993113079164646,-0.8240543633172414,1.0,0.0,0.0,0
-0.8061584603459542,-1.0844375546647627,-0.33423522789958443,-0.08008755007990175,-0.7770761172035714,0.0,0.0,1.0,0
0.3423881713579347,0.26551672095290446,-0.9612304640569121,1.259202567317697,1.5248579423662616,1.0,0.0,0.0,0
-2.204389142420224,-2.636884971625049,0.46476755092037303,-0.9096478466769223,1.6031550192223782,0.0,0.0,1.0,0
0.24251455120977664,-0.3419627030750304,-1.577128439397296,2.2086992923383826,0.4756771124942969,1.0,0.0,0.0,0
-1.0059057006422703,-0.6119535581985485,-0.367527010350416,0.42964227072067634,0.2564452972971699,1.0,0.0,0.0,0
-1.3554633711608377,-1.151935268445623,3.5997437317070116,-2.298911475917715,-1.1842209168553786,1.0,0.0,0.0,0
-1.8048946618275916,-1.8269124062544566,-0.289846184631809,-0.24999749034676158,-0.3855907329229875,1.0,0.0,0.0,0
-0.7062848401977677,-0.6794512719794472,-0.3897215319843037,0.5995522109875362,-1.6226845472496323,1.0,0.0,0.0,0
-1.0059057006422703,-0.7469489857603459,-1.1110434850856543,1.139266138894031,-0.6204819634913378,0.0,1.0,0.0,0
-0.8061584603459542,-0.20696727551327135,-0.4563050968859668,0.41964756835203815,1.0550754812295609,1.0,0.0,0.0,0
0.6919458418765022,0.4005121485147019,-0.445207836069023,-0.49986504956273153,-0.3229530714380941,0.0,1.0,0.0,0
-0.856095270420019,0.0630235796102851,-0.8336119646620579,0.9593614962585331,-0.5108660558927743,0.0,1.0,0.0,0
1.3910611829136654,1.5479732827897112,-0.595020857097765,0.8993932820467001,1.7284303421921652,0.0,1.0,0.0,0
-0.6064112200496096,-0.6119535581985485,-0.14558179401153892,0.029854175975124464,0.8201842506612106,1.0,0.0,0.0,0
0.5920722217283441,0.19801900717204413,-0.4895968793367984,-0.030114038236707757,0.24078588192594658,1.0,0.0,0.0,0
0.6919458418765022,0.46800986229556224,-0.017963294616684607,0.4396369730893153,-0.18201833309708393,0.0,0.0,1.0,0
1.8904292836544843,2.0204572792558873,0.5202538550050922,-0.7097537993041464,1.5561767731087082,1.0,0.0,0.0,0
-0.7062848401977677,-0.6794512719794472,-0.46185372729443874,0.7694621512543961,-1.6853222087345259,1.0,0.0,0.0,0
-1.0059057006422703,-0.8819444133221049,0.44257302928648534,0.009864771237847294,-0.980648517029475,1.0,0.0,0.0,0
-0.7062848401977677,-1.2194329822265217,0.9197552444150711,-1.3694041556343068,1.0863943119720076,1.0,0.0,0.0,0
1.191313942617321,0.6030052898573213,-0.3897215319843037,-0.04010874060534669,-0.3386124868093175,1.0,0.0,0.0,0
0.39232498143202793,-0.20696727551327135,-0.9223900511976086,0.5395839967757032,1.1177131427144544,1.0,0.0,0.0,0
0.19257774113568338,-0.004474134170613608,1.2748675905572744,-1.3893935603715843,-1.0902644246280384,1.0,0.0,0.0,0
0.9416298922469115,0.4005121485147019,-1.5493852873549365,2.5884979823466576,-1.2311991629690486,0.0,1.0,0.0,0
-1.0558425107163636,-1.4894238373500397,-0.9667790944653841,0.6895045323052853,-0.542184886635221,1.0,0.0,0.0,0
0.3423881713579347,1.4129778552279522,-0.15113042442001084,-0.3099657045585945,0.7105683430626472,1.0,0.0,0.0,0
0.14264093106161854,0.9404938587617381,-1.2275647236635647,1.2691972696863358,-1.4817498089086223,1.0,0.0,0.0,0
-1.7050210416794052,-1.6919169786926975,1.080665526260757,-1.2994412390538352,-0.9023514401733582,0.0,1.0,0.0,0
-1.405400181234931,-1.151935268445623,-0.6671530524079,-0.030114038236707757,0.11551055895615976,1.0,0.0,0.0,0
1.3910611829136654,1.5479732827897112,-0.8502578558874736,1.778927090486914,1.0080972351158908,1.0,0.0,0.0,0
-0.5065375999014515,-0.07197184795151232,1.912960087531546,-1.4393670722147784,-0.11938067161219053,0.0,0.0,1.0,0
-0.6563480301237028,-0.9494421271029653,1.014081961359094,-1.5293193935325278,-0.6831196249762312,0.0,1.0,0.0,0
-0.15697992938288408,-0.6119535581985485,0.20398192172219246,-0.3599392164017885,0.6479306815777538,0.0,1.0,0.0,0
-0.057106309234725997,0.26551672095290446,-0.6671530524079,0.5695681038816202,1.102053727343231,1.0,0.0,0.0,0
1.141377132543256,1.1429870001043958,0.8087826362456325,-0.919642549045561,0.35040178952451007,0.0,1.0,0.0,0
-0.6064112200496096,-1.016939840883864,-0.27320029340639324,-0.49986504956273153,-1.2311991629690486,1.0,0.0,0.0,0
1.3411243728395723,0.4005121485147019,0.13739835682052934,-0.5698279661432034,-1.6853222087345259,1.0,0.0,0.0,0
1.2911875627655074,0.19801900717204413,0.5979346807236993,-0.5798226685118416,-1.4660903935373988,1.0,0.0,0.0,0
-0.6064112200496096,-0.8144466995412062,-0.09009548992681966,0.4396369730893153,-0.8240543633172414,1.0,0.0,0.0,0
0.8417562720987535,0.67050300363822,-1.2664051365228681,0.6795098299366463,0.44435828175185016,0.0,1.0,0.0,0
-1.3554633711608377,-0.8819444133221049,-0.40081879280124755,-0.31996040692723343,1.6971115114497184,1.0,0.0,0.0,0
0.4422617915060928,0.6030052898573213,1.1638949823878357,-1.3594094532656682,-1.0589455938855916,1.0,0.0,0.0,0
0.5920722217283441,0.7380007174191187,0.05971753110192237,-0.030114038236707757,-1.3721339013100589,1.0,0.0,0.0,0
1.7905556635063262,2.087954993036786,-0.8003201822112262,0.4096528659833992,0.19380763581227653,1.0,0.0,0.0,0
0.8417562720987535,0.19801900717204413,1.374742937909769,-1.3294253461597518,-1.1685615014841553,0.0,1.0,0.0,0
0.29245136128386984,-0.07197184795151232,-0.6172153787316527,0.8794038773094223,0.021554066728819647,1.0,0.0,0.0,0
0.9915667023210047,0.33301443473380316,-0.8780010079298333,1.838895304698747,1.462220280881368,0.0,1.0,0.0,0
0.6420090318024373,0.7380007174191187,0.769942223386329,-0.9296372514142,-1.1529020861129318,0.0,1.0,0.0,0
1.9403660937285492,2.155452706817646,-0.2232626197301459,-0.2599921927154005,-1.5757063011359624,1.0,0.0,0.0,0
1.9403660937285492,2.0204572792558873,0.4814134421457888,-0.8596743348337283,1.587495603851155,1.0,0.0,0.0,0
-1.2056529409385865,-0.2744649892941317,0.2927600082577433,-0.41990743061362146,-0.7927355325747947,0.0,1.0,0.0,0
-0.6064112200496096,0.13052129339114543,-0.43411057525207913,0.6695151275680081,-0.04108359475607377,1.0,0.0,0.0,0
-0.7062848401977677,-0.20696727551327135,0.4869620725542607,-0.6597802874609524,-0.13504008698341388,1.0,0.0,0.0,0
-0.40666397975329344,0.33301443473380316,-0.8613551167044174,0.8694091749407841,-0.228996579210754,1.0,0.0,0.0,0
-0.4566007898273583,-0.9494421271029653,0.3981839860187099,-0.8596743348337283,0.835843666032434,1.0,0.0,0.0,0
1.5908084232099817,0.9404938587617381,-1.194272941212733,1.419117805215918,1.8850244959043987,1.0,0.0,0.0,1
1.041503512395098,0.46800986229556224,-1.2497592452974524,1.2791919720549743,-1.560046885764739,1.0,0.0,0.0,1
0.8916930821728467,0.4005121485147019,-1.355183223058419,2.22868869707566,-0.2603154099532007,1.0,0.0,0.0,0
-0.756221650271861,-0.9494421271029653,1.985092282841681,-1.9790810001212737,-0.9023514401733582,0.0,1.0,0.0,0
-1.1057793207904283,-1.6919169786926975,-0.8391605950705298,-0.00012993113079164646,0.8045248352899873,1.0,0.0,0.0,0
-1.2555897510126797,-1.2194329822265217,-0.27874892381486516,0.06983298544968022,0.522655358607967,1.0,0.0,0.0,0
1.8904292836544843,1.6829687103514703,-0.5117914009706861,0.6595204251993692,1.415242034767698,0.0,0.0,1.0,0
1.9403660937285492,2.155452706817646,0.47031618132884495,-0.020119335868069525,-0.009764764013627058,0.0,1.0,0.0,0
-1.0059057006422703,-0.7469489857603459,-0.739285247718035,0.0898223901869574,-0.47954722515032766,1.0,0.0,0.0,0
-0.6563480301237028,-0.13946956173237265,-0.001317403391268828,-0.6597802874609524,-1.654003377992079,1.0,0.0,0.0,0
-0.856095270420019,-0.9494421271029653,0.1706901392713609,-0.5198544543000094,1.0550754812295609,1.0,0.0,0.0,0
-1.305526561086773,-1.4219261235691794,-0.8280633342535859,1.199234353105864,0.3660612048957334,0.0,0.0,1.0,0
0.5421354116542793,0.805498431199979,-0.7337366173095632,1.299181376792252,0.8984813275173275,0.0,1.0,0.0,0
1.9903029038026423,2.155452706817646,0.4203785076525976,-0.2200133832408455,0.30342354341084,1.0,0.0,0.0,0
0.3423881713579347,0.19801900717204413,0.2927600082577433,-0.39991802587634356,-1.4660903935373988,1.0,0.0,0.0,0
1.041503512395098,1.0079915725426367,-0.3453324887165283,0.5395839967757032,0.052872897471266354,1.0,0.0,0.0,0
0.5920722217283441,0.13052129339114543,-0.8558064862959456,0.2297482233479004,-1.027626763143145,1.0,0.0,0.0,0
-0.4566007898273583,-0.6794512719794472,-0.49514550974527033,0.2997111399283723,-1.0589455938855916,1.0,0.0,0.0,0
1.141377132543256,0.6030052898573213,1.00298470054215,-1.1894995129988084,1.102053727343231,1.0,0.0,0.0,0
-1.2555897510126797,-1.0844375546647627,-1.050008550592463,1.219223757843142,0.7732060045475406,0.0,1.0,0.0,0
-1.5552106114571824,-1.5569215511309384,0.6312264631745308,-0.4099127282449825,1.0863943119720076,1.0,0.0,0.0,0
0.39232498143202793,0.46800986229556224,-0.9334873120145526,0.46962108019523213,1.5248579423662616,0.0,1.0,0.0,0
-0.7062848401977677,-0.13946956173237265,-1.4439613095939698,1.589027745482777,0.6949089276914238,0.0,0.0,1.0,0
0.7418826519505954,0.26551672095290446,-1.4606072008193856,1.5590436383768609,0.7888654199187639,0.0,1.0,0.0,0
-1.0558425107163636,-0.13946956173237265,2.5566012149142896,-1.8691392740662467,-1.2311991629690486,1.0,0.0,0.0,0
0.14264093106161854,-0.2744649892941317,0.47031618132884495,-0.7397379064100625,1.0550754812295609,1.0,0.0,0.0,0
1.091440322469163,0.805498431199979,0.5036079637796765,-0.39991802587634356,0.9611189890022208,1.0,0.0,0.0,0
-0.057106309234725997,0.8729961449808777,-0.023511925025156536,-0.19002927613492865,0.8201842506612106,1.0,0.0,0.0,0
-0.3067903596051354,-0.47695813063678943,-0.9612304640569121,0.8394250678348673,0.13116997432738312,1.0,0.0,0.0,0
0.19257774113568338,-0.4094604168559291,-0.9834249856907998,0.20975881861062326,1.1646913888281245,0.0,1.0,0.0,0
-1.305526561086773,-0.9494421271029653,-1.4606072008193856,1.359149591004085,-0.07240242549852047,1.0,0.0,0.0,0
0.8417562720987535,0.7380007174191187,0.4370243988780134,-0.3299551092958717,0.11551055895615976,0.0,1.0,0.0,0
-0.756221650271861,-0.47695813063678943,0.46476755092037303,-0.6897643945668686,0.021554066728819647,1.0,0.0,0.0,0
0.6420090318024373,0.6030052898573213,0.1484956176374732,-0.6897643945668686,-0.40125014829421085,1.0,0.0,0.0,0
0.5920722217283441,0.4005121485147019,-0.4563050968859668,1.0493138175762822,0.09985114358493641,0.0,0.0,1.0,0
1.8904292836544843,1.8179641379132294,-0.9168414207891368,1.359149591004085,0.44435828175185016,0.0,1.0,0.0,0
-0.856095270420019,-1.286930696007382,-0.7059934652672035,1.2292184602117802,1.7284303421921652,1.0,0.0,0.0,1
-1.1557161308645216,-1.0844375546647627,-0.672701682816372,1.1892396507372252,-0.47954722515032766,0.0,0.0,1.0,0
-0.9060320804941122,-1.4219261235691794,-0.2676516629979213,-0.030114038236707757,1.149031973456901,0.0,0.0,1.0,0
-0.9559688905681771,-0.6794512719794472,0.10965520477816972,-0.5998120732491196,-0.8397137786884648,1.0,0.0,0.0,0
-0.5065375999014515,-0.004474134170613608,2.828484104929414,-2.0490439167017453,0.052872897471266354,0.0,1.0,0.0,0
-0.3067903596051354,-0.47695813063678943,-0.822514703845114,0.6595204251993692,1.2116696349417944,1.0,0.0,0.0,0
-1.1557161308645216,-1.8944101200353554,-0.5284372921961019,-0.00012993113079164646,-1.4191121474237287,1.0,0.0,0.0,0
-1.455336991308996,-1.286930696007382,-1.038911289775519,0.4396369730893153,-1.6853222087345259,0.0,1.0,0.0,0
0.24251455120977664,0.19801900717204413,-1.12768937631107,1.708964173906443,-1.2311991629690486,1.0,0.0,0.0,0
-1.2056529409385865,-1.286930696007382,-0.8890982687467771,1.738948281012359,0.22512646655472324,0.0,1.0,0.0,0
-1.6051474215312471,-1.3544284097882808,-0.9334873120145526,1.449101912321834,-0.3386124868093175,1.0,0.0,0.0,0
0.04276731091346047,0.9404938587617381,0.4980593333712046,-0.869669037202367,-1.0432861785143683,1.0,0.0,0.0,0
0.7418826519505954,0.46800986229556224,-1.12768937631107,2.55851387524074,-1.6853222087345259,0.0,1.0,0.0,1
-0.15697992938288408,-0.7469489857603459,-0.33978385830805635,0.09981709255559633,-0.3229530714380941,0.0,1.0,0.0,0
1.840492473580391,1.8179641379132294,0.7200045497100817,-0.8296902277278119,0.19380763581227653,0.0,1.0,0.0,0
0.4422617915060928,1.3454801414470536,-0.5450831834215176,0.37966875887748236,1.6031550192223782,1.0,0.0,0.0,0
-0.6563480301237028,-0.07197184795151232,0.009779857425675026,-0.1500504666603736,1.5718361884799317,1.0,0.0,0.0,0
1.141377132543256,1.0079915725426367,-0.8447092254790017,0.7294833417798403,-1.654003377992079,1.0,0.0,0.0,0
0.39232498143202793,0.4005121485147019,-0.9945222465077438,0.8794038773094223,-0.2603154099532007,1.0,0.0,0.0,0
0.3423881713579347,1.0754892863235355,-1.061105811409407,2.248678101812938,-1.1215832553704852,0.0,1.0,0.0,0
-1.305526561086773,-1.151935268445623,1.7465011752773882,-1.8191657622230528,-1.3094962398251653,1.0,0.0,0.0,0
1.7905556635063262,1.8179641379132294,0.54244837663898,-0.7097537993041464,-1.3877933166812821,1.0,0.0,0.0,0
-1.0558425107163636,-1.5569215511309384,-0.012414664208212682,-0.23000808560948371,-1.4504309781661755,1.0,0.0,0.0,0
0.3423881713579347,0.0630235796102851,0.14294698722900126,0.019859473606486232,-0.41690956366543425,1.0,0.0,0.0,0
-0.9060320804941122,-0.7469489857603459,0.4148298772441257,-0.44989153771953755,-1.4504309781661755,0.0,1.0,0.0,0
0.6919458418765022,0.33301443473380316,-0.27874892381486516,0.34968465177156627,-0.15069950235463722,1.0,0.0,0.0,0
-1.2555897510126797,-1.016939840883864,0.09855794396122586,-0.09008225244854068,-0.9493296862870282,0.0,0.0,1.0,0
-1.1057793207904283,-1.151935268445623,-0.5783749658723493,1.0093350081017272,1.274307296426688,1.0,0.0,0.0,0
-0.15697992938288408,-0.47695813063678943,-0.25100577177250555,-0.2200133832408455,1.6657926807072716,0.0,0.0,1.0,0
-0.6064112200496096,-1.016939840883864,-0.49514550974527033,1.0792979246821983,-0.7927355325747947,1.0,0.0,0.0,0
-1.1057793207904283,-1.4894238373500397,0.32050316030010295,-0.18003457376628973,-1.5130686396510689,1.0,0.0,0.0,0
1.091440322469163,0.5355075760764609,0.7421990713439693,-0.7097537993041464,-0.8710326094309114,1.0,0.0,0.0,0
0.492198601580186,1.5479732827897112,0.05971753110192237,-0.5098597519313705,0.052872897471266354,1.0,0.0,0.0,0
-1.0558425107163636,-0.07197184795151232,-0.37307564075888794,0.4996051873011482,1.1803508041993478,1.0,0.0,0.0,0
-0.5564744099755448,-0.07197184795151232,0.28166274744079944,-0.869669037202367,-0.15069950235463722,1.0,0.0,0.0,0
-0.5564744099755448,-0.004474134170613608,1.3137080034165778,-1.4293723698461398,-0.8866920248021348,1.0,0.0,0.0,0
-0.4566007898273583,-0.3419627030750304,-0.15113042442001084,-0.10007695481717963,-0.5108660558927743,1.0,0.0,0.0,0
-1.305526561086773,-0.8144466995412062,0.620129202357587,-0.5898173708804806,0.8671624967748807,1.0,0.0,0.0,0
-0.8061584603459542,-1.0844375546647627,-0.13448453319459508,0.009864771237847294,1.1177131427144544,1.0,0.0,0.0,0
-0.15697992938288408,-0.6119535581985485,-0.17332494605389856,0.11980649729287421,0.6949089276914238,0.0,1.0,0.0,0
-0.2069167394569489,-0.3419627030750304,1.4635210244453198,-1.2294783224733639,0.8045248352899873,1.0,0.0,0.0,0
-1.0059057006422703,-0.8144466995412062,-0.23990851095556168,0.4896104849325093,1.1177131427144544,1.0,0.0,0.0,0
0.8916930821728467,0.67050300363822,1.2859648513742181,-1.2794518343165577,0.8515030814036574,1.0,0.0,0.0,0
-1.3554633711608377,-1.4894238373500397,-0.006866033799740755,0.7994462583603121,0.9924378197446675,0.0,1.0,0.0,0
0.7418826519505954,0.26551672095290446,0.2983086386662152,-0.31996040692723343,-0.9023514401733582,0.0,1.0,0.0,0
2.0402397138767356,2.155452706817646,-0.4840482489283265,0.7994462583603121,0.28776412803961665,1.0,0.0,0.0,0
-1.0558425107163636,-0.8144466995412062,0.7865881146117448,-0.8296902277278119,-0.21333716383953064,1.0,0.0,0.0,0
0.5920722217283441,0.46800986229556224,0.0652661615103943,0.11980649729287421,-0.40125014829421085,1.0,0.0,0.0,0
-1.305526561086773,-0.8144466995412062,-0.4285619448436072,0.969356198627172,0.38172062026695674,1.0,0.0,0.0,0
0.24251455120977664,1.2104847138852945,-0.9501332032399683,1.788921792855553,1.3056261271691345,1.0,0.0,0.0,1
0.9915667023210047,0.8729961449808777,1.0307278525845096,-1.2294783224733639,-1.3251556551963888,0.0,1.0,0.0,0
0.3423881713579347,0.4005121485147019,1.00298470054215,-0.969616060888755,-0.18201833309708393,1.0,0.0,0.0,0
-0.10704311930879085,-0.47695813063678943,-0.8502578558874736,0.9393720915212552,0.13116997432738312,1.0,0.0,0.0,0
0.14264093106161854,-0.07197184795151232,0.3981839860187099,-1.0995471916810593,1.0863943119720076,0.0,1.0,0.0,0
-0.4566007898273583,-0.7469489857603459,0.43147576846954144,-0.7697220135159794,1.8067274190482818,1.0,0.0,0.0,0
-0.9060320804941122,-0.7469489857603459,-1.12768937631107,0.4996051873011482,-0.6518007942337846,1.0,0.0,0.0,0
0.39232498143202793,0.5355075760764609,-0.295394815040281,0.5695681038816202,0.6009524354640837,1.0,0.0,0.0,0
-0.9060320804941122,-1.4894238373500397,2.7175114967599754,-2.00906510722719,-0.18201833309708393,1.0,0.0,0.0,0
0.39232498143202793,0.4005121485147019,0.7033586584846658,-0.37992862113906567,0.569633604721637,1.0,0.0,0.0,0
-0.3067903596051354,-1.016939840883864,1.6965635016011409,-1.7092240361680262,-0.495206640521551,1.0,0.0,0.0,0
-0.40666397975329344,-1.0844375546647627,-0.5728263354638773,0.17977471150470642,-1.246858578340272,1.0,0.0,0.0,0
1.041503512395098,0.6030052898573213,2.0905162606026475,-1.6892346314307483,-0.8866920248021348,0.0,1.0,0.0,0
0.8916930821728467,0.19801900717204413,1.2526730689233867,-1.2694571319479189,-1.2311991629690486,1.0,0.0,0.0,0
-0.40666397975329344,-1.016939840883864,-0.3619783799419441,0.7194886394112021,0.38172062026695674,0.0,1.0,0.0,0
0.04276731091346047,0.19801900717204413,-1.0777517026348227,1.708964173906443,-0.5735037173776678,0.0,1.0,0.0,0
-0.057106309234725997,0.33301443473380316,-0.001317403391268828,-0.7197485016727854,1.6501332653360483,1.0,0.0,0.0,0
-1.2056529409385865,-0.6794512719794472,-0.289846184631809,0.5395839967757032,-0.6831196249762312,1.0,0.0,0.0,0
0.492198601580186,1.0754892863235355,-0.3841729015758318,0.33968994940292735,0.39738003563818014,1.0,0.0,0.0,0
0.4422617915060928,0.46800986229556224,-0.8169660734366421,0.41964756835203815,-0.1663589177258606,1.0,0.0,0.0,0
0.5421354116542793,0.5355075760764609,1.0251792221760376,-1.2494677272106414,-0.10372125624096717,1.0,0.0,0.0,0
1.8904292836544843,1.9529595654749885,-0.5395345530130458,0.8294303654662283,-0.8710326094309114,1.0,0.0,0.0,0
0.09270412098752531,-0.004474134170613608,-0.295394815040281,0.009864771237847294,1.1646913888281245,1.0,0.0,0.0,0
-0.10704311930879085,0.4005121485147019,0.8587203099218799,-0.869669037202367,0.20946705118349987,0.0,1.0,0.0,0
1.9403660937285492,2.155452706817646,-0.6505071611824843,0.7994462583603121,1.681452096078495,0.0,1.0,0.0,1
-0.9559688905681771,-0.8819444133221049,0.7311018105270255,-1.1195365964183368,-1.0432861785143683,1.0,0.0,0.0,0
-1.5552106114571824,-1.4894238373500397,-1.4106695271431382,1.209229055474503,-0.11938067161219053,1.0,0.0,0.0,0
-1.3554633711608377,-0.9494421271029653,-1.4772530920448015,1.97882113785969,1.1646913888281245,1.0,0.0,0.0,0
-0.9559688905681771,-1.4894238373500397,-0.0789982291098758,-0.4099127282449825,0.38172062026695674,0.0,1.0,0.0,0
1.091440322469163,0.805498431199979,0.4869620725542607,-0.6797696921982296,-0.5265254712639977,0.0,1.0,0.0,0
0.04276731091346047,-0.4094604168559291,0.10965520477816972,-0.030114038236707757,-1.3094962398251653,1.0,0.0,0.0,0
-1.0059057006422703,-0.9494421271029653,-0.07344959870140388,0.17977471150470642,0.8201842506612106,0.0,0.0,1.0,0
-1.0059057006422703,-0.8144466995412062,0.392635355610238,-0.6297961803550356,1.634473849964825,1.0,0.0,0.0,0
1.9403660937285492,1.8854618516941282,-0.6671530524079,0.7894515559916733,1.3839232040252514,1.0,0.0,0.0,0
-0.4566007898273583,-1.016939840883864,-0.46740235770291066,-0.020119335868069525,0.5852930200928603,1.0,0.0,0.0,0
0.29245136128386984,0.67050300363822,0.13184972641205742,0.06983298544968022,-0.3229530714380941,1.0,0.0,0.0,0
0.14264093106161854,-0.6119535581985485,-0.9501332032399683,0.5995522109875362,0.9924378197446675,1.0,0.0,0.0,0
-0.8061584603459542,-0.6794512719794472,-0.17887357646237048,-0.3899233235077046,1.3056261271691345,0.0,1.0,0.0,0
0.8417562720987535,0.46800986229556224,0.3648922035678783,-0.6697749898295914,1.7597491729346117,1.0,0.0,0.0,0
-0.6563480301237028,-0.07197184795151232,1.1860895040217234,-1.319430643791113,-1.0589455938855916,1.0,0.0,0.0,0
-1.6051474215312471,-1.7594146924735963,-0.46740235770291066,0.9893456033644492,-0.08806184086974382,0.0,1.0,0.0,0
-0.6064112200496096,-0.5444558444176881,-0.9279386816060806,0.8494197702035061,0.19380763581227653,0.0,0.0,1.0,0
-1.0059057006422703,-1.2194329822265217,-0.27874892381486516,0.039848878343763404,-1.5130686396510689,1.0,0.0,0.0,0
0.7418826519505954,0.46800986229556224,-1.199821571621205,0.969356198627172,-0.4482283944078809,1.0,0.0,0.0,0
0.492198601580186,-0.004474134170613608,-1.815719546961589,2.7883920297194336,-1.2155397475978251,0.0,0.0,1.0,0
-0.9559688905681771,-0.07197184795151232,0.4980593333712046,-0.7497326087787015,-0.980648517029475,1.0,0.0,0.0,0
-2.0545787121980013,-2.231898688939772,0.043071639876506584,0.0898223901869574,-0.009764764013627058,1.0,0.0,0.0,0
-0.756221650271861,-0.47695813063678943,0.07081479191886622,-0.31996040692723343,0.39738003563818014,0.0,1.0,0.0,0
-1.305526561086773,-0.8819444133221049,-0.09564412033529159,0.6295363180934523,0.6009524354640837,0.0,0.0,1.0,0
-1.2555897510126797,-0.9494421271029653,0.31495452989163103,-0.2899762998213166,-1.2155397475978251,1.0,0.0,0.0,0
-0.9559688905681771,-1.151935268445623,-0.47849961851985456,0.14979060439879033,1.509198526995038,0.0,1.0,0.0,0
1.041503512395098,0.46800986229556224,-1.188724310804261,0.5095998896697872,1.5718361884799317,1.0,0.0,0.0,1
-0.5564744099755448,0.13052129339114543,-0.03460918584210039,0.2797217351910944,0.4756771124942969,1.0,0.0,0.0,0
0.6420090318024373,0.67050300363822,-0.7614797693519229,0.7494727465171181,1.3995826193964747,0.0,1.0,0.0,0
-1.305526561086773,-1.016939840883864,-0.9445845728314964,1.31917078152953,-1.0119673477719215,1.0,0.0,0.0,0
1.191313942617321,0.67050300363822,0.087460683144282,0.059838283081041284,1.5248579423662616,1.0,0.0,0.0,0
-0.3567271696792002,-0.9494421271029653,-0.10674138115223544,0.13979590203015138,-0.6361413788625612,0.0,0.0,1.0,0
-0.3067903596051354,-0.7469489857603459,1.2360271776979708,-1.069563084575143,-0.2603154099532007,0.0,0.0,1.0,0
1.191313942617321,1.2104847138852945,-0.25655440218097747,-0.16004516902901256,0.38172062026695674,1.0,0.0,0.0,0
-0.6064112200496096,-0.004474134170613608,-0.7059934652672035,0.6295363180934523,-0.009764764013627058,1.0,0.0,0.0,0
1.041503512395098,0.8729961449808777,1.213832656064083,-1.5593035006384441,1.4465608655101447,1.0,0.0,0.0,0
-0.057106309234725997,-0.5444558444176881,0.6589696152168905,-0.5198544543000094,-1.4347715627949522,1.0,0.0,0.0,0
-0.7062848401977677,-0.6119535581985485,-0.289846184631809,0.3197005446656502,1.5405173577374849,0.0,1.0,0.0,0
0.5421354116542793,-0.004474134170613608,-0.3841729015758318,0.009864771237847294,-1.3251556551963888,0.0,0.0,1.0,0
0.6420090318024373,-0.004474134170613608,-0.5617290746469334,0.0898223901869574,-1.5757063011359624,1.0,0.0,0.0,0
0.9416298922469115,-0.2744649892941317,-0.8558064862959456,0.5795628062502584,1.7127709268209417,0.0,1.0,0.0,0
0.5421354116542793,1.6154709965705716,1.4968128068961515,-1.4893405840579723,0.28776412803961665,0.0,1.0,0.0,0
0.6420090318024373,0.7380007174191187,-0.7004448348587317,0.1997641162419843,1.7754085883058353,1.0,0.0,0.0,0
1.091440322469163,0.8729961449808777,2.1737457167297265,-1.8091710598544142,-0.10372125624096717,0.0,1.0,0.0,0
2.0901765239508006,2.4254435619412025,-0.6394099003655405,0.36967405650884416,0.6792495123202005,0.0,1.0,0.0,0
1.2911875627655074,1.5479732827897112,-0.02906055543362846,-0.5698279661432034,-1.1998803322266018,1.0,0.0,0.0,0
-1.2555897510126797,-1.016939840883864,-0.3064920758572248,0.46962108019523213,-1.0589455938855916,0.0,1.0,0.0,0
-1.305526561086773,-0.8144466995412062,0.1873360304967767,-0.6098067756177584,0.24078588192594658,0.0,1.0,0.0,0
-0.8061584603459542,-1.2194329822265217,-0.06235233788446003,-0.37992862113906567,1.3839232040252514,1.0,0.0,0.0,0
0.7918194620246887,0.4005121485147019,0.07636342232733814,-0.11007165718581856,-1.6853222087345259,0.0,1.0,0.0,0
0.14264093106161854,-0.07197184795151232,-0.8114174430281702,1.609017150220055,-1.4974092242798456,1.0,0.0,0.0,0
-2.0545787121980013,-2.2993964027206326,0.09855794396122586,0.10981179492423528,0.08419172821371305,1.0,0.0,0.0,0
0.6420090318024373,0.0630235796102851,0.10410657436969778,-0.3699339187704274,1.196010219570571,1.0,0.0,0.0,0
-0.057106309234725997,-0.13946956173237265,0.9807901789082623,-1.1795048106301698,0.14682938969860648,1.0,0.0,0.0,0
-0.007169499160632764,0.9404938587617381,0.6423237239914746,-1.0395789774692266,-1.2155397475978251,1.0,0.0,0.0,0
-0.057106309234725997,0.19801900717204413,0.5479970070474519,-1.0895524893124204,0.6949089276914238,1.0,0.0,0.0,0
0.19257774113568338,-0.47695813063678943,0.7311018105270255,-0.49986504956273153,1.587495603851155,1.0,0.0,0.0,0
0.5920722217283441,0.0630235796102851,-1.355183223058419,1.6589906620632489,-1.0746050092568151,0.0,1.0,0.0,0
0.5421354116542793,0.7380007174191187,-0.6116667483231808,0.2497376280851783,0.24078588192594658,1.0,0.0,0.0,0
0.29245136128386984,1.2779824276661549,-0.9279386816060806,2.0088052449656066,1.634473849964825,1.0,0.0,0.0,1
-2.204389142420224,-2.5018895440632902,-0.6283126395485966,0.5495786991443422,-0.8553731940596881,0.0,1.0,0.0,0
-0.856095270420019,-1.3544284097882808,0.54244837663898,-0.919642549045561,-1.654003377992079,0.0,0.0,1.0,0
-0.2069167394569489,0.13052129339114543,0.44812165969495726,-0.9996001679946714,-0.5891631327488911,0.0,1.0,0.0,0
-0.007169499160632764,0.26551672095290446,1.89631419630613,-1.8091710598544142,-0.08806184086974382,0.0,0.0,1.0,0
1.840492473580391,2.087954993036786,1.008533330950622,-0.5198544543000094,-0.9023514401733582,1.0,0.0,0.0,0
-0.6064112200496096,-0.20696727551327135,-0.3286865974911125,-0.19002927613492865,0.7732060045475406,0.0,1.0,0.0,0
0.14264093106161854,-0.2744649892941317,-0.6671530524079,0.2497376280851783,0.4600176971230735,0.0,1.0,0.0,0
0.14264093106161854,1.1429870001043958,1.5633963717978145,-1.3694041556343068,1.4778796962525915,1.0,0.0,0.0,0
-0.4566007898273583,0.0630235796102851,1.9684463916162651,-1.9890757024899122,-0.02542417938485041,1.0,0.0,0.0,0
1.7905556635063262,1.6829687103514703,-0.600569487506237,0.8993932820467001,0.8515030814036574,1.0,0.0,0.0,0
-0.6064112200496096,-0.13946956173237265,0.09855794396122586,-0.2799815974526777,0.49133652786552023,1.0,0.0,0.0,0
0.04276731091346047,-0.6794512719794472,-0.750382508534979,1.4790860194277502,-1.2311991629690486,1.0,0.0,0.0,0
0.14264093106161854,1.2779824276661549,0.764393592977857,-0.919642549045561,-0.9336702709158049,0.0,1.0,0.0,0
0.5421354116542793,0.5355075760764609,1.4024860899521288,-1.419377667477501,0.20946705118349987,0.0,0.0,1.0,0
0.3423881713579347,0.5355075760764609,-0.02906055543362846,0.12980119966151243,-0.6048225481201145,1.0,0.0,0.0,0
-0.7062848401977677,-0.2744649892941317,0.9752415484997903,-1.1595154058928923,-0.2759748253244241,1.0,0.0,0.0,0
-1.5552106114571824,-1.4894238373500397,0.026425748651090805,-0.24000278797812266,0.021554066728819647,0.0,1.0,0.0,0
-0.9060320804941122,-0.6794512719794472,-0.2676516629979213,-0.1700398713976515,0.20946705118349987,1.0,0.0,0.0,0
-0.10704311930879085,0.805498431199979,3.3445067329173033,-2.33889028539227,0.569633604721637,1.0,0.0,0.0,0
-1.1057793207904283,-0.6794512719794472,-0.46185372729443874,0.11980649729287421,-1.6853222087345259,1.0,0.0,0.0,0
-0.7062848401977677,-0.004474134170613608,-0.12338727237765122,-0.10007695481717963,-1.6226845472496323,1.0,0.0,0.0,0
-1.0558425107163636,-1.6244192649117988,-0.19551946768778627,0.23974292571653935,1.1333725580856777,1.0,0.0,0.0,0
-1.0059057006422703,-0.8819444133221049,-0.017963294616684607,-0.04010874060534669,-0.13504008698341388,0.0,0.0,1.0,0
-0.10704311930879085,-0.6119535581985485,-0.23990851095556168,0.4396369730893153,0.7418871738050938,0.0,1.0,0.0,0
0.24251455120977664,-0.004474134170613608,-0.6893475740417878,0.34968465177156627,-0.15069950235463722,0.0,1.0,0.0,0
0.6420090318024373,0.5355075760764609,-0.46740235770291066,0.11980649729287421,-0.8083949479460181,0.0,1.0,0.0,0
-1.405400181234931,-0.9494421271029653,-1.4162181575516102,1.1292714365253922,-1.1842209168553786,0.0,1.0,0.0,0
1.2412507526914143,0.33301443473380316,-0.17887357646237048,0.019859473606486232,1.462220280881368,0.0,1.0,0.0,0
0.9416298922469115,0.46800986229556224,-0.1566790548284828,-0.24000278797812266,-0.5891631327488911,0.0,1.0,0.0,0
1.7406188534322329,1.2779824276661549,-1.0833003330432946,0.9293773891526163,-0.228996579210754,1.0,0.0,0.0,1
2.0402397138767356,2.290448134379405,-0.7781256605773386,0.36967405650884416,0.052872897471266354,1.0,0.0,0.0,0
-0.5564744099755448,-0.13946956173237265,-0.7115420956756755,1.629006554957332,-0.36993131755176417,1.0,0.0,0.0,0
0.9915667023210047,0.6030052898573213,0.10410657436969778,0.5295892944070644,1.3369449579115813,0.0,1.0,0.0,0
-0.9559688905681771,-1.2194329822265217,-0.6616044219994281,2.388603934973881,-1.3877933166812821,0.0,1.0,0.0,1
1.041503512395098,0.67050300363822,-1.044459920183991,0.9493667938898941,1.3839232040252514,1.0,0.0,0.0,0
0.04276731091346047,-0.3419627030750304,-1.0333626593670473,1.0892926270508372,-1.1529020861129318,1.0,0.0,0.0,0
-1.3554633711608377,-1.151935268445623,0.30940589948315905,-0.7797167158846176,-1.2311991629690486,0.0,1.0,0.0,0
0.04276731091346047,-0.3419627030750304,0.6700668760338343,-0.7297432040414236,-0.7927355325747947,1.0,0.0,0.0,0
-0.8061584603459542,-0.7469489857603459,-0.822514703845114,0.8394250678348673,-0.11938067161219053,1.0,0.0,0.0,0
-0.5564744099755448,0.33301443473380316,0.9863388093167341,-1.3094359414224743,-1.4191121474237287,1.0,0.0,0.0,0
-0.6064112200496096,-0.07197184795151232,-0.295394815040281,0.029854175975124464,0.28776412803961665,1.0,0.0,0.0,0
-1.2056529409385865,-1.2194329822265217,2.52885806287193,-1.9490968930153572,-1.5287280550222924,0.0,1.0,0.0,0
0.04276731091346047,-0.47695813063678943,0.4259271380610695,-0.7997061206218955,1.4309014501389214,1.0,0.0,0.0,0
-0.8061584603459542,-0.9494421271029653,0.38708672520176607,-0.49986504956273153,-0.07240242549852047,1.0,0.0,0.0,0
0.9915667023210047,0.5355075760764609,-0.5228886617876299,0.6295363180934523,-1.4191121474237287,0.0,1.0,0.0,0
-0.3067903596051354,0.26551672095290446,0.23727370417302404,-0.8296902277278119,1.149031973456901,1.0,0.0,0.0,0
1.9903029038026423,2.155452706817646,0.40373261642718183,-0.8296902277278119,1.5405173577374849,0.0,0.0,1.0,0
-1.505273801383089,-1.286930696007382,-0.7170907260841474,0.7594674488857571,-0.4482283944078809,0.0,0.0,1.0,0
0.39232498143202793,1.5479732827897112,-0.5783749658723493,0.47961578256387033,0.4130394510094035,1.0,0.0,0.0,0
-1.2555897510126797,-0.47695813063678943,0.13739835682052934,-0.24999749034676158,-1.3721339013100589,1.0,0.0,0.0,0
-1.0059057006422703,-1.7594146924735963,0.37044083397635025,-0.47987564482545364,1.368263788654028,0.0,0.0,1.0,0
1.141377132543256,0.5355075760764609,1.0196305917675657,-1.3694041556343068,1.6501332653360483,1.0,0.0,0.0,0
1.3910611829136654,0.5355075760764609,-0.4895968793367984,0.46962108019523213,-1.1842209168553786,0.0,1.0,0.0,0
-0.9060320804941122,-1.3544284097882808,0.2095305521306644,-0.4099127282449825,0.6792495123202005,0.0,1.0,0.0,0
-1.2056529409385865,-0.9494421271029653,-0.31758933667416867,-0.1700398713976515,-1.0746050092568151,0.0,1.0,0.0,0
-0.2069167394569489,0.13052129339114543,-0.3952701623927756,0.7994462583603121,-1.5443874703935156,1.0,0.0,0.0,0
1.091440322469163,0.6030052898573213,-0.04570644665904424,-0.24999749034676158,-0.7457572864611246,1.0,0.0,0.0,0
-0.007169499160632764,-0.47695813063678943,-0.7004448348587317,0.06983298544968022,0.14682938969860648,0.0,1.0,0.0,0
0.24251455120977664,-0.20696727551327135,-0.8003201822112262,2.0987575662833557,0.7732060045475406,1.0,0.0,0.0,0
-0.007169499160632764,-0.13946956173237265,-0.3619783799419441,0.059838283081041284,-0.46388780977910427,1.0,0.0,0.0,0
0.6420090318024373,0.7380007174191187,-0.2621030325894494,0.11980649729287421,1.8067274190482818,0.0,1.0,0.0,0
-0.007169499160632764,0.805498431199979,-0.8114174430281702,0.3097058422970112,-0.980648517029475,0.0,0.0,1.0,0
0.3423881713579347,1.5479732827897112,-0.672701682816372,0.8993932820467001,-0.6048225481201145,1.0,0.0,0.0,0
-0.3567271696792002,0.33301443473380316,0.13184972641205742,0.20975881861062326,-1.3877933166812821,0.0,1.0,0.0,0
0.39232498143202793,-0.4094604168559291,2.2569751728568055,-1.9490968930153572,0.052872897471266354,1.0,0.0,0.0,0
0.39232498143202793,0.46800986229556224,0.25946822580691176,-0.6597802874609524,0.5383147739791903,1.0,0.0,0.0,0
-1.2555897510126797,-0.9494421271029653,-0.23435988054708976,0.38966346124612133,-0.2603154099532007,1.0,0.0,0.0,0
0.7418826519505954,0.5355075760764609,0.28721137784927137,-1.0395789774692266,-1.1685615014841553,0.0,0.0,1.0,0
-0.007169499160632764,0.9404938587617381,-0.17332494605389856,-0.18003457376628973,-1.4034527320525054,1.0,0.0,0.0,0
-0.3067903596051354,-0.7469489857603459,-0.4563050968859668,0.14979060439879033,1.462220280881368,0.0,1.0,0.0,0
-1.2056529409385865,-0.9494421271029653,1.1361518303454763,-1.1495207035242534,-1.027626763143145,1.0,0.0,0.0,0
1.091440322469163,1.0754892863235355,-0.8669037471128894,0.42964227072067634,-0.5578443020064444,1.0,0.0,0.0,0
-1.455336991308996,-1.2194329822265217,-0.7614797693519229,1.119276734156754,1.2273290503130179,1.0,0.0,0.0,0
-1.405400181234931,-0.9494421271029653,0.1263010960035855,-0.6997590969355075,-0.36993131755176417,1.0,0.0,0.0,0
-0.6064112200496096,-0.004474134170613608,-0.295394815040281,-0.1500504666603736,-0.8240543633172414,0.0,1.0,0.0,0
1.7406188534322329,1.4129778552279522,-1.1831756803957894,1.5690383407455,0.09985114358493641,1.0,0.0,0.0,0
-1.0558425107163636,-1.5569215511309384,0.28166274744079944,-0.5398438590372866,-0.7927355325747947,1.0,0.0,0.0,0
-1.9047682819757499,-1.8944101200353554,-0.8336119646620579,0.8594144725721451,-1.5757063011359624,0.0,1.0,0.0,0
-1.0558425107163636,-1.4894238373500397,-0.2232626197301459,-0.24999749034676158,-0.46388780977910427,1.0,0.0,0.0,0
0.24251455120977664,-0.07197184795151232,-0.40636742320971947,1.31917078152953,1.0080972351158908,0.0,1.0,0.0,0
-0.5564744099755448,-0.004474134170613608,0.997436070133678,-1.2694571319479189,-0.7770761172035714,1.0,0.0,0.0,0
0.492198601580186,0.0630235796102851,0.10410657436969778,-0.7397379064100625,-1.6853222087345259,1.0,0.0,0.0,0
0.7418826519505954,0.46800986229556224,-0.4729509881113826,-0.06009814534262457,-1.4191121474237287,0.0,1.0,0.0,0
-1.2555897510126797,-1.016939840883864,-0.23990851095556168,0.21975352097926218,-1.340815070567612,0.0,1.0,0.0,0
-0.25685354953104217,-0.47695813063678943,-0.5395345530130458,0.6195416157248141,-1.607025131878409,1.0,0.0,0.0,0
0.4422617915060928,0.8729961449808777,0.7144559193016098,-1.1095418940496984,1.1803508041993478,0.0,0.0,1.0,0
0.8916930821728467,0.7380007174191187,-0.8003201822112262,0.4596263778265932,0.9924378197446675,0.0,1.0,0.0,0
-0.4566007898273583,0.26551672095290446,0.30385726907468713,-0.6697749898295914,0.616611850835307,1.0,0.0,0.0,0
1.4909348030618235,0.7380007174191187,-0.6172153787316527,-0.020119335868069525,1.149031973456901,0.0,1.0,0.0,0
0.8417562720987535,0.13052129339114543,-0.37862427116735986,1.1092820317881151,-1.560046885764739,1.0,0.0,0.0,0
-1.1557161308645216,-0.8819444133221049,-0.33423522789958443,0.5695681038816202,-0.228996579210754,1.0,0.0,0.0,0
0.19257774113568338,-0.3419627030750304,0.02087711824261888,-0.11007165718581856,-1.1059238399992617,1.0,0.0,0.0,0
-0.5564744099755448,-1.016939840883864,1.1250545695285323,-0.5498385614059255,0.14682938969860648,1.0,0.0,0.0,0
0.14264093106161854,1.1429870001043958,0.031974379059562734,0.34968465177156627,0.8201842506612106,1.0,0.0,0.0,0
1.141377132543256,0.67050300363822,-0.5173400313791581,-0.24000278797812266,-0.5108660558927743,1.0,0.0,0.0,0
-1.3554633711608377,-1.016939840883864,1.2471244385149147,-0.919642549045561,0.6322712662065304,1.0,0.0,0.0,0
-0.15697992938288408,-0.47695813063678943,0.1928846609052486,-0.41990743061362146,-1.5913657165071857,1.0,0.0,0.0,0
0.3423881713579347,-0.2744649892941317,-0.7559311389434509,1.1292714365253922,1.0394160658583376,0.0,0.0,1.0,0
-0.856095270420019,-0.4094604168559291,-1.0167167681416314,0.5395839967757032,-0.18201833309708393,1.0,0.0,0.0,0
0.5421354116542793,0.33301443473380316,0.3537949427509345,-0.7397379064100625,0.20946705118349987,0.0,1.0,0.0,0
-1.1557161308645216,-1.8944101200353554,-0.8169660734366421,0.2997111399283723,1.3995826193964747,1.0,0.0,0.0,0
-0.15697992938288408,-0.5444558444176881,0.8087826362456325,-1.1095418940496984,1.1177131427144544,0.0,1.0,0.0,1
-0.6563480301237028,-0.5444558444176881,0.25946822580691176,-0.8596743348337283,1.1333725580856777,1.0,0.0,0.0,0
0.39232498143202793,1.2779824276661549,-0.6948962044502597,0.10981179492423528,0.9924378197446675,1.0,0.0,0.0,0
1.141377132543256,0.6030052898573213,-0.900195529563721,0.6795098299366463,0.9141407428885507,1.0,0.0,0.0,1
-0.5065375999014515,0.0630235796102851,0.9197552444150711,-0.9896054656260325,-0.36993131755176417,0.0,1.0,0.0,0
-1.3554633711608377,-1.0844375546647627,0.8143312666541044,-0.5498385614059255,-0.1663589177258606,0.0,1.0,0.0,0
-1.2056529409385865,-0.9494421271029653,-0.0568037074759881,0.5295892944070644,-1.4504309781661755,1.0,0.0,0.0,0
0.3423881713579347,1.5479732827897112,0.2095305521306644,-0.6797696921982296,-0.11938067161219053,1.0,0.0,0.0,0
0.9915667023210047,0.5355075760764609,2.0128354348840407,-1.659250524324832,1.2586478810554644,1.0,0.0,0.0,0
0.24251455120977664,1.1429870001043958,3.338958102508831,-2.2789220711804377,1.3839232040252514,0.0,1.0,0.0,0
0.19257774113568338,1.1429870001043958,0.087460683144282,-0.13006106192309574,-1.607025131878409,0.0,1.0,0.0,0
-0.9060320804941122,-1.151935268445623,-0.4507564664774949,0.17977471150470642,0.38172062026695674,1.0,0.0,0.0,0
-0.856095270420019,-0.5444558444176881,1.3525484162758814,-1.169510108261531,0.35040178952451007,0.0,1.0,0.0,0
0.5421354116542793,0.4005121485147019,-0.6116667483231808,1.2691972696863358,-1.1372426707417085,0.0,1.0,0.0,0
1.840492473580391,1.8179641379132294,-0.6283126395485966,0.5495786991443422,1.321285542540358,1.0,0.0,0.0,0
1.2911875627655074,1.5479732827897112,0.6700668760338343,-0.969616060888755,-1.1215832553704852,1.0,0.0,0.0,0
0.3423881713579347,-0.20696727551327135,-0.09009548992681966,-0.18003457376628973,-0.542184886635221,0.0,1.0,0.0,0
1.3910611829136654,0.4005121485147019,-0.750382508534979,0.3197005446656502,1.4935391116238148,1.0,0.0,0.0,0
-0.40666397975329344,-0.6119535581985485,-0.3952701623927756,0.5595734015129812,-1.654003377992079,1.0,0.0,0.0,0
1.091440322469163,1.0079915725426367,-0.33423522789958443,-0.05010344297398563,-1.1215832553704852,0.0,1.0,0.0,0
0.7918194620246887,0.5355075760764609,-1.0222653985501033,1.778927090486914,1.368263788654028,1.0,0.0,0.0,1
0.04276731091346047,1.1429870001043958,-0.7725770301688667,0.8494197702035061,1.5248579423662616,0.0,1.0,0.0,0
0.8916930821728467,0.8729961449808777,0.47031618132884495,-0.8396849300964505,0.5852930200928603,0.0,1.0,0.0,0
-1.2555897510126797,-1.2194329822265217,0.5979346807236993,-0.869669037202367,-1.6383439626208558,1.0,0.0,0.0,0
-0.8061584603459542,-0.3419627030750304,-0.140033163603067,-0.1200663595544575,0.31908295878206333,0.0,1.0,0.0,0
0.9416298922469115,0.5355075760764609,-0.11229001156070736,-0.10007695481717963,-0.2759748253244241,1.0,0.0,0.0,0
-0.8061584603459542,-0.9494421271029653,-0.3453324887165283,0.39965816361476025,0.2564452972971699,1.0,0.0,0.0,0
-0.25685354953104217,0.46800986229556224,-0.2842975542233371,-0.05010344297398563,-0.1976777484683073,0.0,1.0,0.0,0
-0.5065375999014515,0.26551672095290446,2.4511772371533227,-1.8791339764348858,0.2721047126683933,1.0,0.0,0.0,0
0.492198601580186,0.6030052898573213,0.15959287845441705,-0.18003457376628973,1.0080972351158908,1.0,0.0,0.0,0
-1.2555897510126797,-0.9494421271029653,-0.017963294616684607,-0.13006106192309574,-1.5757063011359624,0.0,0.0,1.0,0
0.6420090318024373,0.26551672095290446,-0.006866033799740755,-0.16004516902901256,1.368263788654028,1.0,0.0,0.0,0
0.3423881713579347,-0.3419627030750304,-0.17332494605389856,-0.010124633499430586,-0.761416701832348,1.0,0.0,0.0,0
1.2911875627655074,0.67050300363822,-0.6394099003655405,-0.2000239785035676,0.569633604721637,1.0,0.0,0.0,0
-1.2056529409385865,-0.6119535581985485,-0.5006941401537423,0.9093879844153391,1.0394160658583376,1.0,0.0,0.0,0
1.2412507526914143,1.0079915725426367,1.4579723940368479,-1.3594094532656682,1.321285542540358,1.0,0.0,0.0,0
-1.0059057006422703,-0.9494421271029653,0.392635355610238,-0.6897643945668686,-0.8083949479460181,1.0,0.0,0.0,0
-1.455336991308996,-1.4894238373500397,-0.4729509881113826,1.059308519944921,-0.21333716383953064,1.0,0.0,0.0,0
-1.2555897510126797,-0.47695813063678943,0.7532963321609132,-1.0195895727319488,-0.5578443020064444,1.0,0.0,0.0,0
0.29245136128386984,0.0630235796102851,-0.3009434454487529,0.9893456033644492,-1.3877933166812821,1.0,0.0,0.0,0
-0.5065375999014515,0.26551672095290446,0.14294698722900126,-0.3899233235077046,0.30342354341084,1.0,0.0,0.0,0
-1.305526561086773,-1.151935268445623,-1.4162181575516102,2.028794649702884,-0.9023514401733582,1.0,0.0,0.0,0
1.191313942617321,0.7380007174191187,-0.5173400313791581,0.28971643755973336,-1.607025131878409,1.0,0.0,0.0,0
0.7418826519505954,0.4005121485147019,0.1873360304967767,-0.2599921927154005,-1.1059238399992617,0.0,1.0,0.0,0
-0.8061584603459542,-0.5444558444176881,-0.2676516629979213,1.119276734156754,-1.4817498089086223,0.0,1.0,0.0,0
-1.305526561086773,-1.2194329822265217,0.25391959539843983,0.6195416157248141,-1.1059238399992617,0.0,0.0,1.0,0
-0.5564744099755448,-1.0844375546647627,1.5966881542486462,-1.3893935603715843,-1.607025131878409,0.0,1.0,0.0,0
1.3411243728395723,1.4804755690088125,-0.744833878126507,1.139266138894031,0.7732060045475406,1.0,0.0,0.0,0
-0.40666397975329344,-1.0844375546647627,1.8741196746722424,-1.6092770124816382,-1.6226845472496323,1.0,0.0,0.0,0
0.8417562720987535,-0.07197184795151232,0.3759894643848222,-0.23000808560948371,-0.228996579210754,1.0,0.0,0.0,0
0.4422617915060928,0.4005121485147019,0.9419497660489587,-1.0795577869437818,0.7888654199187639,0.0,1.0,0.0,0
-0.9060320804941122,-0.8819444133221049,-0.9889736160992718,0.41964756835203815,-1.6853222087345259,0.0,1.0,0.0,0
0.19257774113568338,1.0754892863235355,-0.12338727237765122,-0.10007695481717963,-0.980648517029475,1.0,0.0,0.0,0
-0.40666397975329344,0.46800986229556224,0.004231227017203099,-0.3699339187704274,1.0550754812295609,1.0,0.0,0.0,0
-0.5564744099755448,-0.9494421271029653,0.46476755092037303,-0.8996531443082835,1.1333725580856777,0.0,0.0,1.0,0
1.191313942617321,1.2779824276661549,0.7311018105270255,-1.0095948703633104,1.509198526995038,1.0,0.0,0.0,0
-1.455336991308996,-1.016939840883864,1.075116895852285,-1.129531298786976,-0.9023514401733582,1.0,0.0,0.0,0
-1.6051474215312471,-1.4894238373500397,0.4869620725542607,-0.9496266561514775,0.14682938969860648,0.0,0.0,1.0,0
-2.2543259524943173,-2.7718803991868466,0.015328487834146953,-0.37992862113906567,-1.4974092242798456,1.0,0.0,0.0,0
1.840492473580391,1.8854618516941282,1.6244313062910058,-1.6392611195875544,-1.1372426707417085,1.0,0.0,0.0,0
-0.5564744099755448,-0.5444558444176881,0.2317250737645521,-0.3299551092958717,-0.10372125624096717,0.0,1.0,0.0,0
-1.0558425107163636,-0.8144466995412062,-0.006866033799740755,-0.24000278797812266,-0.8397137786884648,0.0,1.0,0.0,0
0.29245136128386984,1.1429870001043958,-0.595020857097765,-0.08008755007990175,-1.654003377992079,1.0,0.0,0.0,0
0.7418826519505954,0.4005121485147019,-0.2621030325894494,0.2997111399283723,-0.11938067161219053,0.0,1.0,0.0,0
-1.455336991308996,-1.4894238373500397,0.5368997462305081,-0.969616060888755,-0.2759748253244241,1.0,0.0,0.0,0
-1.405400181234931,-1.016939840883864,0.3981839860187099,-0.8396849300964505,1.3995826193964747,0.0,1.0,0.0,0
1.191313942617321,0.9404938587617381,-0.3564297495334722,0.5195945920384261,-0.9649891016582516,0.0,1.0,0.0,0
-2.204389142420224,-2.569387257844189,-0.6283126395485966,0.8594144725721451,0.2564452972971699,1.0,0.0,0.0,0
-0.756221650271861,-1.151935268445623,1.5079100677130952,-1.5293193935325278,-1.2625179937114952,1.0,0.0,0.0,0
0.24251455120977664,0.7380007174191187,-0.2676516629979213,0.2597323304538172,-1.5130686396510689,1.0,0.0,0.0,0
0.29245136128386984,-0.4094604168559291,-0.7170907260841474,0.059838283081041284,-0.13504008698341388,1.0,0.0,0.0,0
-0.40666397975329344,0.26551672095290446,-0.19551946768778627,0.3296952470342884,-1.1059238399992617,0.0,1.0,0.0,0
1.2412507526914143,1.2779824276661549,-0.10674138115223544,0.4896104849325093,-0.21333716383953064,1.0,0.0,0.0,0
-0.2069167394569489,0.13052129339114543,-0.3897215319843037,0.6994992346739242,-1.4504309781661755,1.0,0.0,0.0,0
-0.6064112200496096,-0.13946956173237265,-0.16222768523695472,0.41964756835203815,-1.1372426707417085,0.0,0.0,1.0,0
0.3423881713579347,-0.004474134170613608,0.5646428982728677,-0.5398438590372866,1.102053727343231,0.0,1.0,0.0,0
0.39232498143202793,0.46800986229556224,2.134905303870423,-1.75919754801122,-1.1215832553704852,0.0,1.0,0.0,0
0.4422617915060928,0.46800986229556224,-0.33423522789958443,0.3296952470342884,1.462220280881368,1.0,0.0,0.0,0
0.5920722217283441,0.67050300363822,0.1873360304967767,-0.7197485016727854,-0.7927355325747947,1.0,0.0,0.0,0
1.2911875627655074,1.3454801414470536,-0.5117914009706861,0.5495786991443422,1.0237566504871143,1.0,0.0,0.0,0
1.141377132543256,1.1429870001043958,-0.4119160536181914,0.34968465177156627,0.14682938969860648,1.0,0.0,0.0,0
-0.2069167394569489,-0.6119535581985485,4.032536903567822,-2.4688214161845745,-0.4482283944078809,1.0,0.0,0.0,0
1.191313942617321,0.9404938587617381,0.7532963321609132,-1.0395789774692266,0.31908295878206333,0.0,1.0,0.0,0
-0.057106309234725997,0.26551672095290446,0.20398192172219246,-0.5698279661432034,1.2586478810554644,0.0,1.0,0.0,0
-0.9060320804941122,-1.3544284097882808,2.38459367225166,-1.8291604645916917,-1.1842209168553786,0.0,1.0,0.0,0
1.9903029038026423,2.155452706817646,0.5147052245966204,-0.9396319537828385,0.20946705118349987,1.0,0.0,0.0,0
-1.305526561086773,-0.47695813063678943,-0.9667790944653841,1.239213162580419,-0.495206640521551,0.0,0.0,1.0,0
0.24251455120977664,-0.4094604168559291,0.6423237239914746,-0.7897114182532565,-1.1059238399992617,0.0,1.0,0.0,0
-0.3567271696792002,-0.9494421271029653,-0.22881125013861783,-0.05010344297398563,-0.9493296862870282,0.0,0.0,1.0,0
0.3423881713579347,0.5355075760764609,-0.1844222068708424,0.39965816361476025,-0.1663589177258606,0.0,1.0,0.0,0
-0.9060320804941122,-0.6794512719794472,-0.17332494605389856,0.049843580712402344,1.321285542540358,0.0,1.0,0.0,0
0.24251455120977664,1.0754892863235355,-1.6270661130735433,1.2891866744236131,0.8984813275173275,0.0,1.0,0.0,0
-0.057106309234725997,0.33301443473380316,0.05416890069345044,0.2797217351910944,1.5718361884799317,0.0,0.0,1.0,0
1.7905556635063262,1.8179641379132294,3.5220629059884048,-2.238943261705882,-1.1059238399992617,0.0,1.0,0.0,0
-1.2555897510126797,-1.016939840883864,1.014081961359094,-0.9596213585201163,1.102053727343231,1.0,0.0,0.0,0
0.09270412098752531,1.0754892863235355,-0.217713989321674,-0.10007695481717963,1.0394160658583376,1.0,0.0,0.0,0
0.24251455120977664,-0.07197184795151232,-1.0888489634517664,2.3686145302366035,0.2564452972971699,0.0,1.0,0.0,0
0.29245136128386984,-0.4094604168559291,-0.6338612699570685,0.029854175975124464,-0.07240242549852047,1.0,0.0,0.0,0
-0.6563480301237028,-0.07197184795151232,0.4536702901034292,-0.5898173708804806,0.35040178952451007,1.0,0.0,0.0,0
0.8417562720987535,0.67050300363822,-0.5450831834215176,0.42964227072067634,1.5718361884799317,1.0,0.0,0.0,1
-0.5564744099755448,-0.004474134170613608,0.5202538550050922,-0.879663739571006,-0.495206640521551,1.0,0.0,0.0,0
2.0901765239508006,2.3579458481603037,0.03752300946803466,0.13979590203015138,-0.7770761172035714,0.0,0.0,1.0,0
-1.2056529409385865,-0.8819444133221049,0.07081479191886622,0.2297482233479004,-1.2625179937114952,1.0,0.0,0.0,0
1.2412507526914143,0.13052129339114543,1.1749922432047797,-0.9496266561514775,-0.2759748253244241,0.0,1.0,0.0,0
1.4409979929877303,1.5479732827897112,-0.16777631564542664,0.6795098299366463,1.0550754812295609,0.0,0.0,1.0,0
1.2412507526914143,1.2779824276661549,0.07636342232733814,0.009864771237847294,1.2429884656842412,1.0,0.0,0.0,0
0.09270412098752531,1.0754892863235355,0.37044083397635025,-0.8996531443082835,1.4309014501389214,1.0,0.0,0.0,0
1.091440322469163,0.9404938587617381,-0.16222768523695472,0.4896104849325093,-1.1685615014841553,1.0,0.0,0.0,0
0.5920722217283441,-0.13946956173237265,0.9419497660489587,-1.2994412390538352,0.6792495123202005,0.0,0.0,1.0,0
-1.405400181234931,-0.9494421271029653,0.5368997462305081,-0.869669037202367,1.321285542540358,1.0,0.0,0.0,0
1.091440322469163,0.7380007174191187,-0.5839235962808211,1.8588847094360248,-0.08806184086974382,0.0,1.0,0.0,0
0.6919458418765022,0.4005121485147019,-0.41746468402666337,0.8594144725721451,-0.18201833309708393,0.0,1.0,0.0,0
-0.6563480301237028,-0.20696727551327135,-0.9834249856907998,1.0493138175762822,-1.1529020861129318,0.0,1.0,0.0,0
-0.15697992938288408,-0.2744649892941317,-0.15113042442001084,-0.37992862113906567,1.0080972351158908,1.0,0.0,0.0,0
1.091440322469163,1.0079915725426367,-0.31758933667416867,0.2597323304538172,-1.4347715627949522,0.0,0.0,1.0,0
0.6919458418765022,0.46800986229556224,-0.445207836069023,-0.23000808560948371,-1.0589455938855916,0.0,1.0,0.0,0
0.29245136128386984,0.5355075760764609,-0.9112927903806648,1.31917078152953,1.1177131427144544,1.0,0.0,0.0,0
-0.2069167394569489,-0.5444558444176881,0.34824631234246256,-0.26998689508403945,-1.1998803322266018,1.0,0.0,0.0,0
-0.3067903596051354,-0.9494421271029653,-0.2621030325894494,0.049843580712402344,1.149031973456901,1.0,0.0,0.0,0
0.3423881713579347,0.7380007174191187,-0.5506318138299896,0.2997111399283723,0.6322712662065304,1.0,0.0,0.0,0
-0.6064112200496096,-0.2744649892941317,-0.8613551167044174,0.8194356630975901,-1.0746050092568151,0.0,1.0,0.0,0
0.6919458418765022,0.46800986229556224,-0.16777631564542664,-0.1700398713976515,-0.1976777484683073,1.0,0.0,0.0,0
-0.007169499160632764,-0.6119535581985485,-0.7670283997603947,0.44963167545795424,-1.6853222087345259,1.0,0.0,0.0,0
0.9915667023210047,0.5355075760764609,3.350055363325775,-2.2689273688117986,1.8693650805331752,1.0,0.0,0.0,0
1.2911875627655074,1.4804755690088125,-0.4507564664774949,-0.1200663595544575,-1.1529020861129318,0.0,1.0,0.0,0
0.39232498143202793,1.2779824276661549,-0.600569487506237,0.8494197702035061,-1.293836824453942,0.0,0.0,1.0,0
-0.6064112200496096,-0.07197184795151232,-0.40636742320971947,0.4596263778265932,-0.6518007942337846,0.0,0.0,1.0,0
-1.1057793207904283,-1.4894238373500397,0.4592189205119011,-0.7897114182532565,-1.4034527320525054,0.0,1.0,0.0,0
-1.8548314719016565,-1.7594146924735963,1.224929916881027,-1.1595154058928923,-0.8083949479460181,1.0,0.0,0.0,0
-2.0545787121980013,-2.366894116501531,0.30385726907468713,-0.6797696921982296,-0.8240543633172414,0.0,0.0,1.0,0
2.0402397138767356,2.155452706817646,0.25946822580691176,0.10981179492423528,0.3347423741532867,0.0,1.0,0.0,0
-0.9060320804941122,-1.286930696007382,-0.4285619448436072,0.9893456033644492,-0.6048225481201145,1.0,0.0,0.0,0
0.04276731091346047,0.4005121485147019,-0.9168414207891368,0.5395839967757032,0.17814822044105316,1.0,0.0,0.0,0
0.29245136128386984,-0.004474134170613608,-0.7892229213942824,1.5190648289023059,-0.2759748253244241,0.0,1.0,0.0,0
-0.3067903596051354,-0.8144466995412062,-0.8280633342535859,1.6989694715378039,-0.24465599458197734,1.0,0.0,0.0,0
1.2911875627655074,0.33301443473380316,-0.6616044219994281,1.6390012573259711,-0.7927355325747947,0.0,1.0,0.0,0
-0.9060320804941122,-0.8144466995412062,-0.5728263354638773,1.1892396507372252,0.7105683430626472,0.0,0.0,1.0,0
-1.6550842316053405,-1.286930696007382,-0.06235233788446003,0.6295363180934523,1.4935391116238148,0.0,0.0,1.0,0
-0.10704311930879085,-0.2744649892941317,-0.07344959870140388,0.1697800091360682,-0.35427190218054083,1.0,0.0,0.0,0
-1.305526561086773,-0.5444558444176881,-1.4717044616363295,1.429112507584556,0.20946705118349987,1.0,0.0,0.0,0
0.24251455120977664,-0.20696727551327135,-1.0999462242687104,1.0892926270508372,0.4600176971230735,0.0,1.0,0.0,0
-1.6051474215312471,-1.4219261235691794,0.8809148315557676,-0.919642549045561,-0.9336702709158049,1.0,0.0,0.0,0
-1.2056529409385865,-1.0844375546647627,-0.17887357646237048,0.5995522109875362,-0.8866920248021348,0.0,1.0,0.0,0
0.09270412098752531,-0.07197184795151232,0.16514150886288897,-0.879663739571006,1.0707348966007844,0.0,1.0,0.0,0
-0.5065375999014515,-0.004474134170613608,-1.116592115494126,1.6390012573259711,-1.2311991629690486,0.0,1.0,0.0,0
-1.1557161308645216,-0.2744649892941317,0.31495452989163103,-0.47987564482545364,1.0237566504871143,0.0,1.0,0.0,0
0.5421354116542793,0.0630235796102851,-0.4563050968859668,-0.04010874060534669,1.681452096078495,1.0,0.0,0.0,0
1.6906820433581398,1.5479732827897112,0.6867127672592501,-0.6098067756177584,-0.46388780977910427,1.0,0.0,0.0,0
0.04276731091346047,-0.47695813063678943,0.9585956572743746,-1.1495207035242534,0.522655358607967,1.0,0.0,0.0,0
-1.505273801383089,-1.151935268445623,-0.7781256605773386,0.6395310204620913,0.38172062026695674,0.0,1.0,0.0,0
0.04276731091346047,0.0630235796102851,-1.2941482885652278,2.4685615539229917,-0.7927355325747947,1.0,0.0,0.0,0
2.1401133340248935,2.3579458481603037,-0.6837989436333158,0.8094409607289511,0.9298001582597741,0.0,1.0,0.0,0
-0.9060320804941122,-1.0844375546647627,-1.0222653985501033,0.9393720915212552,1.587495603851155,1.0,0.0,0.0,0
-0.5065375999014515,-0.4094604168559291,1.4357778724029602,-1.4493617745834173,-0.2916342406956474,1.0,0.0,0.0,0
-0.15697992938288408,0.7380007174191187,-0.5561804442384615,0.4896104849325093,1.0394160658583376,1.0,0.0,0.0,0
0.24251455120977664,1.3454801414470536,0.5923860503152274,-1.0495736798378654,-0.02542417938485041,1.0,0.0,0.0,0
-1.6550842316053405,-1.6244192649117988,0.004231227017203099,-0.14005576429173466,-0.8553731940596881,1.0,0.0,0.0,0
1.141377132543256,0.6030052898573213,1.1250545695285323,-1.029584275100588,0.4600176971230735,0.0,1.0,0.0,0
0.09270412098752531,0.0630235796102851,-0.8169660734366421,0.7894515559916733,1.462220280881368,1.0,0.0,0.0,0
-0.40666397975329344,-0.9494421271029653,-0.4285619448436072,1.499075424165028,0.8671624967748807,0.0,0.0,1.0,0
-0.5065375999014515,0.0630235796102851,-0.18997083727931435,0.12980119966151243,-0.35427190218054083,1.0,0.0,0.0,0
0.09270412098752531,0.13052129339114543,0.3371490515255187,-0.8496796324650895,-1.3251556551963888,1.0,0.0,0.0,0
-2.154452332346159,-2.4343918302824297,-0.8447092254790017,0.009864771237847294,-0.41690956366543425,0.0,1.0,0.0,0
-1.5552106114571824,-1.6919169786926975,6.557163739422549,-3.0685035583029023,-1.4034527320525054,1.0,0.0,0.0,1
0.492198601580186,0.46800986229556224,-0.822514703845114,0.4996051873011482,0.24078588192594658,1.0,0.0,0.0,0
-0.756221650271861,-1.2194329822265217,-0.5284372921961019,0.049843580712402344,0.9767784043734442,1.0,0.0,0.0,0
-0.756221650271861,-0.2744649892941317,-0.20661672850473012,-0.06009814534262457,-0.36993131755176417,0.0,1.0,0.0,0
-1.2056529409385865,-0.6794512719794472,1.086214156669229,-1.3594094532656682,-1.0432861785143683,0.0,0.0,1.0,0
-0.5564744099755448,0.33301443473380316,0.5590942678643958,-1.0795577869437818,1.368263788654028,1.0,0.0,0.0,0
1.7905556635063262,1.6829687103514703,-1.0777517026348227,1.409123102847279,0.28776412803961665,1.0,0.0,0.0,0
0.3423881713579347,0.0630235796102851,0.3260517907085749,-0.7197485016727854,-0.4482283944078809,1.0,0.0,0.0,0
1.840492473580391,1.8179641379132294,0.13739835682052934,0.019859473606486232,0.6635900969489771,0.0,0.0,1.0,0
1.840492473580391,2.087954993036786,0.7976853754286887,-1.1595154058928923,-0.9649891016582516,1.0,0.0,0.0,0
1.5908084232099817,1.0079915725426367,-0.14558179401153892,-0.21001868087220654,-1.6853222087345259,1.0,0.0,0.0,0
1.2412507526914143,1.2104847138852945,-1.133238006719542,1.2691972696863358,0.4286988663806268,1.0,0.0,0.0,0
1.7406188534322329,1.8854618516941282,-0.750382508534979,1.5790330431141382,-0.36993131755176417,0.0,0.0,1.0,0
0.5421354116542793,0.46800986229556224,0.24282233458149596,0.06983298544968022,-1.654003377992079,0.0,1.0,0.0,0
1.3411243728395723,0.6030052898573213,-0.8003201822112262,0.8294303654662283,-0.4325689790366576,1.0,0.0,0.0,0
1.141377132543256,1.0754892863235355,0.026425748651090805,-0.5698279661432034,-1.6853222087345259,1.0,0.0,0.0,0
1.191313942617321,0.805498431199979,-0.750382508534979,1.199234353105864,-0.7927355325747947,1.0,0.0,0.0,0
-0.10704311930879085,0.5355075760764609,-0.9057441599721929,0.8594144725721451,0.8045248352899873,1.0,0.0,0.0,0
0.8417562720987535,0.7380007174191187,0.5812887894982834,-0.7197485016727854,1.5405173577374849,1.0,0.0,0.0,0
-0.7062848401977677,-0.47695813063678943,0.764393592977857,-0.879663739571006,1.1333725580856777,1.0,0.0,0.0,0
-0.007169499160632764,0.9404938587617381,-0.3064920758572248,-0.2999710021899556,1.1803508041993478,1.0,0.0,0.0,0
-1.3554633711608377,-1.016939840883864,-0.2010680980962582,0.3296952470342884,-0.2759748253244241,1.0,0.0,0.0,0
-1.6550842316053405,-1.6919169786926975,0.3759894643848222,-0.6397908827236746,-1.0902644246280384,0.0,0.0,1.0,0
0.24251455120977664,-0.07197184795151232,-0.3286865974911125,-0.00012993113079164646,0.6322712662065304,1.0,0.0,0.0,0
1.091440322469163,0.5355075760764609,1.5966881542486462,-1.6192717148502769,-1.5443874703935156,1.0,0.0,0.0,0
-0.9060320804941122,-1.4219261235691794,1.7076607624180846,-1.6392611195875544,-0.6048225481201145,1.0,0.0,0.0,0
-1.1557161308645216,-0.7469489857603459,0.19843329131372053,-0.010124633499430586,-1.4974092242798456,1.0,0.0,0.0,0
-1.1057793207904283,-1.151935268445623,-0.3453324887165283,0.47961578256387033,0.9767784043734442,1.0,0.0,0.0,0
-1.305526561086773,-1.0844375546647627,-0.6560557915909562,0.5995522109875362,0.2564452972971699,1.0,0.0,0.0,0
-0.7062848401977677,-1.0844375546647627,-1.27195376693134,1.9688264354910519,-1.0589455938855916,1.0,0.0,0.0,0
-0.5564744099755448,-1.2194329822265217,1.602236784657118,-1.6192717148502769,-1.2781774090827187,1.0,0.0,0.0,0
0.4422617915060928,0.26551672095290446,0.20398192172219246,0.039848878343763404,-0.24465599458197734,0.0,1.0,0.0,0
0.29245136128386984,1.1429870001043958,0.07636342232733814,-0.020119335868069525,-1.6853222087345259,1.0,0.0,0.0,0
-2.154452332346159,-2.5018895440632902,-0.27320029340639324,-0.5698279661432034,-0.1663589177258606,1.0,0.0,0.0,0
1.091440322469163,0.9404938587617381,-0.7836742909858105,0.7194886394112021,1.4778796962525915,0.0,1.0,0.0,0
-1.1557161308645216,-0.8819444133221049,-1.6104202218481276,2.038789352071523,0.5539741893504136,1.0,0.0,0.0,0
-0.40666397975329344,-1.016939840883864,-0.8780010079298333,2.0587787568088007,-0.761416701832348,1.0,0.0,0.0,0
-0.6563480301237028,-0.07197184795151232,-0.5173400313791581,0.3296952470342884,-0.9649891016582516,1.0,0.0,0.0,0
0.4422617915060928,0.33301443473380316,1.9684463916162651,-1.8091710598544142,1.2586478810554644,1.0,0.0,0.0,0
-0.9060320804941122,-0.7469489857603459,1.0973114174861727,-1.4493617745834173,-1.2781774090827187,1.0,0.0,0.0,0
-0.4566007898273583,-0.8144466995412062,0.07636342232733814,-0.7397379064100625,-0.2759748253244241,0.0,0.0,1.0,0
-0.6064112200496096,0.13052129339114543,0.9308525052320149,-1.2394730248420025,-0.8083949479460181,0.0,0.0,1.0,0
-0.5065375999014515,-0.004474134170613608,-0.4507564664774949,0.4896104849325093,1.7754085883058353,0.0,0.0,1.0,0
1.191313942617321,0.7380007174191187,0.5258024854135642,-0.5798226685118416,1.196010219570571,1.0,0.0,0.0,0
-0.15697992938288408,-0.6794512719794472,0.5868374199067554,-0.8097008229905344,0.7418871738050938,0.0,1.0,0.0,0
-1.305526561086773,-1.016939840883864,0.3371490515255187,0.20975881861062326,1.2899667117979112,0.0,1.0,0.0,0
-1.1057793207904283,-1.4894238373500397,0.13184972641205742,-0.5698279661432034,-0.8553731940596881,1.0,0.0,0.0,0
1.2412507526914143,0.26551672095290446,-0.6893475740417878,0.8194356630975901,0.14682938969860648,1.0,0.0,0.0,0
-0.3567271696792002,-1.016939840883864,-0.23990851095556168,-0.06009814534262457,-0.4325689790366576,0.0,1.0,0.0,0
0.7918194620246887,0.46800986229556224,1.5190073285300392,-1.5393140959011664,1.6031550192223782,0.0,1.0,0.0,0
-1.2555897510126797,-0.47695813063678943,-0.750382508534979,0.34968465177156627,1.368263788654028,1.0,0.0,0.0,0
0.09270412098752531,-0.13946956173237265,-0.8058688126196982,0.7394780441484793,-1.3564744859388354,0.0,1.0,0.0,0
0.6919458418765022,0.19801900717204413,0.5535456374559239,-0.7297432040414236,0.9924378197446675,1.0,0.0,0.0,0
-1.305526561086773,-0.9494421271029653,0.3593435731594064,-0.7197485016727854,-0.35427190218054083,0.0,1.0,0.0,0
-0.10704311930879085,0.7380007174191187,-1.3274400710160594,2.4185880420797976,0.8984813275173275,1.0,0.0,0.0,0
-0.3567271696792002,0.46800986229556224,-0.2454571413640336,-0.08008755007990175,0.569633604721637,1.0,0.0,0.0,0
-0.9060320804941122,-0.4094604168559291,-0.5117914009706861,0.7094939370425631,1.2116696349417944,1.0,0.0,0.0,0
1.141377132543256,1.2104847138852945,-0.3564297495334722,0.2797217351910944,-1.0902644246280384,0.0,0.0,1.0,0
0.8916930821728467,0.0630235796102851,1.1028600478946446,-1.1994942153674473,-0.7770761172035714,1.0,0.0,0.0,0
-0.6563480301237028,-0.47695813063678943,-0.7614797693519229,0.5295892944070644,1.2899667117979112,0.0,0.0,1.0,0
-0.3067903596051354,-0.6119535581985485,0.7255531801185536,-0.4099127282449825,-0.6204819634913378,1.0,0.0,0.0,0
-0.057106309234725997,-0.6119535581985485,-1.0777517026348227,1.6789800668005261,-1.5287280550222924,0.0,1.0,0.0,0
0.6919458418765022,0.805498431199979,-0.3508811191250002,-0.3499445140331496,-1.293836824453942,0.0,1.0,0.0,0
0.19257774113568338,-0.004474134170613608,0.11520383518664164,0.2297482233479004,1.2273290503130179,0.0,1.0,0.0,0
-0.856095270420019,-1.0844375546647627,0.2983086386662152,-0.2999710021899556,1.0394160658583376,1.0,0.0,0.0,0
-1.305526561086773,-0.9494421271029653,-0.3897215319843037,0.2597323304538172,-0.4325689790366576,0.0,1.0,0.0,0
-0.10704311930879085,-0.4094604168559291,-0.16222768523695472,0.2497376280851783,0.6009524354640837,1.0,0.0,0.0,0
-0.8061584603459542,-1.2194329822265217,-0.2232626197301459,-0.00012993113079164646,1.6188144345936015,0.0,1.0,0.0,0
-0.856095270420019,-0.6794512719794472,-1.1110434850856543,1.878874114173302,-1.1372426707417085,1.0,0.0,0.0,0
0.09270412098752531,1.0754892863235355,0.6811641368507781,-1.1195365964183368,0.8515030814036574,0.0,0.0,1.0,0
1.2412507526914143,1.3454801414470536,-0.7115420956756755,0.41964756835203815,1.0863943119720076,1.0,0.0,0.0,0
-0.5564744099755448,-0.004474134170613608,-0.31758933667416867,0.10981179492423528,-0.40125014829421085,1.0,0.0,0.0,0
0.29245136128386984,0.46800986229556224,-0.5617290746469334,0.8494197702035061,-0.46388780977910427,1.0,0.0,0.0,1
-0.2069167394569489,0.0630235796102851,0.5923860503152274,-1.0395789774692266,-0.542184886635221,0.0,1.0,0.0,0
1.141377132543256,1.2104847138852945,-1.0222653985501033,1.0093350081017272,-0.056743010127297114,0.0,1.0,0.0,0
0.492198601580186,0.6030052898573213,-0.13448453319459508,0.17977471150470642,0.9767784043734442,0.0,1.0,0.0,0
-0.2069167394569489,-0.6119535581985485,0.5646428982728677,-0.41990743061362146,-0.41690956366543425,1.0,0.0,0.0,0
-0.9559688905681771,-1.4894238373500397,0.37044083397635025,-0.6997590969355075,0.35040178952451007,1.0,0.0,0.0,0
-0.10704311930879085,0.7380007174191187,-0.22881125013861783,-0.19002927613492865,1.0707348966007844,0.0,1.0,0.0,0
1.5408716131359168,1.6829687103514703,0.7089072888931378,-0.9996001679946714,0.8201842506612106,0.0,1.0,0.0,0
0.7418826519505954,0.5355075760764609,-0.15113042442001084,-0.11007165718581856,-1.5443874703935156,1.0,0.0,0.0,0
1.041503512395098,0.5355075760764609,-0.19551946768778627,-0.24999749034676158,-1.027626763143145,0.0,1.0,0.0,0
-1.1057793207904283,-1.5569215511309384,-0.18997083727931435,-0.030114038236707757,-1.293836824453942,1.0,0.0,0.0,0
-0.25685354953104217,-0.47695813063678943,-0.1844222068708424,0.14979060439879033,-0.47954722515032766,0.0,1.0,0.0,0
-0.856095270420019,-0.4094604168559291,0.30940589948315905,-1.0995471916810593,-0.07240242549852047,0.0,1.0,0.0,0
-0.5564744099755448,-0.004474134170613608,-1.199821571621205,1.2891866744236131,-0.02542417938485041,0.0,1.0,0.0,0
-1.2555897510126797,-0.47695813063678943,0.13184972641205742,-0.3899233235077046,-0.11938067161219053,0.0,0.0,1.0,0
1.6407452332840748,1.8179641379132294,0.5757401590898116,-0.9296372514142,0.5383147739791903,1.0,0.0,0.0,0
1.5408716131359168,0.9404938587617381,1.60778541506559,-1.5493087982698053,0.8045248352899873,1.0,0.0,0.0,0
-1.0059057006422703,-0.9494421271029653,-0.47849961851985456,0.4096528659833992,0.8984813275173275,0.0,1.0,0.0,0
1.141377132543256,1.0079915725426367,0.14294698722900126,-0.4398968353508986,-1.0432861785143683,1.0,0.0,0.0,0
0.8916930821728467,0.46800986229556224,1.1749922432047797,-1.069563084575143,0.39738003563818014,1.0,0.0,0.0,0
0.29245136128386984,-0.4094604168559291,-0.9445845728314964,1.159255543631309,-0.5735037173776678,1.0,0.0,0.0,0
-0.6064112200496096,-1.0844375546647627,-0.3064920758572248,-0.08008755007990175,-1.560046885764739,1.0,0.0,0.0,0
-0.9559688905681771,-1.016939840883864,0.7588449625693852,-0.9496266561514775,-1.340815070567612,1.0,0.0,0.0,0
0.6420090318024373,0.46800986229556224,1.5522991109808708,-1.4493617745834173,-0.9649891016582516,0.0,1.0,0.0,0
0.09270412098752531,-0.20696727551327135,-1.9766298288072748,2.1387363757579108,0.9767784043734442,0.0,1.0,0.0,0
0.29245136128386984,-0.2744649892941317,-0.9667790944653841,0.9993403057330881,-0.5891631327488911,0.0,1.0,0.0,0
-1.0558425107163636,-1.7594146924735963,0.37044083397635025,-0.44989153771953755,-1.4660903935373988,1.0,0.0,0.0,0
0.14264093106161854,-0.5444558444176881,1.4857155460792075,-1.3594094532656682,0.9611189890022208,1.0,0.0,0.0,0
0.7418826519505954,0.33301443473380316,0.2761141170323275,-0.3299551092958717,0.16248880506982982,1.0,0.0,0.0,0
1.840492473580391,2.0204572792558873,1.5079100677130952,-1.5692982030070828,1.587495603851155,1.0,0.0,0.0,0
-1.1557161308645216,-1.016939840883864,-0.47849961851985456,0.5495786991443422,-0.3386124868093175,1.0,0.0,0.0,0
-0.6064112200496096,0.0630235796102851,0.6312264631745308,-0.969616060888755,0.17814822044105316,1.0,0.0,0.0,0
1.3411243728395723,0.33301443473380316,0.15959287845441705,-0.3099657045585945,-1.246858578340272,0.0,0.0,1.0,0
0.5421354116542793,0.7380007174191187,0.9530470268659026,-1.0895524893124204,0.9767784043734442,1.0,0.0,0.0,0
-0.4566007898273583,-1.151935268445623,-0.10119275074376351,-0.3499445140331496,-1.0589455938855916,0.0,0.0,1.0,0
-0.15697992938288408,-0.6119535581985485,0.3537949427509345,-0.1500504666603736,0.9767784043734442,0.0,1.0,0.0,0
1.191313942617321,0.13052129339114543,-0.8169660734366421,1.5790330431141382,0.5539741893504136,0.0,1.0,0.0,0
-0.9559688905681771,-1.4219261235691794,-0.4230133144351353,0.7294833417798403,1.5405173577374849,0.0,1.0,0.0,0
0.9915667023210047,0.6030052898573213,0.13739835682052934,-0.10007695481717963,-1.4504309781661755,1.0,0.0,0.0,0
0.09270412098752531,-0.13946956173237265,-0.7836742909858105,1.4790860194277502,-1.0746050092568151,1.0,0.0,0.0,0
-0.5065375999014515,0.19801900717204413,-0.31204070626569674,-0.08008755007990175,0.7105683430626472,1.0,0.0,0.0,0
0.24251455120977664,-0.20696727551327135,0.11520383518664164,-0.9796107632573939,0.49133652786552023,1.0,0.0,0.0,0
0.3423881713579347,0.46800986229556224,-0.6338612699570685,0.5295892944070644,-0.9336702709158049,1.0,0.0,0.0,0
0.24251455120977664,-0.13946956173237265,-0.17332494605389856,-0.2200133832408455,0.6635900969489771,0.0,1.0,0.0,0
-0.4566007898273583,-1.0844375546647627,0.8531716795134079,-0.8396849300964505,-0.6674602096050078,1.0,0.0,0.0,0
0.19257774113568338,0.13052129339114543,-0.0568037074759881,-0.37992862113906567,-1.5287280550222924,1.0,0.0,0.0,0
-1.0558425107163636,-1.6919169786926975,0.5979346807236993,-0.919642549045561,1.634473849964825,0.0,1.0,0.0,0
1.191313942617321,1.4129778552279522,-0.46740235770291066,0.039848878343763404,-1.246858578340272,1.0,0.0,0.0,0
1.191313942617321,0.26551672095290446,-0.10119275074376351,-0.1500504666603736,0.5383147739791903,1.0,0.0,0.0,0
0.5421354116542793,0.8729961449808777,1.6466258279248935,-1.7192187385366648,-1.1998803322266018,0.0,1.0,0.0,0
0.492198601580186,0.6030052898573213,2.81738684411247,-2.2089591545999663,1.102053727343231,0.0,1.0,0.0,0
0.5920722217283441,1.6154709965705716,-0.6172153787316527,-0.3399498116645106,-0.13504008698341388,0.0,1.0,0.0,0
0.19257774113568338,-0.47695813063678943,-0.40081879280124755,0.029854175975124464,0.9141407428885507,0.0,1.0,0.0,0
-0.5065375999014515,-0.8144466995412062,-0.8724523775213614,1.848890007067386,1.4309014501389214,0.0,0.0,1.0,0
-1.0059057006422703,-0.2744649892941317,0.5202538550050922,-0.5198544543000094,-1.0432861785143683,1.0,0.0,0.0,0
0.14264093106161854,-0.13946956173237265,-0.40636742320971947,0.11980649729287421,0.7575465891763172,1.0,0.0,0.0,0
-1.0558425107163636,-0.6794512719794472,0.4980593333712046,-1.0995471916810593,-1.2781774090827187,1.0,0.0,0.0,0
-1.305526561086773,-1.151935268445623,-0.31204070626569674,-0.1200663595544575,-1.3251556551963888,1.0,0.0,0.0,0
-0.40666397975329344,-0.7469489857603459,0.9585956572743746,-1.3594094532656682,-0.1976777484683073,0.0,0.0,1.0,0
1.6407452332840748,0.9404938587617381,-0.8003201822112262,1.908858221279219,-1.6226845472496323,0.0,1.0,0.0,0
-0.3067903596051354,-0.8819444133221049,0.07636342232733814,0.2697270328224562,0.31908295878206333,1.0,0.0,0.0,0
-1.0558425107163636,-0.8819444133221049,1.1749922432047797,-1.3394200485283905,0.052872897471266354,0.0,1.0,0.0,0
-0.856095270420019,-1.151935268445623,-0.4840482489283265,0.5495786991443422,-0.6987790403474545,1.0,0.0,0.0,0
0.29245136128386984,-0.13946956173237265,0.8254285274710482,-1.1395260011556145,0.4286988663806268,1.0,0.0,0.0,0
1.9403660937285492,2.0204572792558873,-0.5894722266892931,0.8394250678348673,1.102053727343231,1.0,0.0,0.0,0
-2.004641902123908,-2.2993964027206326,0.49251070296273264,-0.31996040692723343,0.20946705118349987,0.0,1.0,0.0,0
-0.9559688905681771,-0.5444558444176881,-0.43965920566055106,0.5795628062502584,-0.4325689790366576,0.0,1.0,0.0,0
-0.5564744099755448,-0.9494421271029653,0.1928846609052486,-0.6497855850923135,0.31908295878206333,0.0,1.0,0.0,0
1.2911875627655074,0.26551672095290446,0.026425748651090805,-0.4898703471940926,-1.293836824453942,0.0,1.0,0.0,0
-1.1057793207904283,-1.6244192649117988,-0.5173400313791581,1.139266138894031,-0.04108359475607377,1.0,0.0,0.0,0
-0.3567271696792002,-0.5444558444176881,-0.1566790548284828,-0.2799815974526777,0.3347423741532867,1.0,0.0,0.0,0
-1.2555897510126797,-1.0844375546647627,-0.18997083727931435,-0.2799815974526777,1.681452096078495,0.0,1.0,0.0,0
0.19257774113568338,-0.13946956173237265,-0.7226393564926193,0.7494727465171181,0.4756771124942969,0.0,0.0,1.0,0
1.141377132543256,0.6030052898573213,0.4869620725542607,-0.7697220135159794,-1.6853222087345259,0.0,1.0,0.0,0
0.5920722217283441,0.67050300363822,0.7255531801185536,-0.6997590969355075,1.4465608655101447,1.0,0.0,0.0,0
-1.0059057006422703,-0.5444558444176881,-0.4507564664774949,-0.020119335868069525,-0.3229530714380941,1.0,0.0,0.0,0
0.04276731091346047,-0.4094604168559291,0.11520383518664164,0.7694621512543961,-1.2781774090827187,1.0,0.0,0.0,0
1.2412507526914143,0.19801900717204413,0.2927600082577433,-0.7397379064100625,1.0394160658583376,1.0,0.0,0.0,0
-0.9060320804941122,-0.6794512719794472,-0.7004448348587317,1.499075424165028,0.5852930200928603,1.0,0.0,0.0,0
0.39232498143202793,0.5355075760764609,0.13739835682052934,-0.37992862113906567,-1.1998803322266018,1.0,0.0,0.0,0
-1.455336991308996,-1.2194329822265217,-0.6227640091401246,0.5195945920384261,0.44435828175185016,1.0,0.0,0.0,0
-0.007169499160632764,0.9404938587617381,1.3969374595436568,-1.5892876077443603,1.6501332653360483,0.0,1.0,0.0,0
0.09270412098752531,0.67050300363822,4.609594466048902,-2.5287896303964077,0.569633604721637,0.0,1.0,0.0,0
0.3423881713579347,-0.07197184795151232,-0.7059934652672035,0.5295892944070644,0.7418871738050938,1.0,0.0,0.0,0
0.3423881713579347,0.5355075760764609,1.0251792221760376,-0.9996001679946714,-0.495206640521551,0.0,1.0,0.0,0
1.141377132543256,1.2104847138852945,0.3648922035678783,-0.47987564482545364,0.6949089276914238,1.0,0.0,0.0,0
-1.3554633711608377,-1.151935268445623,-0.19551946768778627,-0.3699339187704274,-0.980648517029475,1.0,0.0,0.0,0
0.7918194620246887,0.805498431199979,-0.7281879869010912,0.28971643755973336,-0.2916342406956474,1.0,0.0,0.0,0
-1.8548314719016565,-1.8269124062544566,-0.22881125013861783,0.15978530676742925,-1.4504309781661755,0.0,1.0,0.0,0
0.14264093106161854,0.805498431199979,1.3525484162758814,-1.4393670722147784,0.49133652786552023,0.0,1.0,0.0,0
1.4409979929877303,1.750466424132369,-0.8058688126196982,0.6395310204620913,-0.40125014829421085,0.0,1.0,0.0,0
-0.9559688905681771,-1.3544284097882808,2.134905303870423,-1.9191127859094408,-1.2311991629690486,0.0,1.0,0.0,0
1.8904292836544843,2.155452706817646,-0.1844222068708424,0.6895045323052853,0.7262277584338706,0.0,0.0,1.0,0
2.0901765239508006,2.290448134379405,0.5812887894982834,-0.8296902277278119,-1.3251556551963888,1.0,0.0,0.0,0
-1.6051474215312471,-1.2194329822265217,-0.9889736160992718,1.3791389957413622,1.3369449579115813,1.0,0.0,0.0,0
0.4422617915060928,0.46800986229556224,-0.3009434454487529,0.09981709255559633,1.149031973456901,0.0,1.0,0.0,0
0.4422617915060928,0.4005121485147019,-0.19551946768778627,0.6395310204620913,0.3347423741532867,1.0,0.0,0.0,0
0.3423881713579347,0.8729961449808777,-0.09564412033529159,-0.47987564482545364,-0.9336702709158049,1.0,0.0,0.0,0
0.4422617915060928,0.46800986229556224,-0.3952701623927756,-0.37992862113906567,1.5718361884799317,1.0,0.0,0.0,0
-2.204389142420224,-2.5018895440632902,2.062773108560288,-1.9091180835408021,-0.5265254712639977,1.0,0.0,0.0,0
0.6420090318024373,0.33301443473380316,-0.8280633342535859,0.5795628062502584,-0.6987790403474545,1.0,0.0,0.0,0
-1.505273801383089,-1.4894238373500397,-0.7947715518027544,0.9993403057330881,-0.18201833309708393,1.0,0.0,0.0,0
0.04276731091346047,0.8729961449808777,-1.2996969189736998,2.4685615539229917,-0.6518007942337846,1.0,0.0,0.0,0
0.5920722217283441,1.0754892863235355,-0.43411057525207913,1.2891866744236131,1.5718361884799317,1.0,0.0,0.0,1
0.09270412098752531,1.0079915725426367,0.5535456374559239,-0.8896584419396445,-1.1998803322266018,1.0,0.0,0.0,0
1.191313942617321,1.3454801414470536,0.1263010960035855,-0.21001868087220654,-1.5287280550222924,1.0,0.0,0.0,0
1.7905556635063262,2.0204572792558873,-0.02906055543362846,-0.030114038236707757,0.11551055895615976,1.0,0.0,0.0,0
-1.0558425107163636,-1.5569215511309384,0.2983086386662152,-0.5098597519313705,-0.3855907329229875,1.0,0.0,0.0,0
1.3910611829136654,1.4804755690088125,-0.4507564664774949,1.099287329419476,-1.027626763143145,1.0,0.0,0.0,0
-1.3554633711608377,-1.3544284097882808,-0.11783864196917929,-0.39991802587634356,-0.761416701832348,1.0,0.0,0.0,0
-1.2555897510126797,-0.8144466995412062,-0.3453324887165283,-0.10007695481717963,0.30342354341084,1.0,0.0,0.0,0
-0.3567271696792002,-0.8144466995412062,-1.0999462242687104,0.7694621512543961,1.4309014501389214,1.0,0.0,0.0,0
-1.1557161308645216,-1.8269124062544566,-0.9667790944653841,0.919382686783978,-1.1215832553704852,0.0,1.0,0.0,0
0.39232498143202793,0.9404938587617381,-1.205370202029677,2.7184291131389617,-1.4034527320525054,1.0,0.0,0.0,1
0.8916930821728467,0.4005121485147019,-0.4840482489283265,0.8394250678348673,0.037213482100043,1.0,0.0,0.0,0
-0.007169499160632764,-0.2744649892941317,-0.4840482489283265,0.5995522109875362,-0.8866920248021348,1.0,0.0,0.0,0
-0.2069167394569489,-0.5444558444176881,-0.6338612699570685,0.5895575086188972,0.39738003563818014,1.0,0.0,0.0,0
0.3423881713579347,-0.3419627030750304,0.21507918253913633,-0.45988624008817647,-1.1529020861129318,1.0,0.0,0.0,0
1.9403660937285492,1.750466424132369,0.5701915286813396,-0.7697220135159794,0.30342354341084,1.0,0.0,0.0,0
1.2412507526914143,0.9404938587617381,-0.7226393564926193,1.309176079160891,0.28776412803961665,1.0,0.0,0.0,0
0.3423881713579347,0.46800986229556224,-0.49514550974527033,0.33968994940292735,-0.4325689790366576,1.0,0.0,0.0,0
0.24251455120977664,-0.07197184795151232,1.086214156669229,-1.2994412390538352,-0.009764764013627058,0.0,1.0,0.0,0
-1.405400181234931,-1.0844375546647627,1.6299799366994776,-1.4793458816893337,0.14682938969860648,1.0,0.0,0.0,0
1.7905556635063262,1.6154709965705716,-0.5728263354638773,0.5595734015129812,-1.5443874703935156,0.0,0.0,1.0,0
1.7905556635063262,1.2104847138852945,0.6645182456253624,-0.5298491566686476,-0.21333716383953064,0.0,1.0,0.0,0
1.7905556635063262,1.9529595654749885,0.2705654866238556,-0.8097008229905344,-0.8553731940596881,1.0,0.0,0.0,0
-1.2555897510126797,-0.8819444133221049,0.8753662011472956,-1.1894995129988084,-0.009764764013627058,0.0,1.0,0.0,0
-0.9559688905681771,-0.6794512719794472,-0.5672777050554054,-0.37992862113906567,-0.1976777484683073,1.0,0.0,0.0,0
-0.7062848401977677,-0.3419627030750304,-0.49514550974527033,0.41964756835203815,-0.6987790403474545,1.0,0.0,0.0,0
1.191313942617321,1.2104847138852945,-1.0056195073246876,1.059308519944921,0.39738003563818014,0.0,1.0,0.0,0
1.6906820433581398,1.0754892863235355,-0.5173400313791581,0.9993403057330881,0.8671624967748807,0.0,1.0,0.0,0
-1.2555897510126797,-0.8144466995412062,-1.2608565061143961,1.0293244128390042,0.8045248352899873,1.0,0.0,0.0,0
0.04276731091346047,0.7380007174191187,0.44257302928648534,-0.6597802874609524,1.2273290503130179,1.0,0.0,0.0,0
-1.1557161308645216,-0.6794512719794472,-0.19551946768778627,0.039848878343763404,-1.1372426707417085,0.0,1.0,0.0,0
0.24251455120977664,1.3454801414470536,-0.33978385830805635,-0.10007695481717963,0.7105683430626472,1.0,0.0,0.0,0
0.14264093106161854,0.26551672095290446,-1.3662804838753628,0.969356198627172,-1.1059238399992617,0.0,1.0,0.0,0
-1.505273801383089,-1.4894238373500397,0.24282233458149596,-0.2799815974526777,1.274307296426688,1.0,0.0,0.0,0
-0.7062848401977677,-1.0844375546647627,-0.3009434454487529,0.28971643755973336,-1.0902644246280384,1.0,0.0,0.0,0
-1.1057793207904283,-0.47695813063678943,3.904918404172968,-2.4288426067100195,-1.1215832553704852,0.0,1.0,0.0,0
-1.6051474215312471,-1.4219261235691794,0.9253038748235429,-0.919642549045561,0.052872897471266354,1.0,0.0,0.0,0
-0.8061584603459542,-1.2194329822265217,2.4844690196041546,-2.0190598095958285,1.415242034767698,0.0,0.0,1.0,0
-0.856095270420019,-0.3419627030750304,-0.10119275074376351,-0.2899762998213166,-0.36993131755176417,0.0,0.0,1.0,0
-1.3554633711608377,-0.8819444133221049,0.44257302928648534,-0.8396849300964505,0.3347423741532867,1.0,0.0,0.0,0
0.24251455120977664,0.4005121485147019,-0.2232626197301459,0.5195945920384261,-1.560046885764739,1.0,0.0,0.0,0
-0.5065375999014515,-1.2194329822265217,-1.0056195073246876,0.2697270328224562,-0.9023514401733582,0.0,1.0,0.0,0
-0.5564744099755448,-0.07197184795151232,-1.277502397339812,1.6190118525886938,0.17814822044105316,1.0,0.0,0.0,0
0.8417562720987535,0.13052129339114543,-0.5783749658723493,0.8094409607289511,-1.4974092242798456,1.0,0.0,0.0,0
-0.756221650271861,-0.47695813063678943,-0.2842975542233371,0.36967405650884416,1.274307296426688,0.0,1.0,0.0,0
1.9403660937285492,1.8179641379132294,1.4468751332199041,-1.5692982030070828,0.7888654199187639,1.0,0.0,0.0,0
0.6919458418765022,0.67050300363822,-0.295394815040281,-0.3499445140331496,-0.2603154099532007,0.0,1.0,0.0,0
1.4409979929877303,1.4129778552279522,-1.1387866371280138,1.469091317059112,-0.30729365606687076,1.0,0.0,0.0,0
-1.0558425107163636,-1.016939840883864,-0.5006941401537423,0.07982768781831845,0.7732060045475406,0.0,1.0,0.0,0
2.0901765239508006,2.290448134379405,1.1139573087115884,-1.6292664172189157,-0.3386124868093175,1.0,0.0,0.0,0
0.19257774113568338,0.5355075760764609,-1.061105811409407,1.599022447851416,0.6009524354640837,1.0,0.0,0.0,0
-2.154452332346159,-2.569387257844189,-0.7892229213942824,1.199234353105864,-0.10372125624096717,1.0,0.0,0.0,0
0.24251455120977664,1.0754892863235355,-0.6338612699570685,0.23974292571653935,-0.08806184086974382,1.0,0.0,0.0,0
0.19257774113568338,0.0630235796102851,0.4148298772441257,-0.6497855850923135,1.3056261271691345,1.0,0.0,0.0,0
-0.3567271696792002,-1.016939840883864,0.2761141170323275,-0.7297432040414236,-0.5265254712639977,1.0,0.0,0.0,0
1.9403660937285492,2.0204572792558873,-0.31204070626569674,0.4996051873011482,-0.46388780977910427,1.0,0.0,0.0,0
-0.8061584603459542,-1.4219261235691794,1.1306031999370043,-1.2694571319479189,0.4130394510094035,1.0,0.0,0.0,0
0.3423881713579347,1.2104847138852945,-0.33978385830805635,0.18976941387334537,1.5561767731087082,1.0,0.0,0.0,0
1.191313942617321,1.3454801414470536,-0.17332494605389856,-0.3099657045585945,-1.607025131878409,1.0,0.0,0.0,0
1.840492473580391,1.6154709965705716,0.5701915286813396,-0.7697220135159794,1.5405173577374849,0.0,1.0,0.0,0
-2.204389142420224,-2.636884971625049,-0.3619783799419441,0.11980649729287421,0.7575465891763172,1.0,0.0,0.0,0
-0.8061584603459542,-0.9494421271029653,0.16514150886288897,-0.5598332637745644,0.8201842506612106,1.0,0.0,0.0,0
-1.6051474215312471,-1.4219261235691794,0.9918874397252061,-1.4793458816893337,0.6322712662065304,1.0,0.0,0.0,0
0.09270412098752531,-0.20696727551327135,-0.31204070626569674,0.37966875887748236,0.0058946513575962945,0.0,0.0,1.0,0
0.492198601580186,0.46800986229556224,-0.41746468402666337,0.5795628062502584,1.196010219570571,1.0,0.0,0.0,0
1.2911875627655074,1.6154709965705716,-0.7170907260841474,1.0293244128390042,-1.1685615014841553,0.0,1.0,0.0,0
1.8904292836544843,2.087954993036786,-0.09009548992681966,-0.020119335868069525,0.6635900969489771,1.0,0.0,0.0,0
-0.9060320804941122,-1.4219261235691794,-0.7781256605773386,1.489080721796389,0.49133652786552023,1.0,0.0,0.0,0
0.29245136128386984,-0.47695813063678943,0.34269768193399064,0.019859473606486232,-0.6048225481201145,1.0,0.0,0.0,0
0.9915667023210047,0.26551672095290446,-1.815719546961589,1.5590436383768609,-0.4482283944078809,0.0,1.0,0.0,1
-1.0558425107163636,-1.6244192649117988,-0.25655440218097747,-0.39991802587634356,0.835843666032434,0.0,0.0,1.0,0
-1.405400181234931,-1.3544284097882808,-0.3619783799419441,0.36967405650884416,0.8515030814036574,1.0,0.0,0.0,0
-1.0558425107163636,-0.6794512719794472,5.086776681177488,-2.608747249345518,-0.40125014829421085,0.0,1.0,0.0,0
0.3423881713579347,-0.004474134170613608,-0.8003201822112262,0.7994462583603121,-0.35427190218054083,1.0,0.0,0.0,0
-0.9559688905681771,-1.4894238373500397,0.5368997462305081,-0.3299551092958717,-0.8866920248021348,0.0,1.0,0.0,0
-0.25685354953104217,0.5355075760764609,0.17623876967983285,-0.18003457376628973,-0.5265254712639977,1.0,0.0,0.0,0
0.24251455120977664,0.33301443473380316,0.5923860503152274,-0.5498385614059255,-0.6987790403474545,1.0,0.0,0.0,0
0.19257774113568338,0.805498431199979,-0.27874892381486516,0.5295892944070644,1.1333725580856777,0.0,0.0,1.0,0
1.141377132543256,0.0630235796102851,0.8254285274710482,-0.9596213585201163,0.11551055895615976,0.0,0.0,1.0,0
-0.5065375999014515,0.13052129339114543,-0.12893590278612316,-0.46988094245681544,-0.08806184086974382,1.0,0.0,0.0,0
1.840492473580391,1.8179641379132294,-0.8003201822112262,1.389133698110001,0.24078588192594658,1.0,0.0,0.0,0
-1.0059057006422703,-0.8819444133221049,-0.6061181179147088,1.1892396507372252,-0.9493296862870282,0.0,1.0,0.0,0
-0.007169499160632764,-0.4094604168559291,-0.43965920566055106,0.34968465177156627,-0.08806184086974382,1.0,0.0,0.0,0
0.24251455120977664,-0.3419627030750304,1.3192566338250498,-1.6392611195875544,-1.6853222087345259,1.0,0.0,0.0,0
0.14264093106161854,1.1429870001043958,0.9308525052320149,-0.6397908827236746,0.7888654199187639,1.0,0.0,0.0,0
-0.8061584603459542,-0.5444558444176881,-0.6948962044502597,0.6395310204620913,0.31908295878206333,0.0,1.0,0.0,0
0.04276731091346047,0.13052129339114543,-0.3564297495334722,1.419117805215918,-0.8553731940596881,1.0,0.0,0.0,0
-1.405400181234931,-1.016939840883864,3.56645194925618,-2.348884987760909,0.30342354341084,1.0,0.0,0.0,0
-0.8061584603459542,-0.3419627030750304,-0.9057441599721929,1.039319115207643,1.4778796962525915,1.0,0.0,0.0,0
-0.5065375999014515,-0.8819444133221049,1.9573491307993214,-1.7192187385366648,-0.18201833309708393,1.0,0.0,0.0,0
-0.5065375999014515,-1.016939840883864,0.46476755092037303,-0.6497855850923135,0.7262277584338706,0.0,0.0,1.0,0
0.7418826519505954,0.33301443473380316,0.0652661615103943,-0.5698279661432034,0.9141407428885507,0.0,0.0,1.0,0
0.39232498143202793,0.5355075760764609,-0.7337366173095632,0.5095998896697872,-0.8866920248021348,1.0,0.0,0.0,0
-1.5552106114571824,-1.0844375546647627,-0.49514550974527033,0.6895045323052853,1.2273290503130179,0.0,1.0,0.0,0
0.24251455120977664,1.3454801414470536,1.3303538946419937,-1.2294783224733639,-0.9649891016582516,0.0,1.0,0.0,0
-1.3554633711608377,-1.151935268445623,0.8753662011472956,-1.2594624295792802,0.20946705118349987,0.0,1.0,0.0,0
0.19257774113568338,1.2104847138852945,-0.9834249856907998,0.7594674488857571,1.2586478810554644,0.0,1.0,0.0,0
0.5920722217283441,0.46800986229556224,0.15959287845441705,-0.1700398713976515,-0.9180108555445815,1.0,0.0,0.0,0
0.8916930821728467,0.19801900717204413,-0.4119160536181914,0.6495257228307302,-0.7457572864611246,0.0,1.0,0.0,0
-0.9060320804941122,-0.6794512719794472,-0.7170907260841474,0.7594674488857571,-0.495206640521551,0.0,1.0,0.0,0
1.6407452332840748,0.805498431199979,1.2415758081064427,-1.2694571319479189,-1.2625179937114952,1.0,0.0,0.0,0
1.2412507526914143,0.6030052898573213,-1.0167167681416314,1.549048936008222,-0.10372125624096717,0.0,0.0,1.0,1
-0.9060320804941122,-1.151935268445623,-0.5062427705622142,0.3296952470342884,1.4309014501389214,0.0,1.0,0.0,0
0.8417562720987535,0.5355075760764609,2.301364216124581,-1.8391551669603303,1.415242034767698,0.0,1.0,0.0,0
-0.4566007898273583,0.33301443473380316,-0.04015781625057232,-0.3399498116645106,-0.7144384557186779,1.0,0.0,0.0,0
-0.3067903596051354,-0.47695813063678943,-0.0789982291098758,0.14979060439879033,-1.2155397475978251,1.0,0.0,0.0,0
-0.9060320804941122,-1.0844375546647627,-0.3453324887165283,0.9893456033644492,-0.5578443020064444,1.0,0.0,0.0,0
-0.6563480301237028,-0.07197184795151232,-0.4119160536181914,-0.030114038236707757,-0.5578443020064444,1.0,0.0,0.0,0
-0.2069167394569489,-0.5444558444176881,0.9641442876828464,-1.3494147508970293,0.9298001582597741,1.0,0.0,0.0,0
0.3423881713579347,-0.2744649892941317,0.15959287845441705,-0.47987564482545364,-0.40125014829421085,0.0,1.0,0.0,0
-1.3554633711608377,-0.8144466995412062,0.04862027028497851,0.12980119966151243,0.5069959432367436,0.0,1.0,0.0,0
-0.10704311930879085,0.13052129339114543,0.6367750935830028,-0.7297432040414236,0.8045248352899873,1.0,0.0,0.0,0
-1.2056529409385865,-0.2744649892941317,-0.6671530524079,0.8194356630975901,1.681452096078495,0.0,0.0,1.0,0
0.19257774113568338,-0.20696727551327135,-0.8613551167044174,0.5095998896697872,0.8045248352899873,1.0,0.0,0.0,0
-0.40666397975329344,-1.0844375546647627,0.7089072888931378,-1.0995471916810593,1.4309014501389214,1.0,0.0,0.0,0
1.2412507526914143,0.19801900717204413,-0.744833878126507,1.738948281012359,0.6949089276914238,1.0,0.0,0.0,0
-0.007169499160632764,0.9404938587617381,0.28166274744079944,-0.6397908827236746,-1.607025131878409,1.0,0.0,0.0,0
0.6919458418765022,0.5355075760764609,0.8809148315557676,-1.0395789774692266,-0.13504008698341388,1.0,0.0,0.0,0
-0.2069167394569489,0.0630235796102851,-0.46740235770291066,0.6095469133561752,-0.495206640521551,0.0,1.0,0.0,0
0.5920722217283441,0.7380007174191187,0.1928846609052486,-0.5698279661432034,-1.6226845472496323,0.0,1.0,0.0,0
0.09270412098752531,0.9404938587617381,-0.4840482489283265,0.7794568536230343,-1.1529020861129318,1.0,0.0,0.0,0
1.840492473580391,1.750466424132369,-0.140033163603067,-0.44989153771953755,0.4756771124942969,0.0,0.0,1.0,0
0.19257774113568338,-0.07197184795151232,-0.23990851095556168,-0.819695525359173,0.7262277584338706,1.0,0.0,0.0,0
-0.856095270420019,-0.7469489857603459,-1.061105811409407,1.549048936008222,-0.08806184086974382,1.0,0.0,0.0,0
-1.305526561086773,-0.6794512719794472,-0.10674138115223544,-0.2999710021899556,0.616611850835307,0.0,1.0,0.0,0
-1.0558425107163636,-1.7594146924735963,0.392635355610238,-0.5398438590372866,1.7440897575633885,0.0,1.0,0.0,0
1.8904292836544843,1.750466424132369,1.086214156669229,-1.4093829651088623,0.7262277584338706,1.0,0.0,0.0,0
-0.5065375999014515,0.26551672095290446,0.4758648117373169,-0.2899762998213166,0.3660612048957334,0.0,1.0,0.0,0
-0.7062848401977677,-1.2194329822265217,-0.9889736160992718,2.8183761368253495,1.0080972351158908,1.0,0.0,0.0,1
1.141377132543256,0.9404938587617381,-0.3508811191250002,-0.26998689508403945,-1.3721339013100589,1.0,0.0,0.0,0
1.3910611829136654,1.4129778552279522,2.3235587377584683,-1.9690862977526347,-0.8083949479460181,1.0,0.0,0.0,0
0.6420090318024373,0.7380007174191187,0.11520383518664164,-0.46988094245681544,-0.8240543633172414,1.0,0.0,0.0,0
-1.3554633711608377,-0.9494421271029653,-0.2232626197301459,-0.24000278797812266,0.616611850835307,0.0,0.0,1.0,0
0.9915667023210047,0.7380007174191187,1.2748675905572744,-1.3993882627402232,-1.5287280550222924,0.0,1.0,0.0,0
0.19257774113568338,1.2104847138852945,0.2761141170323275,0.1997641162419843,1.462220280881368,1.0,0.0,0.0,0
0.5920722217283441,0.33301443473380316,-0.18997083727931435,0.3596793541402052,-0.46388780977910427,0.0,0.0,1.0,0
0.3423881713579347,0.7380007174191187,4.648434878908206,-2.5687684398709627,0.4286988663806268,1.0,0.0,0.0,0
-0.5564744099755448,-0.9494421271029653,2.9394567130988523,-2.129001535650856,-1.2625179937114952,1.0,0.0,0.0,0
0.3423881713579347,0.7380007174191187,-0.33978385830805635,0.6795098299366463,0.8984813275173275,1.0,0.0,0.0,0
0.7418826519505954,0.33301443473380316,-0.8835496383383052,0.8694091749407841,0.8201842506612106,1.0,0.0,0.0,0
-0.5564744099755448,0.13052129339114543,3.1059156253530102,-1.9990704048585513,-0.15069950235463722,0.0,1.0,0.0,0
0.9416298922469115,0.5355075760764609,0.13184972641205742,-0.08008755007990175,-1.0746050092568151,0.0,1.0,0.0,0
-0.7062848401977677,-0.2744649892941317,-0.6449585307740123,0.2697270328224562,-0.40125014829421085,1.0,0.0,0.0,0
0.29245136128386984,-0.004474134170613608,0.015328487834146953,-0.6098067756177584,-0.11938067161219053,0.0,1.0,0.0,0
1.840492473580391,1.6154709965705716,0.9918874397252061,-1.3494147508970293,0.35040178952451007,1.0,0.0,0.0,0
-0.9559688905681771,-1.5569215511309384,5.702674656517872,-2.7186889754005445,0.2721047126683933,1.0,0.0,0.0,1
-0.856095270420019,-0.8144466995412062,-1.055557181000935,1.209229055474503,-0.056743010127297114,0.0,1.0,0.0,0
-0.2069167394569489,0.6030052898573213,-0.5062427705622142,0.6295363180934523,1.3839232040252514,1.0,0.0,0.0,0
0.6420090318024373,0.5355075760764609,-0.49514550974527033,0.6895045323052853,-0.761416701832348,1.0,0.0,0.0,0
1.191313942617321,0.0630235796102851,-0.6116667483231808,0.36967405650884416,-0.056743010127297114,1.0,0.0,0.0,0
1.2911875627655074,0.67050300363822,0.392635355610238,-0.08008755007990175,0.6949089276914238,1.0,0.0,0.0,0
1.2911875627655074,1.4804755690088125,-0.10674138115223544,0.2997111399283723,1.5718361884799317,1.0,0.0,0.0,0
-0.856095270420019,0.0630235796102851,-0.09009548992681966,0.5895575086188972,-0.13504008698341388,1.0,0.0,0.0,0
0.7418826519505954,0.46800986229556224,-1.0000708769162157,0.7094939370425631,0.11551055895615976,0.0,1.0,0.0,0
-0.5564744099755448,0.13052129339114543,0.6367750935830028,-0.8896584419396445,0.7888654199187639,1.0,0.0,0.0,0
1.191313942617321,1.2779824276661549,-0.9612304640569121,0.7294833417798403,0.8515030814036574,0.0,0.0,1.0,0
-0.756221650271861,-0.07197184795151232,-0.31758933667416867,0.20975881861062326,-1.4504309781661755,1.0,0.0,0.0,0
-0.6563480301237028,-0.6794512719794472,0.842074418696464,-0.9896054656260325,0.7262277584338706,1.0,0.0,0.0,0
0.8916930821728467,0.19801900717204413,0.7033586584846658,-0.7297432040414236,-1.3877933166812821,0.0,1.0,0.0,0
-1.305526561086773,-0.6119535581985485,-0.8835496383383052,0.10981179492423528,0.6949089276914238,1.0,0.0,0.0,0
0.04276731091346047,-0.6119535581985485,0.11520383518664164,-0.45988624008817647,-1.4660903935373988,0.0,0.0,1.0,0
0.6420090318024373,0.67050300363822,0.22617644335608017,-0.3399498116645106,1.196010219570571,0.0,0.0,1.0,0
-1.2555897510126797,-1.151935268445623,0.31495452989163103,-0.31996040692723343,-0.47954722515032766,1.0,0.0,0.0,0
-0.5564744099755448,0.0630235796102851,0.087460683144282,0.059838283081041284,1.0707348966007844,0.0,1.0,0.0,0
1.7406188534322329,1.9529595654749885,0.026425748651090805,-0.3099657045585945,-0.3229530714380941,1.0,0.0,0.0,0
-0.5564744099755448,-0.004474134170613608,-0.8946468991552491,0.9293773891526163,-1.4034527320525054,1.0,0.0,0.0,0
-0.15697992938288408,0.5355075760764609,-0.672701682816372,0.6595204251993692,1.3995826193964747,0.0,0.0,1.0,0
1.6407452332840748,1.750466424132369,-0.7892229213942824,0.7094939370425631,0.4600176971230735,0.0,1.0,0.0,0
-0.6064112200496096,-0.9494421271029653,0.3316004211170468,-0.6997590969355075,-0.10372125624096717,1.0,0.0,0.0,0
-1.8548314719016565,-1.8944101200353554,0.54244837663898,-0.8396849300964505,-1.2625179937114952,1.0,0.0,0.0,0
1.191313942617321,0.13052129339114543,-1.044459920183991,0.5095998896697872,0.9454595736309974,1.0,0.0,0.0,1
1.3411243728395723,1.4804755690088125,-0.9057441599721929,1.2791919720549743,0.8828219121461041,1.0,0.0,0.0,0
-1.0558425107163636,-1.6244192649117988,-0.672701682816372,0.2997111399283723,1.5561767731087082,0.0,0.0,1.0,0
0.24251455120977664,1.2104847138852945,0.5368997462305081,-0.5598332637745644,-1.654003377992079,0.0,1.0,0.0,0
1.091440322469163,0.8729961449808777,-0.8724523775213614,0.6395310204620913,-0.21333716383953064,1.0,0.0,0.0,0
0.39232498143202793,-0.4094604168559291,-0.3619783799419441,0.06983298544968022,-0.056743010127297114,0.0,0.0,1.0,0
-0.856095270420019,0.0630235796102851,-0.7281879869010912,0.5295892944070644,-0.46388780977910427,1.0,0.0,0.0,0
-0.007169499160632764,0.9404938587617381,-0.3508811191250002,-0.10007695481717963,-0.24465599458197734,1.0,0.0,0.0,0
0.09270412098752531,-0.13946956173237265,-0.672701682816372,0.9293773891526163,-1.4347715627949522,1.0,0.0,0.0,0
1.7905556635063262,1.750466424132369,-0.5728263354638773,0.1997641162419843,0.037213482100043,0.0,0.0,1.0,0
0.5920722217283441,0.4005121485147019,1.5079100677130952,-1.5992823101129994,-0.36993131755176417,1.0,0.0,0.0,0
0.09270412098752531,-0.004474134170613608,-0.25655440218097747,0.7294833417798403,1.0080972351158908,1.0,0.0,0.0,0
-1.505273801383089,-1.4219261235691794,-0.46740235770291066,0.8993932820467001,1.509198526995038,1.0,0.0,0.0,0
1.2412507526914143,0.19801900717204413,-1.1831756803957894,1.848890007067386,-0.8240543633172414,1.0,0.0,0.0,1
0.6919458418765022,0.26551672095290446,1.0973114174861727,-0.8097008229905344,-0.18201833309708393,1.0,0.0,0.0,0
-0.5065375999014515,-0.004474134170613608,0.7089072888931378,-0.9996001679946714,-0.8553731940596881,0.0,1.0,0.0,0
1.041503512395098,0.9404938587617381,0.3537949427509345,-0.4099127282449825,-0.056743010127297114,1.0,0.0,0.0,0
-1.3554633711608377,-1.2194329822265217,0.07636342232733814,-0.6497855850923135,-1.654003377992079,1.0,0.0,0.0,0
-0.8061584603459542,-0.6119535581985485,-0.40081879280124755,0.2497376280851783,0.49133652786552023,1.0,0.0,0.0,0
0.09270412098752531,1.1429870001043958,0.5590942678643958,-0.919642549045561,1.3056261271691345,1.0,0.0,0.0,0
0.19257774113568338,1.1429870001043958,-0.17332494605389856,0.5395839967757032,0.8828219121461041,0.0,1.0,0.0,0
-0.856095270420019,-0.47695813063678943,-0.7670283997603947,1.1892396507372252,-1.4660903935373988,1.0,0.0,0.0,0
0.3423881713579347,0.46800986229556224,-0.5395345530130458,0.3197005446656502,-0.9180108555445815,1.0,0.0,0.0,0
-1.1057793207904283,-1.6919169786926975,0.5091565941881484,-1.0095948703633104,0.569633604721637,1.0,0.0,0.0,0
-0.5564744099755448,-1.0844375546647627,0.5147052245966204,-0.819695525359173,-1.4191121474237287,0.0,0.0,1.0,0
-1.5552106114571824,-1.4894238373500397,0.05416890069345044,-0.41990743061362146,1.5405173577374849,0.0,0.0,1.0,1
0.6420090318024373,0.26551672095290446,-0.19551946768778627,0.7194886394112021,1.3369449579115813,1.0,0.0,0.0,0
0.6919458418765022,0.33301443473380316,0.17623876967983285,-0.6098067756177584,1.5718361884799317,1.0,0.0,0.0,0
0.09270412098752531,0.33301443473380316,-0.6837989436333158,0.6695151275680081,-0.2759748253244241,1.0,0.0,0.0,0
0.39232498143202793,0.5355075760764609,-0.40636742320971947,0.5195945920384261,1.2586478810554644,0.0,0.0,1.0,0
-0.8061584603459542,-0.8819444133221049,-0.8502578558874736,0.4896104849325093,0.4286988663806268,1.0,0.0,0.0,0
-0.756221650271861,-0.8144466995412062,0.7255531801185536,-1.0395789774692266,-1.4817498089086223,1.0,0.0,0.0,0
0.19257774113568338,0.46800986229556224,0.6478723543999466,-0.3699339187704274,0.30342354341084,0.0,0.0,1.0,0
-0.6563480301237028,-0.13946956173237265,-0.5783749658723493,0.8794038773094223,-0.5735037173776678,0.0,1.0,0.0,0
1.091440322469163,0.6030052898573213,-0.1844222068708424,-0.5998120732491196,-0.9180108555445815,1.0,0.0,0.0,0
1.3411243728395723,0.4005121485147019,-1.055557181000935,1.119276734156754,-1.5913657165071857,0.0,1.0,0.0,1
-1.1057793207904283,-1.8944101200353554,-0.46185372729443874,-0.04010874060534669,1.4309014501389214,0.0,1.0,0.0,0
1.6906820433581398,1.8854618516941282,-0.9945222465077438,1.0792979246821983,-0.21333716383953064,1.0,0.0,0.0,0
-0.5564744099755448,-0.07197184795151232,-0.9667790944653841,0.6495257228307302,-0.5108660558927743,1.0,0.0,0.0,0
-1.405400181234931,-0.8144466995412062,-0.4895968793367984,0.3097058422970112,-0.6204819634913378,1.0,0.0,0.0,0
-1.305526561086773,-1.0844375546647627,0.3537949427509345,-0.5398438590372866,-0.6674602096050078,1.0,0.0,0.0,0
-1.8548314719016565,-1.8944101200353554,-0.4729509881113826,0.2497376280851783,-1.1372426707417085,0.0,1.0,0.0,0
-1.8548314719016565,-1.7594146924735963,-1.133238006719542,1.0493138175762822,-0.9336702709158049,0.0,1.0,0.0,0
-0.4566007898273583,0.19801900717204413,1.6577230887418373,-1.5992823101129994,1.9946404035029621,0.0,1.0,0.0,0
0.8417562720987535,0.805498431199979,-0.31758933667416867,0.3596793541402052,0.7262277584338706,1.0,0.0,0.0,0
-0.9559688905681771,-1.4219261235691794,-0.23990851095556168,-0.00012993113079164646,-1.6853222087345259,0.0,1.0,0.0,0
0.4422617915060928,1.750466424132369,0.087460683144282,0.059838283081041284,0.021554066728819647,0.0,1.0,0.0,0
1.141377132543256,1.1429870001043958,0.8975607227811834,-1.2494677272106414,0.5852930200928603,1.0,0.0,0.0,0
-0.8061584603459542,-0.7469489857603459,-0.21216535891320204,0.9993403057330881,1.4935391116238148,1.0,0.0,0.0,0
1.141377132543256,0.67050300363822,-0.06235233788446003,0.3097058422970112,-1.2155397475978251,1.0,0.0,0.0,0
-0.8061584603459542,-1.286930696007382,-1.4439613095939698,1.309176079160891,-1.5443874703935156,1.0,0.0,0.0,0
-0.007169499160632764,-0.2744649892941317,-0.6449585307740123,0.8694091749407841,-0.6361413788625612,0.0,1.0,0.0,0
0.4422617915060928,0.67050300363822,-0.8724523775213614,1.119276734156754,0.44435828175185016,1.0,0.0,0.0,0
-0.8061584603459542,-0.8819444133221049,0.2705654866238556,-0.49986504956273153,-0.13504008698341388,1.0,0.0,0.0,0
-1.455336991308996,-1.4219261235691794,-0.23990851095556168,0.46962108019523213,-0.30729365606687076,1.0,0.0,0.0,0
0.7918194620246887,0.4005121485147019,-1.2109188324381488,2.078768161546078,-0.542184886635221,1.0,0.0,0.0,0
-0.25685354953104217,0.46800986229556224,-0.5617290746469334,0.5695681038816202,-0.02542417938485041,1.0,0.0,0.0,0
-0.9060320804941122,-1.4219261235691794,-0.4285619448436072,-0.1200663595544575,0.2564452972971699,0.0,1.0,0.0,0
0.3423881713579347,1.2779824276661549,-1.1665297891703734,1.9188529236478578,0.20946705118349987,0.0,0.0,1.0,0
-0.057106309234725997,-0.6794512719794472,0.07636342232733814,-0.00012993113079164646,-0.30729365606687076,1.0,0.0,0.0,0
-1.2056529409385865,-0.8819444133221049,-0.43965920566055106,0.6695151275680081,0.6635900969489771,1.0,0.0,0.0,0
-0.9559688905681771,-1.5569215511309384,0.692261397667722,-1.2394730248420025,0.5852930200928603,1.0,0.0,0.0,0
-0.40666397975329344,-1.0844375546647627,-1.050008550592463,1.1292714365253922,-0.18201833309708393,1.0,0.0,0.0,0
0.14264093106161854,-0.4094604168559291,0.9197552444150711,-1.0595683822065043,1.2899667117979112,1.0,0.0,0.0,0
-1.0558425107163636,-1.3544284097882808,-0.27320029340639324,0.6195416157248141,-1.5913657165071857,1.0,0.0,0.0,0
-1.2555897510126797,-1.0844375546647627,0.5202538550050922,-0.6697749898295914,1.6501332653360483,1.0,0.0,0.0,0
0.9416298922469115,0.5355075760764609,-0.0789982291098758,0.3197005446656502,-0.7144384557186779,1.0,0.0,0.0,0
0.9416298922469115,0.4005121485147019,-1.1554325283534297,2.858354946299904,-0.35427190218054083,1.0,0.0,0.0,1
0.09270412098752531,-0.004474134170613608,-0.8336119646620579,1.359149591004085,1.196010219570571,1.0,0.0,0.0,0
-1.0558425107163636,-1.0844375546647627,0.5923860503152274,0.059838283081041284,1.0550754812295609,1.0,0.0,0.0,0
-0.7062848401977677,-0.4094604168559291,4.2877739023575305,-2.4488320114472972,-0.9963079324006983,1.0,0.0,0.0,0
-0.9060320804941122,-0.6119535581985485,0.15959287845441705,-0.3699339187704274,0.9141407428885507,1.0,0.0,0.0,0
1.7406188534322329,1.5479732827897112,-0.04015781625057232,0.1697800091360682,-1.1842209168553786,0.0,1.0,0.0,0
-1.2555897510126797,-0.4094604168559291,-0.31758933667416867,-0.07009284771126352,0.0685323128424897,0.0,1.0,0.0,0
-0.40666397975329344,-1.016939840883864,-0.8946468991552491,1.339160186266807,-0.11938067161219053,1.0,0.0,0.0,0
-1.5552106114571824,-1.4219261235691794,-0.8558064862959456,0.47961578256387033,0.569633604721637,0.0,1.0,0.0,0
1.2412507526914143,1.3454801414470536,1.5911395238401742,-1.4693511793206948,1.4935391116238148,0.0,1.0,0.0,0
-0.856095270420019,-1.3544284097882808,-0.5395345530130458,0.7294833417798403,-0.6674602096050078,1.0,0.0,0.0,0
-0.40666397975329344,-1.016939840883864,0.026425748651090805,0.15978530676742925,0.6009524354640837,1.0,0.0,0.0,0
1.9903029038026423,2.087954993036786,-0.8391605950705298,1.31917078152953,-0.2603154099532007,0.0,0.0,1.0,0
-1.2555897510126797,-0.8144466995412062,-0.37862427116735986,1.2292184602117802,0.6949089276914238,0.0,1.0,0.0,0
-1.3554633711608377,-1.0844375546647627,-1.1110434850856543,1.209229055474503,-1.1215832553704852,1.0,0.0,0.0,0
1.840492473580391,1.5479732827897112,-0.8613551167044174,0.5895575086188972,0.20946705118349987,1.0,0.0,0.0,0
0.29245136128386984,-0.004474134170613608,-0.5617290746469334,1.3791389957413622,-0.07240242549852047,1.0,0.0,0.0,0
0.3423881713579347,0.4005121485147019,-0.7337366173095632,0.23974292571653935,1.7284303421921652,0.0,1.0,0.0,0
1.7406188534322329,2.0204572792558873,-0.4119160536181914,0.09981709255559633,-0.8083949479460181,1.0,0.0,0.0,0
1.2412507526914143,1.3454801414470536,-0.10119275074376351,0.019859473606486232,1.0394160658583376,0.0,1.0,0.0,0
1.091440322469163,0.46800986229556224,1.2748675905572744,-1.5093299887952503,-0.2603154099532007,1.0,0.0,0.0,0
-0.15697992938288408,-0.5444558444176881,-0.7670283997603947,1.409123102847279,0.16248880506982982,1.0,0.0,0.0,0
0.3423881713579347,0.7380007174191187,-1.194272941212733,1.219223757843142,-0.35427190218054083,1.0,0.0,0.0,0
-1.305526561086773,-1.151935268445623,1.452423763628376,-1.3094359414224743,-1.5130686396510689,1.0,0.0,0.0,0
0.3423881713579347,0.5355075760764609,-0.3897215319843037,0.6395310204620913,-0.5108660558927743,0.0,1.0,0.0,0
0.6919458418765022,0.7380007174191187,-0.3897215319843037,-0.3099657045585945,0.39738003563818014,1.0,0.0,0.0,0
1.6906820433581398,1.4804755690088125,-1.122140745902598,2.9383125652490154,-0.8710326094309114,1.0,0.0,0.0,1
1.041503512395098,0.805498431199979,-0.9445845728314964,1.0792979246821983,0.8828219121461041,1.0,0.0,0.0,0
-1.3554633711608377,-0.9494421271029653,-0.600569487506237,0.1997641162419843,0.021554066728819647,0.0,0.0,1.0,0
-0.007169499160632764,-0.6119535581985485,-0.600569487506237,0.5395839967757032,-0.2759748253244241,1.0,0.0,0.0,0
-0.5564744099755448,-0.20696727551327135,-0.5006941401537423,0.8794038773094223,0.616611850835307,1.0,0.0,0.0,0
0.9416298922469115,0.5355075760764609,-0.6227640091401246,0.7694621512543961,-0.24465599458197734,1.0,0.0,0.0,0
1.191313942617321,1.2779824276661549,0.21507918253913633,-1.0095948703633104,-0.9963079324006983,1.0,0.0,0.0,0
-0.5065375999014515,0.13052129339114543,-0.595020857097765,0.21975352097926218,-0.3229530714380941,1.0,0.0,0.0,0
-0.25685354953104217,-0.5444558444176881,-0.23435988054708976,0.0898223901869574,0.9611189890022208,0.0,1.0,0.0,0
-0.2069167394569489,-0.5444558444176881,0.32050316030010295,-0.3699339187704274,-1.1372426707417085,0.0,0.0,1.0,0
0.5920722217283441,0.46800986229556224,2.3457532593923562,-1.7492028456425812,-1.246858578340272,0.0,1.0,0.0,0
0.5920722217283441,1.6154709965705716,-0.8946468991552491,1.8988635189105798,-0.1976777484683073,1.0,0.0,0.0,0
1.9903029038026423,2.222950420598545,1.691014871192669,-1.2894465366851964,-0.30729365606687076,0.0,1.0,0.0,0
0.04276731091346047,-0.47695813063678943,0.6367750935830028,-0.8996531443082835,1.462220280881368,1.0,0.0,0.0,0
1.2911875627655074,1.4804755690088125,-1.0333626593670473,1.64899595969461,0.9454595736309974,0.0,1.0,0.0,0
0.5920722217283441,0.4005121485147019,-1.038911289775519,1.199234353105864,-0.6048225481201145,0.0,0.0,1.0,0
0.6919458418765022,0.33301443473380316,-0.2454571413640336,1.2492078649490581,1.462220280881368,0.0,1.0,0.0,0
0.29245136128386984,0.13052129339114543,0.4592189205119011,-0.5898173708804806,-1.6383439626208558,1.0,0.0,0.0,0
0.29245136128386984,1.2779824276661549,-0.7004448348587317,0.12980119966151243,-1.0119673477719215,1.0,0.0,0.0,0
-0.5564744099755448,0.0630235796102851,0.05416890069345044,0.019859473606486232,-0.6674602096050078,0.0,1.0,0.0,0
0.8916930821728467,0.805498431199979,-0.4895968793367984,-0.06009814534262457,-0.5891631327488911,0.0,0.0,1.0,0
-0.9060320804941122,-1.5569215511309384,0.7865881146117448,-0.8996531443082835,-0.36993131755176417,0.0,1.0,0.0,0
1.6906820433581398,1.8854618516941282,-0.9057441599721929,1.339160186266807,-0.15069950235463722,1.0,0.0,0.0,0
-1.6051474215312471,-1.6244192649117988,-0.9501332032399683,1.199234353105864,0.5069959432367436,1.0,0.0,0.0,0
-0.5564744099755448,-0.7469489857603459,0.775490853794801,-1.129531298786976,1.149031973456901,0.0,1.0,0.0,0
1.3411243728395723,0.4005121485147019,0.8143312666541044,-1.3694041556343068,-1.5443874703935156,1.0,0.0,0.0,0
-0.40666397975329344,0.46800986229556224,0.5368997462305081,-1.0595683822065043,-1.3251556551963888,0.0,0.0,1.0,0
0.3423881713579347,0.4005121485147019,0.004231227017203099,1.2691972696863358,-0.35427190218054083,1.0,0.0,0.0,0
-0.4566007898273583,-0.8144466995412062,-1.1665297891703734,1.359149591004085,1.5561767731087082,1.0,0.0,0.0,1
-0.6064112200496096,-0.6794512719794472,-0.23435988054708976,0.37966875887748236,0.616611850835307,0.0,0.0,1.0,0
-0.007169499160632764,-0.6119535581985485,0.5091565941881484,-1.169510108261531,0.037213482100043,1.0,0.0,0.0,0
0.19257774113568338,-0.2744649892941317,-0.10119275074376351,-0.49986504956273153,0.17814822044105316,0.0,1.0,0.0,0
-0.8061584603459542,-0.4094604168559291,-0.8169660734366421,1.0093350081017272,0.14682938969860648,1.0,0.0,0.0,0
1.7905556635063262,2.0204572792558873,-0.09564412033529159,-0.41990743061362146,0.39738003563818014,1.0,0.0,0.0,0
-1.305526561086773,-0.6794512719794472,-0.3952701623927756,0.13979590203015138,0.7575465891763172,0.0,0.0,1.0,0
1.141377132543256,1.2104847138852945,-0.5894722266892931,1.0293244128390042,1.1803508041993478,1.0,0.0,0.0,0
-0.9559688905681771,-1.4219261235691794,-0.6338612699570685,1.8189058999614698,-0.7927355325747947,1.0,0.0,0.0,0
-0.4566007898273583,-1.016939840883864,-0.9334873120145526,1.549048936008222,0.8045248352899873,1.0,0.0,0.0,0
0.3423881713579347,0.46800986229556224,-1.0888489634517664,1.159255543631309,1.6188144345936015,0.0,1.0,0.0,0
-0.40666397975329344,-0.6119535581985485,-0.2010680980962582,-0.5298491566686476,-1.5913657165071857,0.0,1.0,0.0,0
-1.2056529409385865,-0.9494421271029653,-0.8114174430281702,0.039848878343763404,0.30342354341084,1.0,0.0,0.0,0
1.4909348030618235,0.7380007174191187,-0.27320029340639324,0.2997111399283723,0.0058946513575962945,0.0,1.0,0.0,0
-0.856095270420019,-1.016939840883864,-0.5839235962808211,0.6195416157248141,0.6322712662065304,0.0,1.0,0.0,0
1.3411243728395723,0.46800986229556224,-0.7836742909858105,1.768932388118276,-1.3877933166812821,1.0,0.0,0.0,0
-1.505273801383089,-1.4894238373500397,1.302610742599634,-1.1994942153674473,1.2586478810554644,1.0,0.0,0.0,0
-1.2555897510126797,-0.6794512719794472,-0.3841729015758318,0.34968465177156627,1.3056261271691345,1.0,0.0,0.0,0
-0.9559688905681771,-1.4219261235691794,0.16514150886288897,-0.2999710021899556,-1.2311991629690486,0.0,1.0,0.0,0
-1.1557161308645216,-0.6119535581985485,-0.33423522789958443,0.20975881861062326,-0.7770761172035714,1.0,0.0,0.0,0
0.14264093106161854,-0.20696727551327135,0.23727370417302404,-0.919642549045561,0.569633604721637,0.0,0.0,1.0,0
-1.6051474215312471,-1.3544284097882808,0.12075246559511356,-0.1700398713976515,-1.5443874703935156,1.0,0.0,0.0,0
0.6420090318024373,0.67050300363822,-0.001317403391268828,-0.3099657045585945,1.5405173577374849,1.0,0.0,0.0,0
-1.0558425107163636,-1.6244192649117988,1.152797721570892,-1.4693511793206948,0.44435828175185016,1.0,0.0,0.0,0
0.4422617915060928,-0.004474134170613608,5.858036307955086,-2.6287366540827954,1.5561767731087082,1.0,0.0,0.0,0
1.5908084232099817,0.805498431199979,-0.3564297495334722,0.3097058422970112,-1.3721339013100589,0.0,0.0,1.0,0
-1.2555897510126797,-1.151935268445623,0.4592189205119011,-0.2799815974526777,-0.07240242549852047,0.0,1.0,0.0,0
1.6407452332840748,1.0754892863235355,-1.3218914406075875,0.5095998896697872,1.7440897575633885,1.0,0.0,0.0,1
0.7418826519505954,0.4005121485147019,0.14294698722900126,0.38966346124612133,0.5383147739791903,1.0,0.0,0.0,0
1.2412507526914143,1.3454801414470536,-0.5728263354638773,0.34968465177156627,1.196010219570571,0.0,1.0,0.0,0
-1.3554633711608377,-1.151935268445623,-1.277502397339812,2.14873107812655,-0.8083949479460181,1.0,0.0,0.0,0
0.24251455120977664,0.5355075760764609,0.5091565941881484,-0.9496266561514775,0.38172062026695674,0.0,0.0,1.0,0
-0.3567271696792002,0.33301443473380316,-0.18997083727931435,-0.1200663595544575,-1.2155397475978251,1.0,0.0,0.0,0
0.19257774113568338,-0.13946956173237265,1.0307278525845096,-0.9596213585201163,1.368263788654028,0.0,1.0,0.0,0
0.39232498143202793,0.5355075760764609,-0.43411057525207913,0.12980119966151243,-0.8553731940596881,0.0,1.0,0.0,0
-1.0059057006422703,-0.7469489857603459,-0.217713989321674,-0.3299551092958717,-0.056743010127297114,1.0,0.0,0.0,0
1.4909348030618235,1.6829687103514703,0.4814134421457888,-0.9496266561514775,-0.3229530714380941,1.0,0.0,0.0,0
-0.5564744099755448,0.0630235796102851,-0.3897215319843037,1.31917078152953,1.274307296426688,0.0,1.0,0.0,0
-0.4566007898273583,0.33301443473380316,-0.6671530524079,0.8794038773094223,-0.495206640521551,1.0,0.0,0.0,0
-0.5564744099755448,0.4005121485147019,0.4203785076525976,-0.6997590969355075,1.7754085883058353,0.0,0.0,1.0,0
0.492198601580186,1.4129778552279522,-0.744833878126507,0.6095469133561752,-0.4482283944078809,1.0,0.0,0.0,0
-0.7062848401977677,-0.13946956173237265,0.32050316030010295,-0.4099127282449825,1.6501332653360483,1.0,0.0,0.0,0
-0.856095270420019,-1.4894238373500397,-1.1609811587619014,1.5390542336395832,0.09985114358493641,0.0,1.0,0.0,0
2.0402397138767356,2.155452706817646,-0.6227640091401246,0.6895045323052853,0.24078588192594658,0.0,1.0,0.0,0
-0.40666397975329344,0.4005121485147019,0.9142066140065991,-0.9396319537828385,0.8201842506612106,0.0,0.0,1.0,0
0.6420090318024373,0.4005121485147019,-0.0568037074759881,0.17977471150470642,1.0707348966007844,1.0,0.0,0.0,0
-0.4566007898273583,-0.7469489857603459,-0.3508811191250002,0.2697270328224562,1.8380462497907286,0.0,1.0,0.0,0
-0.6563480301237028,0.0630235796102851,0.8531716795134079,-0.8097008229905344,-0.8866920248021348,0.0,1.0,0.0,0
-1.2056529409385865,-0.7469489857603459,-0.33423522789958443,-0.19002927613492865,1.1646913888281245,0.0,1.0,0.0,0
-0.007169499160632764,-0.6794512719794472,0.4592189205119011,-0.819695525359173,-0.07240242549852047,0.0,0.0,1.0,0
-1.305526561086773,-1.151935268445623,-0.31204070626569674,0.18976941387334537,-0.9493296862870282,0.0,1.0,0.0,0
-0.5564744099755448,0.13052129339114543,-0.5228886617876299,-0.00012993113079164646,0.3347423741532867,1.0,0.0,0.0,0
1.7905556635063262,1.2779824276661549,0.026425748651090805,-0.2899762998213166,-0.30729365606687076,0.0,0.0,1.0,0
-1.8548314719016565,-1.9619078338162157,0.6367750935830028,-1.0395789774692266,1.2586478810554644,1.0,0.0,0.0,0
-0.4566007898273583,0.0630235796102851,-0.5783749658723493,0.8794038773094223,1.900683911275622,1.0,0.0,0.0,1
1.091440322469163,1.1429870001043958,-0.37862427116735986,0.5595734015129812,0.5069959432367436,1.0,0.0,0.0,0
-1.3554633711608377,-0.8144466995412062,0.25946822580691176,-0.7297432040414236,0.3660612048957334,0.0,1.0,0.0,0
-0.25685354953104217,-0.6119535581985485,1.7964388489536356,-1.7492028456425812,-0.4482283944078809,1.0,0.0,0.0,0
1.141377132543256,0.805498431199979,-0.7670283997603947,0.969356198627172,0.16248880506982982,1.0,0.0,0.0,0
-1.6550842316053405,-1.4894238373500397,0.3648922035678783,-0.869669037202367,0.31908295878206333,1.0,0.0,0.0,0
1.7406188534322329,1.0079915725426367,-0.023511925025156536,-0.6697749898295914,0.19380763581227653,1.0,0.0,0.0,0
0.8417562720987535,0.67050300363822,-0.012414664208212682,-0.6497855850923135,0.6009524354640837,0.0,1.0,0.0,0
-0.4566007898273583,0.26551672095290446,-0.49514550974527033,0.0898223901869574,-0.35427190218054083,1.0,0.0,0.0,0
-0.2069167394569489,-0.6119535581985485,0.5036079637796765,-0.7697220135159794,1.3526043732828046,0.0,0.0,1.0,0
1.6906820433581398,1.2779824276661549,-0.7614797693519229,0.9993403057330881,-0.8397137786884648,0.0,0.0,1.0,0
1.5408716131359168,0.8729961449808777,-0.7559311389434509,1.5590436383768609,0.6635900969489771,1.0,0.0,0.0,0
0.24251455120977664,-0.47695813063678943,0.2761141170323275,-0.5098597519313705,-0.2603154099532007,0.0,1.0,0.0,0
-0.8061584603459542,-0.20696727551327135,0.775490853794801,-0.6697749898295914,0.9298001582597741,0.0,1.0,0.0,0
0.09270412098752531,-0.20696727551327135,-0.5062427705622142,-0.31996040692723343,-1.4660903935373988,1.0,0.0,0.0,0
1.091440322469163,-0.004474134170613608,-0.3952701623927756,0.3596793541402052,-1.0902644246280384,0.0,0.0,1.0,0
0.6919458418765022,0.19801900717204413,3.6829731878340906,-2.33889028539227,0.9611189890022208,1.0,0.0,0.0,0
1.3411243728395723,1.3454801414470536,-0.3064920758572248,0.14979060439879033,-0.6674602096050078,0.0,0.0,1.0,0
-0.40666397975329344,-0.8819444133221049,-0.5062427705622142,1.139266138894031,1.0237566504871143,0.0,0.0,1.0,0
0.3423881713579347,1.4129778552279522,-0.8003201822112262,0.18976941387334537,0.7732060045475406,1.0,0.0,0.0,0
0.6420090318024373,0.7380007174191187,0.5979346807236993,-1.1795048106301698,0.5069959432367436,1.0,0.0,0.0,0
0.14264093106161854,1.0754892863235355,-0.4230133144351353,0.15978530676742925,-0.08806184086974382,0.0,0.0,1.0,0
1.8904292836544843,2.155452706817646,1.069568265443813,-1.0395789774692266,0.616611850835307,0.0,1.0,0.0,0
1.3411243728395723,1.4804755690088125,-0.9445845728314964,1.1792449483685863,1.0394160658583376,1.0,0.0,0.0,0
0.09270412098752531,1.0754892863235355,-0.14558179401153892,0.07982768781831845,0.7732060045475406,0.0,1.0,0.0,0
0.3423881713579347,0.0630235796102851,-0.31204070626569674,0.019859473606486232,0.8515030814036574,0.0,1.0,0.0,0
0.9416298922469115,0.33301443473380316,-0.37307564075888794,-0.030114038236707757,1.2429884656842412,0.0,0.0,1.0,0
-0.40666397975329344,0.0630235796102851,0.015328487834146953,-0.3899233235077046,-1.607025131878409,0.0,0.0,1.0,0
0.3423881713579347,0.4005121485147019,1.3248052642335217,-1.2894465366851964,1.681452096078495,0.0,1.0,0.0,0
0.3423881713579347,0.19801900717204413,-0.37862427116735986,0.019859473606486232,-0.761416701832348,0.0,1.0,0.0,0
-0.15697992938288408,0.4005121485147019,-0.33423522789958443,-0.2000239785035676,0.4600176971230735,1.0,0.0,0.0,0
-0.7062848401977677,-0.3419627030750304,-0.750382508534979,0.3296952470342884,-1.1685615014841553,0.0,1.0,0.0,0
0.3423881713579347,0.5355075760764609,-1.0722030722263507,1.199234353105864,1.3369449579115813,0.0,0.0,1.0,0
1.191313942617321,1.2104847138852945,-0.5062427705622142,0.33968994940292735,0.522655358607967,1.0,0.0,0.0,0
0.5920722217283441,0.805498431199979,0.5313511158220362,-1.0395789774692266,1.6188144345936015,1.0,0.0,0.0,0
-1.1557161308645216,-0.20696727551327135,0.1706901392713609,-0.41990743061362146,0.8201842506612106,0.0,0.0,1.0,0
0.3423881713579347,0.67050300363822,-0.672701682816372,0.9293773891526163,-0.02542417938485041,0.0,1.0,0.0,0
0.9915667023210047,0.67050300363822,-0.6616044219994281,0.5895575086188972,0.569633604721637,1.0,0.0,0.0,0
1.2911875627655074,1.3454801414470536,0.7477477017524413,-0.7797167158846176,-0.5891631327488911,1.0,0.0,0.0,0
-0.856095270420019,-1.0844375546647627,-0.3064920758572248,0.33968994940292735,1.0080972351158908,1.0,0.0,0.0,0
-0.10704311930879085,-0.004474134170613608,-0.7892229213942824,0.8094409607289511,0.8828219121461041,0.0,1.0,0.0,0
0.7918194620246887,0.6030052898573213,-0.6671530524079,1.019329710470366,-0.8866920248021348,0.0,0.0,1.0,0
-0.25685354953104217,-0.6794512719794472,-0.22881125013861783,0.4596263778265932,-0.10372125624096717,1.0,0.0,0.0,0
1.191313942617321,0.7380007174191187,0.21507918253913633,-0.7697220135159794,1.3839232040252514,0.0,0.0,1.0,0
0.7418826519505954,0.5355075760764609,0.49251070296273264,-0.3599392164017885,0.9298001582597741,0.0,1.0,0.0,0
1.840492473580391,1.6154709965705716,-1.061105811409407,1.099287329419476,0.6949089276914238,1.0,0.0,0.0,0
0.04276731091346047,-0.47695813063678943,-1.1054948546771823,1.599022447851416,0.35040178952451007,1.0,0.0,0.0,0
-0.9559688905681771,-1.286930696007382,-0.8280633342535859,0.9793509009958102,-0.35427190218054083,0.0,1.0,0.0,0
0.8417562720987535,0.46800986229556224,0.6645182456253624,-1.0095948703633104,-0.542184886635221,0.0,1.0,0.0,0
0.3423881713579347,0.805498431199979,1.8796683050807144,-1.5692982030070828,-1.3094962398251653,1.0,0.0,0.0,0
1.141377132543256,0.6030052898573213,0.10410657436969778,-0.8097008229905344,1.5561767731087082,0.0,1.0,0.0,0
0.6420090318024373,-0.004474134170613608,2.9339080826903805,-2.2189538569686045,1.0707348966007844,0.0,1.0,0.0,0
0.6919458418765022,0.5355075760764609,1.1028600478946446,-0.969616060888755,-0.056743010127297114,0.0,1.0,0.0,0
-0.10704311930879085,0.67050300363822,2.2680724336737494,-1.9990704048585513,1.2116696349417944,0.0,1.0,0.0,0
1.041503512395098,0.805498431199979,-0.11229001156070736,-0.07009284771126352,0.7418871738050938,1.0,0.0,0.0,0
-0.3067903596051354,-0.47695813063678943,0.026425748651090805,-0.39991802587634356,1.3995826193964747,1.0,0.0,0.0,0
0.6919458418765022,0.8729961449808777,-0.7892229213942824,0.2297482233479004,-0.9336702709158049,1.0,0.0,0.0,0
1.191313942617321,0.46800986229556224,-0.10119275074376351,0.039848878343763404,0.6949089276914238,0.0,1.0,0.0,0
-1.3554633711608377,-0.8819444133221049,0.2095305521306644,-0.4398968353508986,0.39738003563818014,0.0,1.0,0.0,0
-0.4566007898273583,-0.3419627030750304,-1.1110434850856543,0.8194356630975901,-0.3386124868093175,0.0,1.0,0.0,0
-0.5564744099755448,-0.6794512719794472,1.5134586981215672,-1.4093829651088623,1.0394160658583376,0.0,1.0,0.0,0
-0.756221650271861,-0.8819444133221049,-0.9556818336484403,0.7294833417798403,-0.9493296862870282,0.0,1.0,0.0,0
1.7905556635063262,1.6829687103514703,0.9474983964574307,-0.8596743348337283,1.1333725580856777,1.0,0.0,0.0,0
0.04276731091346047,0.9404938587617381,-1.0167167681416314,0.5695681038816202,0.6479306815777538,1.0,0.0,0.0,0
0.29245136128386984,0.33301443473380316,-0.4285619448436072,0.12980119966151243,-0.6204819634913378,0.0,1.0,0.0,0
0.04276731091346047,0.8729961449808777,-0.023511925025156536,0.2297482233479004,-0.24465599458197734,1.0,0.0,0.0,0
-0.8061584603459542,-0.5444558444176881,0.32050316030010295,-0.6497855850923135,0.13116997432738312,0.0,1.0,0.0,0
-1.1057793207904283,-0.6119535581985485,-0.595020857097765,0.2597323304538172,-1.4191121474237287,0.0,1.0,0.0,0
-1.7549578517534985,-1.7594146924735963,-0.595020857097765,0.919382686783978,-0.6831196249762312,0.0,0.0,1.0,0
-0.007169499160632764,-0.2744649892941317,-0.600569487506237,0.7694621512543961,-1.0746050092568151,1.0,0.0,0.0,0
-0.10704311930879085,-0.6794512719794472,-0.40081879280124755,-0.26998689508403945,1.3369449579115813,0.0,0.0,1.0,0
-0.057106309234725997,0.805498431199979,0.22062781294760825,-0.44989153771953755,0.8515030814036574,0.0,1.0,0.0,0
-0.3567271696792002,-1.016939840883864,-0.6505071611824843,0.5395839967757032,-1.1059238399992617,0.0,1.0,0.0,0
1.9903029038026423,2.087954993036786,1.00298470054215,-1.129531298786976,-0.02542417938485041,1.0,0.0,0.0,0
-1.9047682819757499,-1.8269124062544566,-0.3564297495334722,-0.2999710021899556,-0.9963079324006983,1.0,0.0,0.0,0
-1.505273801383089,-1.151935268445623,-0.7781256605773386,1.8988635189105798,0.4286988663806268,1.0,0.0,0.0,0
0.09270412098752531,0.0630235796102851,-0.3619783799419441,0.39965816361476025,1.415242034767698,0.0,1.0,0.0,0
2.0901765239508006,2.290448134379405,-0.3564297495334722,0.019859473606486232,-0.15069950235463722,1.0,0.0,0.0,0
-1.3554633711608377,-1.151935268445623,0.05971753110192237,-0.2999710021899556,-0.8397137786884648,1.0,0.0,0.0,0
-1.6051474215312471,-1.6919169786926975,-0.12893590278612316,-0.3299551092958717,0.4286988663806268,0.0,1.0,0.0,0
0.09270412098752531,0.67050300363822,1.3192566338250498,-1.2494677272106414,0.6792495123202005,0.0,0.0,1.0,0
0.8916930821728467,0.46800986229556224,0.7810394842032728,-0.7597273111473404,-0.495206640521551,1.0,0.0,0.0,0
1.191313942617321,0.13052129339114543,-1.1554325283534297,0.5495786991443422,-0.8553731940596881,1.0,0.0,0.0,1
1.191313942617321,0.7380007174191187,-0.595020857097765,0.44963167545795424,1.368263788654028,0.0,1.0,0.0,0
-0.6064112200496096,-0.20696727551327135,-0.5561804442384615,0.5795628062502584,-0.41690956366543425,0.0,1.0,0.0,0
-0.007169499160632764,-0.2744649892941317,0.8587203099218799,-1.129531298786976,-0.21333716383953064,1.0,0.0,0.0,0
0.14264093106161854,-0.07197184795151232,0.1706901392713609,-0.5998120732491196,-1.1998803322266018,1.0,0.0,0.0,0
1.4409979929877303,0.5355075760764609,0.392635355610238,-0.7797167158846176,-1.4191121474237287,1.0,0.0,0.0,0
0.5920722217283441,-0.07197184795151232,-0.8724523775213614,1.239213162580419,-1.4817498089086223,1.0,0.0,0.0,0
-0.2069167394569489,0.46800986229556224,2.1238080430534794,-1.6692452266934708,1.5248579423662616,1.0,0.0,0.0,1
1.2412507526914143,0.13052129339114543,-1.1665297891703734,1.059308519944921,0.6322712662065304,1.0,0.0,0.0,1
0.7418826519505954,0.7380007174191187,1.064019635035341,-1.2094889177360864,-0.10372125624096717,1.0,0.0,0.0,0
0.3423881713579347,-0.2744649892941317,0.009779857425675026,-0.5398438590372866,0.3660612048957334,1.0,0.0,0.0,0
0.39232498143202793,1.0754892863235355,-0.12893590278612316,-0.4398968353508986,-1.4660903935373988,1.0,0.0,0.0,0
0.7918194620246887,0.4005121485147019,0.40928124683565376,0.2497376280851783,-0.1663589177258606,1.0,0.0,0.0,0
-0.7062848401977677,-0.4094604168559291,-0.37862427116735986,0.7994462583603121,0.522655358607967,1.0,0.0,0.0,0
-0.057106309234725997,0.67050300363822,1.152797721570892,-1.2394730248420025,1.0863943119720076,1.0,0.0,0.0,0
0.3423881713579347,1.2104847138852945,-1.12768937631107,1.838895304698747,1.274307296426688,1.0,0.0,0.0,1
-0.6563480301237028,-0.13946956173237265,-1.0888489634517664,1.359149591004085,0.4130394510094035,0.0,1.0,0.0,0
-0.8061584603459542,-1.2194329822265217,-0.37862427116735986,0.6994992346739242,1.6657926807072716,1.0,0.0,0.0,0
-1.3554633711608377,-1.016939840883864,-0.10674138115223544,0.23974292571653935,0.9924378197446675,0.0,1.0,0.0,0
0.8417562720987535,0.67050300363822,0.04862027028497851,0.029854175975124464,-1.3564744859388354,1.0,0.0,0.0,0
0.3423881713579347,0.19801900717204413,0.6645182456253624,-1.0195895727319488,-1.5913657165071857,0.0,1.0,0.0,0
-0.756221650271861,-0.47695813063678943,-0.37862427116735986,0.46962108019523213,0.17814822044105316,1.0,0.0,0.0,0
-0.856095270420019,-0.9494421271029653,-0.2232626197301459,-0.1700398713976515,0.5383147739791903,1.0,0.0,0.0,0
1.091440322469163,0.5355075760764609,0.1263010960035855,-0.19002927613492865,-0.46388780977910427,0.0,1.0,0.0,0
-0.10704311930879085,-0.20696727551327135,0.9308525052320149,-1.0895524893124204,-0.21333716383953064,1.0,0.0,0.0,0
1.4909348030618235,1.5479732827897112,-0.295394815040281,0.23974292571653935,0.0685323128424897,1.0,0.0,0.0,0
1.141377132543256,0.9404938587617381,-0.217713989321674,0.019859473606486232,-1.2155397475978251,0.0,1.0,0.0,0
-0.6563480301237028,-0.5444558444176881,-0.5006941401537423,0.2297482233479004,1.1646913888281245,0.0,0.0,1.0,0
-1.0558425107163636,-1.4894238373500397,-0.7892229213942824,0.4996051873011482,-0.056743010127297114,1.0,0.0,0.0,0
-1.0059057006422703,-1.6919169786926975,1.3580970466843532,-1.219483620104725,0.8671624967748807,0.0,1.0,0.0,0
-0.6563480301237028,-0.004474134170613608,-0.11229001156070736,-0.19002927613492865,1.415242034767698,0.0,1.0,0.0,0
-0.856095270420019,-1.4219261235691794,0.9086579835981272,-1.1095418940496984,0.616611850835307,1.0,0.0,0.0,0
-1.1057793207904283,-1.4894238373500397,0.1873360304967767,-0.21001868087220654,-1.1685615014841553,1.0,0.0,0.0,0
0.492198601580186,0.67050300363822,-0.7781256605773386,1.7989164952241918,1.2899667117979112,1.0,0.0,0.0,1
0.04276731091346047,-0.5444558444176881,1.3525484162758814,-1.2694571319479189,0.16248880506982982,1.0,0.0,0.0,0
0.5421354116542793,1.4804755690088125,-0.2676516629979213,0.2597323304538172,-0.8710326094309114,0.0,0.0,1.0,0
0.8417562720987535,0.0630235796102851,-0.8613551167044174,1.0493138175762822,-1.0902644246280384,1.0,0.0,0.0,0
0.5421354116542793,0.805498431199979,-0.8613551167044174,0.9393720915212552,-0.9336702709158049,0.0,1.0,0.0,0
-0.6563480301237028,0.0630235796102851,-0.9501332032399683,1.6789800668005261,-0.5578443020064444,0.0,1.0,0.0,0
-0.856095270420019,-1.4894238373500397,2.035029956517928,-1.7891816551171362,-0.056743010127297114,1.0,0.0,0.0,0
-0.9559688905681771,-1.5569215511309384,0.5202538550050922,-0.9296372514142,0.5852930200928603,0.0,1.0,0.0,0
-0.10704311930879085,0.7380007174191187,1.5578477413893426,-1.5093299887952503,1.0394160658583376,1.0,0.0,0.0,0
0.492198601580186,0.46800986229556224,-1.3274400710160594,1.7189588762750818,1.0394160658583376,1.0,0.0,0.0,0
-1.405400181234931,-1.4219261235691794,-0.5450831834215176,-0.00012993113079164646,1.368263788654028,1.0,0.0,0.0,0
-1.0059057006422703,-0.2744649892941317,-0.017963294616684607,-0.26998689508403945,0.19380763581227653,1.0,0.0,0.0,0
1.7905556635063262,1.5479732827897112,2.0849676301941757,-1.7691922503798587,0.13116997432738312,0.0,1.0,0.0,0
-1.455336991308996,-1.286930696007382,0.5202538550050922,-0.6697749898295914,1.321285542540358,1.0,0.0,0.0,0
-1.9047682819757499,-1.8269124062544566,-0.3453324887165283,-0.47987564482545364,-0.8553731940596881,0.0,1.0,0.0,0
1.141377132543256,0.0630235796102851,-1.0333626593670473,1.0892926270508372,-1.1215832553704852,1.0,0.0,0.0,1
-0.756221650271861,-0.2744649892941317,-0.5450831834215176,0.8194356630975901,-0.009764764013627058,0.0,1.0,0.0,0
0.9915667023210047,0.5355075760764609,-0.5228886617876299,0.9093879844153391,-1.654003377992079,1.0,0.0,0.0,0
0.14264093106161854,-0.6119535581985485,-0.4507564664774949,0.42964227072067634,1.0550754812295609,0.0,1.0,0.0,0
0.14264093106161854,0.7380007174191187,-1.050008550592463,1.8688794118046639,0.35040178952451007,0.0,1.0,0.0,0
1.5408716131359168,1.8179641379132294,-1.0333626593670473,1.1792449483685863,-0.1663589177258606,1.0,0.0,0.0,0
0.5920722217283441,0.0630235796102851,0.7033586584846658,-0.5098597519313705,-1.1059238399992617,0.0,1.0,0.0,0
-0.756221650271861,-0.2744649892941317,0.22062781294760825,-0.6497855850923135,-0.2603154099532007,0.0,0.0,1.0,0
0.8916930821728467,0.5355075760764609,-0.8669037471128894,0.6395310204620913,-1.1059238399992617,1.0,0.0,0.0,0
1.6407452332840748,0.9404938587617381,0.847623049104936,-1.2094889177360864,-0.8240543633172414,0.0,0.0,1.0,0
-1.1057793207904283,-1.8269124062544566,-0.12893590278612316,0.009864771237847294,0.9141407428885507,0.0,0.0,1.0,0
0.19257774113568338,-0.2744649892941317,0.02087711824261888,-0.19002927613492865,1.587495603851155,1.0,0.0,0.0,0
-1.1557161308645216,-0.20696727551327135,0.4259271380610695,-0.8896584419396445,-1.3721339013100589,0.0,0.0,1.0,0
-1.5552106114571824,-1.4894238373500397,0.3648922035678783,-0.2999710021899556,-0.36993131755176417,1.0,0.0,0.0,0
-0.007169499160632764,-0.2744649892941317,-0.07344959870140388,0.6395310204620913,0.6635900969489771,1.0,0.0,0.0,0
0.4422617915060928,-0.3419627030750304,1.213832656064083,-1.319430643791113,0.13116997432738312,0.0,1.0,0.0,0
-1.6051474215312471,-1.4894238373500397,0.1873360304967767,-0.3599392164017885,0.28776412803961665,1.0,0.0,0.0,0
-1.8548314719016565,-1.9619078338162157,0.11520383518664164,-0.6797696921982296,1.2273290503130179,1.0,0.0,0.0,0
1.6906820433581398,1.2104847138852945,-1.2386619844805085,1.0892926270508372,-0.6048225481201145,0.0,1.0,0.0,1
-1.0059057006422703,-1.4894238373500397,0.2705654866238556,-0.45988624008817647,0.09985114358493641,0.0,0.0,1.0,0
-0.007169499160632764,0.13052129339114543,0.7532963321609132,-1.029584275100588,-0.6831196249762312,1.0,0.0,0.0,0
-0.5065375999014515,-0.8819444133221049,-0.17887357646237048,-0.24999749034676158,0.4130394510094035,1.0,0.0,0.0,0
0.6919458418765022,0.46800986229556224,-0.3841729015758318,0.6495257228307302,-0.10372125624096717,0.0,1.0,0.0,0
-0.4566007898273583,0.4005121485147019,-0.7892229213942824,0.9493667938898941,0.8984813275173275,0.0,1.0,0.0,0
1.840492473580391,1.2779824276661549,-1.1498838979449577,1.2691972696863358,-0.6518007942337846,0.0,0.0,1.0,1
-1.2056529409385865,-0.8819444133221049,-0.7281879869010912,1.1492608412626701,-1.6226845472496323,0.0,1.0,0.0,0
-0.6064112200496096,-1.016939840883864,-0.6338612699570685,0.7394780441484793,-0.2759748253244241,0.0,1.0,0.0,0
1.191313942617321,0.19801900717204413,-0.9112927903806648,1.2492078649490581,0.835843666032434,0.0,1.0,0.0,1
2.0402397138767356,2.0204572792558873,0.1484956176374732,-0.2799815974526777,-1.5757063011359624,1.0,0.0,0.0,0
-0.3567271696792002,-0.8819444133221049,-0.8114174430281702,1.419117805215918,-0.4325689790366576,1.0,0.0,0.0,0
-1.0059057006422703,-0.5444558444176881,0.10410657436969778,0.1697800091360682,-1.1372426707417085,0.0,1.0,0.0,0
-0.40666397975329344,-0.6794512719794472,0.009779857425675026,-0.3699339187704274,-0.056743010127297114,0.0,1.0,0.0,0
-0.40666397975329344,0.26551672095290446,0.1706901392713609,-0.26998689508403945,-1.1059238399992617,1.0,0.0,0.0,0
-1.405400181234931,-1.151935268445623,-0.600569487506237,0.36967405650884416,-0.9649891016582516,0.0,1.0,0.0,0
-1.2555897510126797,-0.7469489857603459,-0.8280633342535859,0.4596263778265932,0.5069959432367436,1.0,0.0,0.0,0
0.24251455120977664,1.3454801414470536,-0.47849961851985456,0.5095998896697872,0.6792495123202005,1.0,0.0,0.0,0
-1.6051474215312471,-1.4894238373500397,0.692261397667722,-0.7197485016727854,0.5383147739791903,0.0,1.0,0.0,0
-0.756221650271861,-0.20696727551327135,-0.5672777050554054,0.2597323304538172,0.19380763581227653,1.0,0.0,0.0,0
-0.9559688905681771,-1.6244192649117988,0.14294698722900126,-0.3699339187704274,0.5069959432367436,0.0,1.0,0.0,0
-1.0558425107163636,-1.016939840883864,-0.37307564075888794,0.5095998896697872,-0.5891631327488911,1.0,0.0,0.0,0
0.6420090318024373,0.8729961449808777,-0.16777631564542664,0.2497376280851783,1.6501332653360483,1.0,0.0,0.0,0
-1.0558425107163636,-0.6794512719794472,-0.20661672850473012,0.019859473606486232,-1.2155397475978251,1.0,0.0,0.0,0
1.3411243728395723,1.4129778552279522,1.0473737438099253,-1.5593035006384441,0.6009524354640837,1.0,0.0,0.0,0
-1.2056529409385865,-1.151935268445623,0.5590942678643958,-0.9096478466769223,-0.4482283944078809,0.0,0.0,1.0,0
1.7406188534322329,1.2104847138852945,-0.4895968793367984,0.5195945920384261,1.0237566504871143,1.0,0.0,0.0,0
0.6919458418765022,0.67050300363822,-1.1387866371280138,1.3291654838981681,0.7732060045475406,1.0,0.0,0.0,0
2.0402397138767356,2.087954993036786,0.09300931355275392,-0.3699339187704274,-0.3386124868093175,1.0,0.0,0.0,0
1.4409979929877303,1.4804755690088125,-0.3897215319843037,0.1997641162419843,1.6657926807072716,1.0,0.0,0.0,0
-0.40666397975329344,-1.016939840883864,-0.5617290746469334,0.6595204251993692,-0.6987790403474545,1.0,0.0,0.0,0
0.9416298922469115,0.67050300363822,6.390704827168391,-2.788651891981016,-1.1998803322266018,1.0,0.0,0.0,1
-1.2056529409385865,-1.0844375546647627,0.16514150886288897,-0.1700398713976515,-0.228996579210754,0.0,1.0,0.0,0
0.5421354116542793,1.5479732827897112,-0.295394815040281,-0.5098597519313705,0.22512646655472324,1.0,0.0,0.0,0
1.191313942617321,1.2104847138852945,-0.001317403391268828,-0.010124633499430586,-0.10372125624096717,0.0,1.0,0.0,0
-0.2069167394569489,-0.4094604168559291,0.5757401590898116,-0.7097537993041464,0.5852930200928603,1.0,0.0,0.0,0
1.191313942617321,0.0630235796102851,0.5868374199067554,-0.8396849300964505,-0.228996579210754,1.0,0.0,0.0,0
-1.2056529409385865,-0.9494421271029653,-0.8280633342535859,1.339160186266807,1.0550754812295609,0.0,1.0,0.0,0
-1.2056529409385865,-0.8144466995412062,-0.6837989436333158,0.5895575086188972,-0.10372125624096717,0.0,1.0,0.0,0
-1.0059057006422703,-1.4219261235691794,1.1694436127963077,-1.3394200485283905,-0.6361413788625612,0.0,1.0,0.0,0
-1.1557161308645216,-0.6119535581985485,0.1263010960035855,-0.31996040692723343,1.0080972351158908,1.0,0.0,0.0,0
0.29245136128386984,1.0079915725426367,-1.4273154183685541,2.0187999473342457,-1.3094962398251653,0.0,0.0,1.0,0
-1.3554633711608377,-1.151935268445623,-0.3064920758572248,0.38966346124612133,-1.4817498089086223,1.0,0.0,0.0,0
1.2412507526914143,1.0079915725426367,0.6423237239914746,-0.7697220135159794,0.5383147739791903,0.0,0.0,1.0,0
-1.305526561086773,-0.5444558444176881,-0.6172153787316527,-0.1200663595544575,-1.2781774090827187,1.0,0.0,0.0,0
1.6906820433581398,1.0079915725426367,-0.6948962044502597,0.47961578256387033,-0.5735037173776678,1.0,0.0,0.0,0
-1.2555897510126797,-0.7469489857603459,-0.023511925025156536,-0.23000808560948371,-1.4974092242798456,0.0,1.0,0.0,0
-0.756221650271861,-0.4094604168559291,0.21507918253913633,-0.3699339187704274,-0.5735037173776678,1.0,0.0,0.0,0
-0.057106309234725997,-0.3419627030750304,2.600990258182065,-1.959091595383996,0.8984813275173275,1.0,0.0,0.0,0
1.3910611829136654,0.4005121485147019,0.43147576846954144,-0.21001868087220654,1.5561767731087082,1.0,0.0,0.0,0
1.7905556635063262,1.8854618516941282,0.9474983964574307,-1.2794518343165577,-1.4660903935373988,1.0,0.0,0.0,0
1.191313942617321,0.19801900717204413,2.0017381740670968,-1.5593035006384441,0.08419172821371305,1.0,0.0,0.0,0
0.6420090318024373,0.6030052898573213,0.31495452989163103,-0.6098067756177584,0.7732060045475406,1.0,0.0,0.0,0
1.2911875627655074,1.4129778552279522,-0.20661672850473012,0.7294833417798403,0.9924378197446675,1.0,0.0,0.0,0
-0.5065375999014515,-0.20696727551327135,-0.27874892381486516,0.06983298544968022,1.634473849964825,0.0,1.0,0.0,0
-0.3067903596051354,-0.5444558444176881,-0.6227640091401246,0.14979060439879033,-1.2311991629690486,1.0,0.0,0.0,0
0.3423881713579347,0.33301443473380316,0.12075246559511356,-0.6797696921982296,-0.9336702709158049,1.0,0.0,0.0,0
1.7406188534322329,1.6829687103514703,-0.4563050968859668,0.6395310204620913,0.9454595736309974,1.0,0.0,0.0,0
0.492198601580186,-0.13946956173237265,0.30385726907468713,-0.8896584419396445,0.5539741893504136,0.0,1.0,0.0,0
-0.7062848401977677,-0.07197184795151232,-0.8114174430281702,0.5495786991443422,-1.0902644246280384,1.0,0.0,0.0,0
0.6420090318024373,0.805498431199979,0.7532963321609132,-0.7897114182532565,-1.4974092242798456,1.0,0.0,0.0,0
-0.2069167394569489,0.6030052898573213,0.5036079637796765,-1.0195895727319488,1.5405173577374849,0.0,1.0,0.0,0
1.4909348030618235,0.805498431199979,0.34269768193399064,-0.7097537993041464,-0.6048225481201145,1.0,0.0,0.0,0
0.24251455120977664,-0.13946956173237265,0.087460683144282,-0.11007165718581856,0.9141407428885507,0.0,1.0,0.0,0
1.041503512395098,1.0079915725426367,1.0418251134014533,-1.2294783224733639,-0.9023514401733582,1.0,0.0,0.0,0
0.7418826519505954,0.33301443473380316,-0.33423522789958443,-0.5798226685118416,0.616611850835307,1.0,0.0,0.0,0
-1.0558425107163636,-1.5569215511309384,0.03752300946803466,-0.24000278797812266,-0.5578443020064444,1.0,0.0,0.0,0
-0.5065375999014515,0.19801900717204413,0.10410657436969778,-0.45988624008817647,1.8067274190482818,0.0,1.0,0.0,0
0.19257774113568338,1.2779824276661549,1.824182000995995,-1.8691392740662467,-0.24465599458197734,1.0,0.0,0.0,0
-1.0558425107163636,-0.3419627030750304,-0.8280633342535859,0.7894515559916733,0.30342354341084,1.0,0.0,0.0,0
1.141377132543256,0.0630235796102851,-0.289846184631809,0.5995522109875362,1.196010219570571,1.0,0.0,0.0,0
0.8916930821728467,0.5355075760764609,0.09855794396122586,-0.6697749898295914,1.2899667117979112,1.0,0.0,0.0,0
1.091440322469163,0.805498431199979,-0.9945222465077438,1.2791919720549743,1.0707348966007844,0.0,1.0,0.0,0
1.7905556635063262,2.087954993036786,-0.744833878126507,-0.1700398713976515,-0.7770761172035714,1.0,0.0,0.0,0
0.3423881713579347,0.0630235796102851,-1.5438366569464645,1.6589906620632489,-0.15069950235463722,1.0,0.0,0.0,0
-1.5552106114571824,-1.3544284097882808,0.03752300946803466,-0.8896584419396445,-1.5130686396510689,1.0,0.0,0.0,0
-1.305526561086773,-0.9494421271029653,0.7810394842032728,-0.7197485016727854,1.4465608655101447,1.0,0.0,0.0,0
-0.856095270420019,-1.5569215511309384,-0.10674138115223544,0.13979590203015138,-1.5287280550222924,0.0,1.0,0.0,0
1.2412507526914143,0.6030052898573213,-0.3453324887165283,-0.08008755007990175,0.569633604721637,1.0,0.0,0.0,0
0.4422617915060928,0.46800986229556224,-0.4840482489283265,0.7294833417798403,-1.293836824453942,0.0,1.0,0.0,0
-0.6563480301237028,-0.20696727551327135,0.8753662011472956,-1.0195895727319488,-0.5265254712639977,0.0,0.0,1.0,0
-0.9559688905681771,-1.4219261235691794,0.21507918253913633,-0.4398968353508986,-0.8240543633172414,1.0,0.0,0.0,0
-0.8061584603459542,-1.151935268445623,-0.5894722266892931,2.22868869707566,-1.3721339013100589,1.0,0.0,0.0,1
1.091440322469163,0.7380007174191187,-0.6283126395485966,1.059308519944921,-0.10372125624096717,0.0,0.0,1.0,0
-0.7062848401977677,-0.2744649892941317,-0.7892229213942824,1.409123102847279,-0.9493296862870282,0.0,1.0,0.0,0
1.2412507526914143,1.2104847138852945,2.684219714309144,-2.0890227261763004,-0.5265254712639977,0.0,1.0,0.0,0
-0.8061584603459542,-1.286930696007382,-0.9556818336484403,1.778927090486914,-0.24465599458197734,1.0,0.0,0.0,0
0.5920722217283441,1.6154709965705716,-0.18997083727931435,-0.04010874060534669,-0.08806184086974382,0.0,1.0,0.0,0
1.3910611829136654,1.4129778552279522,-0.10674138115223544,-0.010124633499430586,-0.9336702709158049,1.0,0.0,0.0,0
-2.204389142420224,-2.569387257844189,-1.3995722663261945,1.4790860194277502,-0.9180108555445815,1.0,0.0,0.0,0
-1.1557161308645216,-0.20696727551327135,0.28721137784927137,-0.23000808560948371,1.3839232040252514,1.0,0.0,0.0,0
0.09270412098752531,1.0754892863235355,0.043071639876506584,-0.23000808560948371,1.7127709268209417,0.0,0.0,1.0,0
-0.40666397975329344,-0.6119535581985485,0.3648922035678783,-0.5698279661432034,-0.009764764013627058,1.0,0.0,0.0,0
-0.9060320804941122,-1.6244192649117988,-1.2275647236635647,1.5690383407455,-1.6853222087345259,0.0,0.0,1.0,0
-0.6064112200496096,-0.9494421271029653,-1.1554325283534297,2.278662208918854,-0.41690956366543425,1.0,0.0,0.0,0
-0.5564744099755448,-0.8144466995412062,-0.05125507706751617,-0.1700398713976515,-1.3251556551963888,1.0,0.0,0.0,0
-1.2056529409385865,-1.151935268445623,-0.7170907260841474,0.6994992346739242,1.3056261271691345,1.0,0.0,0.0,0
0.39232498143202793,0.46800986229556224,-0.31204070626569674,0.07982768781831845,-1.246858578340272,0.0,1.0,0.0,0
1.7406188534322329,1.8854618516941282,1.8741196746722424,-1.7691922503798587,-0.18201833309708393,1.0,0.0,0.0,0
-0.15697992938288408,0.805498431199979,0.11520383518664164,0.38966346124612133,0.28776412803961665,0.0,1.0,0.0,0
-1.2555897510126797,-0.7469489857603459,1.1028600478946446,-1.5992823101129994,1.368263788654028,1.0,0.0,0.0,0
-1.0059057006422703,-0.6794512719794472,-0.5561804442384615,-0.1500504666603736,-1.1529020861129318,0.0,1.0,0.0,0
-0.9559688905681771,-0.9494421271029653,0.0652661615103943,0.2797217351910944,-1.6853222087345259,0.0,1.0,0.0,0
-0.4566007898273583,0.0630235796102851,-0.295394815040281,0.06983298544968022,-1.0746050092568151,1.0,0.0,0.0,0
-0.15697992938288408,-0.3419627030750304,-1.038911289775519,0.969356198627172,1.196010219570571,1.0,0.0,0.0,0
0.29245136128386984,-0.4094604168559291,-0.37862427116735986,0.4096528659833992,2.135575141843972,1.0,0.0,0.0,0
0.39232498143202793,1.3454801414470536,-0.9168414207891368,1.019329710470366,0.7262277584338706,1.0,0.0,0.0,0
1.091440322469163,0.26551672095290446,-0.46185372729443874,0.7494727465171181,0.9298001582597741,0.0,1.0,0.0,0
0.7918194620246887,0.5355075760764609,-1.0888489634517664,0.9493667938898941,0.5069959432367436,0.0,1.0,0.0,0
-0.7062848401977677,-0.47695813063678943,0.9031093531896552,-1.2394730248420025,0.5539741893504136,1.0,0.0,0.0,0
-1.405400181234931,-1.151935268445623,-0.47849961851985456,0.5795628062502584,-0.04108359475607377,0.0,0.0,1.0,0
-1.3554633711608377,-1.016939840883864,-0.23435988054708976,0.7494727465171181,-1.2625179937114952,1.0,0.0,0.0,0
1.7905556635063262,1.9529595654749885,1.8519251530383547,-1.6492558219561932,-1.5757063011359624,1.0,0.0,0.0,0
1.840492473580391,1.5479732827897112,0.37044083397635025,-0.2599921927154005,-0.07240242549852047,1.0,0.0,0.0,0
0.8916930821728467,0.4005121485147019,6.285280849407425,-2.8186359990869323,0.2564452972971699,1.0,0.0,0.0,1
-0.8061584603459542,-0.3419627030750304,0.031974379059562734,-0.3399498116645106,0.14682938969860648,1.0,0.0,0.0,0
-0.3567271696792002,-0.8819444133221049,-0.7281879869010912,0.8694091749407841,-0.35427190218054083,1.0,0.0,0.0,0
1.2911875627655074,1.4129778552279522,-0.367527010350416,-0.26998689508403945,1.196010219570571,1.0,0.0,0.0,0
-0.7062848401977677,-1.151935268445623,-0.6505071611824843,0.039848878343763404,1.1177131427144544,1.0,0.0,0.0,0
0.04276731091346047,0.8729961449808777,0.7588449625693852,-0.969616060888755,0.6792495123202005,1.0,0.0,0.0,0
0.29245136128386984,1.1429870001043958,-0.6394099003655405,1.0792979246821983,1.1646913888281245,0.0,1.0,0.0,0
-0.40666397975329344,-1.016939840883864,1.5633963717978145,-1.3893935603715843,-0.6048225481201145,1.0,0.0,0.0,0
0.7918194620246887,0.33301443473380316,0.34824631234246256,-0.7697220135159794,-1.654003377992079,0.0,0.0,1.0,0
0.3423881713579347,0.46800986229556224,-0.6172153787316527,0.33968994940292735,-1.2781774090827187,0.0,0.0,1.0,0
-0.007169499160632764,-0.5444558444176881,0.5313511158220362,-0.7597273111473404,-1.6226845472496323,0.0,1.0,0.0,0
0.7918194620246887,0.4005121485147019,-0.822514703845114,0.9393720915212552,0.8828219121461041,1.0,0.0,0.0,0
0.14264093106161854,0.13052129339114543,-0.5395345530130458,-0.05010344297398563,-1.6226845472496323,0.0,1.0,0.0,0
1.9403660937285492,2.155452706817646,0.28166274744079944,-0.8097008229905344,-1.607025131878409,1.0,0.0,0.0,0
1.9903029038026423,2.155452706817646,-1.4883503528617452,2.858354946299904,0.835843666032434,0.0,0.0,1.0,1
-0.4566007898273583,0.4005121485147019,-0.5006941401537423,0.3197005446656502,-0.4325689790366576,0.0,1.0,0.0,0
-1.2056529409385865,-0.47695813063678943,-0.6893475740417878,0.12980119966151243,-1.4191121474237287,0.0,1.0,0.0,0
0.6420090318024373,0.5355075760764609,-0.25100577177250555,-0.46988094245681544,-0.8397137786884648,0.0,1.0,0.0,0
-0.9060320804941122,-0.8819444133221049,3.588646470890068,-2.2189538569686045,-1.1998803322266018,1.0,0.0,0.0,0
0.6420090318024373,0.7380007174191187,-0.19551946768778627,-0.09008225244854068,-1.654003377992079,1.0,0.0,0.0,0
-0.4566007898273583,-0.9494421271029653,4.3821006193015535,-2.538784332765046,-0.1976777484683073,0.0,1.0,0.0,0
0.14264093106161854,1.0079915725426367,0.004231227017203099,0.14979060439879033,0.6792495123202005,0.0,1.0,0.0,0
-0.6064112200496096,-0.2744649892941317,1.9462518699823774,-1.5992823101129994,1.0237566504871143,1.0,0.0,0.0,0
-0.007169499160632764,1.0079915725426367,-1.055557181000935,0.8594144725721451,0.08419172821371305,1.0,0.0,0.0,0
0.4422617915060928,0.46800986229556224,-0.7059934652672035,1.748942983380998,-1.4347715627949522,1.0,0.0,0.0,0
-0.40666397975329344,-0.9494421271029653,0.5091565941881484,-0.45988624008817647,-0.6831196249762312,0.0,1.0,0.0,0
1.4409979929877303,1.4804755690088125,1.0529223742183973,-1.6392611195875544,-0.18201833309708393,1.0,0.0,0.0,0
-0.25685354953104217,-0.004474134170613608,-1.055557181000935,1.2691972696863358,-0.24465599458197734,1.0,0.0,0.0,0
1.041503512395098,0.805498431199979,-0.6782503132248439,0.7994462583603121,-1.4817498089086223,1.0,0.0,0.0,0
-1.305526561086773,-1.3544284097882808,-0.8669037471128894,0.6195416157248141,1.2586478810554644,1.0,0.0,0.0,0
0.8916930821728467,-0.3419627030750304,-0.0789982291098758,-0.04010874060534669,1.8693650805331752,1.0,0.0,0.0,0
-0.856095270420019,-1.3544284097882808,7.472687756820417,-3.6182121885780365,-0.7927355325747947,1.0,0.0,0.0,1
-0.15697992938288408,-0.2744649892941317,-1.0000708769162157,1.06930322231356,0.835843666032434,1.0,0.0,0.0,0
-0.15697992938288408,-0.5444558444176881,-1.3163428101991155,1.549048936008222,-0.3229530714380941,0.0,0.0,1.0,0
0.09270412098752531,1.0754892863235355,-0.6893475740417878,1.5790330431141382,-0.40125014829421085,0.0,1.0,0.0,0
0.8916930821728467,0.46800986229556224,0.32050316030010295,-0.919642549045561,-0.5265254712639977,1.0,0.0,0.0,0
1.5908084232099817,0.805498431199979,-0.5561804442384615,0.38966346124612133,-1.2155397475978251,1.0,0.0,0.0,0
-0.6064112200496096,-1.286930696007382,-0.37307564075888794,1.349154888635446,-1.246858578340272,1.0,0.0,0.0,0
1.8904292836544843,1.8179641379132294,0.692261397667722,-1.069563084575143,1.102053727343231,1.0,0.0,0.0,0
-2.2543259524943173,-2.7718803991868466,-0.47849961851985456,0.7294833417798403,-1.5443874703935156,0.0,1.0,0.0,0
-1.0059057006422703,-0.7469489857603459,0.21507918253913633,-0.4398968353508986,0.7105683430626472,1.0,0.0,0.0,0
-1.455336991308996,-1.286930696007382,-0.5173400313791581,-0.3399498116645106,1.8693650805331752,1.0,0.0,0.0,0
-1.2555897510126797,-0.9494421271029653,1.4080347203606005,-1.3294253461597518,-0.5891631327488911,1.0,0.0,0.0,0
-2.204389142420224,-2.704382685405948,0.16514150886288897,0.039848878343763404,1.0394160658583376,1.0,0.0,0.0,0
1.141377132543256,1.0754892863235355,0.697810028076194,-0.5698279661432034,0.49133652786552023,1.0,0.0,0.0,0
-0.9060320804941122,-1.151935268445623,2.8395813657463576,-2.0790280238076617,-0.2759748253244241,1.0,0.0,0.0,0
-0.9060320804941122,-0.6794512719794472,0.392635355610238,-0.8296902277278119,0.7418871738050938,1.0,0.0,0.0,0
1.2911875627655074,1.6154709965705716,-0.7836742909858105,0.15978530676742925,-1.0589455938855916,1.0,0.0,0.0,0
-1.305526561086773,-0.8819444133221049,0.24837096498996789,-0.18003457376628973,0.7262277584338706,1.0,0.0,0.0,0
-1.1057793207904283,-0.6119535581985485,-0.6394099003655405,0.5495786991443422,-1.654003377992079,0.0,1.0,0.0,0
-1.305526561086773,-1.016939840883864,-0.295394815040281,0.8594144725721451,-0.5108660558927743,1.0,0.0,0.0,0
0.7918194620246887,0.5355075760764609,0.04862027028497851,-0.5798226685118416,0.5539741893504136,0.0,1.0,0.0,0
-0.40666397975329344,-0.8819444133221049,-0.140033163603067,0.18976941387334537,1.3839232040252514,1.0,0.0,0.0,0
0.29245136128386984,-0.3419627030750304,-0.37862427116735986,0.9593614962585331,-1.2311991629690486,1.0,0.0,0.0,0
-1.1057793207904283,-0.6794512719794472,-0.7559311389434509,2.4185880420797976,-1.6853222087345259,1.0,0.0,0.0,1
0.09270412098752531,0.9404938587617381,-0.2454571413640336,0.3596793541402052,-0.1976777484683073,1.0,0.0,0.0,0
0.8417562720987535,0.4005121485147019,0.6700668760338343,-1.129531298786976,-0.6518007942337846,1.0,0.0,0.0,0
1.6407452332840748,1.2104847138852945,-0.5450831834215176,0.4896104849325093,-0.7300978710899013,0.0,1.0,0.0,0
-1.1557161308645216,-0.7469489857603459,-0.4507564664774949,0.10981179492423528,-1.4660903935373988,1.0,0.0,0.0,0
-0.5065375999014515,-0.6794512719794472,-0.3897215319843037,0.009864771237847294,-1.4817498089086223,1.0,0.0,0.0,0
0.24251455120977664,1.3454801414470536,-1.5327393961295206,2.078768161546078,0.6009524354640837,0.0,1.0,0.0,0
1.7905556635063262,1.8854618516941282,-0.7725770301688667,0.3197005446656502,-1.3251556551963888,0.0,1.0,0.0,0
-0.5564744099755448,-0.8819444133221049,-0.8336119646620579,0.4896104849325093,-0.6048225481201145,1.0,0.0,0.0,0
-1.305526561086773,-1.151935268445623,-0.4119160536181914,0.1997641162419843,-1.4817498089086223,1.0,0.0,0.0,0
0.29245136128386984,1.0079915725426367,-0.445207836069023,0.6994992346739242,-0.6987790403474545,1.0,0.0,0.0,0
1.091440322469163,0.67050300363822,1.6244313062910058,-1.6792399290621096,-0.5891631327488911,1.0,0.0,0.0,0
-0.8061584603459542,-1.286930696007382,-0.8003201822112262,0.39965816361476025,-0.24465599458197734,1.0,0.0,0.0,0
-0.5564744099755448,-0.9494421271029653,-0.6338612699570685,0.9593614962585331,-1.1372426707417085,0.0,1.0,0.0,0
0.24251455120977664,0.9404938587617381,-0.5395345530130458,0.6994992346739242,-0.8553731940596881,1.0,0.0,0.0,0
-1.405400181234931,-0.8819444133221049,-0.21216535891320204,-0.1500504666603736,-0.3386124868093175,1.0,0.0,0.0,0
-0.6064112200496096,0.0630235796102851,-0.21216535891320204,0.8694091749407841,1.321285542540358,0.0,1.0,0.0,0
0.29245136128386984,0.9404938587617381,-0.3952701623927756,0.039848878343763404,-0.8240543633172414,0.0,1.0,0.0,0
-1.305526561086773,-1.151935268445623,1.0196305917675657,-1.1195365964183368,-1.1685615014841553,1.0,0.0,0.0,0
-1.1057793207904283,-0.7469489857603459,-0.1844222068708424,-0.6497855850923135,-1.2781774090827187,1.0,0.0,0.0,0
1.7905556635063262,1.8854618516941282,0.8309771578795202,-0.6897643945668686,-1.4347715627949522,0.0,1.0,0.0,0
-1.2555897510126797,-0.8819444133221049,0.03752300946803466,-0.2000239785035676,0.24078588192594658,0.0,1.0,0.0,0
1.6906820433581398,1.4804755690088125,0.4203785076525976,-0.42990213298225965,-0.8083949479460181,0.0,1.0,0.0,0
0.3423881713579347,0.6030052898573213,-0.9445845728314964,1.119276734156754,-0.6987790403474545,0.0,1.0,0.0,0
-0.5564744099755448,-0.9494421271029653,-0.001317403391268828,0.5395839967757032,-1.6226845472496323,1.0,0.0,0.0,0
-0.7062848401977677,-0.4094604168559291,-1.2386619844805085,1.139266138894031,-0.8710326094309114,1.0,0.0,0.0,0
0.8916930821728467,-0.20696727551327135,0.3260517907085749,-0.9596213585201163,0.2564452972971699,1.0,0.0,0.0,0
-1.305526561086773,-1.016939840883864,0.847623049104936,-0.5698279661432034,-0.3855907329229875,1.0,0.0,0.0,0
-2.154452332346159,-2.5018895440632902,0.9585956572743746,-1.1495207035242534,-1.0119673477719215,0.0,1.0,0.0,0
-1.455336991308996,-1.2194329822265217,1.3913888291351848,-0.969616060888755,0.31908295878206333,0.0,0.0,1.0,0
0.6420090318024373,0.67050300363822,-0.4230133144351353,1.019329710470366,1.6657926807072716,0.0,1.0,0.0,0
0.7918194620246887,0.7380007174191187,-0.7281879869010912,0.4396369730893153,-0.02542417938485041,1.0,0.0,0.0,0
0.39232498143202793,1.750466424132369,-0.9057441599721929,1.359149591004085,0.17814822044105316,1.0,0.0,0.0,0
0.492198601580186,0.805498431199979,-0.977876355282328,0.6295363180934523,-0.7144384557186779,1.0,0.0,0.0,0
-0.6064112200496096,0.13052129339114543,0.2317250737645521,-0.24999749034676158,-0.5108660558927743,0.0,1.0,0.0,0
0.19257774113568338,-0.13946956173237265,-1.0167167681416314,0.4396369730893153,0.44435828175185016,0.0,1.0,0.0,0
-1.0059057006422703,-0.9494421271029653,0.4814134421457888,-0.6697749898295914,-0.9023514401733582,1.0,0.0,0.0,0
0.19257774113568338,-0.3419627030750304,-0.0789982291098758,1.1292714365253922,-1.6226845472496323,1.0,0.0,0.0,0
1.7406188534322329,1.9529595654749885,0.18178740008830477,0.46962108019523213,-0.36993131755176417,0.0,1.0,0.0,0
1.4909348030618235,0.8729961449808777,1.4080347203606005,-1.069563084575143,0.7732060045475406,1.0,0.0,0.0,0
1.3910611829136654,1.5479732827897112,-1.12768937631107,1.748942983380998,1.2429884656842412,0.0,0.0,1.0,0
-0.756221650271861,-0.3419627030750304,0.16514150886288897,0.09981709255559633,0.7105683430626472,1.0,0.0,0.0,0
-1.1557161308645216,-1.151935268445623,-0.2842975542233371,0.09981709255559633,-0.10372125624096717,0.0,0.0,1.0,0
0.8916930821728467,0.13052129339114543,-0.5672777050554054,0.2297482233479004,-1.6853222087345259,0.0,1.0,0.0,0
0.8916930821728467,-0.13946956173237265,0.03752300946803466,-0.020119335868069525,0.20946705118349987,0.0,1.0,0.0,0
1.3411243728395723,1.3454801414470536,1.602236784657118,-1.5992823101129994,-0.6987790403474545,1.0,0.0,0.0,0
-1.6051474215312471,-1.4219261235691794,-1.122140745902598,1.64899595969461,-1.607025131878409,1.0,0.0,0.0,0
1.3910611829136654,1.4804755690088125,-0.3231379670826406,0.019859473606486232,1.9163433266468453,1.0,0.0,0.0,0
0.492198601580186,0.33301443473380316,-0.8890982687467771,1.72895357864372,1.509198526995038,1.0,0.0,0.0,1
0.24251455120977664,0.9404938587617381,-0.595020857097765,0.7494727465171181,-0.8866920248021348,1.0,0.0,0.0,0
0.39232498143202793,0.26551672095290446,-0.11783864196917929,-0.39991802587634356,-0.761416701832348,0.0,1.0,0.0,0
-0.9559688905681771,-1.4894238373500397,0.14294698722900126,-0.46988094245681544,0.17814822044105316,1.0,0.0,0.0,0
-1.2555897510126797,-0.47695813063678943,-0.445207836069023,0.969356198627172,1.462220280881368,0.0,0.0,1.0,0
0.9416298922469115,0.26551672095290446,-0.9223900511976086,0.7994462583603121,-0.542184886635221,0.0,1.0,0.0,1
0.29245136128386984,-0.004474134170613608,-0.31204070626569674,0.39965816361476025,-0.1663589177258606,0.0,0.0,1.0,0
-0.057106309234725997,-0.3419627030750304,-1.055557181000935,1.1292714365253922,1.0707348966007844,1.0,0.0,0.0,0
-0.3567271696792002,-0.8144466995412062,0.5368997462305081,-0.44989153771953755,1.1333725580856777,0.0,0.0,1.0,0
-0.2069167394569489,-0.5444558444176881,1.8186333705875233,-1.659250524324832,1.8380462497907286,0.0,1.0,0.0,1
-0.6064112200496096,-1.0844375546647627,0.3593435731594064,-1.0495736798378654,-1.4660903935373988,0.0,1.0,0.0,0
-0.7062848401977677,-0.13946956173237265,1.679917610375725,-1.9890757024899122,0.5383147739791903,1.0,0.0,0.0,0
-0.40666397975329344,-1.016939840883864,-0.2842975542233371,0.029854175975124464,0.6322712662065304,1.0,0.0,0.0,0
-0.5564744099755448,0.13052129339114543,-0.04015781625057232,-0.23000808560948371,0.9141407428885507,0.0,0.0,1.0,0
-1.0059057006422703,-1.6244192649117988,0.8587203099218799,-1.0895524893124204,0.9611189890022208,1.0,0.0,0.0,0
0.24251455120977664,-0.47695813063678943,0.21507918253913633,-0.9496266561514775,-1.1529020861129318,0.0,1.0,0.0,0
0.14264093106161854,-0.5444558444176881,-0.4285619448436072,1.139266138894031,-0.9336702709158049,1.0,0.0,0.0,0
0.4422617915060928,0.6030052898573213,-0.23435988054708976,0.3197005446656502,-0.7144384557186779,1.0,0.0,0.0,0
0.4422617915060928,0.19801900717204413,-1.2109188324381488,0.8794038773094223,0.6635900969489771,1.0,0.0,0.0,0
-0.10704311930879085,-0.4094604168559291,-0.43965920566055106,-0.2599921927154005,-1.293836824453942,1.0,0.0,0.0,0
-1.3554633711608377,-1.151935268445623,-0.7170907260841474,0.8094409607289511,-1.3251556551963888,1.0,0.0,0.0,0
-0.7062848401977677,-0.6119535581985485,0.2650168562153837,-0.26998689508403945,1.4935391116238148,0.0,1.0,0.0,0
-0.7062848401977677,-1.151935268445623,-1.4495099400024418,2.0487840544401617,-1.1842209168553786,1.0,0.0,0.0,0
-0.6563480301237028,-0.20696727551327135,0.14294698722900126,-0.07009284771126352,-0.21333716383953064,0.0,0.0,1.0,0
-0.9060320804941122,-0.7469489857603459,-1.1831756803957894,1.439107209953195,-0.5108660558927743,0.0,1.0,0.0,0
0.7918194620246887,0.4005121485147019,0.087460683144282,0.039848878343763404,0.49133652786552023,0.0,0.0,1.0,0
-0.057106309234725997,-0.004474134170613608,-0.5117914009706861,0.5895575086188972,0.8515030814036574,1.0,0.0,0.0,0
1.6906820433581398,1.3454801414470536,1.158346351979364,-1.1595154058928923,1.4465608655101447,0.0,1.0,0.0,0
-0.9559688905681771,-0.9494421271029653,-0.6893475740417878,0.6295363180934523,-1.2625179937114952,0.0,1.0,0.0,0
0.4422617915060928,0.5355075760764609,0.3316004211170468,-0.6997590969355075,-1.5757063011359624,0.0,1.0,0.0,0
-0.057106309234725997,0.9404938587617381,-0.3286865974911125,0.4896104849325093,0.0058946513575962945,0.0,1.0,0.0,0
1.2911875627655074,1.1429870001043958,-0.6061181179147088,1.1692502459999479,-1.1842209168553786,0.0,1.0,0.0,0
-0.856095270420019,-1.4219261235691794,0.0652661615103943,-0.6198014779863974,-0.5578443020064444,1.0,0.0,0.0,0
0.6420090318024373,0.4005121485147019,-0.2232626197301459,-0.3899233235077046,0.8671624967748807,0.0,1.0,0.0,0
0.5421354116542793,1.5479732827897112,-0.41746468402666337,-0.46988094245681544,-0.6674602096050078,1.0,0.0,0.0,0
0.24251455120977664,-0.3419627030750304,-1.2164674628466208,0.9893456033644492,-0.761416701832348,0.0,1.0,0.0,0
0.3423881713579347,0.5355075760764609,-0.11783864196917929,0.009864771237847294,0.5383147739791903,0.0,0.0,1.0,0
0.6919458418765022,0.6030052898573213,-0.27874892381486516,-0.11007165718581856,1.1177131427144544,0.0,1.0,0.0,0
-0.7062848401977677,-0.3419627030750304,0.8198798970625764,-1.069563084575143,-0.9493296862870282,1.0,0.0,0.0,0
-1.305526561086773,-0.8819444133221049,-0.3952701623927756,0.6595204251993692,-0.21333716383953064,1.0,0.0,0.0,0
-0.8061584603459542,-0.7469489857603459,0.9253038748235429,-1.0495736798378654,-0.009764764013627058,1.0,0.0,0.0,0
-1.2056529409385865,-0.9494421271029653,-0.5284372921961019,0.8194356630975901,-0.9649891016582516,0.0,1.0,0.0,0
-0.007169499160632764,0.9404938587617381,-0.40636742320971947,-0.10007695481717963,0.2721047126683933,0.0,1.0,0.0,0
1.6407452332840748,0.8729961449808777,-0.8336119646620579,1.389133698110001,-1.0746050092568151,1.0,0.0,0.0,0
-0.5065375999014515,0.13052129339114543,-0.03460918584210039,0.34968465177156627,0.8045248352899873,1.0,0.0,0.0,0
1.2412507526914143,1.0079915725426367,-0.3231379670826406,0.10981179492423528,1.681452096078495,0.0,1.0,0.0,0
-0.856095270420019,-1.0844375546647627,-0.27320029340639324,0.1697800091360682,0.9767784043734442,1.0,0.0,0.0,0
-0.25685354953104217,-0.5444558444176881,-0.2454571413640336,0.15978530676742925,-1.4191121474237287,0.0,1.0,0.0,0
0.7918194620246887,0.46800986229556224,0.7976853754286887,-1.029584275100588,0.3660612048957334,1.0,0.0,0.0,0
1.7406188534322329,2.0204572792558873,0.37044083397635025,-0.5998120732491196,0.28776412803961665,1.0,0.0,0.0,0
-1.3554633711608377,-0.9494421271029653,-0.46185372729443874,0.28971643755973336,0.22512646655472324,0.0,1.0,0.0,0
-1.0059057006422703,-1.6244192649117988,-0.445207836069023,0.4396369730893153,0.8671624967748807,0.0,1.0,0.0,0
-0.8061584603459542,-0.3419627030750304,0.847623049104936,-1.169510108261531,0.44435828175185016,1.0,0.0,0.0,0
0.6420090318024373,0.26551672095290446,-0.5506318138299896,0.14979060439879033,1.3995826193964747,1.0,0.0,0.0,0
-2.1045155222720657,-2.366894116501531,-1.0056195073246876,0.919382686783978,-0.6987790403474545,1.0,0.0,0.0,0
-0.9559688905681771,-0.6119535581985485,0.18178740008830477,-0.24999749034676158,0.28776412803961665,0.0,1.0,0.0,0
1.2412507526914143,0.9404938587617381,0.4980593333712046,-0.8296902277278119,1.8380462497907286,0.0,1.0,0.0,0
1.091440322469163,1.1429870001043958,-0.7004448348587317,0.6495257228307302,0.616611850835307,0.0,0.0,1.0,0
-0.5065375999014515,-1.016939840883864,0.10965520477816972,-0.19002927613492865,1.3526043732828046,1.0,0.0,0.0,0
1.141377132543256,1.2104847138852945,1.8852169354891863,-1.6992293337993873,0.2564452972971699,0.0,1.0,0.0,0
0.492198601580186,1.0754892863235355,-0.43411057525207913,0.059838283081041284,0.7262277584338706,1.0,0.0,0.0,0
-0.3067903596051354,-0.6119535581985485,-1.3052455493821717,1.0493138175762822,0.7105683430626472,1.0,0.0,0.0,0
-1.2056529409385865,-0.9494421271029653,-1.1831756803957894,2.238683399444299,1.0237566504871143,1.0,0.0,0.0,0
-1.3554633711608377,-1.0844375546647627,-0.6061181179147088,0.5695681038816202,-1.4504309781661755,1.0,0.0,0.0,0
-0.15697992938288408,0.7380007174191187,0.1928846609052486,-0.3599392164017885,0.4286988663806268,1.0,0.0,0.0,0
0.14264093106161854,-0.07197184795151232,0.004231227017203099,-0.010124633499430586,1.4935391116238148,1.0,0.0,0.0,0
0.3423881713579347,0.13052129339114543,1.8741196746722424,-1.519324691163889,-0.6831196249762312,0.0,0.0,1.0,0
-1.6051474215312471,-1.4219261235691794,-1.4883503528617452,2.1387363757579108,0.2721047126683933,1.0,0.0,0.0,0
0.24251455120977664,-0.20696727551327135,0.22617644335608017,0.2797217351910944,1.3839232040252514,1.0,0.0,0.0,0
0.04276731091346047,0.9404938587617381,0.3593435731594064,-0.49986504956273153,1.3056261271691345,1.0,0.0,0.0,0
-1.1057793207904283,-1.0844375546647627,0.8087826362456325,-1.1595154058928923,1.1177131427144544,1.0,0.0,0.0,0
-0.5065375999014515,0.4005121485147019,0.2650168562153837,-0.5798226685118416,0.522655358607967,0.0,1.0,0.0,0
0.19257774113568338,0.33301443473380316,4.909220508106387,-2.548779035133685,-1.4974092242798456,1.0,0.0,0.0,0
-1.0059057006422703,-1.3544284097882808,-0.33423522789958443,1.06930322231356,-0.5891631327488911,0.0,0.0,1.0,0
-0.40666397975329344,-1.0844375546647627,-0.7947715518027544,0.8494197702035061,-1.607025131878409,0.0,1.0,0.0,0
-1.405400181234931,-1.016939840883864,-0.25100577177250555,-0.04010874060534669,1.149031973456901,1.0,0.0,0.0,0
0.8417562720987535,0.4005121485147019,-0.2621030325894494,0.21975352097926218,-0.35427190218054083,0.0,1.0,0.0,0
0.29245136128386984,0.5355075760764609,-0.8336119646620579,0.8094409607289511,-0.30729365606687076,0.0,1.0,0.0,0
0.3423881713579347,1.1429870001043958,-0.43965920566055106,0.6095469133561752,-1.4504309781661755,1.0,0.0,0.0,0
-0.5564744099755448,-0.2744649892941317,0.3371490515255187,-0.6497855850923135,1.0550754812295609,0.0,0.0,1.0,0
-0.3567271696792002,-0.8819444133221049,-0.8280633342535859,0.9293773891526163,1.681452096078495,0.0,1.0,0.0,0
0.24251455120977664,-0.07197184795151232,1.3359025250504655,-1.3494147508970293,-0.10372125624096717,0.0,1.0,0.0,0
0.3423881713579347,0.46800986229556224,-0.900195529563721,0.6695151275680081,-1.1215832553704852,0.0,1.0,0.0,0
0.04276731091346047,-0.4094604168559291,0.8587203099218799,-1.2594624295792802,-0.9963079324006983,1.0,0.0,0.0,0
-0.007169499160632764,-0.3419627030750304,1.8852169354891863,-1.75919754801122,-0.4482283944078809,0.0,1.0,0.0,0
0.6919458418765022,0.26551672095290446,0.10965520477816972,-0.39991802587634356,1.3839232040252514,1.0,0.0,0.0,0
-0.9559688905681771,-1.286930696007382,-0.46185372729443874,0.36967405650884416,-0.4325689790366576,0.0,1.0,0.0,0
-0.3067903596051354,-0.6119535581985485,-0.6782503132248439,0.7294833417798403,-0.761416701832348,0.0,1.0,0.0,0
0.19257774113568338,-0.47695813063678943,-0.7115420956756755,0.15978530676742925,0.8201842506612106,0.0,1.0,0.0,0
-0.15697992938288408,-0.5444558444176881,0.44812165969495726,-0.9996001679946714,0.9454595736309974,1.0,0.0,0.0,0
-0.6563480301237028,-0.13946956173237265,-0.7614797693519229,1.429112507584556,0.31908295878206333,1.0,0.0,0.0,0
-0.007169499160632764,0.8729961449808777,-0.25655440218097747,0.13979590203015138,-1.246858578340272,1.0,0.0,0.0,0
1.091440322469163,0.9404938587617381,0.4814134421457888,-0.8396849300964505,-0.7144384557186779,0.0,1.0,0.0,0
-1.0558425107163636,-1.8269124062544566,-0.6616044219994281,0.7794568536230343,0.9924378197446675,0.0,1.0,0.0,0
1.4409979929877303,1.6154709965705716,0.05971753110192237,-0.3099657045585945,1.3526043732828046,1.0,0.0,0.0,0
-0.4566007898273583,0.5355075760764609,-0.12338727237765122,-0.16004516902901256,1.2116696349417944,0.0,1.0,0.0,0
-1.0558425107163636,-1.4894238373500397,-0.49514550974527033,0.34968465177156627,-0.02542417938485041,0.0,1.0,0.0,0
0.24251455120977664,1.0754892863235355,-0.0789982291098758,-0.24000278797812266,1.3056261271691345,1.0,0.0,0.0,0
0.14264093106161854,-0.004474134170613608,-0.7226393564926193,0.3197005446656502,-1.5443874703935156,0.0,1.0,0.0,0
-1.505273801383089,-1.286930696007382,-0.27874892381486516,0.4096528659833992,-0.18201833309708393,1.0,0.0,0.0,0
-0.5564744099755448,0.13052129339114543,-0.2676516629979213,0.5095998896697872,-0.10372125624096717,1.0,0.0,0.0,0
-0.40666397975329344,-0.7469489857603459,0.1873360304967767,-0.2599921927154005,1.634473849964825,0.0,1.0,0.0,0
-1.0059057006422703,-1.6244192649117988,0.6367750935830028,-1.1095418940496984,0.24078588192594658,1.0,0.0,0.0,0
0.19257774113568338,1.1429870001043958,-0.33978385830805635,-0.010124633499430586,1.2116696349417944,0.0,1.0,0.0,0
-0.6064112200496096,-1.0844375546647627,-0.367527010350416,0.10981179492423528,0.31908295878206333,1.0,0.0,0.0,0
0.14264093106161854,1.1429870001043958,-0.595020857097765,0.7694621512543961,-0.7300978710899013,0.0,0.0,1.0,0
0.24251455120977664,1.2779824276661549,-0.9390359424230245,0.47961578256387033,-1.3721339013100589,0.0,1.0,0.0,0
0.19257774113568338,1.2779824276661549,-0.5617290746469334,0.6695151275680081,-1.0432861785143683,0.0,0.0,1.0,0
1.141377132543256,0.46800986229556224,-0.2232626197301459,-0.2200133832408455,0.4600176971230735,1.0,0.0,0.0,0
0.39232498143202793,0.6030052898573213,-0.140033163603067,-0.13006106192309574,-0.6518007942337846,0.0,1.0,0.0,0
-1.505273801383089,-1.4894238373500397,-1.2386619844805085,2.118746971020634,1.4465608655101447,1.0,0.0,0.0,1
-0.856095270420019,-0.7469489857603459,-0.8280633342535859,0.969356198627172,-1.3251556551963888,0.0,1.0,0.0,0
-1.455336991308996,-1.2194329822265217,-1.0666544418178787,1.0792979246821983,-0.9180108555445815,1.0,0.0,0.0,0
0.09270412098752531,0.19801900717204413,-0.140033163603067,-0.13006106192309574,-0.9336702709158049,1.0,0.0,0.0,0
-0.5065375999014515,-0.004474134170613608,0.23727370417302404,-0.8097008229905344,-0.8866920248021348,1.0,0.0,0.0,0
-0.5564744099755448,-1.2194329822265217,-0.16222768523695472,0.34968465177156627,-0.9649891016582516,1.0,0.0,0.0,0
0.24251455120977664,1.0079915725426367,0.6756155064423063,-0.4099127282449825,0.037213482100043,1.0,0.0,0.0,0
1.3411243728395723,0.46800986229556224,2.4289827155194352,-1.9990704048585513,-1.3564744859388354,1.0,0.0,0.0,0
-1.455336991308996,-1.3544284097882808,0.8365257882879922,-1.4393670722147784,0.8045248352899873,0.0,1.0,0.0,0
-1.3554633711608377,-1.286930696007382,-0.3453324887165283,1.2292184602117802,-1.654003377992079,0.0,0.0,1.0,0
-1.305526561086773,-1.286930696007382,1.1638949823878357,-1.4093829651088623,-1.560046885764739,1.0,0.0,0.0,0
-1.3554633711608377,-1.286930696007382,-0.3952701623927756,0.9793509009958102,-1.6853222087345259,1.0,0.0,0.0,0
-0.5564744099755448,-0.13946956173237265,-0.02906055543362846,0.20975881861062326,-1.3251556551963888,1.0,0.0,0.0,0
0.5920722217283441,-0.004474134170613608,-0.5228886617876299,0.5595734015129812,-1.4034527320525054,0.0,1.0,0.0,0
0.3423881713579347,1.5479732827897112,-0.5173400313791581,0.5395839967757032,-0.3386124868093175,0.0,0.0,1.0,0
0.09270412098752531,1.0754892863235355,-1.0167167681416314,1.349154888635446,0.38172062026695674,1.0,0.0,0.0,0
1.840492473580391,1.9529595654749885,-0.5284372921961019,1.2691972696863358,-0.9649891016582516,0.0,1.0,0.0,0
-1.2555897510126797,-0.8819444133221049,1.230478547289499,-1.3793988580029457,0.8828219121461041,1.0,0.0,0.0,0
0.3423881713579347,1.2104847138852945,0.13739835682052934,-0.31996040692723343,-1.5130686396510689,1.0,0.0,0.0,0
-1.3554633711608377,-0.9494421271029653,-0.18997083727931435,-0.6497855850923135,-1.4660903935373988,1.0,0.0,0.0,0
1.191313942617321,0.5355075760764609,0.8143312666541044,-1.1195365964183368,0.6635900969489771,1.0,0.0,0.0,0
-1.6550842316053405,-1.6244192649117988,-0.3619783799419441,0.1697800091360682,0.6322712662065304,1.0,0.0,0.0,0
0.14264093106161854,0.13052129339114543,-0.6116667483231808,0.46962108019523213,1.4935391116238148,0.0,1.0,0.0,0
1.191313942617321,0.46800986229556224,-0.9834249856907998,1.4790860194277502,0.7418871738050938,1.0,0.0,0.0,1
-1.305526561086773,-1.151935268445623,-0.023511925025156536,-0.5398438590372866,-0.8866920248021348,0.0,1.0,0.0,0
-0.007169499160632764,0.33301443473380316,0.10410657436969778,-0.3299551092958717,0.4600176971230735,0.0,0.0,1.0,0
0.6919458418765022,0.5355075760764609,-1.4106695271431382,2.2586728041815767,1.1803508041993478,1.0,0.0,0.0,1
-0.40666397975329344,0.4005121485147019,-0.5839235962808211,0.8394250678348673,0.7105683430626472,0.0,0.0,1.0,0
0.492198601580186,0.6030052898573213,-0.2621030325894494,-0.3299551092958717,1.4309014501389214,1.0,0.0,0.0,0
-0.007169499160632764,-0.07197184795151232,0.38153809479329415,-0.6597802874609524,-0.495206640521551,1.0,0.0,0.0,0
-0.5065375999014515,0.26551672095290446,0.37044083397635025,-0.8896584419396445,0.4130394510094035,1.0,0.0,0.0,0
0.24251455120977664,1.0754892863235355,-0.3508811191250002,-0.09008225244854068,1.4309014501389214,0.0,1.0,0.0,0
-1.0059057006422703,-1.6244192649117988,-0.37307564075888794,0.6695151275680081,0.13116997432738312,0.0,1.0,0.0,0
-1.7549578517534985,-1.6244192649117988,0.3759894643848222,-0.6497855850923135,-0.056743010127297114,1.0,0.0,0.0,0
-0.007169499160632764,-0.3419627030750304,1.086214156669229,-1.1095418940496984,-0.40125014829421085,0.0,0.0,1.0,0
0.9915667023210047,0.8729961449808777,-0.05125507706751617,-0.3599392164017885,-1.2625179937114952,0.0,1.0,0.0,0
1.3910611829136654,0.4005121485147019,2.6453793014498403,-2.00906510722719,1.4309014501389214,1.0,0.0,0.0,0
0.29245136128386984,0.4005121485147019,3.2612772767902243,-2.129001535650856,-0.8553731940596881,1.0,0.0,0.0,0
-0.10704311930879085,-0.2744649892941317,0.3260517907085749,-0.8996531443082835,0.49133652786552023,1.0,0.0,0.0,0
-1.0059057006422703,-1.286930696007382,0.07081479191886622,-0.3399498116645106,1.2899667117979112,0.0,1.0,0.0,0
0.3423881713579347,-0.47695813063678943,-0.6338612699570685,0.5295892944070644,-0.11938067161219053,1.0,0.0,0.0,0
1.7905556635063262,1.3454801414470536,-0.822514703845114,1.0293244128390042,-0.10372125624096717,1.0,0.0,0.0,0
-1.1557161308645216,-0.4094604168559291,-0.43411057525207913,0.36967405650884416,0.5383147739791903,0.0,1.0,0.0,0
-0.856095270420019,-1.5569215511309384,0.20398192172219246,-0.6198014779863974,0.9924378197446675,1.0,0.0,0.0,0
0.24251455120977664,0.5355075760764609,-0.16777631564542664,-0.6997590969355075,0.7105683430626472,1.0,0.0,0.0,0
-1.1557161308645216,-0.8144466995412062,-0.3897215319843037,0.36967405650884416,-0.18201833309708393,0.0,0.0,1.0,0
0.09270412098752531,-0.3419627030750304,-0.2454571413640336,-0.7397379064100625,-0.9180108555445815,1.0,0.0,0.0,0
-1.0059057006422703,-1.5569215511309384,-0.2621030325894494,-0.13006106192309574,1.4778796962525915,1.0,0.0,0.0,0
-1.0558425107163636,-0.6794512719794472,-0.05125507706751617,0.0898223901869574,-1.027626763143145,0.0,1.0,0.0,0
0.8916930821728467,0.46800986229556224,0.5812887894982834,-0.6597802874609524,-0.6204819634913378,1.0,0.0,0.0,0
-1.455336991308996,-1.016939840883864,-0.13448453319459508,0.20975881861062326,-0.41690956366543425,0.0,1.0,0.0,0
1.4409979929877303,1.6154709965705716,2.129356673461951,-1.6092770124816382,2.135575141843972,1.0,0.0,0.0,0
-0.9060320804941122,-1.151935268445623,0.8254285274710482,-0.7997061206218955,1.4778796962525915,1.0,0.0,0.0,0
0.24251455120977664,0.13052129339114543,1.2471244385149147,-1.4093829651088623,-1.2625179937114952,1.0,0.0,0.0,0
-0.6064112200496096,-0.13946956173237265,0.13184972641205742,-0.1200663595544575,-0.6674602096050078,0.0,0.0,1.0,0
1.7905556635063262,1.8179641379132294,-0.672701682816372,0.4096528659833992,0.16248880506982982,1.0,0.0,0.0,0
-0.6064112200496096,0.13052129339114543,1.5245559589385111,-1.319430643791113,1.509198526995038,1.0,0.0,0.0,0
-0.6064112200496096,0.19801900717204413,0.07636342232733814,-0.31996040692723343,-0.1663589177258606,1.0,0.0,0.0,0
1.091440322469163,1.0079915725426367,-0.27874892381486516,-0.1700398713976515,-1.1372426707417085,1.0,0.0,0.0,0
0.24251455120977664,-0.13946956173237265,-0.9390359424230245,1.589027745482777,0.5539741893504136,0.0,1.0,0.0,0
0.24251455120977664,-0.13946956173237265,0.05971753110192237,-0.2599921927154005,0.6322712662065304,1.0,0.0,0.0,0
-0.7062848401977677,-0.6794512719794472,-0.3231379670826406,0.07982768781831845,-1.5913657165071857,0.0,1.0,0.0,0
1.191313942617321,0.67050300363822,-1.1665297891703734,1.459096614690473,1.0707348966007844,1.0,0.0,0.0,0
-0.8061584603459542,-0.47695813063678943,-0.8003201822112262,0.7594674488857571,-1.3094962398251653,1.0,0.0,0.0,0
-0.9060320804941122,-0.8144466995412062,0.4814134421457888,0.039848878343763404,-1.3721339013100589,0.0,1.0,0.0,0
1.191313942617321,0.6030052898573213,0.11520383518664164,-0.819695525359173,1.0080972351158908,1.0,0.0,0.0,0
-0.6563480301237028,0.0630235796102851,0.7588449625693852,-0.6497855850923135,-0.5891631327488911,1.0,0.0,0.0,0
1.2412507526914143,0.33301443473380316,-0.06790096829293195,-0.1200663595544575,0.44435828175185016,0.0,1.0,0.0,0
-0.40666397975329344,-1.016939840883864,-0.289846184631809,0.11980649729287421,0.5069959432367436,1.0,0.0,0.0,0
1.6906820433581398,1.2104847138852945,4.043634164384766,-2.4188479043413804,-1.3721339013100589,1.0,0.0,0.0,0
0.9416298922469115,0.4005121485147019,-0.4285619448436072,-0.1200663595544575,-1.340815070567612,1.0,0.0,0.0,0
-0.6064112200496096,-0.13946956173237265,-0.02906055543362846,-0.2999710021899556,-0.9493296862870282,0.0,1.0,0.0,0
-0.9559688905681771,-1.5569215511309384,-0.6948962044502597,0.8694091749407841,0.8045248352899873,1.0,0.0,0.0,0
1.4909348030618235,0.805498431199979,-0.9889736160992718,0.7594674488857571,-0.02542417938485041,1.0,0.0,0.0,1
0.6420090318024373,0.5355075760764609,-0.8780010079298333,0.7894515559916733,-1.1685615014841553,1.0,0.0,0.0,0
-0.2069167394569489,0.67050300363822,0.9696929180913184,-0.9796107632573939,0.31908295878206333,0.0,0.0,1.0,0
-0.10704311930879085,0.7380007174191187,-0.4840482489283265,0.42964227072067634,0.9298001582597741,0.0,1.0,0.0,0
0.14264093106161854,-0.47695813063678943,0.40373261642718183,-0.39991802587634356,0.7888654199187639,1.0,0.0,0.0,0
-0.5564744099755448,0.13052129339114543,0.3537949427509345,-0.3899233235077046,0.28776412803961665,0.0,1.0,0.0,0
0.24251455120977664,0.8729961449808777,-0.3952701623927756,0.10981179492423528,-1.1529020861129318,0.0,1.0,0.0,0
-1.2555897510126797,-0.9494421271029653,-0.37307564075888794,0.4896104849325093,1.415242034767698,0.0,1.0,0.0,0
0.3423881713579347,0.0630235796102851,-0.9556818336484403,1.259202567317697,0.9298001582597741,0.0,1.0,0.0,0
0.4422617915060928,0.33301443473380316,0.4259271380610695,-0.6497855850923135,-1.293836824453942,1.0,0.0,0.0,0
-0.9559688905681771,-0.7469489857603459,-1.044459920183991,1.239213162580419,-0.08806184086974382,1.0,0.0,0.0,0
0.9416298922469115,0.67050300363822,-0.46740235770291066,0.5995522109875362,-1.2311991629690486,1.0,0.0,0.0,0
1.141377132543256,1.1429870001043958,-0.9501332032399683,1.359149591004085,0.8984813275173275,0.0,1.0,0.0,0
-0.007169499160632764,0.9404938587617381,0.3593435731594064,-0.13006106192309574,1.2116696349417944,1.0,0.0,0.0,0
-1.1057793207904283,-1.4219261235691794,1.0362764829929816,-1.2694571319479189,-1.1372426707417085,0.0,1.0,0.0,0
0.4422617915060928,1.4129778552279522,-1.0000708769162157,1.1692502459999479,0.6009524354640837,1.0,0.0,0.0,0
-0.40666397975329344,-0.6794512719794472,-0.7281879869010912,0.7194886394112021,-1.6853222087345259,1.0,0.0,0.0,0
-0.5564744099755448,-0.2744649892941317,-0.5839235962808211,0.37966875887748236,1.1333725580856777,0.0,1.0,0.0,0
-0.9559688905681771,-1.286930696007382,-0.7170907260841474,0.5795628062502584,-0.5735037173776678,1.0,0.0,0.0,0
0.5421354116542793,-0.2744649892941317,-0.20661672850473012,0.8893985796780612,0.8201842506612106,1.0,0.0,0.0,0
0.29245136128386984,-0.2744649892941317,1.0362764829929816,-0.9996001679946714,0.616611850835307,1.0,0.0,0.0,0
0.09270412098752531,1.0754892863235355,-0.16222768523695472,0.7494727465171181,0.6009524354640837,0.0,1.0,0.0,0
0.8916930821728467,-0.004474134170613608,-0.8114174430281702,0.4896104849325093,1.5718361884799317,1.0,0.0,0.0,0
0.19257774113568338,0.805498431199979,-0.9612304640569121,1.609017150220055,1.0863943119720076,0.0,1.0,0.0,0
-1.455336991308996,-1.0844375546647627,0.24282233458149596,-0.8097008229905344,-1.654003377992079,1.0,0.0,0.0,0
-0.4566007898273583,-0.7469489857603459,0.7810394842032728,-1.2794518343165577,0.037213482100043,1.0,0.0,0.0,0
-0.9060320804941122,-0.6794512719794472,5.0479362683181845,-2.6187419517141564,-0.980648517029475,1.0,0.0,0.0,0
-0.856095270420019,-0.8144466995412062,-0.822514703845114,1.039319115207643,-1.4817498089086223,0.0,1.0,0.0,0
-1.3554633711608377,-0.7469489857603459,1.4413265028114322,-1.5493087982698053,0.4600176971230735,0.0,1.0,0.0,0
-1.305526561086773,-1.286930696007382,0.44812165969495726,-0.879663739571006,0.5539741893504136,0.0,1.0,0.0,0
0.14264093106161854,0.19801900717204413,-0.31204070626569674,1.159255543631309,-0.9023514401733582,1.0,0.0,0.0,0
-1.405400181234931,-1.151935268445623,-1.1831756803957894,1.7189588762750818,-0.11938067161219053,0.0,1.0,0.0,0
0.7418826519505954,0.33301443473380316,1.302610742599634,-1.4493617745834173,0.20946705118349987,0.0,1.0,0.0,0
-0.057106309234725997,0.9404938587617381,-0.23435988054708976,-0.2999710021899556,0.8515030814036574,0.0,0.0,1.0,0
0.6420090318024373,0.26551672095290446,-0.21216535891320204,0.15978530676742925,1.321285542540358,1.0,0.0,0.0,0
1.191313942617321,1.1429870001043958,-0.2454571413640336,-0.31996040692723343,1.681452096078495,1.0,0.0,0.0,0
0.19257774113568338,1.1429870001043958,-0.43965920566055106,-0.04010874060534669,0.8515030814036574,1.0,0.0,0.0,0
-1.305526561086773,-1.286930696007382,1.0529223742183973,-0.8296902277278119,1.509198526995038,1.0,0.0,0.0,0
0.8916930821728467,0.13052129339114543,-0.4563050968859668,0.039848878343763404,1.6501332653360483,1.0,0.0,0.0,0
1.7905556635063262,1.2104847138852945,1.0917627870777007,-0.7097537993041464,-0.13504008698341388,1.0,0.0,0.0,0
-0.007169499160632764,0.805498431199979,-1.044459920183991,0.4096528659833992,1.5405173577374849,1.0,0.0,0.0,0
-1.7549578517534985,-1.7594146924735963,0.14294698722900126,0.34968465177156627,1.3526043732828046,0.0,1.0,0.0,0
-0.856095270420019,-0.5444558444176881,-0.295394815040281,0.23974292571653935,-1.4347715627949522,0.0,0.0,1.0,0
-0.9559688905681771,-1.151935268445623,0.7810394842032728,-0.6297961803550356,1.2116696349417944,0.0,1.0,0.0,0
1.840492473580391,2.0204572792558873,-1.3107941797906435,1.439107209953195,-1.654003377992079,0.0,1.0,0.0,0
-1.5552106114571824,-1.5569215511309384,-0.6394099003655405,0.3296952470342884,0.19380763581227653,1.0,0.0,0.0,0
-1.305526561086773,-1.016939840883864,0.5479970070474519,-0.7797167158846176,-0.36993131755176417,0.0,1.0,0.0,0
1.9403660937285492,1.8179641379132294,-0.06235233788446003,-0.16004516902901256,1.0863943119720076,1.0,0.0,0.0,0
1.041503512395098,0.0630235796102851,-0.5117914009706861,0.6595204251993692,0.9611189890022208,1.0,0.0,0.0,0
-0.057106309234725997,-0.3419627030750304,1.3303538946419937,-1.3893935603715843,0.9611189890022208,1.0,0.0,0.0,0
0.5421354116542793,0.805498431199979,0.087460683144282,-0.46988094245681544,1.0080972351158908,1.0,0.0,0.0,0
-0.40666397975329344,-1.0844375546647627,-0.3508811191250002,-0.7297432040414236,-0.10372125624096717,0.0,1.0,0.0,0
-0.3067903596051354,-0.8819444133221049,-0.5173400313791581,2.288656911287493,0.4130394510094035,1.0,0.0,0.0,1
0.14264093106161854,1.2104847138852945,-0.9945222465077438,0.7994462583603121,0.17814822044105316,1.0,0.0,0.0,0
1.191313942617321,1.3454801414470536,-0.4563050968859668,0.33968994940292735,-1.3251556551963888,0.0,0.0,1.0,0
-0.8061584603459542,-0.7469489857603459,0.2095305521306644,-0.2899762998213166,-1.6853222087345259,0.0,0.0,1.0,0
-0.9060320804941122,-1.016939840883864,6.318572631858256,-2.9285777251419596,-0.3386124868093175,0.0,1.0,0.0,1
0.3423881713579347,-0.3419627030750304,-0.5561804442384615,0.37966875887748236,-1.0432861785143683,0.0,1.0,0.0,0
0.29245136128386984,1.1429870001043958,1.080665526260757,-1.0095948703633104,-0.5578443020064444,1.0,0.0,0.0,0
1.4409979929877303,1.4804755690088125,-0.16222768523695472,0.13979590203015138,-0.21333716383953064,1.0,0.0,0.0,0
0.19257774113568338,0.8729961449808777,0.5535456374559239,-0.5398438590372866,-1.3094962398251653,1.0,0.0,0.0,0
-1.505273801383089,-1.4219261235691794,-0.25655440218097747,0.6095469133561752,1.0237566504871143,1.0,0.0,0.0,0
1.2412507526914143,1.3454801414470536,-0.46185372729443874,0.6295363180934523,1.5718361884799317,1.0,0.0,0.0,0
-1.0558425107163636,-0.6794512719794472,0.24282233458149596,-0.3299551092958717,-0.056743010127297114,1.0,0.0,0.0,0
0.39232498143202793,1.2104847138852945,2.157099825504311,-1.8191657622230528,1.587495603851155,1.0,0.0,0.0,0
-1.305526561086773,-0.4094604168559291,-0.7670283997603947,0.5895575086188972,-0.9180108555445815,1.0,0.0,0.0,0
0.24251455120977664,-0.47695813063678943,-0.9223900511976086,0.8794038773094223,1.6188144345936015,1.0,0.0,0.0,0
-1.1057793207904283,-1.0844375546647627,0.40373261642718183,-0.7897114182532565,1.1803508041993478,1.0,0.0,0.0,0
1.141377132543256,1.2104847138852945,-0.4230133144351353,-0.42990213298225965,1.3995826193964747,0.0,1.0,0.0,0
1.141377132543256,0.46800986229556224,-0.7614797693519229,1.0892926270508372,0.7732060045475406,1.0,0.0,0.0,0
0.29245136128386984,0.46800986229556224,0.1484956176374732,-0.18003457376628973,1.2429884656842412,0.0,1.0,0.0,0
0.7418826519505954,0.33301443473380316,4.204544446230452,-2.4188479043413804,1.3056261271691345,1.0,0.0,0.0,0
-1.0059057006422703,-0.8144466995412062,-0.27874892381486516,-0.3499445140331496,0.021554066728819647,1.0,0.0,0.0,0
1.041503512395098,1.0079915725426367,-0.8669037471128894,1.359149591004085,0.0058946513575962945,0.0,1.0,0.0,0
0.7418826519505954,0.46800986229556224,0.8143312666541044,-1.2094889177360864,0.4286988663806268,1.0,0.0,0.0,0
1.9903029038026423,2.087954993036786,-0.750382508534979,0.7094939370425631,-0.2759748253244241,1.0,0.0,0.0,0
-0.3067903596051354,-0.6119535581985485,-0.595020857097765,0.5395839967757032,0.4600176971230735,1.0,0.0,0.0,0
-0.6064112200496096,-0.8144466995412062,0.087460683144282,0.059838283081041284,-0.7300978710899013,1.0,0.0,0.0,0
-0.8061584603459542,-0.4094604168559291,0.7033586584846658,-1.5692982030070828,-0.6204819634913378,0.0,1.0,0.0,0
-0.6064112200496096,-0.20696727551327135,2.295815585716109,-1.9391021906467183,-1.293836824453942,1.0,0.0,0.0,0
-0.9060320804941122,-1.151935268445623,-1.3052455493821717,0.9793509009958102,-0.980648517029475,1.0,0.0,0.0,0
0.9915667023210047,0.7380007174191187,-0.739285247718035,0.8794038773094223,0.8045248352899873,0.0,1.0,0.0,0
0.9915667023210047,0.6030052898573213,-0.8946468991552491,1.309176079160891,1.634473849964825,1.0,0.0,0.0,1
2.1401133340248935,2.222950420598545,1.3081593730081058,-1.5093299887952503,-1.0746050092568151,1.0,0.0,0.0,0
1.191313942617321,0.7380007174191187,0.6256778327660589,-0.6098067756177584,0.49133652786552023,1.0,0.0,0.0,0
-1.2555897510126797,-1.151935268445623,-0.10119275074376351,-0.18003457376628973,-0.5265254712639977,0.0,1.0,0.0,0
1.091440322469163,0.9404938587617381,-0.2232626197301459,-0.23000808560948371,-0.8240543633172414,1.0,0.0,0.0,0
0.14264093106161854,1.1429870001043958,-0.739285247718035,0.7494727465171181,-1.4660903935373988,1.0,0.0,0.0,0
-2.1045155222720657,-2.2993964027206326,0.4536702901034292,-0.8396849300964505,-0.1976777484683073,1.0,0.0,0.0,0
-0.3567271696792002,-0.6794512719794472,-0.2676516629979213,-0.16004516902901256,0.11551055895615976,1.0,0.0,0.0,0
-1.1557161308645216,-1.7594146924735963,1.2471244385149147,-1.0995471916810593,0.49133652786552023,1.0,0.0,0.0,0
0.3423881713579347,1.2779824276661549,-0.6671530524079,0.7694621512543961,1.1177131427144544,1.0,0.0,0.0,0
-0.756221650271861,-1.3544284097882808,-0.8890982687467771,0.9593614962585331,0.6949089276914238,1.0,0.0,0.0,0
-0.8061584603459542,-0.6794512719794472,4.243384859089756,-2.4888108209218522,-0.2916342406956474,1.0,0.0,0.0,0
0.8417562720987535,0.0630235796102851,1.1306031999370043,-1.2694571319479189,1.6031550192223782,0.0,1.0,0.0,0
1.091440322469163,0.0630235796102851,0.18178740008830477,-0.5398438590372866,-1.4191121474237287,0.0,1.0,0.0,0
0.04276731091346047,-0.20696727551327135,-0.6616044219994281,0.8394250678348673,-1.1215832553704852,0.0,1.0,0.0,0
-1.2555897510126797,-0.8144466995412062,-0.6782503132248439,0.9793509009958102,1.0863943119720076,1.0,0.0,0.0,0
-1.505273801383089,-1.286930696007382,-0.9834249856907998,1.2492078649490581,1.6501332653360483,1.0,0.0,0.0,1
-0.8061584603459542,-0.2744649892941317,-0.3453324887165283,-0.4398968353508986,-0.10372125624096717,1.0,0.0,0.0,0
-0.5564744099755448,0.13052129339114543,-1.1554325283534297,0.8993932820467001,0.20946705118349987,0.0,1.0,0.0,0
-1.2056529409385865,-1.0844375546647627,-0.7337366173095632,1.5190648289023059,-0.3386124868093175,1.0,0.0,0.0,0
0.6420090318024373,0.67050300363822,-0.2454571413640336,0.07982768781831845,0.6322712662065304,0.0,1.0,0.0,0
0.6420090318024373,0.33301443473380316,-0.9667790944653841,0.7694621512543961,-0.5891631327488911,1.0,0.0,0.0,0
-1.3554633711608377,-1.016939840883864,0.031974379059562734,-0.5698279661432034,-0.5265254712639977,1.0,0.0,0.0,0
0.9416298922469115,0.6030052898573213,-0.295394815040281,0.029854175975124464,-1.5913657165071857,1.0,0.0,0.0,0
0.5421354116542793,0.33301443473380316,-1.277502397339812,2.06877345917744,-0.11938067161219053,0.0,1.0,0.0,0
-0.6563480301237028,-0.2744649892941317,-1.582677069805768,1.708964173906443,0.2564452972971699,0.0,1.0,0.0,0
0.4422617915060928,0.7380007174191187,-0.37862427116735986,-0.07009284771126352,-0.2603154099532007,1.0,0.0,0.0,0
-0.9559688905681771,-1.016939840883864,-0.4230133144351353,0.5895575086188972,-1.6383439626208558,0.0,1.0,0.0,0
0.04276731091346047,0.0630235796102851,-0.8835496383383052,1.259202567317697,-0.761416701832348,1.0,0.0,0.0,0
0.6919458418765022,0.26551672095290446,-0.8391605950705298,0.5295892944070644,1.2586478810554644,1.0,0.0,0.0,0
1.3411243728395723,0.5355075760764609,0.087460683144282,-0.3899233235077046,-1.1372426707417085,0.0,1.0,0.0,0
-0.9559688905681771,-0.8819444133221049,0.7976853754286887,-1.0895524893124204,0.835843666032434,1.0,0.0,0.0,0
-0.40666397975329344,-1.016939840883864,1.8186333705875233,-1.2994412390538352,0.4756771124942969,1.0,0.0,0.0,0
1.6407452332840748,1.0079915725426367,-0.7059934652672035,1.5590436383768609,-0.6361413788625612,1.0,0.0,0.0,0
1.6906820433581398,1.8179641379132294,0.20398192172219246,0.9893456033644492,-1.246858578340272,0.0,1.0,0.0,0
0.9915667023210047,0.6030052898573213,-0.5173400313791581,0.39965816361476025,-0.6831196249762312,1.0,0.0,0.0,0
-0.10704311930879085,-0.5444558444176881,-0.7725770301688667,0.2597323304538172,1.6031550192223782,1.0,0.0,0.0,0
0.09270412098752531,1.2104847138852945,1.4357778724029602,-1.6792399290621096,1.6031550192223782,1.0,0.0,0.0,0
-1.2555897510126797,-0.2744649892941317,-1.2608565061143961,1.06930322231356,-1.6853222087345259,1.0,0.0,0.0,0
1.091440322469163,0.8729961449808777,-0.8946468991552491,1.549048936008222,-1.1372426707417085,1.0,0.0,0.0,0
-1.6550842316053405,-1.4894238373500397,-0.012414664208212682,-0.3699339187704274,1.9633215727605153,0.0,1.0,0.0,0
-0.856095270420019,-0.3419627030750304,0.015328487834146953,-0.3299551092958717,0.4130394510094035,1.0,0.0,0.0,0
-1.2056529409385865,-0.6794512719794472,1.530104589346983,-1.4693511793206948,-0.6518007942337846,0.0,1.0,0.0,0
-0.40666397975329344,-0.8144466995412062,-0.09009548992681966,-0.11007165718581856,0.0685323128424897,0.0,1.0,0.0,0
0.24251455120977664,0.805498431199979,0.0652661615103943,-0.3399498116645106,1.5248579423662616,0.0,1.0,0.0,0
1.091440322469163,1.2779824276661549,0.32050316030010295,-0.41990743061362146,0.8201842506612106,0.0,0.0,1.0,0
-0.057106309234725997,0.26551672095290446,-0.3841729015758318,0.9993403057330881,0.6322712662065304,1.0,0.0,0.0,0
0.7918194620246887,0.5355075760764609,-0.672701682816372,0.46962108019523213,-0.9649891016582516,1.0,0.0,0.0,0
-0.8061584603459542,-1.151935268445623,-0.367527010350416,-0.010124633499430586,1.196010219570571,1.0,0.0,0.0,0
1.9903029038026423,2.0204572792558873,-0.900195529563721,1.599022447851416,-0.7300978710899013,0.0,1.0,0.0,0
0.7418826519505954,0.33301443473380316,0.3981839860187099,-0.6198014779863974,0.569633604721637,1.0,0.0,0.0,0
-1.1057793207904283,-0.4094604168559291,-0.2454571413640336,-0.3499445140331496,0.38172062026695674,0.0,1.0,0.0,0
-0.40666397975329344,0.33301443473380316,0.04862027028497851,-0.6497855850923135,-1.1372426707417085,0.0,1.0,0.0,0
0.5920722217283441,0.46800986229556224,0.02087711824261888,-0.7097537993041464,-1.0589455938855916,0.0,1.0,0.0,0
0.9416298922469115,0.67050300363822,0.7366504409354975,-1.0095948703633104,-1.4817498089086223,0.0,0.0,1.0,0
-0.6563480301237028,-0.13946956173237265,0.8642689403303517,-1.0995471916810593,0.5852930200928603,1.0,0.0,0.0,0
-0.856095270420019,-0.004474134170613608,-0.43965920566055106,0.7594674488857571,-0.10372125624096717,1.0,0.0,0.0,0
-1.3554633711608377,-1.3544284097882808,-0.5117914009706861,0.8993932820467001,-0.7300978710899013,1.0,0.0,0.0,0
0.7918194620246887,0.7380007174191187,2.0405785869264004,-1.8491498693289692,-0.08806184086974382,1.0,0.0,0.0,0
-1.9047682819757499,-2.096903261378013,-0.07344959870140388,-0.5098597519313705,0.5069959432367436,1.0,0.0,0.0,0
1.041503512395098,1.0079915725426367,0.5313511158220362,-0.8396849300964505,-1.3251556551963888,0.0,1.0,0.0,0
0.5920722217283441,0.6030052898573213,-0.7004448348587317,1.0093350081017272,0.522655358607967,1.0,0.0,0.0,0
0.29245136128386984,0.13052129339114543,-0.27874892381486516,0.7794568536230343,-1.3564744859388354,1.0,0.0,0.0,0
-0.856095270420019,-1.4219261235691794,-0.17887357646237048,0.11980649729287421,0.6479306815777538,1.0,0.0,0.0,0
0.24251455120977664,1.0754892863235355,-0.1844222068708424,-0.37992862113906567,-1.5287280550222924,0.0,0.0,1.0,0
0.6420090318024373,0.5355075760764609,0.49251070296273264,-0.7797167158846176,-1.0119673477719215,1.0,0.0,0.0,0
-1.455336991308996,-1.151935268445623,-0.23990851095556168,0.5795628062502584,1.2899667117979112,1.0,0.0,0.0,0
-0.8061584603459542,-0.5444558444176881,0.392635355610238,-0.7597273111473404,1.3526043732828046,1.0,0.0,0.0,0
-1.405400181234931,-1.0844375546647627,3.56645194925618,-2.2689273688117986,0.17814822044105316,0.0,0.0,1.0,0
-0.6064112200496096,-0.20696727551327135,-0.0568037074759881,0.39965816361476025,0.44435828175185016,1.0,0.0,0.0,0
-0.4566007898273583,0.26551672095290446,-0.06790096829293195,0.39965816361476025,0.6479306815777538,1.0,0.0,0.0,0
0.9915667023210047,0.5355075760764609,1.3525484162758814,-1.6892346314307483,1.2899667117979112,0.0,1.0,0.0,0
1.9403660937285492,2.087954993036786,-0.31204070626569674,0.7194886394112021,-0.5735037173776678,0.0,1.0,0.0,0
0.4422617915060928,1.4129778552279522,-0.3619783799419441,0.23974292571653935,0.9924378197446675,1.0,0.0,0.0,0
1.5408716131359168,0.7380007174191187,-0.6616044219994281,1.5790330431141382,0.08419172821371305,1.0,0.0,0.0,0
-1.1557161308645216,-1.8944101200353554,-0.744833878126507,0.36967405650884416,-1.654003377992079,0.0,1.0,0.0,0
1.840492473580391,1.8179641379132294,-1.2386619844805085,1.1792449483685863,1.3995826193964747,0.0,1.0,0.0,0
0.6919458418765022,0.0630235796102851,0.46476755092037303,-0.7697220135159794,-1.0746050092568151,0.0,0.0,1.0,0
-1.2056529409385865,-1.151935268445623,1.5356532197554549,-1.1195365964183368,-0.02542417938485041,1.0,0.0,0.0,0
-0.6064112200496096,0.19801900717204413,-0.9612304640569121,1.8988635189105798,-0.21333716383953064,0.0,1.0,0.0,0
0.29245136128386984,-0.4094604168559291,-0.4230133144351353,0.919382686783978,1.9946404035029621,0.0,0.0,1.0,0
-0.10704311930879085,-0.5444558444176881,-0.5561804442384615,-0.3899233235077046,1.4935391116238148,1.0,0.0,0.0,0
0.492198601580186,-0.2744649892941317,1.0251792221760376,-1.1894995129988084,0.39738003563818014,1.0,0.0,0.0,0
-0.856095270420019,-0.9494421271029653,0.24837096498996789,-1.069563084575143,0.8515030814036574,1.0,0.0,0.0,0
0.8916930821728467,0.4005121485147019,-0.4895968793367984,1.06930322231356,0.0058946513575962945,1.0,0.0,0.0,0
-0.756221650271861,-0.004474134170613608,-0.2621030325894494,0.11980649729287421,-1.3877933166812821,1.0,0.0,0.0,0
0.04276731091346047,-0.20696727551327135,0.5646428982728677,-0.9596213585201163,-1.0432861785143683,1.0,0.0,0.0,0
-0.3067903596051354,0.33301443473380316,-0.9279386816060806,0.6295363180934523,1.0237566504871143,1.0,0.0,0.0,0
0.5421354116542793,0.7380007174191187,-0.17332494605389856,0.14979060439879033,1.196010219570571,1.0,0.0,0.0,0
0.24251455120977664,-0.2744649892941317,-0.4119160536181914,0.15978530676742925,1.7127709268209417,1.0,0.0,0.0,0
0.3423881713579347,-0.13946956173237265,-0.739285247718035,0.8394250678348673,0.6792495123202005,1.0,0.0,0.0,0
0.7918194620246887,0.67050300363822,-0.3009434454487529,0.009864771237847294,0.5383147739791903,1.0,0.0,0.0,0
-1.2555897510126797,-0.47695813063678943,0.46476755092037303,-0.6597802874609524,-0.5265254712639977,1.0,0.0,0.0,0
1.141377132543256,0.46800986229556224,0.10965520477816972,-0.6098067756177584,0.17814822044105316,0.0,1.0,0.0,0
-0.856095270420019,-1.016939840883864,0.4980593333712046,-0.2899762998213166,0.9767784043734442,0.0,1.0,0.0,0
0.492198601580186,-0.07197184795151232,-0.17887357646237048,0.17977471150470642,-1.3877933166812821,1.0,0.0,0.0,0
-1.5552106114571824,-1.6919169786926975,-0.7892229213942824,0.8294303654662283,-1.340815070567612,0.0,0.0,1.0,0
-0.2069167394569489,-0.6794512719794472,-0.8946468991552491,1.1892396507372252,0.8515030814036574,1.0,0.0,0.0,0
-0.40666397975329344,-0.8819444133221049,-0.2621030325894494,-0.2200133832408455,-0.2603154099532007,1.0,0.0,0.0,0
-0.9559688905681771,-0.6794512719794472,0.2927600082577433,-0.6098067756177584,-0.35427190218054083,1.0,0.0,0.0,0
-1.6550842316053405,-1.4219261235691794,0.22062781294760825,-0.6597802874609524,-0.9023514401733582,0.0,0.0,1.0,0
0.14264093106161854,-0.07197184795151232,-0.744833878126507,1.209229055474503,1.5248579423662616,0.0,0.0,1.0,0
2.0402397138767356,2.222950420598545,-0.5617290746469334,0.5495786991443422,1.2586478810554644,1.0,0.0,0.0,0
-0.40666397975329344,0.4005121485147019,-0.22881125013861783,0.10981179492423528,-0.30729365606687076,1.0,0.0,0.0,0
-1.8548314719016565,-1.7594146924735963,2.3235587377584683,-2.0890227261763004,-0.6361413788625612,0.0,1.0,0.0,0
-1.0558425107163636,-1.016939840883864,-0.8669037471128894,0.4596263778265932,1.196010219570571,0.0,0.0,1.0,0
1.041503512395098,0.67050300363822,0.9530470268659026,-1.129531298786976,-0.3855907329229875,0.0,1.0,0.0,0
-0.756221650271861,-0.3419627030750304,-0.9612304640569121,2.188709887601105,0.35040178952451007,0.0,1.0,0.0,0
-0.856095270420019,-1.016939840883864,0.692261397667722,-0.8396849300964505,0.569633604721637,1.0,0.0,0.0,0
0.4422617915060928,0.6030052898573213,1.1971867648386674,-1.2094889177360864,0.6322712662065304,1.0,0.0,0.0,0
-0.007169499160632764,0.9404938587617381,-0.9168414207891368,0.18976941387334537,-0.18201833309708393,1.0,0.0,0.0,0
-0.10704311930879085,0.8729961449808777,1.0418251134014533,-0.9996001679946714,-1.3094962398251653,1.0,0.0,0.0,0
-0.5065375999014515,0.0630235796102851,-0.9112927903806648,0.8893985796780612,-0.761416701832348,1.0,0.0,0.0,0
1.141377132543256,0.8729961449808777,-1.1110434850856543,1.0792979246821983,0.24078588192594658,0.0,1.0,0.0,0
-0.25685354953104217,-0.47695813063678943,-0.4285619448436072,0.6695151275680081,-1.5757063011359624,1.0,0.0,0.0,0
-0.4566007898273583,0.26551672095290446,0.05971753110192237,0.38966346124612133,-0.4482283944078809,1.0,0.0,0.0,0
1.141377132543256,1.1429870001043958,3.499868384354517,-2.1789750474940495,-0.2603154099532007,1.0,0.0,0.0,0
-0.5564744099755448,-0.7469489857603459,1.1860895040217234,-1.419377667477501,-1.1685615014841553,1.0,0.0,0.0,0
1.191313942617321,0.19801900717204413,-0.33423522789958443,-0.37992862113906567,0.11551055895615976,1.0,0.0,0.0,0
1.141377132543256,1.2104847138852945,-0.977876355282328,1.39912840047864,0.17814822044105316,0.0,1.0,0.0,1
-1.0059057006422703,-0.8819444133221049,-0.5339859226045738,0.9293773891526163,-0.8710326094309114,1.0,0.0,0.0,0
-1.2555897510126797,-0.7469489857603459,-0.6671530524079,1.06930322231356,-1.5757063011359624,0.0,0.0,1.0,0
0.5421354116542793,0.67050300363822,0.14294698722900126,1.2292184602117802,1.1803508041993478,1.0,0.0,0.0,0
-0.5564744099755448,-0.07197184795151232,-0.21216535891320204,-0.2899762998213166,-0.5891631327488911,0.0,1.0,0.0,0
0.19257774113568338,-0.004474134170613608,-0.6449585307740123,0.41964756835203815,1.274307296426688,1.0,0.0,0.0,0
0.492198601580186,1.5479732827897112,-0.5228886617876299,-0.3599392164017885,-0.04108359475607377,1.0,0.0,0.0,0
1.6906820433581398,1.1429870001043958,0.8365257882879922,-0.5098597519313705,1.274307296426688,0.0,1.0,0.0,0
0.9915667023210047,0.7380007174191187,-0.9223900511976086,1.5690383407455,0.7732060045475406,1.0,0.0,0.0,0
-0.10704311930879085,0.13052129339114543,-0.012414664208212682,-0.3399498116645106,1.3056261271691345,0.0,0.0,1.0,0
-0.3567271696792002,-0.7469489857603459,1.2637703297403304,-1.519324691163889,1.3839232040252514,0.0,1.0,0.0,0
0.3423881713579347,0.5355075760764609,3.183596451071617,-2.148990940388133,-0.1976777484683073,1.0,0.0,0.0,0
-1.305526561086773,-1.286930696007382,-0.3619783799419441,-0.06009814534262457,-1.3721339013100589,1.0,0.0,0.0,0
-1.405400181234931,-0.9494421271029653,-0.217713989321674,-0.2899762998213166,0.835843666032434,1.0,0.0,0.0,0
-2.1045155222720657,-2.4343918302824297,-1.133238006719542,1.1692502459999479,-0.6048225481201145,0.0,1.0,0.0,0
-0.756221650271861,-0.8819444133221049,-1.0666544418178787,0.8494197702035061,-1.1685615014841553,0.0,1.0,0.0,0
-1.305526561086773,-1.016939840883864,-0.8336119646620579,-0.08008755007990175,-0.8397137786884648,1.0,0.0,0.0,0
0.09270412098752531,1.0754892863235355,-0.1566790548284828,-0.42990213298225965,0.8201842506612106,1.0,0.0,0.0,0
-0.5564744099755448,-0.07197184795151232,0.2927600082577433,-0.7997061206218955,-0.7457572864611246,1.0,0.0,0.0,0
-0.25685354953104217,-0.6119535581985485,-1.0111681377331596,0.7294833417798403,-0.02542417938485041,1.0,0.0,0.0,0
-1.6051474215312471,-1.286930696007382,-0.2621030325894494,0.36967405650884416,1.7910680036770585,0.0,0.0,1.0,0
0.14264093106161854,0.8729961449808777,-0.900195529563721,1.3791389957413622,0.2721047126683933,0.0,1.0,0.0,0
1.2911875627655074,0.9404938587617381,1.2082840256556113,-1.0495736798378654,0.6792495123202005,0.0,1.0,0.0,0
-1.1557161308645216,-1.8944101200353554,0.7144559193016098,-0.2200133832408455,-1.607025131878409,1.0,0.0,0.0,0
-1.405400181234931,-0.8819444133221049,-0.7836742909858105,-0.19002927613492865,-0.30729365606687076,0.0,1.0,0.0,0
-0.856095270420019,-1.2194329822265217,-0.37307564075888794,0.42964227072067634,-0.5735037173776678,1.0,0.0,0.0,0
-0.15697992938288408,-0.6119535581985485,-0.367527010350416,-0.06009814534262457,0.2721047126683933,1.0,0.0,0.0,0
-0.6064112200496096,-0.9494421271029653,0.24837096498996789,-0.5598332637745644,-1.027626763143145,1.0,0.0,0.0,0
1.141377132543256,1.2104847138852945,-0.5339859226045738,0.33968994940292735,1.0550754812295609,0.0,1.0,0.0,0
-0.5564744099755448,0.13052129339114543,-0.9834249856907998,1.299181376792252,1.2116696349417944,1.0,0.0,0.0,0
2.0402397138767356,2.155452706817646,2.7119628663515036,-2.109012130913578,-0.980648517029475,0.0,1.0,0.0,0
1.091440322469163,0.9404938587617381,-0.8280633342535859,0.8094409607289511,-1.0589455938855916,1.0,0.0,0.0,0
-0.9060320804941122,-1.6244192649117988,-0.9501332032399683,1.1792449483685863,-1.607025131878409,1.0,0.0,0.0,0
0.7418826519505954,-0.004474134170613608,-0.6782503132248439,0.4596263778265932,-0.9180108555445815,0.0,1.0,0.0,0
-0.2069167394569489,0.0630235796102851,-0.8613551167044174,0.9793509009958102,-1.5130686396510689,1.0,0.0,0.0,0
-0.5065375999014515,0.13052129339114543,0.3260517907085749,-0.6597802874609524,-0.9963079324006983,0.0,1.0,0.0,0
-1.405400181234931,-1.016939840883864,-0.289846184631809,0.6895045323052853,1.0237566504871143,0.0,1.0,0.0,0
0.7918194620246887,0.46800986229556224,0.775490853794801,-1.0495736798378654,-1.5287280550222924,1.0,0.0,0.0,0
-0.5564744099755448,0.26551672095290446,0.03752300946803466,-0.23000808560948371,0.8045248352899873,1.0,0.0,0.0,0
0.39232498143202793,0.46800986229556224,-0.0789982291098758,-0.06009814534262457,1.0550754812295609,1.0,0.0,0.0,0
-0.40666397975329344,0.4005121485147019,-0.02906055543362846,-0.030114038236707757,-0.3855907329229875,1.0,0.0,0.0,0
1.4409979929877303,1.4804755690088125,0.3648922035678783,-0.6098067756177584,-0.3386124868093175,1.0,0.0,0.0,0
-0.8061584603459542,-0.6794512719794472,0.026425748651090805,-0.1200663595544575,-0.1663589177258606,0.0,1.0,0.0,0
-0.3067903596051354,-0.8819444133221049,-0.8780010079298333,1.668985364431888,-0.08806184086974382,1.0,0.0,0.0,0
-1.0558425107163636,-0.6119535581985485,-0.17887357646237048,-0.3099657045585945,-1.4817498089086223,1.0,0.0,0.0,0
-0.6064112200496096,-0.9494421271029653,0.17623876967983285,-0.6297961803550356,-0.7300978710899013,0.0,1.0,0.0,0
0.19257774113568338,-0.13946956173237265,-0.6061181179147088,0.33968994940292735,1.415242034767698,0.0,1.0,0.0,0
0.8417562720987535,-0.07197184795151232,-0.03460918584210039,0.0898223901869574,-0.02542417938485041,0.0,1.0,0.0,0
1.840492473580391,1.6829687103514703,-0.10674138115223544,-0.4398968353508986,0.7262277584338706,0.0,0.0,1.0,0
-1.405400181234931,-1.016939840883864,0.6312264631745308,-0.6697749898295914,1.5561767731087082,0.0,0.0,1.0,0
1.6906820433581398,1.2104847138852945,-0.5617290746469334,1.888868816541941,-1.340815070567612,1.0,0.0,0.0,0
0.14264093106161854,-0.2744649892941317,-0.16777631564542664,0.6595204251993692,-0.1976777484683073,0.0,1.0,0.0,0
-0.8061584603459542,-1.286930696007382,1.9518005003908494,-1.5293193935325278,0.7888654199187639,0.0,0.0,1.0,0
-0.40666397975329344,-1.016939840883864,-0.8946468991552491,1.039319115207643,1.7597491729346117,1.0,0.0,0.0,1
-0.3067903596051354,-0.6794512719794472,1.4468751332199041,-1.5692982030070828,0.31908295878206333,1.0,0.0,0.0,0
0.7918194620246887,0.6030052898573213,-0.04015781625057232,0.3596793541402052,-1.4504309781661755,1.0,0.0,0.0,0
0.04276731091346047,-0.6119535581985485,-0.03460918584210039,-0.2000239785035676,-1.2781774090827187,0.0,1.0,0.0,0
0.24251455120977664,1.2104847138852945,-1.1554325283534297,1.529059531270944,0.9298001582597741,0.0,1.0,0.0,0
-0.9559688905681771,-1.5569215511309384,-0.5228886617876299,0.7994462583603121,-0.542184886635221,0.0,1.0,0.0,0
-1.405400181234931,-1.016939840883864,4.997998594641937,-2.598752546976879,0.9141407428885507,0.0,0.0,1.0,0
0.09270412098752531,0.0630235796102851,0.44257302928648534,-0.869669037202367,-1.0902644246280384,0.0,1.0,0.0,0
-0.756221650271861,-0.3419627030750304,-1.3607318534668909,2.6684556012957676,-1.4974092242798456,1.0,0.0,0.0,1
0.19257774113568338,0.33301443473380316,0.21507918253913633,-0.7197485016727854,-1.2781774090827187,1.0,0.0,0.0,0
0.8916930821728467,0.67050300363822,-1.205370202029677,1.299181376792252,0.9141407428885507,1.0,0.0,0.0,0
-1.2555897510126797,-0.6119535581985485,0.004231227017203099,-0.1500504666603736,1.0707348966007844,0.0,1.0,0.0,0
0.39232498143202793,1.1429870001043958,-0.27320029340639324,0.6395310204620913,1.7127709268209417,1.0,0.0,0.0,0
0.8417562720987535,0.5355075760764609,0.4592189205119011,-0.2200133832408455,-1.6853222087345259,1.0,0.0,0.0,0
-1.2056529409385865,-1.016939840883864,0.769942223386329,-0.5798226685118416,0.09985114358493641,1.0,0.0,0.0,0
0.9915667023210047,-0.13946956173237265,-0.46185372729443874,1.808911197592831,0.5852930200928603,1.0,0.0,0.0,0
-0.7062848401977677,-0.07197184795151232,-1.0167167681416314,1.948837030753774,-1.1529020861129318,1.0,0.0,0.0,0
-1.405400181234931,-1.286930696007382,-1.1054948546771823,2.128741673389272,1.5561767731087082,0.0,1.0,0.0,1
0.39232498143202793,1.2779824276661549,-0.22881125013861783,-0.07009284771126352,-1.3251556551963888,1.0,0.0,0.0,0
0.09270412098752531,0.19801900717204413,0.2983086386662152,-0.3899233235077046,-1.1215832553704852,0.0,1.0,0.0,0
-0.007169499160632764,-0.4094604168559291,-0.8003201822112262,0.44963167545795424,1.149031973456901,1.0,0.0,0.0,0
-1.3554633711608377,-1.3544284097882808,-0.7559311389434509,0.4996051873011482,-0.47954722515032766,0.0,1.0,0.0,0
1.6407452332840748,0.9404938587617381,1.069568265443813,-1.4393670722147784,1.947662157389292,1.0,0.0,0.0,0
-1.6051474215312471,-1.6919169786926975,-1.0666544418178787,1.4790860194277502,-1.0119673477719215,1.0,0.0,0.0,0
-1.6051474215312471,-1.3544284097882808,-0.23435988054708976,0.1697800091360682,1.9320027420180688,1.0,0.0,0.0,0
0.492198601580186,1.2779824276661549,-0.4729509881113826,0.18976941387334537,-1.1685615014841553,1.0,0.0,0.0,0
-0.3567271696792002,-1.016939840883864,-0.16222768523695472,0.5395839967757032,-0.5578443020064444,1.0,0.0,0.0,0
-1.305526561086773,-1.151935268445623,-0.25655440218097747,0.11980649729287421,-1.0119673477719215,1.0,0.0,0.0,0
1.6906820433581398,1.2779824276661549,-0.6671530524079,1.0892926270508372,-1.0746050092568151,0.0,1.0,0.0,0
0.39232498143202793,0.6030052898573213,-0.7836742909858105,-0.18003457376628973,-0.9023514401733582,1.0,0.0,0.0,0
1.840492473580391,2.087954993036786,-0.23990851095556168,0.7394780441484793,-0.9336702709158049,1.0,0.0,0.0,0
1.5408716131359168,0.805498431199979,0.4814134421457888,-0.7697220135159794,-1.3564744859388354,1.0,0.0,0.0,0
-0.6064112200496096,-0.8819444133221049,0.28721137784927137,-0.8896584419396445,-0.6204819634913378,1.0,0.0,0.0,0
2.0901765239508006,2.560438989502962,-0.3231379670826406,0.4896104849325093,0.44435828175185016,0.0,1.0,0.0,0
0.14264093106161854,1.0754892863235355,0.9419497660489587,-1.0495736798378654,-1.2625179937114952,1.0,0.0,0.0,0
-0.40666397975329344,-1.0844375546647627,-0.006866033799740755,-0.2000239785035676,-0.15069950235463722,0.0,1.0,0.0,0
-1.1557161308645216,-1.286930696007382,0.8753662011472956,-1.0895524893124204,1.1177131427144544,1.0,0.0,0.0,0
-0.8061584603459542,-0.6119535581985485,-0.0789982291098758,-0.07009284771126352,-0.3386124868093175,0.0,1.0,0.0,0
0.39232498143202793,0.19801900717204413,-0.8669037471128894,0.6595204251993692,-1.3877933166812821,1.0,0.0,0.0,0
1.2412507526914143,0.19801900717204413,0.8254285274710482,-0.8396849300964505,-0.6518007942337846,1.0,0.0,0.0,0
-1.305526561086773,-0.6119535581985485,-0.4230133144351353,-0.49986504956273153,1.1803508041993478,0.0,1.0,0.0,0
-0.5065375999014515,0.0630235796102851,0.22617644335608017,0.18976941387334537,-0.8240543633172414,1.0,0.0,0.0,0
-0.9060320804941122,-1.4894238373500397,0.3316004211170468,-0.879663739571006,1.0237566504871143,0.0,1.0,0.0,0
-1.0059057006422703,-0.8819444133221049,-1.504996244087161,2.9383125652490154,1.274307296426688,1.0,0.0,0.0,1
-0.4566007898273583,0.33301443473380316,-0.37862427116735986,-0.16004516902901256,0.6009524354640837,1.0,0.0,0.0,0
-0.2069167394569489,0.13052129339114543,-0.367527010350416,0.2697270328224562,-0.41690956366543425,1.0,0.0,0.0,0
1.141377132543256,0.13052129339114543,-0.1844222068708424,-0.6198014779863974,-1.0119673477719215,0.0,0.0,1.0,0
0.4422617915060928,0.0630235796102851,3.0559779516767627,-2.2189538569686045,0.39738003563818014,1.0,0.0,0.0,0
1.4409979929877303,0.67050300363822,-0.3897215319843037,0.8694091749407841,0.35040178952451007,0.0,0.0,1.0,0
0.9416298922469115,0.4005121485147019,0.1873360304967767,-0.3399498116645106,-1.4504309781661755,1.0,0.0,0.0,0
-1.0059057006422703,-0.7469489857603459,0.3759894643848222,-0.23000808560948371,-0.9180108555445815,1.0,0.0,0.0,0
0.19257774113568338,-0.20696727551327135,0.24837096498996789,-0.7397379064100625,-0.5735037173776678,1.0,0.0,0.0,0
2.0402397138767356,2.222950420598545,1.069568265443813,-1.1495207035242534,0.38172062026695674,1.0,0.0,0.0,0
0.3423881713579347,0.6030052898573213,-0.023511925025156536,-0.2899762998213166,0.08419172821371305,1.0,0.0,0.0,0
-1.1557161308645216,-1.0844375546647627,1.1139573087115884,-1.2894465366851964,0.44435828175185016,1.0,0.0,0.0,0
-0.3067903596051354,-0.7469489857603459,-0.4895968793367984,0.049843580712402344,0.9454595736309974,1.0,0.0,0.0,0
-0.756221650271861,-0.4094604168559291,0.11520383518664164,-0.21001868087220654,-1.1059238399992617,1.0,0.0,0.0,0
-1.2056529409385865,-1.016939840883864,-0.27320029340639324,0.33968994940292735,0.7262277584338706,0.0,1.0,0.0,0
0.19257774113568338,0.805498431199979,-0.05125507706751617,-0.7997061206218955,0.9611189890022208,1.0,0.0,0.0,0
0.6420090318024373,0.0630235796102851,-0.0789982291098758,-0.2200133832408455,1.4309014501389214,0.0,1.0,0.0,0
0.04276731091346047,1.0079915725426367,3.7662026439611695,-2.298911475917715,0.24078588192594658,1.0,0.0,0.0,0
1.6906820433581398,1.8179641379132294,0.30385726907468713,-0.7197485016727854,-0.4482283944078809,0.0,1.0,0.0,0
1.7406188534322329,1.2104847138852945,2.1515511950958386,-1.8091710598544142,1.368263788654028,1.0,0.0,0.0,0
1.041503512395098,0.805498431199979,-0.6505071611824843,1.0293244128390042,0.6009524354640837,1.0,0.0,0.0,0
1.2911875627655074,1.0754892863235355,2.7840950616616387,-2.0790280238076617,1.0394160658583376,0.0,1.0,0.0,0
1.840492473580391,1.6154709965705716,0.9031093531896552,-0.879663739571006,0.569633604721637,1.0,0.0,0.0,0
0.14264093106161854,-0.2744649892941317,0.15959287845441705,-0.04010874060534669,-0.35427190218054083,1.0,0.0,0.0,0
-1.1557161308645216,-0.6119535581985485,-0.5783749658723493,-0.1200663595544575,0.8984813275173275,1.0,0.0,0.0,0
-0.9559688905681771,-1.6919169786926975,-0.822514703845114,1.738948281012359,0.835843666032434,1.0,0.0,0.0,0
-0.6064112200496096,0.13052129339114543,0.24282233458149596,-0.42990213298225965,0.13116997432738312,0.0,1.0,0.0,0
-1.305526561086773,-0.9494421271029653,0.38708672520176607,-0.37992862113906567,0.13116997432738312,1.0,0.0,0.0,0
-0.6064112200496096,-0.004474134170613608,-0.7559311389434509,0.5595734015129812,1.2116696349417944,1.0,0.0,0.0,0
-0.10704311930879085,-0.47695813063678943,0.6867127672592501,-0.47987564482545364,1.5718361884799317,0.0,1.0,0.0,0
0.3423881713579347,-0.3419627030750304,0.8087826362456325,-0.8896584419396445,-1.2625179937114952,1.0,0.0,0.0,0
1.4409979929877303,1.6154709965705716,0.6645182456253624,-0.6897643945668686,0.6949089276914238,0.0,1.0,0.0,0
0.3423881713579347,-0.07197184795151232,1.3081593730081058,-1.3394200485283905,0.6479306815777538,1.0,0.0,0.0,0
-1.405400181234931,-1.016939840883864,-0.5173400313791581,0.36967405650884416,0.9924378197446675,1.0,0.0,0.0,0
0.492198601580186,0.9404938587617381,-0.3231379670826406,-0.24999749034676158,1.3369449579115813,1.0,0.0,0.0,0
-0.2069167394569489,-0.47695813063678943,0.10410657436969778,-0.5198544543000094,0.11551055895615976,1.0,0.0,0.0,0
-0.40666397975329344,-1.151935268445623,0.23727370417302404,0.5495786991443422,-0.009764764013627058,0.0,1.0,0.0,0
-0.6064112200496096,-0.3419627030750304,-0.9168414207891368,0.8094409607289511,0.8045248352899873,1.0,0.0,0.0,0
-0.6064112200496096,0.13052129339114543,-0.06790096829293195,-0.879663739571006,-0.08806184086974382,0.0,1.0,0.0,0
-1.1557161308645216,-1.9619078338162157,1.75204980568586,-1.7492028456425812,-1.5757063011359624,0.0,0.0,1.0,0
1.191313942617321,1.2104847138852945,-0.3508811191250002,0.6595204251993692,0.037213482100043,1.0,0.0,0.0,0
1.091440322469163,0.67050300363822,-0.4230133144351353,0.6795098299366463,0.6635900969489771,1.0,0.0,0.0,0
0.24251455120977664,0.33301443473380316,-0.9223900511976086,0.7394780441484793,-0.8083949479460181,1.0,0.0,0.0,0
0.8916930821728467,0.46800986229556224,-0.5450831834215176,0.9293773891526163,-0.7770761172035714,1.0,0.0,0.0,0
1.4409979929877303,1.5479732827897112,-0.5783749658723493,0.7694621512543961,1.0237566504871143,1.0,0.0,0.0,0
0.6420090318024373,-0.004474134170613608,-0.1844222068708424,0.07982768781831845,-1.5130686396510689,1.0,0.0,0.0,0
1.2911875627655074,1.3454801414470536,-0.23990851095556168,0.4996051873011482,-0.4482283944078809,0.0,1.0,0.0,0
-0.25685354953104217,-0.6119535581985485,-1.12768937631107,0.20975881861062326,1.7127709268209417,1.0,0.0,0.0,0
0.24251455120977664,-0.20696727551327135,-0.8613551167044174,0.8594144725721451,0.522655358607967,1.0,0.0,0.0,0
0.9416298922469115,0.6030052898573213,-0.5450831834215176,0.36967405650884416,-1.6853222087345259,0.0,1.0,0.0,0
0.29245136128386984,-0.4094604168559291,0.05416890069345044,0.33968994940292735,1.9633215727605153,1.0,0.0,0.0,0
-1.8048946618275916,-1.6919169786926975,-1.1554325283534297,0.7794568536230343,-0.13504008698341388,1.0,0.0,0.0,0
0.14264093106161854,-0.07197184795151232,0.34269768193399064,-0.8296902277278119,1.1333725580856777,1.0,0.0,0.0,0
0.39232498143202793,0.7380007174191187,0.8809148315557676,-1.519324691163889,0.7575465891763172,0.0,0.0,1.0,0
0.492198601580186,1.4804755690088125,-0.9279386816060806,0.6994992346739242,-0.761416701832348,1.0,0.0,0.0,0
-1.2056529409385865,-1.0844375546647627,0.4814134421457888,-0.7597273111473404,0.35040178952451007,1.0,0.0,0.0,0
0.14264093106161854,-0.2744649892941317,-1.1831756803957894,1.239213162580419,-0.7927355325747947,1.0,0.0,0.0,0
0.14264093106161854,0.9404938587617381,-0.9334873120145526,1.019329710470366,0.021554066728819647,0.0,1.0,0.0,0
-0.9060320804941122,-0.7469489857603459,0.9419497660489587,-1.1894995129988084,-0.41690956366543425,1.0,0.0,0.0,0
-0.3067903596051354,-0.6794512719794472,0.6700668760338343,-1.1595154058928923,0.49133652786552023,1.0,0.0,0.0,0
0.3423881713579347,-0.3419627030750304,-0.5228886617876299,0.6395310204620913,-1.3094962398251653,0.0,1.0,0.0,0
-0.9559688905681771,-0.8819444133221049,-1.0999462242687104,1.5690383407455,-1.2155397475978251,1.0,0.0,0.0,0
1.2911875627655074,0.67050300363822,0.28721137784927137,-0.6098067756177584,0.17814822044105316,0.0,1.0,0.0,0
0.4422617915060928,0.4005121485147019,0.3260517907085749,-0.45988624008817647,1.2273290503130179,1.0,0.0,0.0,0
-0.856095270420019,-0.6119535581985485,-1.3496345926499471,1.8688794118046639,1.462220280881368,0.0,1.0,0.0,0
0.492198601580186,-0.004474134170613608,-0.3286865974911125,0.34968465177156627,-1.3564744859388354,1.0,0.0,0.0,0
0.14264093106161854,-0.004474134170613608,-0.012414664208212682,-0.24999749034676158,-1.5913657165071857,0.0,1.0,0.0,0
-1.7549578517534985,-1.6244192649117988,-0.6893475740417878,0.41964756835203815,-0.02542417938485041,1.0,0.0,0.0,0
0.09270412098752531,-0.20696727551327135,-0.7281879869010912,0.39965816361476025,0.569633604721637,0.0,1.0,0.0,0
-1.0558425107163636,-1.6244192649117988,0.40373261642718183,-0.9296372514142,0.4130394510094035,1.0,0.0,0.0,0
0.6420090318024373,0.4005121485147019,-0.3231379670826406,0.0898223901869574,-0.7927355325747947,1.0,0.0,0.0,0
1.7905556635063262,1.6154709965705716,-0.19551946768778627,0.9493667938898941,0.021554066728819647,0.0,1.0,0.0,0
-0.9060320804941122,-1.4219261235691794,0.0652661615103943,-0.39991802587634356,1.2273290503130179,1.0,0.0,0.0,0
1.9903029038026423,1.8179641379132294,-0.46185372729443874,1.119276734156754,0.8201842506612106,0.0,1.0,0.0,0
0.4422617915060928,0.5355075760764609,1.0529223742183973,-0.9796107632573939,-0.8553731940596881,1.0,0.0,0.0,0
1.2911875627655074,0.26551672095290446,-0.9667790944653841,2.678450303664406,-0.4325689790366576,1.0,0.0,0.0,1
1.3910611829136654,0.7380007174191187,1.008533330950622,-0.9996001679946714,-0.3229530714380941,1.0,0.0,0.0,0
-0.6064112200496096,-0.20696727551327135,1.1749922432047797,-1.0395789774692266,0.8201842506612106,1.0,0.0,0.0,0
1.3910611829136654,1.4129778552279522,-0.672701682816372,1.139266138894031,-0.8397137786884648,1.0,0.0,0.0,0
-1.0558425107163636,-0.6794512719794472,-0.8890982687467771,0.7294833417798403,-1.246858578340272,1.0,0.0,0.0,0
-1.405400181234931,-0.9494421271029653,-0.27874892381486516,0.019859473606486232,1.6657926807072716,1.0,0.0,0.0,0
-0.6064112200496096,-0.6119535581985485,-0.9834249856907998,0.5395839967757032,0.08419172821371305,1.0,0.0,0.0,0
-1.305526561086773,-0.8819444133221049,-0.16222768523695472,-0.37992862113906567,-0.24465599458197734,1.0,0.0,0.0,0
-1.1057793207904283,-0.13946956173237265,1.4357778724029602,-1.4493617745834173,1.4935391116238148,0.0,1.0,0.0,0
-0.6563480301237028,-0.20696727551327135,-0.8114174430281702,0.5695681038816202,-0.13504008698341388,1.0,0.0,0.0,0
-0.3067903596051354,-0.6119535581985485,-1.8434626990039487,2.64846619655849,-0.6518007942337846,1.0,0.0,0.0,0
0.9416298922469115,0.5355075760764609,0.15404424804594513,-0.07009284771126352,-1.5443874703935156,1.0,0.0,0.0,0
-1.2555897510126797,-0.9494421271029653,0.4536702901034292,-1.1095418940496984,-1.6853222087345259,1.0,0.0,0.0,0
-0.7062848401977677,-0.13946956173237265,0.54244837663898,-0.5398438590372866,1.5561767731087082,1.0,0.0,0.0,0
0.7418826519505954,0.26551672095290446,-1.050008550592463,1.489080721796389,0.7105683430626472,0.0,1.0,0.0,0
0.492198601580186,0.6030052898573213,-0.13448453319459508,-0.26998689508403945,-1.5913657165071857,1.0,0.0,0.0,0
0.5421354116542793,0.33301443473380316,0.5923860503152274,-0.9296372514142,-0.495206640521551,0.0,1.0,0.0,0
-1.455336991308996,-1.4219261235691794,-0.2621030325894494,-0.06009814534262457,0.9924378197446675,1.0,0.0,0.0,0
1.8904292836544843,1.9529595654749885,-0.8946468991552491,0.5595734015129812,1.196010219570571,0.0,0.0,1.0,0
1.4409979929877303,1.5479732827897112,-0.6283126395485966,0.46962108019523213,0.7732060045475406,0.0,1.0,0.0,0
0.09270412098752531,1.0754892863235355,2.5510525845058174,-1.8991233811721633,-1.3877933166812821,1.0,0.0,0.0,0
-0.3567271696792002,-0.9494421271029653,-0.3619783799419441,0.9593614962585331,1.3056261271691345,1.0,0.0,0.0,0
1.141377132543256,1.1429870001043958,-0.19551946768778627,-0.26998689508403945,-0.009764764013627058,0.0,1.0,0.0,0
-1.6051474215312471,-1.6244192649117988,-1.3052455493821717,0.8694091749407841,0.5383147739791903,1.0,0.0,0.0,0
-1.6051474215312471,-1.7594146924735963,0.05416890069345044,0.8294303654662283,-0.04108359475607377,1.0,0.0,0.0,0
-0.5564744099755448,0.4005121485147019,-0.977876355282328,1.259202567317697,1.2899667117979112,1.0,0.0,0.0,0
1.7905556635063262,1.5479732827897112,-0.4895968793367984,0.33968994940292735,0.17814822044105316,1.0,0.0,0.0,0
-1.0558425107163636,-0.8144466995412062,-0.3897215319843037,0.8993932820467001,-0.8866920248021348,0.0,1.0,0.0,0
0.8916930821728467,0.4005121485147019,-0.445207836069023,0.019859473606486232,0.31908295878206333,0.0,1.0,0.0,0
-0.40666397975329344,-0.8144466995412062,-0.5506318138299896,-0.09008225244854068,1.2586478810554644,0.0,0.0,1.0,0
-0.057106309234725997,0.0630235796102851,0.7865881146117448,-1.0895524893124204,1.3995826193964747,1.0,0.0,0.0,0
-0.9060320804941122,-0.4094604168559291,-0.7836742909858105,1.2891866744236131,-0.4482283944078809,1.0,0.0,0.0,0
-1.0059057006422703,-0.2744649892941317,-0.7559311389434509,1.1292714365253922,0.22512646655472324,1.0,0.0,0.0,0
1.840492473580391,1.6154709965705716,-0.15113042442001084,-0.08008755007990175,1.196010219570571,1.0,0.0,0.0,0
0.24251455120977664,0.46800986229556224,0.37044083397635025,-0.6497855850923135,0.20946705118349987,1.0,0.0,0.0,0
-1.305526561086773,-1.0844375546647627,-0.289846184631809,0.6195416157248141,0.6635900969489771,0.0,0.0,1.0,0
-0.10704311930879085,-0.3419627030750304,0.015328487834146953,0.029854175975124464,0.522655358607967,1.0,0.0,0.0,0
1.7905556635063262,1.750466424132369,0.37044083397635025,-0.6397908827236746,1.196010219570571,1.0,0.0,0.0,0
1.141377132543256,0.9404938587617381,2.0516758477433443,-1.6792399290621096,-1.293836824453942,0.0,1.0,0.0,0
1.7905556635063262,1.8854618516941282,1.5855908934317022,-1.4793458816893337,-1.2311991629690486,0.0,1.0,0.0,0
-0.9559688905681771,-1.4219261235691794,1.219381286472555,-1.1395260011556145,1.0707348966007844,0.0,1.0,0.0,0
0.14264093106161854,1.1429870001043958,0.5923860503152274,-1.1095418940496984,1.415242034767698,0.0,1.0,0.0,0
0.39232498143202793,1.2104847138852945,-0.6227640091401246,0.3296952470342884,1.1333725580856777,1.0,0.0,0.0,0
0.7418826519505954,0.6030052898573213,-0.7725770301688667,1.0792979246821983,-1.654003377992079,1.0,0.0,0.0,0
-1.2555897510126797,-0.9494421271029653,-0.5506318138299896,0.6095469133561752,-0.36993131755176417,0.0,0.0,1.0,0
-1.0558425107163636,-0.5444558444176881,0.2095305521306644,-0.5298491566686476,-1.607025131878409,0.0,0.0,1.0,0
-1.1057793207904283,-0.5444558444176881,-0.7725770301688667,1.688974769169165,-1.1529020861129318,1.0,0.0,0.0,0
1.4909348030618235,0.805498431199979,1.086214156669229,-1.3893935603715843,1.3526043732828046,1.0,0.0,0.0,0
0.9416298922469115,-0.2744649892941317,0.0652661615103943,-0.5398438590372866,1.6188144345936015,0.0,1.0,0.0,0
-0.4566007898273583,0.13052129339114543,-0.46185372729443874,0.8394250678348673,-0.10372125624096717,0.0,1.0,0.0,0
0.29245136128386984,0.46800986229556224,-0.21216535891320204,0.5295892944070644,1.0550754812295609,0.0,0.0,1.0,0
-0.7062848401977677,-0.13946956173237265,-0.18997083727931435,0.5695681038816202,0.569633604721637,1.0,0.0,0.0,0
0.3423881713579347,0.0630235796102851,1.008533330950622,-0.7697220135159794,0.9767784043734442,1.0,0.0,0.0,0
1.2911875627655074,1.2779824276661549,-0.7892229213942824,0.6895045323052853,-0.40125014829421085,1.0,0.0,0.0,0
0.6420090318024373,0.67050300363822,1.757598436094332,-1.8091710598544142,1.274307296426688,1.0,0.0,0.0,0
-0.40666397975329344,-1.0844375546647627,0.44812165969495726,-0.5898173708804806,-0.2916342406956474,1.0,0.0,0.0,0
0.9416298922469115,0.26551672095290446,0.392635355610238,-0.5198544543000094,-0.5735037173776678,1.0,0.0,0.0,0
-1.8548314719016565,-1.8944101200353554,0.5923860503152274,-0.49986504956273153,1.321285542540358,1.0,0.0,0.0,0
-0.15697992938288408,0.67050300363822,-0.5062427705622142,0.9793509009958102,-0.4325689790366576,0.0,1.0,0.0,0
0.492198601580186,1.0079915725426367,0.05971753110192237,-0.5098597519313705,0.8515030814036574,0.0,1.0,0.0,0
-0.9559688905681771,-0.7469489857603459,1.4690696548537918,-1.4893405840579723,0.16248880506982982,0.0,1.0,0.0,0
-0.4566007898273583,-1.0844375546647627,-1.1498838979449577,1.1692502459999479,-0.5735037173776678,0.0,1.0,0.0,0
0.6420090318024373,0.46800986229556224,-0.017963294616684607,-0.07009284771126352,-1.1998803322266018,1.0,0.0,0.0,0
-1.2555897510126797,-0.9494421271029653,0.03752300946803466,-0.6198014779863974,0.49133652786552023,1.0,0.0,0.0,0
-1.0059057006422703,-1.2194329822265217,-0.5395345530130458,0.4096528659833992,1.509198526995038,1.0,0.0,0.0,0
-0.9559688905681771,-1.4894238373500397,-0.2010680980962582,0.46962108019523213,-0.8397137786884648,0.0,1.0,0.0,0
-0.6563480301237028,-0.3419627030750304,-0.289846184631809,-0.6397908827236746,1.1803508041993478,0.0,1.0,0.0,0
0.24251455120977664,-0.004474134170613608,-0.7004448348587317,0.44963167545795424,0.6949089276914238,1.0,0.0,0.0,0
-0.5564744099755448,0.19801900717204413,-0.46185372729443874,0.4096528659833992,0.16248880506982982,1.0,0.0,0.0,0
-0.5564744099755448,-0.004474134170613608,1.4135833507690725,-1.2794518343165577,0.09985114358493641,1.0,0.0,0.0,0
-0.3567271696792002,-1.151935268445623,0.620129202357587,-1.1994942153674473,-1.5913657165071857,1.0,0.0,0.0,0
-0.756221650271861,-0.20696727551327135,0.09855794396122586,-0.23000808560948371,-0.3386124868093175,0.0,1.0,0.0,0
0.09270412098752531,-0.07197184795151232,0.1484956176374732,-0.3599392164017885,0.9767784043734442,1.0,0.0,0.0,0
0.24251455120977664,1.1429870001043958,-0.5228886617876299,0.47961578256387033,-0.3855907329229875,1.0,0.0,0.0,0
1.141377132543256,0.67050300363822,-0.10119275074376351,-0.5198544543000094,-0.5578443020064444,0.0,1.0,0.0,0
-0.5564744099755448,-0.6119535581985485,7.333971996608619,-3.538254569628926,0.5539741893504136,1.0,0.0,0.0,1
0.24251455120977664,-0.47695813063678943,-0.3564297495334722,0.6795098299366463,-0.21333716383953064,1.0,0.0,0.0,0
-1.2555897510126797,-0.9494421271029653,-0.140033163603067,-0.3099657045585945,0.4130394510094035,1.0,0.0,0.0,0
-1.455336991308996,-0.9494421271029653,0.9863388093167341,-0.869669037202367,-0.7300978710899013,0.0,1.0,0.0,0
-0.856095270420019,-1.3544284097882808,-0.295394815040281,0.2297482233479004,-0.3386124868093175,1.0,0.0,0.0,0
0.09270412098752531,0.0630235796102851,-0.5506318138299896,1.1092820317881151,-1.0432861785143683,1.0,0.0,0.0,0
-0.3067903596051354,-0.5444558444176881,0.16514150886288897,0.07982768781831845,-0.542184886635221,1.0,0.0,0.0,0
-1.2056529409385865,-0.8819444133221049,-0.3564297495334722,0.6595204251993692,-0.8397137786884648,0.0,1.0,0.0,0
-1.305526561086773,-0.8144466995412062,-0.0568037074759881,0.12980119966151243,0.8984813275173275,1.0,0.0,0.0,0
-0.10704311930879085,-0.4094604168559291,-0.7670283997603947,0.8094409607289511,0.5539741893504136,0.0,1.0,0.0,0
-0.6064112200496096,0.0630235796102851,-0.31204070626569674,0.5395839967757032,1.321285542540358,0.0,0.0,1.0,0
0.4422617915060928,0.9404938587617381,2.96165123473274,-1.859144571697608,-0.04108359475607377,1.0,0.0,0.0,0
-0.756221650271861,-0.4094604168559291,-0.10119275074376351,-0.24999749034676158,-0.21333716383953064,0.0,1.0,0.0,0
1.041503512395098,0.5355075760764609,0.4592189205119011,-0.31996040692723343,-0.980648517029475,1.0,0.0,0.0,0
-1.1557161308645216,-1.6244192649117988,2.118259412645007,-1.7092240361680262,-0.6204819634913378,1.0,0.0,0.0,0
-1.405400181234931,-1.016939840883864,0.05971753110192237,0.14979060439879033,0.2721047126683933,1.0,0.0,0.0,0
-1.2555897510126797,-0.8144466995412062,-0.46740235770291066,0.6095469133561752,0.616611850835307,0.0,1.0,0.0,0
1.041503512395098,0.33301443473380316,0.10965520477816972,-0.39991802587634356,0.2564452972971699,1.0,0.0,0.0,0
-1.3554633711608377,-1.016939840883864,-0.7836742909858105,2.038789352071523,-1.4974092242798456,1.0,0.0,0.0,0
-0.2069167394569489,-0.4094604168559291,0.764393592977857,-0.8896584419396445,1.3056261271691345,1.0,0.0,0.0,0
0.9416298922469115,0.67050300363822,0.009779857425675026,-0.11007165718581856,1.3369449579115813,1.0,0.0,0.0,0
1.191313942617321,0.67050300363822,-1.2331133540720367,1.938842328385135,1.1177131427144544,1.0,0.0,0.0,0
-0.6064112200496096,-0.20696727551327135,-0.5062427705622142,0.47961578256387033,-1.1998803322266018,0.0,1.0,0.0,0
-0.7062848401977677,-1.0844375546647627,1.3248052642335217,-1.1795048106301698,0.835843666032434,0.0,1.0,0.0,0
0.6919458418765022,0.46800986229556224,0.9253038748235429,-1.2094889177360864,0.9767784043734442,1.0,0.0,0.0,0
0.14264093106161854,-0.13946956173237265,0.43147576846954144,0.07982768781831845,0.7888654199187639,0.0,1.0,0.0,0
-0.6563480301237028,-0.13946956173237265,0.03752300946803466,0.0898223901869574,0.021554066728819647,1.0,0.0,0.0,0
1.091440322469163,1.0754892863235355,0.30385726907468713,-0.31996040692723343,-0.40125014829421085,0.0,0.0,1.0,0
-1.8548314719016565,-1.9619078338162157,1.302610742599634,-1.4093829651088623,0.7262277584338706,0.0,0.0,1.0,0
-0.856095270420019,0.0630235796102851,0.031974379059562734,-0.3699339187704274,-0.2759748253244241,1.0,0.0,0.0,0
0.8417562720987535,0.0630235796102851,-0.7614797693519229,1.0093350081017272,-1.6383439626208558,1.0,0.0,0.0,0
0.09270412098752531,-0.3419627030750304,-0.217713989321674,0.5695681038816202,-0.2916342406956474,0.0,1.0,0.0,0
-0.9060320804941122,-0.6794512719794472,-1.0333626593670473,1.0293244128390042,0.6635900969489771,0.0,1.0,0.0,0
-0.2069167394569489,-0.6119535581985485,0.1928846609052486,-0.08008755007990175,-0.3855907329229875,1.0,0.0,0.0,0
-1.405400181234931,-1.4219261235691794,0.8198798970625764,-0.9596213585201163,-0.40125014829421085,0.0,1.0,0.0,0
-0.9060320804941122,-1.4894238373500397,1.4690696548537918,-1.4893405840579723,0.0058946513575962945,1.0,0.0,0.0,0
-0.7062848401977677,-0.07197184795151232,0.2983086386662152,-0.2599921927154005,-0.9493296862870282,1.0,0.0,0.0,0
0.24251455120977664,1.2779824276661549,0.7588449625693852,-0.47987564482545364,-0.1663589177258606,0.0,1.0,0.0,0
0.19257774113568338,-0.5444558444176881,1.1805408736132517,-1.0995471916810593,-0.8710326094309114,1.0,0.0,0.0,0
1.840492473580391,1.6154709965705716,-0.0789982291098758,0.38966346124612133,1.2586478810554644,1.0,0.0,0.0,0
-0.25685354953104217,-0.4094604168559291,-0.8447092254790017,1.6190118525886938,-1.1842209168553786,0.0,1.0,0.0,0
-1.455336991308996,-1.0844375546647627,-0.3952701623927756,0.4396369730893153,1.3995826193964747,1.0,0.0,0.0,0
-1.6051474215312471,-1.2194329822265217,0.5757401590898116,-0.5298491566686476,1.3056261271691345,1.0,0.0,0.0,0
-0.40666397975329344,-1.016939840883864,-0.5395345530130458,0.6495257228307302,-1.5130686396510689,1.0,0.0,0.0,0
-1.2056529409385865,-1.016939840883864,-0.600569487506237,1.259202567317697,-1.2781774090827187,0.0,1.0,0.0,0
-0.9060320804941122,-1.151935268445623,-0.3564297495334722,0.9893456033644492,-0.9493296862870282,1.0,0.0,0.0,0
0.492198601580186,0.67050300363822,1.4690696548537918,-1.419377667477501,1.0394160658583376,1.0,0.0,0.0,0
-0.5065375999014515,0.19801900717204413,-0.25100577177250555,0.6595204251993692,0.569633604721637,0.0,1.0,0.0,0
0.09270412098752531,-0.6794512719794472,0.5701915286813396,-0.879663739571006,-1.1059238399992617,0.0,1.0,0.0,0
1.7406188534322329,1.5479732827897112,-0.750382508534979,0.8594144725721451,1.3369449579115813,1.0,0.0,0.0,0
1.091440322469163,0.7380007174191187,-0.8058688126196982,1.3691442933727238,0.5069959432367436,1.0,0.0,0.0,0
0.14264093106161854,0.9404938587617381,-0.37862427116735986,-0.2999710021899556,0.09985114358493641,1.0,0.0,0.0,0
-0.3567271696792002,-0.9494421271029653,0.3648922035678783,-0.2999710021899556,-0.46388780977910427,1.0,0.0,0.0,0
1.2412507526914143,1.2779824276661549,-1.0278140289585753,0.9393720915212552,0.14682938969860648,1.0,0.0,0.0,0
-0.8061584603459542,-0.47695813063678943,0.031974379059562734,-0.3099657045585945,-1.6383439626208558,1.0,0.0,0.0,0
-1.0059057006422703,-0.8819444133221049,3.117012886169954,-2.25893266644316,1.415242034767698,0.0,1.0,0.0,0
0.39232498143202793,0.13052129339114543,-0.140033163603067,-0.00012993113079164646,0.7418871738050938,1.0,0.0,0.0,0
0.04276731091346047,0.9404938587617381,-0.40081879280124755,-0.42990213298225965,-0.980648517029475,1.0,0.0,0.0,0
0.39232498143202793,-0.20696727551327135,-1.5604825481718803,1.489080721796389,0.9454595736309974,0.0,1.0,0.0,0
-0.10704311930879085,-0.20696727551327135,-0.31204070626569674,-0.04010874060534669,-0.3229530714380941,1.0,0.0,0.0,0
0.5421354116542793,1.5479732827897112,-0.02906055543362846,-0.10007695481717963,0.3347423741532867,1.0,0.0,0.0,0
1.3411243728395723,1.1429870001043958,-0.3286865974911125,0.5195945920384261,-1.560046885764739,1.0,0.0,0.0,0
-0.4566007898273583,0.33301443473380316,-0.8336119646620579,2.1387363757579108,-0.6831196249762312,1.0,0.0,0.0,0
0.9915667023210047,-0.20696727551327135,-0.8502578558874736,2.2686675065502158,0.5383147739791903,0.0,1.0,0.0,1
-0.6064112200496096,-0.6119535581985485,-0.37307564075888794,0.7494727465171181,0.2721047126683933,0.0,1.0,0.0,0
0.3423881713579347,0.4005121485147019,-0.18997083727931435,-0.4398968353508986,-0.04108359475607377,0.0,1.0,0.0,0
1.2911875627655074,0.33301443473380316,-0.08454685951834773,-0.6297961803550356,1.509198526995038,0.0,1.0,0.0,0
-0.007169499160632764,-0.07197184795151232,0.620129202357587,-1.1894995129988084,0.09985114358493641,0.0,1.0,0.0,0
1.3411243728395723,1.4129778552279522,0.13739835682052934,-0.7897114182532565,1.2586478810554644,0.0,1.0,0.0,0
0.04276731091346047,0.8729961449808777,1.158346351979364,-1.3394200485283905,-1.027626763143145,0.0,1.0,0.0,0
-1.8548314719016565,-1.9619078338162157,-0.02906055543362846,-0.6198014779863974,0.6792495123202005,0.0,1.0,0.0,0
-0.9060320804941122,-0.5444558444176881,2.1238080430534794,-1.7392081432739424,0.38172062026695674,1.0,0.0,0.0,0
-1.405400181234931,-1.151935268445623,1.3137080034165778,-1.1994942153674473,-1.0119673477719215,0.0,1.0,0.0,0
1.7406188534322329,2.0204572792558873,-1.205370202029677,1.948837030753774,-0.5735037173776678,1.0,0.0,0.0,0
0.04276731091346047,-0.5444558444176881,-0.03460918584210039,-0.2999710021899556,-0.10372125624096717,1.0,0.0,0.0,0
0.8916930821728467,0.7380007174191187,0.6867127672592501,-0.8396849300964505,1.4309014501389214,0.0,1.0,0.0,0
-1.1057793207904283,-0.7469489857603459,-1.4273154183685541,1.808911197592831,0.0058946513575962945,1.0,0.0,0.0,0
0.04276731091346047,-0.13946956173237265,-0.6061181179147088,1.668985364431888,-0.9963079324006983,1.0,0.0,0.0,0
-0.856095270420019,-1.286930696007382,1.6688203495587812,-1.8491498693289692,-0.30729365606687076,1.0,0.0,0.0,0
1.3411243728395723,1.0079915725426367,0.09300931355275392,-0.49986504956273153,0.8828219121461041,0.0,0.0,1.0,0
-1.305526561086773,-1.0844375546647627,-0.8169660734366421,0.969356198627172,1.0394160658583376,1.0,0.0,0.0,0
-1.5552106114571824,-1.4219261235691794,-0.5783749658723493,0.15978530676742925,0.49133652786552023,1.0,0.0,0.0,0
1.7406188534322329,1.3454801414470536,-0.7892229213942824,1.2891866744236131,-0.4325689790366576,0.0,0.0,1.0,0
-0.7062848401977677,-0.3419627030750304,0.24837096498996789,-0.819695525359173,-1.2625179937114952,0.0,0.0,1.0,0
1.6407452332840748,1.1429870001043958,-0.17332494605389856,-0.44989153771953755,1.7127709268209417,1.0,0.0,0.0,0
0.19257774113568338,1.0754892863235355,-1.0000708769162157,1.5390542336395832,0.8201842506612106,0.0,1.0,0.0,0
-1.0059057006422703,-1.6244192649117988,0.2317250737645521,0.33968994940292735,0.08419172821371305,0.0,1.0,0.0,0
1.4909348030618235,0.805498431199979,-0.43965920566055106,0.38966346124612133,-0.07240242549852047,0.0,1.0,0.0,0
0.39232498143202793,0.13052129339114543,1.7243066536435003,-1.7192187385366648,-1.1685615014841553,1.0,0.0,0.0,0
-1.305526561086773,-1.0844375546647627,-0.12338727237765122,0.09981709255559633,-1.4034527320525054,0.0,1.0,0.0,0
0.3423881713579347,0.67050300363822,-0.5728263354638773,0.4896104849325093,0.17814822044105316,1.0,0.0,0.0,0
-0.9060320804941122,-0.8819444133221049,-0.5728263354638773,0.9093879844153391,-1.2781774090827187,1.0,0.0,0.0,0
0.09270412098752531,0.19801900717204413,-1.1554325283534297,1.209229055474503,-1.2155397475978251,1.0,0.0,0.0,0
-1.305526561086773,-1.151935268445623,-1.133238006719542,1.788921792855553,0.08419172821371305,0.0,1.0,0.0,0
-1.1057793207904283,-1.0844375546647627,-0.15113042442001084,-0.4898703471940926,0.4756771124942969,0.0,0.0,1.0,0
-1.2555897510126797,-0.7469489857603459,0.08191205273581008,-0.5198544543000094,1.509198526995038,1.0,0.0,0.0,0
-0.3567271696792002,-0.6794512719794472,-0.6893475740417878,0.7594674488857571,0.7575465891763172,1.0,0.0,0.0,0
1.6407452332840748,0.8729961449808777,0.2927600082577433,-0.6297961803550356,-1.4660903935373988,1.0,0.0,0.0,0
0.29245136128386984,1.1429870001043958,-0.8336119646620579,1.209229055474503,1.6031550192223782,0.0,1.0,0.0,0
-0.5065375999014515,0.26551672095290446,-0.31204070626569674,0.14979060439879033,-0.18201833309708393,1.0,0.0,0.0,0
1.141377132543256,1.0079915725426367,-0.07344959870140388,-0.18003457376628973,-0.9493296862870282,0.0,0.0,1.0,0
-1.0558425107163636,-1.016939840883864,3.2723745376071682,-2.129001535650856,0.28776412803961665,0.0,0.0,1.0,0
0.8417562720987535,0.67050300363822,2.6453793014498403,-2.0690333214390226,1.1333725580856777,0.0,0.0,1.0,0
-1.2056529409385865,-0.9494421271029653,-0.09564412033529159,-0.2999710021899556,-0.02542417938485041,1.0,0.0,0.0,0
1.7905556635063262,1.750466424132369,-0.20661672850473012,-0.05010344297398563,-0.07240242549852047,1.0,0.0,0.0,0
-1.6051474215312471,-1.4894238373500397,-0.8058688126196982,0.7694621512543961,0.7418871738050938,1.0,0.0,0.0,0
1.5408716131359168,1.750466424132369,-0.750382508534979,0.059838283081041284,0.6949089276914238,0.0,0.0,1.0,0
0.5920722217283441,0.46800986229556224,2.284718324899165,-1.8691392740662467,-0.9963079324006983,1.0,0.0,0.0,0
-0.5564744099755448,0.4005121485147019,-0.739285247718035,0.37966875887748236,-1.4974092242798456,1.0,0.0,0.0,0
-1.6550842316053405,-1.3544284097882808,-0.4895968793367984,1.06930322231356,1.3995826193964747,1.0,0.0,0.0,0
0.9915667023210047,0.4005121485147019,0.24282233458149596,-0.47987564482545364,0.9924378197446675,1.0,0.0,0.0,0
-1.6550842316053405,-1.4219261235691794,1.1306031999370043,-1.2094889177360864,-0.8240543633172414,1.0,0.0,0.0,0
0.19257774113568338,-0.07197184795151232,-0.14558179401153892,-0.13006106192309574,-0.495206640521551,0.0,0.0,1.0,0
0.24251455120977664,1.0754892863235355,-0.46185372729443874,1.1092820317881151,1.3369449579115813,0.0,1.0,0.0,0
1.7406188534322329,2.087954993036786,1.985092282841681,-1.6392611195875544,-0.5108660558927743,1.0,0.0,0.0,0
-0.856095270420019,-0.6794512719794472,-0.3841729015758318,-0.16004516902901256,-1.5287280550222924,0.0,0.0,1.0,0
-1.305526561086773,-1.2194329822265217,-1.0000708769162157,0.6895045323052853,1.4309014501389214,0.0,0.0,1.0,0
1.141377132543256,0.805498431199979,-0.4729509881113826,0.37966875887748236,0.0685323128424897,0.0,1.0,0.0,0
1.3411243728395723,1.1429870001043958,1.219381286472555,-1.0095948703633104,-1.607025131878409,0.0,1.0,0.0,0
-1.1057793207904283,-0.6794512719794472,0.7532963321609132,-0.9996001679946714,0.037213482100043,0.0,1.0,0.0,0
1.9403660937285492,2.155452706817646,-0.3231379670826406,-0.00012993113079164646,-0.11938067161219053,1.0,0.0,0.0,0
-0.3067903596051354,-0.6119535581985485,0.043071639876506584,0.0898223901869574,-0.9023514401733582,0.0,0.0,1.0,0
-1.0558425107163636,-0.6794512719794472,-0.0789982291098758,-0.1500504666603736,0.08419172821371305,0.0,1.0,0.0,0
1.141377132543256,0.9404938587617381,-0.5339859226045738,0.4096528659833992,-0.8866920248021348,0.0,0.0,1.0,0
-0.5065375999014515,0.19801900717204413,-0.21216535891320204,0.2997111399283723,-0.2603154099532007,1.0,0.0,0.0,0
1.840492473580391,1.6829687103514703,0.5147052245966204,-0.3399498116645106,1.2273290503130179,1.0,0.0,0.0,0
1.7406188534322329,1.0754892863235355,3.572000579664652,-2.298911475917715,0.037213482100043,1.0,0.0,0.0,0
-1.1057793207904283,-0.7469489857603459,-0.11783864196917929,0.039848878343763404,-1.654003377992079,1.0,0.0,0.0,0
0.14264093106161854,-0.13946956173237265,-0.49514550974527033,1.499075424165028,0.4286988663806268,1.0,0.0,0.0,0
0.8916930821728467,0.4005121485147019,-0.7559311389434509,0.6795098299366463,0.6792495123202005,1.0,0.0,0.0,0
0.09270412098752531,-0.2744649892941317,-0.5395345530130458,0.919382686783978,-0.7300978710899013,0.0,0.0,1.0,0
-0.9060320804941122,-1.0844375546647627,-0.7836742909858105,1.1792449483685863,-0.495206640521551,0.0,0.0,1.0,0
-1.0558425107163636,-1.4894238373500397,-0.4895968793367984,-0.18003457376628973,-0.4325689790366576,1.0,0.0,0.0,0
-0.3567271696792002,0.5355075760764609,-0.6283126395485966,0.23974292571653935,-1.6853222087345259,1.0,0.0,0.0,0
1.3411243728395723,0.33301443473380316,-0.1566790548284828,-0.23000808560948371,-0.7457572864611246,1.0,0.0,0.0,0
-1.2555897510126797,-0.9494421271029653,-0.3231379670826406,-0.1200663595544575,-1.4660903935373988,0.0,0.0,1.0,0
0.19257774113568338,0.67050300363822,1.4579723940368479,-1.3993882627402232,1.3995826193964747,1.0,0.0,0.0,0
-0.007169499160632764,-0.2744649892941317,0.4980593333712046,-0.7697220135159794,-0.2916342406956474,0.0,0.0,1.0,0
1.3910611829136654,1.5479732827897112,-0.25100577177250555,-0.24999749034676158,1.415242034767698,1.0,0.0,0.0,0
-1.0059057006422703,-0.5444558444176881,0.697810028076194,-0.3399498116645106,-1.340815070567612,1.0,0.0,0.0,0
0.14264093106161854,0.26551672095290446,0.7366504409354975,-1.0795577869437818,-1.0746050092568151,1.0,0.0,0.0,0
-0.9060320804941122,-1.4219261235691794,-0.4285619448436072,0.5495786991443422,0.9924378197446675,0.0,0.0,1.0,0
-2.2543259524943173,-2.704382685405948,-0.46185372729443874,-0.08008755007990175,0.9298001582597741,1.0,0.0,0.0,0
1.191313942617321,0.13052129339114543,0.5202538550050922,-1.1994942153674473,0.8828219121461041,1.0,0.0,0.0,0
-0.756221650271861,-0.2744649892941317,1.7853415881366916,-1.3094359414224743,0.35040178952451007,1.0,0.0,0.0,0
1.6906820433581398,1.2104847138852945,-0.9612304640569121,1.0892926270508372,1.4465608655101447,1.0,0.0,0.0,1
-0.756221650271861,-0.2744649892941317,-0.16777631564542664,0.7294833417798403,-1.654003377992079,0.0,1.0,0.0,0
2.0901765239508006,2.290448134379405,0.9641442876828464,-1.6492558219561932,-0.9023514401733582,0.0,1.0,0.0,0
-1.505273801383089,-1.4219261235691794,-0.0568037074759881,0.21975352097926218,0.7732060045475406,1.0,0.0,0.0,0
-0.4566007898273583,-0.7469489857603459,-0.40081879280124755,0.7194886394112021,1.7284303421921652,1.0,0.0,0.0,0
-0.856095270420019,-0.6794512719794472,-0.07344959870140388,-0.3099657045585945,-1.3721339013100589,0.0,1.0,0.0,0
0.6919458418765022,0.805498431199979,1.0418251134014533,-1.3494147508970293,-1.0119673477719215,0.0,1.0,0.0,0
1.840492473580391,1.8854618516941282,0.4869620725542607,-0.8296902277278119,-1.0589455938855916,1.0,0.0,0.0,0
-0.756221650271861,-1.3544284097882808,0.47031618132884495,-1.0195895727319488,0.8201842506612106,1.0,0.0,0.0,0
-0.25685354953104217,0.0630235796102851,-1.0000708769162157,2.108752268651995,-0.6361413788625612,0.0,1.0,0.0,0
0.3423881713579347,1.4804755690088125,0.28166274744079944,-0.1500504666603736,0.6322712662065304,1.0,0.0,0.0,0
1.141377132543256,1.2104847138852945,0.10965520477816972,-0.5598332637745644,1.3056261271691345,0.0,1.0,0.0,0
-0.5564744099755448,0.0630235796102851,-1.0167167681416314,0.7794568536230343,0.13116997432738312,1.0,0.0,0.0,0
-0.057106309234725997,0.26551672095290446,-0.9556818336484403,1.3291654838981681,1.462220280881368,0.0,1.0,0.0,0
-1.305526561086773,-1.286930696007382,1.080665526260757,-1.2294783224733639,-0.5891631327488911,0.0,1.0,0.0,0
0.04276731091346047,-0.47695813063678943,-0.10674138115223544,-0.18003457376628973,0.7888654199187639,0.0,0.0,1.0,0
-0.5065375999014515,0.26551672095290446,-0.8724523775213614,1.299181376792252,-0.2916342406956474,1.0,0.0,0.0,0
0.8916930821728467,0.46800986229556224,0.0652661615103943,-0.23000808560948371,-0.6831196249762312,1.0,0.0,0.0,0
2.0901765239508006,2.290448134379405,-0.31758933667416867,0.13979590203015138,-1.1842209168553786,1.0,0.0,0.0,0
1.191313942617321,1.2104847138852945,-0.8613551167044174,1.0892926270508372,-0.13504008698341388,1.0,0.0,0.0,0
1.141377132543256,0.0630235796102851,-1.2109188324381488,1.2691972696863358,0.4130394510094035,1.0,0.0,0.0,1
0.14264093106161854,-0.2744649892941317,-0.012414664208212682,-0.2899762998213166,1.2429884656842412,1.0,0.0,0.0,0
1.2412507526914143,1.2779824276661549,-0.4840482489283265,0.7394780441484793,-0.47954722515032766,1.0,0.0,0.0,0
0.24251455120977664,0.19801900717204413,-0.5783749658723493,0.3296952470342884,-1.1998803322266018,1.0,0.0,0.0,0
0.3423881713579347,0.0630235796102851,0.015328487834146953,-0.44989153771953755,1.3056261271691345,1.0,0.0,0.0,0
0.09270412098752531,-0.13946956173237265,-0.07344959870140388,0.5595734015129812,1.0550754812295609,1.0,0.0,0.0,0
1.5408716131359168,0.805498431199979,0.49251070296273264,-0.47987564482545364,-1.3251556551963888,1.0,0.0,0.0,0
2.0402397138767356,2.155452706817646,-0.5839235962808211,1.0093350081017272,-1.0119673477719215,1.0,0.0,0.0,0
0.3423881713579347,0.67050300363822,2.38459367225166,-1.9291074882780797,0.021554066728819647,1.0,0.0,0.0,0
-0.4566007898273583,0.4005121485147019,1.5467504805723988,-1.5892876077443603,1.0237566504871143,1.0,0.0,0.0,0
-0.7062848401977677,-0.004474134170613608,-0.09564412033529159,0.029854175975124464,-1.1842209168553786,1.0,0.0,0.0,0
-0.5564744099755448,-0.9494421271029653,0.11520383518664164,-0.7797167158846176,0.16248880506982982,1.0,0.0,0.0,0
-1.405400181234931,-0.9494421271029653,-1.133238006719542,1.299181376792252,-1.0746050092568151,1.0,0.0,0.0,0
0.8417562720987535,0.6030052898573213,0.5812887894982834,-0.7497326087787015,1.462220280881368,0.0,1.0,0.0,0
-0.6563480301237028,-0.07197184795151232,3.0171375388174595,-2.1789750474940495,1.5248579423662616,0.0,1.0,0.0,0
0.6420090318024373,0.33301443473380316,-1.122140745902598,1.2691972696863358,-0.02542417938485041,1.0,0.0,0.0,0
0.29245136128386984,-0.004474134170613608,-0.6671530524079,0.23974292571653935,-0.2759748253244241,0.0,0.0,1.0,0
-1.3554633711608377,-1.0844375546647627,-0.3897215319843037,0.6695151275680081,-0.6674602096050078,1.0,0.0,0.0,0
-0.6064112200496096,-0.07197184795151232,-0.6172153787316527,0.23974292571653935,0.38172062026695674,1.0,0.0,0.0,0
0.14264093106161854,-0.2744649892941317,-0.7836742909858105,1.3691442933727238,-0.40125014829421085,0.0,1.0,0.0,0
-1.0059057006422703,-1.5569215511309384,-0.6061181179147088,0.7294833417798403,-0.9180108555445815,1.0,0.0,0.0,0
0.04276731091346047,0.9404938587617381,-0.3009434454487529,0.039848878343763404,-0.5108660558927743,0.0,0.0,1.0,0
-0.3067903596051354,-0.6119535581985485,0.5868374199067554,-1.1395260011556145,-0.7927355325747947,1.0,0.0,0.0,0
1.141377132543256,1.1429870001043958,-0.31204070626569674,0.049843580712402344,-1.560046885764739,0.0,1.0,0.0,0
1.5908084232099817,0.805498431199979,-0.750382508534979,1.0892926270508372,-1.1998803322266018,1.0,0.0,0.0,0
1.141377132543256,1.1429870001043958,-0.7725770301688667,0.15978530676742925,0.44435828175185016,1.0,0.0,0.0,0
-1.455336991308996,-1.151935268445623,-0.7559311389434509,1.409123102847279,1.1177131427144544,1.0,0.0,0.0,0
1.2412507526914143,0.19801900717204413,-0.7115420956756755,0.9493667938898941,0.037213482100043,0.0,1.0,0.0,0
-1.7549578517534985,-1.6244192649117988,0.009779857425675026,-0.1500504666603736,-0.15069950235463722,1.0,0.0,0.0,0
-1.1557161308645216,-0.8819444133221049,-0.5006941401537423,0.019859473606486232,-0.1976777484683073,1.0,0.0,0.0,0
1.8904292836544843,1.8179641379132294,-0.6948962044502597,0.1697800091360682,1.2899667117979112,1.0,0.0,0.0,0
-2.1045155222720657,-2.366894116501531,-0.02906055543362846,-0.21001868087220654,-0.30729365606687076,1.0,0.0,0.0,0
1.7406188534322329,1.0754892863235355,0.2095305521306644,-0.19002927613492865,0.0685323128424897,1.0,0.0,0.0,0
0.04276731091346047,1.0754892863235355,-0.05125507706751617,-0.3399498116645106,-0.5265254712639977,1.0,0.0,0.0,0
0.6420090318024373,0.26551672095290446,-0.006866033799740755,-0.16004516902901256,-0.6674602096050078,0.0,0.0,1.0,0
0.39232498143202793,0.805498431199979,3.871626621722136,-2.298911475917715,-0.1976777484683073,0.0,0.0,1.0,0
-1.0059057006422703,-0.8144466995412062,-0.7115420956756755,1.3791389957413622,-0.542184886635221,0.0,0.0,1.0,0
0.04276731091346047,-0.2744649892941317,-0.9057441599721929,1.209229055474503,0.616611850835307,0.0,1.0,0.0,0
-0.6563480301237028,-0.20696727551327135,0.34269768193399064,-0.42990213298225965,1.0707348966007844,1.0,0.0,0.0,0
-1.0059057006422703,-0.5444558444176881,-0.8946468991552491,0.969356198627172,-0.21333716383953064,1.0,0.0,0.0,0
1.041503512395098,0.805498431199979,-0.4729509881113826,0.6795098299366463,-1.6853222087345259,1.0,0.0,0.0,0
0.09270412098752531,-0.2744649892941317,-1.0000708769162157,1.1492608412626701,-0.6518007942337846,1.0,0.0,0.0,0
0.9915667023210047,0.6030052898573213,-0.001317403391268828,-0.5798226685118416,-1.4817498089086223,1.0,0.0,0.0,0
2.0901765239508006,2.3579458481603037,1.1084086783031166,-1.1894995129988084,-0.4325689790366576,0.0,1.0,0.0,0
-0.25685354953104217,-0.5444558444176881,0.28166274744079944,-0.4099127282449825,-1.340815070567612,0.0,1.0,0.0,0
-1.0059057006422703,-0.5444558444176881,-0.5617290746469334,0.28971643755973336,-0.10372125624096717,0.0,1.0,0.0,0
0.7918194620246887,0.6030052898573213,-0.8558064862959456,1.06930322231356,1.368263788654028,1.0,0.0,0.0,0
0.4422617915060928,-0.20696727551327135,-0.43965920566055106,0.20975881861062326,1.149031973456901,1.0,0.0,0.0,0
-0.4566007898273583,0.19801900717204413,1.0418251134014533,-1.129531298786976,-1.0119673477719215,1.0,0.0,0.0,0
1.141377132543256,0.0630235796102851,0.6312264631745308,-1.029584275100588,-1.1529020861129318,1.0,0.0,0.0,0
-0.2069167394569489,-0.5444558444176881,0.004231227017203099,-0.3299551092958717,1.7754085883058353,1.0,0.0,0.0,0
0.14264093106161854,-0.20696727551327135,-0.4840482489283265,0.14979060439879033,0.49133652786552023,0.0,0.0,1.0,0
0.4422617915060928,0.6030052898573213,-0.9390359424230245,1.2492078649490581,-0.009764764013627058,1.0,0.0,0.0,0
1.2911875627655074,0.9404938587617381,0.9918874397252061,-0.879663739571006,0.7262277584338706,0.0,1.0,0.0,0
-0.5564744099755448,0.0630235796102851,-1.0999462242687104,1.449101912321834,-0.8866920248021348,1.0,0.0,0.0,0
-0.6064112200496096,-0.07197184795151232,-0.5561804442384615,0.5195945920384261,-1.0589455938855916,0.0,0.0,1.0,1
0.19257774113568338,-0.2744649892941317,0.7532963321609132,-0.44989153771953755,0.8828219121461041,0.0,1.0,0.0,0
1.141377132543256,0.5355075760764609,-0.4119160536181914,0.37966875887748236,-1.5757063011359624,1.0,0.0,0.0,0
0.9416298922469115,0.8729961449808777,-0.09564412033529159,-0.4398968353508986,-0.6987790403474545,0.0,1.0,0.0,0
0.5920722217283441,1.5479732827897112,-0.06235233788446003,-0.16004516902901256,-0.35427190218054083,1.0,0.0,0.0,0
-0.5564744099755448,-0.3419627030750304,0.5868374199067554,-0.8896584419396445,0.9611189890022208,1.0,0.0,0.0,0
0.24251455120977664,-0.20696727551327135,0.4259271380610695,-0.5498385614059255,0.7418871738050938,1.0,0.0,0.0,0
-0.5564744099755448,0.33301443473380316,-0.6116667483231808,-0.010124633499430586,-1.3877933166812821,0.0,0.0,1.0,0
-1.0059057006422703,-1.6919169786926975,-0.08454685951834773,-0.3699339187704274,-0.15069950235463722,0.0,1.0,0.0,0
-0.756221650271861,-1.151935268445623,-0.8780010079298333,1.0493138175762822,-1.340815070567612,0.0,1.0,0.0,0
-1.305526561086773,-1.151935268445623,-1.0666544418178787,0.5795628062502584,-1.0119673477719215,1.0,0.0,0.0,0
-0.3567271696792002,0.33301443473380316,-0.750382508534979,0.7494727465171181,-1.4974092242798456,0.0,1.0,0.0,0
0.6420090318024373,0.0630235796102851,-0.3897215319843037,-0.030114038236707757,1.1177131427144544,0.0,0.0,1.0,0
0.09270412098752531,-0.3419627030750304,-0.5728263354638773,0.8794038773094223,0.4286988663806268,1.0,0.0,0.0,0
-0.40666397975329344,0.26551672095290446,-0.8003201822112262,1.5390542336395832,-0.495206640521551,0.0,1.0,0.0,0
-0.9060320804941122,-0.6794512719794472,-0.672701682816372,0.41964756835203815,-0.3229530714380941,1.0,0.0,0.0,0
0.04276731091346047,-0.6119535581985485,-0.7725770301688667,0.6695151275680081,-0.47954722515032766,1.0,0.0,0.0,0
1.4909348030618235,1.8179641379132294,-0.6283126395485966,0.6795098299366463,-0.13504008698341388,0.0,1.0,0.0,0
1.141377132543256,0.9404938587617381,-0.3064920758572248,-0.05010344297398563,-1.340815070567612,0.0,1.0,0.0,0
0.5421354116542793,1.0754892863235355,-0.595020857097765,0.8094409607289511,1.4778796962525915,1.0,0.0,0.0,0
1.091440322469163,0.5355075760764609,3.6829731878340906,-2.33889028539227,-0.9493296862870282,1.0,0.0,0.0,0
0.3423881713579347,1.1429870001043958,-0.19551946768778627,-0.3099657045585945,1.900683911275622,0.0,1.0,0.0,0
-1.6550842316053405,-1.6244192649117988,-0.12893590278612316,-0.2599921927154005,0.6009524354640837,1.0,0.0,0.0,0
-0.5564744099755448,-1.2194329822265217,-0.9279386816060806,2.358619827867965,-1.2155397475978251,0.0,1.0,0.0,1
0.04276731091346047,-0.5444558444176881,-1.1831756803957894,1.589027745482777,-0.8240543633172414,1.0,0.0,0.0,0
0.04276731091346047,-0.2744649892941317,0.24837096498996789,-0.3299551092958717,0.8984813275173275,0.0,1.0,0.0,0
-0.5564744099755448,0.13052129339114543,2.3956909330686034,-1.6792399290621096,0.7418871738050938,1.0,0.0,0.0,0
-0.756221650271861,-0.3419627030750304,-0.21216535891320204,0.019859473606486232,0.09985114358493641,0.0,1.0,0.0,0
-1.0059057006422703,-1.4894238373500397,-0.8502578558874736,1.72895357864372,0.616611850835307,1.0,0.0,0.0,0
-0.4566007898273583,0.4005121485147019,0.2095305521306644,-0.2899762998213166,-0.9963079324006983,1.0,0.0,0.0,0
2.0402397138767356,2.222950420598545,-0.7892229213942824,0.9593614962585331,-1.1529020861129318,0.0,0.0,1.0,0
1.6407452332840748,1.2104847138852945,0.847623049104936,-0.9396319537828385,-1.4034527320525054,1.0,0.0,0.0,0
1.8904292836544843,2.087954993036786,5.314270527924837,-2.698699570663267,-1.607025131878409,1.0,0.0,0.0,1
-0.007169499160632764,-0.3419627030750304,1.829730631404467,-1.7292134409053037,-0.9180108555445815,1.0,0.0,0.0,0
0.7418826519505954,0.5355075760764609,-0.6782503132248439,0.969356198627172,-1.607025131878409,1.0,0.0,0.0,0
0.6919458418765022,0.67050300363822,0.5258024854135642,-0.7397379064100625,0.7418871738050938,1.0,0.0,0.0,0
1.041503512395098,0.5355075760764609,0.14294698722900126,-0.46988094245681544,-1.5913657165071857,1.0,0.0,0.0,0
0.7418826519505954,0.4005121485147019,-0.8058688126196982,0.6495257228307302,1.5405173577374849,1.0,0.0,0.0,0
1.141377132543256,0.6030052898573213,1.2360271776979708,-1.5493087982698053,-0.542184886635221,0.0,1.0,0.0,0
0.9915667023210047,0.67050300363822,0.1484956176374732,-0.2200133832408455,1.7284303421921652,1.0,0.0,0.0,0
0.4422617915060928,0.6030052898573213,-0.3619783799419441,-0.42990213298225965,1.0550754812295609,0.0,0.0,1.0,0
0.7418826519505954,0.46800986229556224,-0.6394099003655405,1.1092820317881151,-1.340815070567612,1.0,0.0,0.0,0
1.7406188534322329,1.750466424132369,0.34824631234246256,-0.5798226685118416,0.0058946513575962945,1.0,0.0,0.0,0
-0.8061584603459542,-1.016939840883864,0.5368997462305081,-0.42990213298225965,-0.009764764013627058,0.0,1.0,0.0,0
-1.305526561086773,-0.47695813063678943,1.219381286472555,-1.519324691163889,-0.41690956366543425,1.0,0.0,0.0,0
0.6420090318024373,0.26551672095290446,-0.6948962044502597,1.139266138894031,1.4309014501389214,1.0,0.0,0.0,0
0.8916930821728467,0.33301443473380316,-0.33978385830805635,-0.14005576429173466,0.522655358607967,0.0,0.0,1.0,0
1.4909348030618235,1.8179641379132294,-0.9889736160992718,0.8794038773094223,0.19380763581227653,1.0,0.0,0.0,0
-1.1057793207904283,-0.4094604168559291,-0.5228886617876299,0.8194356630975901,-1.5287280550222924,0.0,0.0,1.0,0
-0.6563480301237028,-0.13946956173237265,-0.3897215319843037,-0.16004516902901256,-0.7144384557186779,1.0,0.0,0.0,0
-0.5065375999014515,-0.6794512719794472,0.026425748651090805,-0.819695525359173,-1.293836824453942,1.0,0.0,0.0,0
0.6919458418765022,0.4005121485147019,-1.0666544418178787,1.3291654838981681,-0.056743010127297114,1.0,0.0,0.0,0
0.04276731091346047,0.9404938587617381,-0.08454685951834773,0.059838283081041284,-0.15069950235463722,0.0,1.0,0.0,0
-0.756221650271861,-0.3419627030750304,-1.2442106148889804,0.8893985796780612,0.30342354341084,0.0,1.0,0.0,0
-0.9060320804941122,-1.4219261235691794,-1.2553078757059244,2.7284238155076,-0.6361413788625612,1.0,0.0,0.0,1
0.14264093106161854,-0.5444558444176881,0.2650168562153837,-0.8596743348337283,-1.0119673477719215,1.0,0.0,0.0,0
-1.1057793207904283,-0.5444558444176881,0.7976853754286887,-0.9096478466769223,0.8671624967748807,1.0,0.0,0.0,0
0.6919458418765022,0.8729961449808777,0.7477477017524413,-0.6697749898295914,-0.9649891016582516,1.0,0.0,0.0,0
0.7918194620246887,0.33301443473380316,-0.7892229213942824,0.9393720915212552,-0.056743010127297114,1.0,0.0,0.0,0
0.9915667023210047,0.805498431199979,0.4758648117373169,-0.9296372514142,1.274307296426688,0.0,1.0,0.0,0
0.5421354116542793,0.33301443473380316,-1.194272941212733,1.239213162580419,0.9924378197446675,1.0,0.0,0.0,0
-1.1057793207904283,-0.8819444133221049,-0.750382508534979,0.41964756835203815,-0.7144384557186779,1.0,0.0,0.0,0
-0.5065375999014515,0.19801900717204413,-0.5672777050554054,0.7794568536230343,-0.13504008698341388,1.0,0.0,0.0,0
-0.5564744099755448,0.0630235796102851,0.17623876967983285,-0.31996040692723343,-0.46388780977910427,1.0,0.0,0.0,0
-1.2056529409385865,-1.016939840883864,-0.4840482489283265,0.2597323304538172,0.13116997432738312,1.0,0.0,0.0,0
-0.6064112200496096,-0.6119535581985485,-0.8946468991552491,1.439107209953195,0.8984813275173275,1.0,0.0,0.0,0
-0.3067903596051354,-0.9494421271029653,1.14724909116242,-1.319430643791113,-0.009764764013627058,1.0,0.0,0.0,0
-1.305526561086773,-1.016939840883864,-0.4285619448436072,0.2797217351910944,-0.6204819634913378,1.0,0.0,0.0,0
1.091440322469163,0.7380007174191187,-0.12893590278612316,-0.6297961803550356,0.7888654199187639,0.0,1.0,0.0,0
0.24251455120977664,0.46800986229556224,-0.2842975542233371,-0.06009814534262457,0.8045248352899873,1.0,0.0,0.0,0
-0.8061584603459542,-0.4094604168559291,-0.6116667483231808,0.17977471150470642,1.4935391116238148,0.0,1.0,0.0,0
-0.10704311930879085,0.805498431199979,-0.9445845728314964,0.6195416157248141,0.6009524354640837,1.0,0.0,0.0,0
-0.8061584603459542,-0.6794512719794472,-0.3619783799419441,1.2691972696863358,-0.1976777484683073,1.0,0.0,0.0,0
1.2911875627655074,1.0079915725426367,-0.6227640091401246,-0.11007165718581856,1.6501332653360483,1.0,0.0,0.0,0
-0.3567271696792002,0.5355075760764609,-0.09009548992681966,0.0898223901869574,0.522655358607967,0.0,1.0,0.0,0
-0.40666397975329344,0.19801900717204413,-0.6116667483231808,0.009864771237847294,-1.3251556551963888,1.0,0.0,0.0,0
1.840492473580391,1.8854618516941282,0.10410657436969778,-0.23000808560948371,1.5405173577374849,0.0,1.0,0.0,0
1.091440322469163,1.0079915725426367,0.02087711824261888,-0.1500504666603736,-1.1059238399992617,1.0,0.0,0.0,0
-2.2543259524943173,-2.704382685405948,0.32050316030010295,-0.2799815974526777,-1.4347715627949522,1.0,0.0,0.0,0
0.7918194620246887,0.46800986229556224,-0.8835496383383052,1.1792449483685863,1.6971115114497184,1.0,0.0,0.0,1
1.141377132543256,0.4005121485147019,-0.0789982291098758,0.8694091749407841,0.09985114358493641,0.0,0.0,1.0,0
-0.856095270420019,-0.7469489857603459,0.5923860503152274,-1.4593564769520562,-0.9649891016582516,0.0,1.0,0.0,0
-0.8061584603459542,-0.4094604168559291,-0.43411057525207913,0.6295363180934523,0.20946705118349987,1.0,0.0,0.0,0
-0.6064112200496096,-0.20696727551327135,-0.9168414207891368,1.8588847094360248,0.24078588192594658,1.0,0.0,0.0,0
-0.5065375999014515,0.26551672095290446,-1.1110434850856543,0.9593614962585331,-0.21333716383953064,1.0,0.0,0.0,0
0.8417562720987535,0.6030052898573213,0.38153809479329415,-0.6997590969355075,0.8201842506612106,1.0,0.0,0.0,0
0.04276731091346047,-0.6119535581985485,0.0652661615103943,-0.6297961803550356,1.6657926807072716,1.0,0.0,0.0,0
-0.6064112200496096,-0.3419627030750304,0.5868374199067554,-0.7197485016727854,0.7732060045475406,1.0,0.0,0.0,0
1.8904292836544843,1.6829687103514703,-0.5062427705622142,0.42964227072067634,1.368263788654028,0.0,1.0,0.0,0
1.6906820433581398,1.0079915725426367,-0.6394099003655405,1.0792979246821983,0.31908295878206333,1.0,0.0,0.0,0
0.09270412098752531,1.0754892863235355,1.5966881542486462,-1.2994412390538352,-1.340815070567612,1.0,0.0,0.0,0
-2.354199572642475,-2.9068758267486055,-0.3564297495334722,1.099287329419476,1.2429884656842412,1.0,0.0,0.0,0
-1.2056529409385865,-0.6794512719794472,1.918508717940018,-1.4793458816893337,-1.3094962398251653,0.0,0.0,1.0,0
-0.3067903596051354,-0.9494421271029653,0.015328487834146953,0.17977471150470642,0.9141407428885507,0.0,0.0,1.0,0
1.3411243728395723,0.67050300363822,0.8587203099218799,-1.0195895727319488,0.6635900969489771,1.0,0.0,0.0,0
-0.10704311930879085,-0.20696727551327135,-1.2164674628466208,2.1687204828638276,0.4130394510094035,0.0,1.0,0.0,0
0.29245136128386984,0.13052129339114543,0.087460683144282,0.18976941387334537,-1.3877933166812821,1.0,0.0,0.0,0
-0.9559688905681771,-0.6794512719794472,-0.03460918584210039,-0.3899233235077046,1.274307296426688,0.0,1.0,0.0,0
1.2911875627655074,0.26551672095290446,-0.140033163603067,0.2697270328224562,-0.5108660558927743,1.0,0.0,0.0,0
-1.3554633711608377,-0.9494421271029653,0.24837096498996789,-1.0595683822065043,0.522655358607967,0.0,1.0,0.0,0
-0.5564744099755448,0.0630235796102851,0.6423237239914746,-0.8496796324650895,1.0080972351158908,0.0,1.0,0.0,0
-0.756221650271861,-1.3544284097882808,-0.8613551167044174,1.948837030753774,-1.2625179937114952,1.0,0.0,0.0,0
1.4909348030618235,1.5479732827897112,0.7477477017524413,-1.0495736798378654,0.021554066728819647,0.0,1.0,0.0,0
1.3910611829136654,1.4804755690088125,-0.16777631564542664,-0.3499445140331496,-0.8710326094309114,1.0,0.0,0.0,0
0.9416298922469115,0.67050300363822,-0.6061181179147088,0.9793509009958102,1.0394160658583376,0.0,0.0,1.0,0
-0.4566007898273583,0.13052129339114543,-1.038911289775519,1.2791919720549743,-1.0432861785143683,1.0,0.0,0.0,0
-1.1057793207904283,-1.4894238373500397,-0.7059934652672035,0.8294303654662283,-1.2625179937114952,1.0,0.0,0.0,0
-0.6064112200496096,-0.47695813063678943,0.4370243988780134,-0.4898703471940926,1.0237566504871143,0.0,1.0,0.0,0
-1.5552106114571824,-1.151935268445623,0.087460683144282,-0.18003457376628973,1.0550754812295609,1.0,0.0,0.0,0
1.5408716131359168,1.6829687103514703,-0.47849961851985456,0.9093879844153391,0.5069959432367436,1.0,0.0,0.0,0
-1.0558425107163636,-0.7469489857603459,0.043071639876506584,0.39965816361476025,-0.5578443020064444,0.0,1.0,0.0,0
-0.5065375999014515,0.26551672095290446,-0.9334873120145526,1.3791389957413622,1.8850244959043987,1.0,0.0,0.0,1
-1.2555897510126797,-1.0844375546647627,0.2650168562153837,-0.3899233235077046,-0.15069950235463722,0.0,0.0,1.0,0
0.5421354116542793,0.33301443473380316,-0.0568037074759881,-0.13006106192309574,-0.2603154099532007,1.0,0.0,0.0,0
0.5920722217283441,0.46800986229556224,-0.8058688126196982,0.2797217351910944,0.9454595736309974,0.0,1.0,0.0,0
1.4909348030618235,1.5479732827897112,-0.31204070626569674,-0.1200663595544575,0.09985114358493641,0.0,1.0,0.0,0
1.191313942617321,0.6030052898573213,-0.3897215319843037,0.15978530676742925,0.2564452972971699,0.0,1.0,0.0,0
-0.6064112200496096,-0.6119535581985485,-0.5561804442384615,-0.08008755007990175,-0.056743010127297114,1.0,0.0,0.0,0
-0.3067903596051354,-0.7469489857603459,0.05971753110192237,-0.6297961803550356,1.0394160658583376,1.0,0.0,0.0,0
0.14264093106161854,1.1429870001043958,1.0196305917675657,-1.169510108261531,1.3369449579115813,0.0,1.0,0.0,0
-0.9060320804941122,-0.7469489857603459,-0.7281879869010912,-0.1200663595544575,-1.3721339013100589,0.0,1.0,0.0,0
-1.1557161308645216,-0.20696727551327135,0.7810394842032728,-0.9796107632573939,0.9454595736309974,0.0,1.0,0.0,0
-1.3554633711608377,-0.8144466995412062,-0.3897215319843037,0.4096528659833992,0.6635900969489771,0.0,1.0,0.0,0
-0.2069167394569489,0.0630235796102851,-0.289846184631809,0.28971643755973336,-1.027626763143145,1.0,0.0,0.0,0
-0.5065375999014515,-0.9494421271029653,-0.40636742320971947,0.6395310204620913,0.0685323128424897,1.0,0.0,0.0,0
-2.154452332346159,-2.569387257844189,-0.6449585307740123,0.2497376280851783,0.20946705118349987,0.0,1.0,0.0,0
0.14264093106161854,0.9404938587617381,-0.07344959870140388,-0.1500504666603736,-0.10372125624096717,1.0,0.0,0.0,0
-1.0558425107163636,-0.2744649892941317,-0.13448453319459508,-0.1200663595544575,0.2564452972971699,0.0,1.0,0.0,0
1.2412507526914143,0.33301443473380316,-0.4230133144351353,0.2997111399283723,1.274307296426688,1.0,0.0,0.0,0
-0.25685354953104217,-0.4094604168559291,0.13184972641205742,0.14979060439879033,1.1803508041993478,1.0,0.0,0.0,0
1.2412507526914143,0.19801900717204413,-0.001317403391268828,-0.10007695481717963,0.17814822044105316,1.0,0.0,0.0,0
-0.007169499160632764,-0.2744649892941317,-0.972327724873856,0.5895575086188972,-1.4347715627949522,1.0,0.0,0.0,0
-0.25685354953104217,-0.5444558444176881,-0.8114174430281702,0.7294833417798403,-1.3721339013100589,1.0,0.0,0.0,0
-1.0059057006422703,-1.151935268445623,-0.367527010350416,0.2597323304538172,-0.009764764013627058,1.0,0.0,0.0,0
0.7418826519505954,0.7380007174191187,-0.5839235962808211,0.9593614962585331,0.3347423741532867,1.0,0.0,0.0,0
-0.8061584603459542,0.13052129339114543,1.0307278525845096,-0.7997061206218955,-0.4325689790366576,0.0,1.0,0.0,0
-1.6051474215312471,-1.151935268445623,-0.1844222068708424,0.5895575086188972,1.1646913888281245,1.0,0.0,0.0,0
0.14264093106161854,1.2104847138852945,-0.31204070626569674,0.5095998896697872,1.149031973456901,0.0,1.0,0.0,0
0.04276731091346047,0.8729961449808777,0.6145805719491151,-0.6198014779863974,-1.0902644246280384,0.0,1.0,0.0,0
1.2911875627655074,0.7380007174191187,-0.10674138115223544,0.2997111399283723,-0.30729365606687076,0.0,1.0,0.0,0
0.09270412098752531,1.0754892863235355,0.7311018105270255,-1.1195365964183368,0.6479306815777538,1.0,0.0,0.0,0
1.4409979929877303,0.67050300363822,-0.4840482489283265,1.828900602330108,0.24078588192594658,0.0,0.0,1.0,0
0.14264093106161854,1.2104847138852945,0.2927600082577433,-0.7897114182532565,-1.5130686396510689,0.0,1.0,0.0,0
-0.4566007898273583,-1.151935268445623,-0.4895968793367984,0.2797217351910944,-1.3564744859388354,0.0,0.0,1.0,0
0.8916930821728467,0.5355075760764609,-0.3841729015758318,-0.24000278797812266,1.509198526995038,0.0,0.0,1.0,0
-1.305526561086773,-1.0844375546647627,1.3858401987267128,-1.4993352864266114,1.6031550192223782,0.0,1.0,0.0,0
-2.354199572642475,-2.9068758267486055,-0.367527010350416,-0.1500504666603736,1.274307296426688,0.0,1.0,0.0,0
-0.9060320804941122,-1.151935268445623,2.8728731481971894,-2.198964452231327,0.9454595736309974,1.0,0.0,0.0,0
0.9416298922469115,0.8729961449808777,-0.21216535891320204,0.07982768781831845,-0.761416701832348,1.0,0.0,0.0,0
-1.305526561086773,-0.9494421271029653,-0.06235233788446003,-1.0895524893124204,0.8671624967748807,0.0,1.0,0.0,0
-1.0558425107163636,-0.6119535581985485,-0.5783749658723493,0.46962108019523213,-1.560046885764739,0.0,0.0,1.0,0
-0.007169499160632764,-0.3419627030750304,-0.1844222068708424,-0.1200663595544575,-0.3229530714380941,1.0,0.0,0.0,0
-1.2555897510126797,-0.4094604168559291,1.4968128068961515,-1.5692982030070828,0.037213482100043,1.0,0.0,0.0,0
0.5920722217283441,0.5355075760764609,1.080665526260757,-0.869669037202367,-0.6831196249762312,0.0,1.0,0.0,0
-1.305526561086773,-0.9494421271029653,0.5757401590898116,-0.8996531443082835,-0.2916342406956474,0.0,1.0,0.0,0
-0.15697992938288408,0.19801900717204413,-0.6116667483231808,0.7694621512543961,-1.1372426707417085,0.0,1.0,0.0,0
-1.2056529409385865,-1.2194329822265217,2.950553973915796,-2.148990940388133,0.569633604721637,0.0,0.0,1.0,0
1.141377132543256,1.0754892863235355,-0.7836742909858105,0.9093879844153391,0.17814822044105316,1.0,0.0,0.0,0
1.840492473580391,1.8854618516941282,-0.09009548992681966,0.06983298544968022,-0.761416701832348,1.0,0.0,0.0,0
-0.3567271696792002,-0.6794512719794472,-0.12893590278612316,-0.13006106192309574,-0.6831196249762312,1.0,0.0,0.0,0
0.9416298922469115,0.6030052898573213,-0.8890982687467771,1.4790860194277502,-0.13504008698341388,1.0,0.0,0.0,0
0.29245136128386984,-0.4094604168559291,0.09300931355275392,-0.39991802587634356,-0.15069950235463722,1.0,0.0,0.0,0
0.29245136128386984,0.5355075760764609,-0.8946468991552491,1.119276734156754,0.17814822044105316,1.0,0.0,0.0,0
-0.9559688905681771,-1.3544284097882808,0.9142066140065991,-0.9096478466769223,-0.7300978710899013,1.0,0.0,0.0,0
1.9403660937285492,2.155452706817646,-0.8114174430281702,0.6495257228307302,-1.5443874703935156,1.0,0.0,0.0,0
0.8417562720987535,0.46800986229556224,-0.5395345530130458,0.10981179492423528,-0.2916342406956474,0.0,1.0,0.0,0
-0.856095270420019,-1.151935268445623,-0.5284372921961019,0.37966875887748236,1.0707348966007844,1.0,0.0,0.0,0
0.492198601580186,1.4804755690088125,0.34269768193399064,-0.6997590969355075,0.021554066728819647,1.0,0.0,0.0,0
-1.3554633711608377,-1.2194329822265217,0.6312264631745308,-0.8596743348337283,-1.5443874703935156,0.0,0.0,1.0,0
-1.455336991308996,-1.0844375546647627,-1.0000708769162157,0.6595204251993692,1.0707348966007844,0.0,0.0,1.0,0
0.39232498143202793,1.6154709965705716,1.2637703297403304,-1.4393670722147784,-0.04108359475607377,1.0,0.0,0.0,0
1.6906820433581398,1.2779824276661549,-0.02906055543362846,-0.6797696921982296,1.6031550192223782,0.0,0.0,1.0,0
-0.9559688905681771,-0.8144466995412062,1.5079100677130952,-1.4593564769520562,0.616611850835307,0.0,1.0,0.0,0
0.04276731091346047,-0.7469489857603459,0.04862027028497851,-0.16004516902901256,-1.1998803322266018,0.0,1.0,0.0,0
-1.0558425107163636,-1.3544284097882808,1.4468751332199041,-1.519324691163889,-0.9963079324006983,0.0,0.0,1.0,0
-0.3567271696792002,-0.7469489857603459,-0.9057441599721929,2.028794649702884,0.8671624967748807,1.0,0.0,0.0,0
-0.6064112200496096,-0.9494421271029653,-0.5006941401537423,0.9393720915212552,0.6635900969489771,0.0,0.0,1.0,0
-1.1057793207904283,-1.7594146924735963,-1.0222653985501033,0.5795628062502584,-0.7457572864611246,1.0,0.0,0.0,0
2.0901765239508006,2.290448134379405,-0.5839235962808211,0.2497376280851783,1.0550754812295609,1.0,0.0,0.0,0
-1.2555897510126797,-1.016939840883864,-1.1054948546771823,1.738948281012359,0.5539741893504136,1.0,0.0,0.0,0
0.09270412098752531,-0.3419627030750304,-1.0167167681416314,1.1092820317881151,0.39738003563818014,1.0,0.0,0.0,0
-1.6051474215312471,-1.4219261235691794,-0.9279386816060806,0.8993932820467001,0.5069959432367436,1.0,0.0,0.0,0
2.1401133340248935,2.4254435619412025,0.25391959539843983,-0.7897114182532565,1.4778796962525915,0.0,1.0,0.0,0
-0.9060320804941122,-0.6794512719794472,0.5757401590898116,-0.5898173708804806,-0.2603154099532007,1.0,0.0,0.0,0
1.091440322469163,1.0754892863235355,1.8463765226298827,-1.959091595383996,1.4778796962525915,1.0,0.0,0.0,0
-1.305526561086773,-1.151935268445623,-0.5284372921961019,0.39965816361476025,-1.4034527320525054,0.0,1.0,0.0,0
0.9915667023210047,0.6030052898573213,-0.2454571413640336,-0.14005576429173466,-0.8710326094309114,1.0,0.0,0.0,0
0.492198601580186,0.67050300363822,-0.7614797693519229,1.529059531270944,-0.15069950235463722,1.0,0.0,0.0,0
-0.9559688905681771,-1.286930696007382,0.4259271380610695,-0.7197485016727854,-0.6674602096050078,1.0,0.0,0.0,0
1.4909348030618235,1.750466424132369,-0.8169660734366421,0.28971643755973336,-0.21333716383953064,0.0,1.0,0.0,0
1.091440322469163,0.6030052898573213,-0.09564412033529159,-0.4099127282449825,-0.7300978710899013,0.0,0.0,1.0,0
-1.0059057006422703,-1.151935268445623,0.6811641368507781,-0.7297432040414236,-1.6853222087345259,1.0,0.0,0.0,0
1.091440322469163,0.8729961449808777,1.1638949823878357,-1.0795577869437818,-1.607025131878409,0.0,0.0,1.0,0
-0.40666397975329344,-1.016939840883864,-1.0943975938602384,0.7494727465171181,0.616611850835307,0.0,0.0,1.0,0
-0.40666397975329344,-0.8144466995412062,-1.2497592452974524,1.2492078649490581,1.3369449579115813,0.0,1.0,0.0,0
1.141377132543256,1.3454801414470536,-1.0278140289585753,1.219223757843142,0.8984813275173275,1.0,0.0,0.0,0
1.091440322469163,1.0079915725426367,0.2705654866238556,-0.9396319537828385,-1.0746050092568151,1.0,0.0,0.0,0
0.19257774113568338,0.26551672095290446,-1.4051208967346662,1.6789800668005261,-0.9649891016582516,1.0,0.0,0.0,0
-1.2056529409385865,-1.151935268445623,0.6034833111321712,-1.0895524893124204,0.4130394510094035,0.0,1.0,0.0,0
0.9416298922469115,0.4005121485147019,-0.3564297495334722,0.7794568536230343,1.1177131427144544,0.0,1.0,0.0,0
0.9416298922469115,0.5355075760764609,0.6145805719491151,-1.0195895727319488,-0.21333716383953064,1.0,0.0,0.0,0
-0.6563480301237028,-0.6119535581985485,0.3759894643848222,-0.7297432040414236,-1.654003377992079,1.0,0.0,0.0,0
-0.8061584603459542,-0.47695813063678943,-0.19551946768778627,-0.07009284771126352,1.321285542540358,1.0,0.0,0.0,0
-1.3554633711608377,-1.2194329822265217,-0.27320029340639324,0.09981709255559633,-1.4347715627949522,1.0,0.0,0.0,0
2.0402397138767356,2.087954993036786,0.05971753110192237,-0.9096478466769223,-1.5443874703935156,1.0,0.0,0.0,0
0.04276731091346047,-0.4094604168559291,-0.47849961851985456,0.7594674488857571,-1.246858578340272,1.0,0.0,0.0,0
0.14264093106161854,1.1429870001043958,0.0652661615103943,-0.3599392164017885,-0.36993131755176417,0.0,1.0,0.0,0
2.0901765239508006,2.290448134379405,1.086214156669229,-1.1095418940496984,1.321285542540358,1.0,0.0,0.0,0
-0.9060320804941122,-1.6244192649117988,-0.2621030325894494,-0.2799815974526777,1.102053727343231,1.0,0.0,0.0,0
0.19257774113568338,1.2104847138852945,0.5368997462305081,-0.7697220135159794,-1.5757063011359624,1.0,0.0,0.0,0
-0.15697992938288408,-0.47695813063678943,1.3303538946419937,-1.4493617745834173,0.3347423741532867,1.0,0.0,0.0,0
1.091440322469163,1.1429870001043958,-0.2842975542233371,0.4596263778265932,1.102053727343231,1.0,0.0,0.0,0
0.19257774113568338,1.3454801414470536,0.5091565941881484,-0.5098597519313705,0.11551055895615976,1.0,0.0,0.0,0
-1.2555897510126797,-0.4094604168559291,-0.9501332032399683,0.5295892944070644,0.3347423741532867,0.0,0.0,1.0,0
1.6407452332840748,1.0754892863235355,-0.3064920758572248,0.4596263778265932,1.8067274190482818,1.0,0.0,0.0,0
-0.9559688905681771,-1.286930696007382,-0.4840482489283265,0.07982768781831845,-0.8083949479460181,0.0,1.0,0.0,0
-0.5065375999014515,0.13052129339114543,0.6534209848084186,-0.7697220135159794,-0.6831196249762312,0.0,1.0,0.0,0
-0.25685354953104217,0.46800986229556224,-0.972327724873856,0.9493667938898941,-1.6853222087345259,0.0,1.0,0.0,0
0.7418826519505954,0.26551672095290446,-0.2842975542233371,0.10981179492423528,0.6792495123202005,1.0,0.0,0.0,0
0.5421354116542793,0.67050300363822,-0.8946468991552491,1.1092820317881151,1.2899667117979112,1.0,0.0,0.0,0
0.24251455120977664,-0.13946956173237265,-0.6837989436333158,0.8494197702035061,0.037213482100043,0.0,1.0,0.0,0
0.24251455120977664,1.2779824276661549,-1.1609811587619014,1.948837030753774,-1.1685615014841553,1.0,0.0,0.0,0
-1.305526561086773,-0.9494421271029653,1.5578477413893426,-1.5393140959011664,-0.4482283944078809,1.0,0.0,0.0,0
-0.15697992938288408,0.6030052898573213,0.44812165969495726,-0.2799815974526777,1.4935391116238148,0.0,1.0,0.0,0
-0.5065375999014515,-0.004474134170613608,-0.8447092254790017,0.5195945920384261,0.037213482100043,0.0,0.0,1.0,0
1.4909348030618235,0.805498431199979,-0.7226393564926193,0.18976941387334537,-0.15069950235463722,1.0,0.0,0.0,0
0.5421354116542793,0.46800986229556224,3.7717512743696413,-2.3288955830236318,-0.4482283944078809,0.0,1.0,0.0,0
-0.3567271696792002,-0.6119535581985485,1.4191319811775445,-1.5293193935325278,1.2429884656842412,1.0,0.0,0.0,0
0.3423881713579347,-0.4094604168559291,0.2761141170323275,-0.49986504956273153,-0.8710326094309114,0.0,1.0,0.0,0
0.492198601580186,0.33301443473380316,0.34269768193399064,-0.6797696921982296,-0.47954722515032766,1.0,0.0,0.0,0
-0.9060320804941122,-1.151935268445623,3.7551053831442256,-2.3189008806549927,0.49133652786552023,1.0,0.0,0.0,0
0.7418826519505954,0.5355075760764609,-0.4840482489283265,0.4096528659833992,0.7732060045475406,0.0,1.0,0.0,0
0.492198601580186,1.0754892863235355,-1.3218914406075875,1.499075424165028,-1.5443874703935156,0.0,1.0,0.0,0
-1.305526561086773,-0.7469489857603459,-1.061105811409407,1.908858221279219,1.462220280881368,0.0,1.0,0.0,0
-1.0059057006422703,-1.4894238373500397,-0.6948962044502597,1.1692502459999479,0.5069959432367436,1.0,0.0,0.0,0
-0.8061584603459542,-0.3419627030750304,3.4055416674104944,-2.4688214161845745,-0.15069950235463722,1.0,0.0,0.0,1
0.3423881713579347,0.13052129339114543,-1.061105811409407,1.4790860194277502,-0.9023514401733582,1.0,0.0,0.0,0
0.5421354116542793,0.46800986229556224,-0.5728263354638773,0.5295892944070644,-1.560046885764739,1.0,0.0,0.0,0
-1.6051474215312471,-1.6244192649117988,0.043071639876506584,-0.3499445140331496,1.1177131427144544,1.0,0.0,0.0,0
1.6407452332840748,0.9404938587617381,0.5036079637796765,-0.7497326087787015,-1.654003377992079,1.0,0.0,0.0,0
0.5421354116542793,0.6030052898573213,-0.7947715518027544,0.5095998896697872,-1.4974092242798456,0.0,1.0,0.0,0
-1.2555897510126797,-0.47695813063678943,-0.3841729015758318,-0.1200663595544575,1.3995826193964747,1.0,0.0,0.0,0
-0.5065375999014515,0.26551672095290446,-0.19551946768778627,-0.5698279661432034,-0.9336702709158049,1.0,0.0,0.0,0
0.6919458418765022,0.46800986229556224,0.43147576846954144,-0.5698279661432034,-0.10372125624096717,0.0,1.0,0.0,0
-1.0059057006422703,-1.6244192649117988,0.7976853754286887,-0.7197485016727854,0.22512646655472324,1.0,0.0,0.0,0
-1.9547050920498146,-1.8944101200353554,0.4203785076525976,-0.919642549045561,-1.4034527320525054,1.0,0.0,0.0,0
0.29245136128386984,1.3454801414470536,-0.27320029340639324,-0.020119335868069525,-0.21333716383953064,0.0,1.0,0.0,0
1.7406188534322329,2.0204572792558873,-0.2621030325894494,0.6095469133561752,-0.2916342406956474,0.0,1.0,0.0,0
-0.5065375999014515,0.0630235796102851,2.739706018393863,-2.0690333214390226,-1.4504309781661755,1.0,0.0,0.0,0
0.8916930821728467,0.19801900717204413,-1.0999462242687104,1.0493138175762822,-0.6831196249762312,1.0,0.0,0.0,1
1.7905556635063262,1.3454801414470536,-0.5783749658723493,-0.21001868087220654,-0.15069950235463722,0.0,1.0,0.0,0
0.4422617915060928,0.33301443473380316,-0.15113042442001084,0.11980649729287421,-0.9180108555445815,0.0,0.0,1.0,0
-0.6563480301237028,-1.016939840883864,-0.9945222465077438,1.2891866744236131,-0.6048225481201145,0.0,1.0,0.0,0
-1.2555897510126797,-0.7469489857603459,-0.40636742320971947,0.2997111399283723,-1.4504309781661755,1.0,0.0,0.0,0
-2.204389142420224,-2.636884971625049,-0.8669037471128894,0.8694091749407841,0.616611850835307,1.0,0.0,0.0,0
0.4422617915060928,0.33301443473380316,0.1706901392713609,0.009864771237847294,-0.4482283944078809,1.0,0.0,0.0,0
0.39232498143202793,0.805498431199979,-0.9667790944653841,1.1692502459999479,0.052872897471266354,0.0,1.0,0.0,0
0.09270412098752531,1.1429870001043958,-0.7892229213942824,1.019329710470366,-0.5735037173776678,0.0,1.0,0.0,0
0.19257774113568338,1.0754892863235355,-1.882303111863252,3.657931135791008,-1.6383439626208558,1.0,0.0,0.0,1
-1.405400181234931,-1.4219261235691794,-0.49514550974527033,-0.2799815974526777,0.6792495123202005,0.0,0.0,1.0,0
-0.3067903596051354,0.5355075760764609,-0.9057441599721929,1.389133698110001,1.681452096078495,1.0,0.0,0.0,1
1.7406188534322329,2.0204572792558873,0.043071639876506584,0.029854175975124464,-0.542184886635221,1.0,0.0,0.0,0
-0.7062848401977677,-1.2194329822265217,-0.8280633342535859,1.139266138894031,0.9454595736309974,1.0,0.0,0.0,0
-0.3567271696792002,-0.6119535581985485,-0.7781256605773386,1.209229055474503,-1.2625179937114952,1.0,0.0,0.0,0
0.492198601580186,0.4005121485147019,0.5646428982728677,-0.6597802874609524,-1.4974092242798456,1.0,0.0,0.0,0
-0.25685354953104217,-0.07197184795151232,-0.7614797693519229,1.1692502459999479,-0.7770761172035714,1.0,0.0,0.0,0
1.141377132543256,1.1429870001043958,0.3981839860187099,-0.14005576429173466,0.5539741893504136,1.0,0.0,0.0,0
-1.2555897510126797,-1.0844375546647627,-0.06235233788446003,-0.010124633499430586,0.8201842506612106,1.0,0.0,0.0,0
-0.6064112200496096,-0.13946956173237265,-1.1387866371280138,0.9293773891526163,-1.027626763143145,1.0,0.0,0.0,0
0.8417562720987535,0.67050300363822,0.25391959539843983,-0.4099127282449825,1.2116696349417944,1.0,0.0,0.0,0
-0.3567271696792002,-1.0844375546647627,0.015328487834146953,-0.24999749034676158,1.4935391116238148,0.0,1.0,0.0,1
-0.007169499160632764,-0.20696727551327135,-1.1831756803957894,2.188709887601105,-0.4325689790366576,1.0,0.0,0.0,0
-0.9559688905681771,-0.47695813063678943,-1.1498838979449577,1.099287329419476,-0.5578443020064444,0.0,0.0,1.0,0
-0.9060320804941122,-0.8144466995412062,-1.3163428101991155,2.038789352071523,-1.1529020861129318,1.0,0.0,0.0,0
0.6420090318024373,0.46800986229556224,-0.04015781625057232,0.06983298544968022,1.102053727343231,0.0,1.0,0.0,0
0.04276731091346047,1.0079915725426367,0.05416890069345044,-0.5298491566686476,1.274307296426688,1.0,0.0,0.0,0
-1.1057793207904283,-0.8144466995412062,0.22062781294760825,-0.7097537993041464,-0.5891631327488911,1.0,0.0,0.0,0
-1.305526561086773,-1.4219261235691794,0.09855794396122586,-0.44989153771953755,1.0394160658583376,1.0,0.0,0.0,0
-1.2555897510126797,-1.2194329822265217,0.392635355610238,-0.6397908827236746,0.11551055895615976,1.0,0.0,0.0,0
0.04276731091346047,0.0630235796102851,-0.7614797693519229,0.6595204251993692,-1.5287280550222924,0.0,1.0,0.0,0
-1.305526561086773,-0.9494421271029653,-0.4840482489283265,0.11980649729287421,1.3995826193964747,0.0,1.0,0.0,0
1.091440322469163,0.805498431199979,0.847623049104936,-1.1795048106301698,0.22512646655472324,0.0,0.0,1.0,0
0.8417562720987535,0.67050300363822,-0.2010680980962582,0.47961578256387033,0.4130394510094035,1.0,0.0,0.0,0
1.7905556635063262,1.9529595654749885,-0.8780010079298333,1.778927090486914,-1.2625179937114952,1.0,0.0,0.0,0
1.041503512395098,0.67050300363822,1.0529223742183973,-1.3893935603715843,1.6031550192223782,0.0,0.0,1.0,0
-0.9559688905681771,-0.47695813063678943,-0.5339859226045738,0.5295892944070644,-0.5891631327488911,1.0,0.0,0.0,0
0.7418826519505954,0.6030052898573213,-0.9667790944653841,0.6495257228307302,1.0080972351158908,1.0,0.0,0.0,0
-0.007169499160632764,0.9404938587617381,1.8019874793621073,-1.6692452266934708,-1.654003377992079,0.0,1.0,0.0,0
-0.6563480301237028,-0.2744649892941317,0.6367750935830028,-0.5698279661432034,0.44435828175185016,0.0,0.0,1.0,0
-0.3067903596051354,-0.5444558444176881,0.13739835682052934,-0.10007695481717963,-1.2781774090827187,1.0,0.0,0.0,0
1.091440322469163,0.805498431199979,1.8519251530383547,-1.5992823101129994,-0.13504008698341388,0.0,1.0,0.0,0
0.14264093106161854,1.0754892863235355,0.3759894643848222,-0.6497855850923135,0.021554066728819647,1.0,0.0,0.0,0
-1.405400181234931,-1.151935268445623,1.4135833507690725,-1.2494677272106414,-1.0902644246280384,0.0,1.0,0.0,0
-0.4566007898273583,-1.2194329822265217,-1.061105811409407,1.609017150220055,0.037213482100043,1.0,0.0,0.0,0
0.39232498143202793,0.46800986229556224,-0.43411057525207913,0.2797217351910944,1.0237566504871143,1.0,0.0,0.0,0
1.6906820433581398,1.750466424132369,6.47393428329547,-3.0185300464597087,-0.6674602096050078,0.0,1.0,0.0,1
-0.40666397975329344,-0.8144466995412062,0.3648922035678783,-0.8896584419396445,1.149031973456901,1.0,0.0,0.0,0
0.7418826519505954,0.5355075760764609,-0.7004448348587317,0.4596263778265932,0.9141407428885507,1.0,0.0,0.0,0
-2.1045155222720657,-2.2993964027206326,-0.17332494605389856,0.6495257228307302,-0.13504008698341388,1.0,0.0,0.0,0
0.3423881713579347,0.33301443473380316,-0.017963294616684607,0.7394780441484793,1.321285542540358,1.0,0.0,0.0,0
-0.40666397975329344,-1.016939840883864,-0.27320029340639324,0.3197005446656502,0.7888654199187639,1.0,0.0,0.0,0
0.19257774113568338,-0.20696727551327135,-0.2842975542233371,0.21975352097926218,0.39738003563818014,0.0,1.0,0.0,0
-1.0558425107163636,-0.8144466995412062,0.34824631234246256,-0.7897114182532565,-0.761416701832348,0.0,1.0,0.0,0
-1.1557161308645216,-0.7469489857603459,1.1250545695285323,-1.3694041556343068,-1.3094962398251653,1.0,0.0,0.0,0
-1.1057793207904283,-1.8269124062544566,1.7742443273197477,-1.5992823101129994,1.102053727343231,1.0,0.0,0.0,0
0.39232498143202793,0.8729961449808777,-0.18997083727931435,0.5495786991443422,0.522655358607967,1.0,0.0,0.0,0
-0.5065375999014515,0.19801900717204413,0.24837096498996789,-0.5598332637745644,-0.3855907329229875,1.0,0.0,0.0,0
1.3910611829136654,1.6829687103514703,-0.6505071611824843,0.6095469133561752,-1.6226845472496323,0.0,0.0,1.0,0
0.8417562720987535,0.67050300363822,-0.06790096829293195,0.21975352097926218,0.569633604721637,1.0,0.0,0.0,0
-2.204389142420224,-2.569387257844189,-0.6394099003655405,0.2497376280851783,-0.7770761172035714,1.0,0.0,0.0,0
-0.6064112200496096,-0.8819444133221049,0.5313511158220362,-0.47987564482545364,-0.9493296862870282,1.0,0.0,0.0,0
0.9416298922469115,0.6030052898573213,-0.6560557915909562,0.6195416157248141,-1.2781774090827187,0.0,1.0,0.0,0
-0.6064112200496096,-1.016939840883864,0.9530470268659026,-1.1495207035242534,0.5069959432367436,0.0,1.0,0.0,0
0.04276731091346047,-0.2744649892941317,0.4758648117373169,-0.2000239785035676,-0.9649891016582516,0.0,1.0,0.0,0
1.6407452332840748,1.8179641379132294,-1.5382880265379926,2.3786092326052417,-0.11938067161219053,1.0,0.0,0.0,0
-0.6064112200496096,-0.13946956173237265,-0.900195529563721,0.9593614962585331,-1.2625179937114952,0.0,1.0,0.0,0
1.141377132543256,1.2104847138852945,1.4690696548537918,-1.4993352864266114,-1.0119673477719215,0.0,0.0,1.0,0
-0.3067903596051354,-0.6794512719794472,0.40928124683565376,-0.7797167158846176,1.102053727343231,1.0,0.0,0.0,0
-0.5564744099755448,-0.07197184795151232,-0.750382508534979,0.13979590203015138,-1.3721339013100589,0.0,1.0,0.0,0
0.3423881713579347,0.4005121485147019,-0.2842975542233371,-0.08008755007990175,1.274307296426688,0.0,1.0,0.0,0
-0.856095270420019,-0.3419627030750304,0.11520383518664164,-0.3099657045585945,0.3660612048957334,0.0,1.0,0.0,0
1.2911875627655074,0.67050300363822,0.2761141170323275,-0.10007695481717963,0.22512646655472324,0.0,1.0,0.0,0
0.24251455120977664,0.5355075760764609,1.0473737438099253,-1.3694041556343068,0.2721047126683933,1.0,0.0,0.0,0
1.9403660937285492,2.290448134379405,-0.41746468402666337,0.9093879844153391,0.9924378197446675,0.0,1.0,0.0,0
-0.4566007898273583,-0.8144466995412062,-1.2164674628466208,2.7484132202448777,-1.3721339013100589,1.0,0.0,0.0,1
1.141377132543256,0.6030052898573213,2.745254648802335,-2.0290545119644676,1.2899667117979112,1.0,0.0,0.0,0
-0.856095270420019,-1.4219261235691794,-0.5783749658723493,-0.010124633499430586,0.5539741893504136,1.0,0.0,0.0,0
0.9416298922469115,0.33301443473380316,1.9573491307993214,-1.8191657622230528,1.0863943119720076,1.0,0.0,0.0,0
1.7406188534322329,1.4129778552279522,0.7477477017524413,-0.919642549045561,-1.6853222087345259,1.0,0.0,0.0,0
1.9403660937285492,2.087954993036786,0.7144559193016098,-0.5598332637745644,0.4600176971230735,0.0,1.0,0.0,0
-0.7062848401977677,-0.4094604168559291,-0.0789982291098758,-0.2200133832408455,-0.8397137786884648,1.0,0.0,0.0,0
1.141377132543256,1.1429870001043958,-0.47849961851985456,0.2497376280851783,-0.8083949479460181,0.0,1.0,0.0,0
-0.6563480301237028,-1.016939840883864,-0.9112927903806648,0.6395310204620913,-0.9336702709158049,1.0,0.0,0.0,0
-1.3554633711608377,-0.8819444133221049,0.0652661615103943,-0.00012993113079164646,0.2721047126683933,1.0,0.0,0.0,0
1.7905556635063262,1.2779824276661549,-0.367527010350416,1.0093350081017272,-0.36993131755176417,1.0,0.0,0.0,0
1.7905556635063262,1.3454801414470536,1.5966881542486462,-1.6692452266934708,-0.07240242549852047,1.0,0.0,0.0,0
0.492198601580186,1.4129778552279522,-0.900195529563721,0.9893456033644492,-0.9336702709158049,1.0,0.0,0.0,0
1.4409979929877303,1.5479732827897112,-1.1110434850856543,1.209229055474503,0.5852930200928603,0.0,1.0,0.0,0
-1.0558425107163636,-1.7594146924735963,0.3593435731594064,-0.3899233235077046,1.8380462497907286,0.0,0.0,1.0,1
1.191313942617321,0.0630235796102851,-0.672701682816372,1.2292184602117802,0.522655358607967,1.0,0.0,0.0,0
0.4422617915060928,0.4005121485147019,0.07081479191886622,-0.5098597519313705,-0.1976777484683073,1.0,0.0,0.0,0
-0.5564744099755448,-0.004474134170613608,3.8383348392713046,-2.25893266644316,0.6792495123202005,1.0,0.0,0.0,0
0.8916930821728467,0.5355075760764609,0.20398192172219246,-0.14005576429173466,-1.0902644246280384,1.0,0.0,0.0,0
-1.6550842316053405,-1.7594146924735963,-0.03460918584210039,-0.7497326087787015,1.1646913888281245,0.0,1.0,0.0,0
-0.5065375999014515,0.19801900717204413,2.1626484559127825,-1.5593035006384441,1.1333725580856777,1.0,0.0,0.0,0
0.29245136128386984,0.46800986229556224,-1.1110434850856543,1.2891866744236131,-1.6853222087345259,0.0,1.0,0.0,0
-2.204389142420224,-2.636884971625049,-0.27320029340639324,0.2697270328224562,0.9924378197446675,0.0,1.0,0.0,0
-0.5065375999014515,-0.6119535581985485,-0.09009548992681966,-0.14005576429173466,1.0863943119720076,1.0,0.0,0.0,0
1.6906820433581398,1.8179641379132294,-1.0111681377331596,1.529059531270944,-1.1998803322266018,0.0,1.0,0.0,0
0.6919458418765022,0.4005121485147019,0.14294698722900126,-0.3899233235077046,0.037213482100043,0.0,1.0,0.0,0
-1.405400181234931,-1.151935268445623,0.21507918253913633,-0.2200133832408455,-1.6383439626208558,0.0,1.0,0.0,0
-0.3567271696792002,-1.016939840883864,1.29151348178269,-1.3893935603715843,-0.8710326094309114,1.0,0.0,0.0,0
-1.305526561086773,-0.8819444133221049,0.23727370417302404,-0.8097008229905344,0.835843666032434,0.0,1.0,0.0,0
-0.8061584603459542,-0.9494421271029653,0.28721137784927137,-0.3299551092958717,0.22512646655472324,1.0,0.0,0.0,0
-1.2056529409385865,-0.9494421271029653,-0.07344959870140388,0.20975881861062326,-0.7927355325747947,1.0,0.0,0.0,0
0.09270412098752531,0.19801900717204413,-1.871205851046308,1.948837030753774,-1.0589455938855916,1.0,0.0,0.0,0
1.2911875627655074,0.13052129339114543,0.5091565941881484,-0.8996531443082835,-0.11938067161219053,0.0,1.0,0.0,0
0.6420090318024373,0.67050300363822,0.08191205273581008,0.7694621512543961,-0.36993131755176417,1.0,0.0,0.0,0
1.2911875627655074,1.3454801414470536,-0.977876355282328,0.5695681038816202,-0.2603154099532007,0.0,1.0,0.0,0
1.4409979929877303,1.6154709965705716,0.8809148315557676,-0.6198014779863974,1.4778796962525915,1.0,0.0,0.0,0
-1.3554633711608377,-1.016939840883864,-0.19551946768778627,0.1997641162419843,0.5383147739791903,1.0,0.0,0.0,0
-1.505273801383089,-1.4219261235691794,-1.050008550592463,0.7694621512543961,0.9454595736309974,1.0,0.0,0.0,0
0.14264093106161854,1.1429870001043958,-0.5117914009706861,-0.31996040692723343,-1.6853222087345259,0.0,1.0,0.0,0
1.7905556635063262,1.4129778552279522,2.373496411434716,-1.9091180835408021,-1.654003377992079,0.0,1.0,0.0,0
0.9416298922469115,0.26551672095290446,-0.11783864196917929,-0.5898173708804806,0.7418871738050938,1.0,0.0,0.0,0
0.19257774113568338,1.0079915725426367,0.6811641368507781,-1.0995471916810593,0.4600176971230735,0.0,0.0,1.0,0
0.8417562720987535,0.4005121485147019,-0.37862427116735986,0.37966875887748236,-0.4325689790366576,1.0,0.0,0.0,0
1.2911875627655074,1.2779824276661549,-0.5062427705622142,0.9493667938898941,-0.5578443020064444,1.0,0.0,0.0,0
1.840492473580391,1.6154709965705716,-0.023511925025156536,-0.14005576429173466,-0.009764764013627058,1.0,0.0,0.0,0
-0.3567271696792002,-0.9494421271029653,-0.31758933667416867,-0.24000278797812266,0.38172062026695674,1.0,0.0,0.0,0
0.9416298922469115,0.805498431199979,0.6534209848084186,-1.0895524893124204,-1.3251556551963888,1.0,0.0,0.0,0
0.9915667023210047,0.4005121485147019,-0.33423522789958443,0.049843580712402344,-1.3094962398251653,0.0,1.0,0.0,0
-0.5564744099755448,-0.7469489857603459,-0.6505071611824843,0.7594674488857571,-1.4504309781661755,1.0,0.0,0.0,0
0.04276731091346047,-0.20696727551327135,0.34269768193399064,-0.41990743061362146,0.8201842506612106,1.0,0.0,0.0,0
-0.40666397975329344,0.19801900717204413,-0.4230133144351353,-0.11007165718581856,0.8201842506612106,1.0,0.0,0.0,0
-0.9559688905681771,-1.4894238373500397,-1.2386619844805085,1.7189588762750818,1.3056261271691345,0.0,1.0,0.0,0
1.6407452332840748,1.750466424132369,0.46476755092037303,-0.5398438590372866,-0.08806184086974382,1.0,0.0,0.0,0
-0.40666397975329344,-0.07197184795151232,-0.12893590278612316,0.13979590203015138,1.7440897575633885,1.0,0.0,0.0,0
1.141377132543256,0.8729961449808777,-0.4563050968859668,0.44963167545795424,-0.3855907329229875,1.0,0.0,0.0,0
-1.2555897510126797,-1.286930696007382,-0.3897215319843037,0.47961578256387033,-1.607025131878409,0.0,1.0,0.0,0
-0.5564744099755448,-0.13946956173237265,-1.3995722663261945,2.188709887601105,1.6971115114497184,1.0,0.0,0.0,1
-0.4566007898273583,-1.151935268445623,-0.1844222068708424,-0.2000239785035676,0.2721047126683933,0.0,1.0,0.0,0
0.3423881713579347,0.13052129339114543,-0.972327724873856,2.528529768134824,1.5718361884799317,0.0,0.0,1.0,1
1.8904292836544843,1.8854618516941282,-0.6172153787316527,1.3291654838981681,0.6949089276914238,1.0,0.0,0.0,0
1.141377132543256,0.67050300363822,0.6534209848084186,-0.8896584419396445,-1.6383439626208558,1.0,0.0,0.0,0
-0.15697992938288408,-0.5444558444176881,-1.0722030722263507,1.738948281012359,0.4756771124942969,1.0,0.0,0.0,0
-1.3554633711608377,-0.9494421271029653,-0.295394815040281,0.2597323304538172,-0.04108359475607377,1.0,0.0,0.0,0
0.29245136128386984,0.4005121485147019,-0.6227640091401246,1.2791919720549743,-0.5108660558927743,0.0,1.0,0.0,0
-0.2069167394569489,0.5355075760764609,-0.8114174430281702,0.9893456033644492,-0.46388780977910427,1.0,0.0,0.0,0
0.6420090318024373,0.19801900717204413,-0.6671530524079,1.5690383407455,0.2721047126683933,1.0,0.0,0.0,0
1.7406188534322329,1.0754892863235355,-0.40636742320971947,0.6994992346739242,-0.4325689790366576,0.0,0.0,1.0,0
-1.1057793207904283,-0.8144466995412062,-0.6560557915909562,0.9593614962585331,-0.10372125624096717,1.0,0.0,0.0,0
0.4422617915060928,0.33301443473380316,4.154606772554205,-2.388863797235464,-0.35427190218054083,1.0,0.0,0.0,0
0.3423881713579347,1.1429870001043958,-0.2232626197301459,-0.11007165718581856,-1.6383439626208558,0.0,1.0,0.0,0
-1.405400181234931,-1.151935268445623,-0.6116667483231808,0.1997641162419843,-1.5913657165071857,0.0,1.0,0.0,0
0.24251455120977664,0.7380007174191187,0.043071639876506584,-0.2799815974526777,-1.5757063011359624,1.0,0.0,0.0,0
0.9416298922469115,0.26551672095290446,0.3537949427509345,-0.24000278797812266,-0.6048225481201145,1.0,0.0,0.0,0
0.39232498143202793,0.6030052898573213,0.769942223386329,-1.1894995129988084,-0.6987790403474545,0.0,1.0,0.0,0
0.492198601580186,0.4005121485147019,-0.9612304640569121,1.059308519944921,-0.02542417938485041,0.0,0.0,1.0,0
-0.3067903596051354,-0.47695813063678943,0.31495452989163103,-0.819695525359173,-1.0589455938855916,1.0,0.0,0.0,0
0.3423881713579347,1.4129778552279522,-0.22881125013861783,0.39965816361476025,0.7418871738050938,1.0,0.0,0.0,0
-0.856095270420019,-0.7469489857603459,-0.8890982687467771,1.469091317059112,-0.2603154099532007,1.0,0.0,0.0,0
-0.5564744099755448,-0.07197184795151232,-0.750382508534979,-0.020119335868069525,-0.7144384557186779,1.0,0.0,0.0,0
0.9915667023210047,0.26551672095290446,0.3981839860187099,-0.4398968353508986,0.14682938969860648,1.0,0.0,0.0,0
0.4422617915060928,0.5355075760764609,-0.31758933667416867,-0.2999710021899556,-1.607025131878409,1.0,0.0,0.0,0
1.7406188534322329,1.9529595654749885,-0.19551946768778627,0.47961578256387033,0.052872897471266354,1.0,0.0,0.0,0
0.09270412098752531,-0.13946956173237265,0.6145805719491151,-1.0395789774692266,-1.4817498089086223,1.0,0.0,0.0,0
0.3423881713579347,1.2779824276661549,-0.7781256605773386,1.019329710470366,1.7910680036770585,1.0,0.0,0.0,1
-1.2555897510126797,-0.8819444133221049,-0.6837989436333158,-0.08008755007990175,-0.5265254712639977,0.0,0.0,1.0,0
-1.405400181234931,-1.0844375546647627,-0.43965920566055106,0.20975881861062326,-1.0432861785143683,1.0,0.0,0.0,0
1.091440322469163,0.9404938587617381,-0.595020857097765,0.5295892944070644,-1.1685615014841553,0.0,1.0,0.0,0
0.7418826519505954,0.33301443473380316,-0.47849961851985456,0.7994462583603121,0.2564452972971699,0.0,0.0,1.0,0
-0.6563480301237028,-0.13946956173237265,-0.05125507706751617,-0.44989153771953755,-1.6853222087345259,1.0,0.0,0.0,0
-0.40666397975329344,-1.016939840883864,-0.5228886617876299,0.5195945920384261,1.7910680036770585,1.0,0.0,0.0,0
0.19257774113568338,0.7380007174191187,-0.744833878126507,1.409123102847279,1.3369449579115813,1.0,0.0,0.0,0
1.3411243728395723,1.4129778552279522,0.32050316030010295,-0.020119335868069525,0.7105683430626472,1.0,0.0,0.0,0
1.091440322469163,0.7380007174191187,0.5590942678643958,-0.7197485016727854,-0.47954722515032766,0.0,1.0,0.0,0
-0.5065375999014515,-0.9494421271029653,0.6756155064423063,-0.7797167158846176,-0.02542417938485041,1.0,0.0,0.0,0
1.091440322469163,0.5355075760764609,-0.7892229213942824,0.7594674488857571,-1.5130686396510689,0.0,0.0,1.0,0
-1.2056529409385865,-0.8144466995412062,-0.001317403391268828,0.019859473606486232,-0.5578443020064444,1.0,0.0,0.0,0
2.0901765239508006,2.290448134379405,-0.27320029340639324,0.39965816361476025,-1.0432861785143683,1.0,0.0,0.0,0
-0.5564744099755448,0.19801900717204413,-0.972327724873856,1.39912840047864,-0.1976777484683073,1.0,0.0,0.0,0
-0.6064112200496096,-1.0844375546647627,-0.7670283997603947,0.7294833417798403,-1.5287280550222924,1.0,0.0,0.0,0
-2.204389142420224,-2.636884971625049,-1.5715798089888242,2.22868869707566,0.5383147739791903,0.0,0.0,1.0,0
0.7418826519505954,0.46800986229556224,-0.40636742320971947,0.7294833417798403,-0.47954722515032766,1.0,0.0,0.0,0
-0.9060320804941122,-1.151935268445623,-0.7614797693519229,1.099287329419476,0.522655358607967,1.0,0.0,0.0,0
0.14264093106161854,0.26551672095290446,-0.25655440218097747,-0.24999749034676158,1.7440897575633885,1.0,0.0,0.0,0
1.2911875627655074,0.67050300363822,-1.4162181575516102,2.7983867320880718,0.09985114358493641,1.0,0.0,0.0,1
-1.6051474215312471,-1.4219261235691794,-0.5062427705622142,0.8794038773094223,-1.1998803322266018,1.0,0.0,0.0,0
0.8916930821728467,1.0079915725426367,-0.6837989436333158,0.8993932820467001,0.44435828175185016,0.0,1.0,0.0,0
1.4909348030618235,0.7380007174191187,-0.0789982291098758,0.06983298544968022,1.1177131427144544,1.0,0.0,0.0,0
-0.6563480301237028,-0.13946956173237265,-0.06235233788446003,-0.3299551092958717,1.3995826193964747,0.0,1.0,0.0,0
0.5920722217283441,1.0079915725426367,-0.22881125013861783,0.9493667938898941,-1.6383439626208558,0.0,1.0,0.0,0
0.9416298922469115,0.6030052898573213,-0.46185372729443874,0.3596793541402052,-0.980648517029475,0.0,1.0,0.0,0
0.39232498143202793,1.1429870001043958,-0.7892229213942824,0.34968465177156627,1.8693650805331752,1.0,0.0,0.0,0
0.7918194620246887,0.26551672095290446,-0.4840482489283265,0.5695681038816202,0.8828219121461041,0.0,1.0,0.0,0
-0.25685354953104217,-0.8819444133221049,-0.5173400313791581,0.5695681038816202,1.0237566504871143,1.0,0.0,0.0,0
1.191313942617321,1.0079915725426367,0.28166274744079944,-0.010124633499430586,-0.7770761172035714,1.0,0.0,0.0,0
0.24251455120977664,0.26551672095290446,0.9031093531896552,-0.6897643945668686,-0.5735037173776678,1.0,0.0,0.0,0
-0.9060320804941122,-0.6794512719794472,0.31495452989163103,-0.2799815974526777,-0.3229530714380941,1.0,0.0,0.0,0
0.7418826519505954,0.33301443473380316,-0.7947715518027544,0.44963167545795424,0.14682938969860648,1.0,0.0,0.0,0
1.2911875627655074,0.13052129339114543,2.129356673461951,-1.8491498693289692,-1.4034527320525054,1.0,0.0,0.0,0
-0.4566007898273583,-0.9494421271029653,-0.2232626197301459,0.5095998896697872,1.2116696349417944,0.0,1.0,0.0,0
0.04276731091346047,1.0079915725426367,-1.0888489634517664,0.6195416157248141,-1.246858578340272,0.0,1.0,0.0,0
-0.4566007898273583,-1.016939840883864,0.2650168562153837,-0.4398968353508986,-1.654003377992079,0.0,1.0,0.0,0
1.6407452332840748,1.0079915725426367,0.16514150886288897,-0.3399498116645106,-0.9493296862870282,0.0,1.0,0.0,0
1.091440322469163,0.4005121485147019,-0.8502578558874736,0.9993403057330881,0.38172062026695674,1.0,0.0,0.0,0
1.3411243728395723,0.33301443473380316,-0.5173400313791581,0.0898223901869574,1.6188144345936015,1.0,0.0,0.0,1
-0.6563480301237028,-0.2744649892941317,-0.46740235770291066,0.6795098299366463,0.8515030814036574,0.0,1.0,0.0,0
0.3423881713579347,-0.004474134170613608,0.7366504409354975,-1.029584275100588,1.0707348966007844,1.0,0.0,0.0,0
-1.2056529409385865,-1.151935268445623,-0.6394099003655405,1.389133698110001,0.38172062026695674,1.0,0.0,0.0,0
0.8417562720987535,0.33301443473380316,-0.900195529563721,0.3097058422970112,1.1803508041993478,1.0,0.0,0.0,0
-1.2555897510126797,-1.0844375546647627,-0.9445845728314964,1.4790860194277502,0.5852930200928603,0.0,1.0,0.0,0
0.24251455120977664,1.2779824276661549,-0.600569487506237,0.9393720915212552,-1.1059238399992617,1.0,0.0,0.0,0
-0.10704311930879085,0.7380007174191187,0.3537949427509345,-0.4898703471940926,1.1177131427144544,1.0,0.0,0.0,0
-0.15697992938288408,-0.47695813063678943,-0.6616044219994281,0.4096528659833992,-0.7457572864611246,1.0,0.0,0.0,0
-0.856095270420019,-0.7469489857603459,0.8642689403303517,-0.9296372514142,1.0394160658583376,1.0,0.0,0.0,0
0.29245136128386984,0.26551672095290446,-0.4563050968859668,0.7694621512543961,0.19380763581227653,1.0,0.0,0.0,0
0.7918194620246887,0.0630235796102851,0.8587203099218799,-1.3694041556343068,-1.4660903935373988,1.0,0.0,0.0,0
-1.455336991308996,-1.2194329822265217,-0.0568037074759881,-0.21001868087220654,1.1803508041993478,0.0,1.0,0.0,0
0.19257774113568338,-0.13946956173237265,-0.6560557915909562,0.7194886394112021,-1.6853222087345259,0.0,1.0,0.0,0
-0.007169499160632764,-0.20696727551327135,0.6256778327660589,-1.1395260011556145,0.0685323128424897,0.0,1.0,0.0,0
-1.455336991308996,-1.3544284097882808,-0.40081879280124755,0.2797217351910944,0.9611189890022208,1.0,0.0,0.0,0
1.141377132543256,1.2104847138852945,0.1928846609052486,0.2797217351910944,1.681452096078495,1.0,0.0,0.0,0
0.492198601580186,0.5355075760764609,0.05416890069345044,0.13979590203015138,0.20946705118349987,1.0,0.0,0.0,0
-0.25685354953104217,-0.4094604168559291,0.34824631234246256,-0.8496796324650895,1.3369449579115813,1.0,0.0,0.0,0
1.3910611829136654,1.6154709965705716,0.28166274744079944,-0.5598332637745644,-0.6831196249762312,1.0,0.0,0.0,0
1.6906820433581398,1.2779824276661549,1.2859648513742181,-0.8396849300964505,1.4778796962525915,1.0,0.0,0.0,0
1.091440322469163,0.5355075760764609,-0.6505071611824843,0.6994992346739242,-1.6383439626208558,0.0,1.0,0.0,0
-1.305526561086773,-0.6794512719794472,0.15959287845441705,-0.6297961803550356,1.0550754812295609,1.0,0.0,0.0,0
1.6906820433581398,1.2779824276661549,-0.2676516629979213,-0.18003457376628973,-1.2781774090827187,1.0,0.0,0.0,0
-0.007169499160632764,-0.6119535581985485,-0.4230133144351353,0.5695681038816202,-1.5130686396510689,0.0,1.0,0.0,0
-0.3067903596051354,-0.8819444133221049,-0.15113042442001084,-0.2799815974526777,0.28776412803961665,1.0,0.0,0.0,0
-1.305526561086773,-0.8819444133221049,7.406104191918754,-3.578233379103481,0.16248880506982982,1.0,0.0,0.0,1
1.6906820433581398,1.1429870001043958,1.4080347203606005,-1.419377667477501,0.835843666032434,1.0,0.0,0.0,0
0.7418826519505954,0.33301443473380316,0.5368997462305081,-1.129531298786976,-0.02542417938485041,1.0,0.0,0.0,0
-0.856095270420019,-1.4894238373500397,-0.3009434454487529,0.1997641162419843,-1.4817498089086223,0.0,1.0,0.0,0
0.14264093106161854,-0.3419627030750304,-0.5062427705622142,0.23974292571653935,0.5852930200928603,0.0,1.0,0.0,0
-0.3567271696792002,-0.6794512719794472,-0.23990851095556168,0.33968994940292735,-0.6361413788625612,0.0,1.0,0.0,0
1.3910611829136654,1.4804755690088125,-0.13448453319459508,-0.31996040692723343,0.8515030814036574,1.0,0.0,0.0,0
0.39232498143202793,1.3454801414470536,-0.49514550974527033,0.4996051873011482,1.1803508041993478,0.0,1.0,0.0,0
-1.0059057006422703,-0.8819444133221049,-0.2010680980962582,-0.3699339187704274,-1.607025131878409,0.0,0.0,1.0,0
-1.3554633711608377,-0.9494421271029653,-0.8558064862959456,1.5190648289023059,0.7575465891763172,1.0,0.0,0.0,0
-0.057106309234725997,0.9404938587617381,0.4869620725542607,-0.3299551092958717,0.16248880506982982,1.0,0.0,0.0,0
-1.3554633711608377,-1.286930696007382,1.2360271776979708,-1.3893935603715843,0.7262277584338706,1.0,0.0,0.0,0
-0.756221650271861,-1.3544284097882808,-0.977876355282328,0.919382686783978,0.6479306815777538,0.0,1.0,0.0,0
0.5421354116542793,1.6154709965705716,-0.6061181179147088,-0.21001868087220654,0.2564452972971699,1.0,0.0,0.0,0
-0.15697992938288408,0.7380007174191187,-1.0333626593670473,0.7094939370425631,0.5539741893504136,0.0,0.0,1.0,0
-1.1557161308645216,-0.7469489857603459,0.9752415484997903,-1.2794518343165577,1.3369449579115813,1.0,0.0,0.0,0
0.04276731091346047,1.0754892863235355,0.2761141170323275,-0.21001868087220654,-1.1059238399992617,0.0,0.0,1.0,0
-2.2543259524943173,-2.636884971625049,0.6145805719491151,-0.7197485016727854,-0.6361413788625612,1.0,0.0,0.0,0
-1.305526561086773,-1.016939840883864,-0.2454571413640336,-0.2200133832408455,1.6188144345936015,1.0,0.0,0.0,0
-1.8048946618275916,-1.6919169786926975,0.09300931355275392,-0.2000239785035676,-0.7144384557186779,0.0,0.0,1.0,0
-0.6064112200496096,-0.20696727551327135,-0.49514550974527033,0.3097058422970112,-0.6987790403474545,1.0,0.0,0.0,0
0.3423881713579347,-0.20696727551327135,-0.17887357646237048,1.239213162580419,0.8671624967748807,1.0,0.0,0.0,0
0.7418826519505954,0.33301443473380316,0.40373261642718183,-1.0195895727319488,0.6322712662065304,0.0,1.0,0.0,0
-0.9060320804941122,-1.6244192649117988,-0.1566790548284828,-0.8996531443082835,1.587495603851155,1.0,0.0,0.0,1
-1.2056529409385865,-0.9494421271029653,-0.6893475740417878,0.7294833417798403,0.9611189890022208,1.0,0.0,0.0,0
-0.3567271696792002,-0.6794512719794472,1.080665526260757,-0.9396319537828385,0.7262277584338706,1.0,0.0,0.0,0
-0.756221650271861,-0.3419627030750304,-0.6172153787316527,0.34968465177156627,-0.3229530714380941,1.0,0.0,0.0,0
-0.3567271696792002,-1.016939840883864,-1.2996969189736998,2.0587787568088007,-0.9963079324006983,0.0,1.0,0.0,0
1.9403660937285492,2.0204572792558873,-0.7281879869010912,0.7494727465171181,-0.495206640521551,1.0,0.0,0.0,0
-0.9559688905681771,-0.8819444133221049,0.5701915286813396,-0.969616060888755,-1.6383439626208558,1.0,0.0,0.0,0
-1.1057793207904283,-1.4219261235691794,1.4579723940368479,-1.419377667477501,-1.0119673477719215,0.0,1.0,0.0,0
0.8417562720987535,0.7380007174191187,-0.3897215319843037,-0.2799815974526777,0.31908295878206333,1.0,0.0,0.0,0
1.2412507526914143,0.7380007174191187,-0.2232626197301459,-0.1200663595544575,0.4286988663806268,1.0,0.0,0.0,0
0.5920722217283441,1.5479732827897112,0.04862027028497851,-0.1700398713976515,-0.3229530714380941,0.0,1.0,0.0,0
-1.9547050920498146,-1.8944101200353554,0.44257302928648534,-1.029584275100588,-1.4191121474237287,0.0,1.0,0.0,0
-0.856095270420019,-1.016939840883864,-0.006866033799740755,-0.7797167158846176,1.0237566504871143,1.0,0.0,0.0,0
-1.0558425107163636,-0.6794512719794472,-0.06235233788446003,-0.24999749034676158,-0.8397137786884648,1.0,0.0,0.0,0
0.492198601580186,0.33301443473380316,-0.6116667483231808,-0.06009814534262457,-0.15069950235463722,1.0,0.0,0.0,0
0.3423881713579347,0.26551672095290446,-1.6936496779752066,1.1692502459999479,0.8201842506612106,1.0,0.0,0.0,0
0.3423881713579347,0.13052129339114543,-0.9223900511976086,0.4096528659833992,-1.246858578340272,0.0,1.0,0.0,0
-1.1557161308645216,-1.5569215511309384,0.2317250737645521,-0.5098597519313705,-1.1998803322266018,1.0,0.0,0.0,0
0.6919458418765022,-0.07197184795151232,-0.43965920566055106,0.7194886394112021,-1.340815070567612,0.0,0.0,1.0,0
0.39232498143202793,-0.20696727551327135,1.1749922432047797,-1.2094889177360864,1.1803508041993478,0.0,1.0,0.0,0
0.4422617915060928,1.4129778552279522,-0.4285619448436072,0.5995522109875362,0.9141407428885507,1.0,0.0,0.0,0
1.6906820433581398,1.2104847138852945,-0.7670283997603947,1.299181376792252,1.5718361884799317,1.0,0.0,0.0,1
1.091440322469163,0.0630235796102851,-0.6560557915909562,0.5395839967757032,-1.5443874703935156,0.0,1.0,0.0,0
-0.007169499160632764,-0.20696727551327135,0.015328487834146953,0.7094939370425631,-1.293836824453942,1.0,0.0,0.0,0
0.24251455120977664,-0.13946956173237265,-0.17887357646237048,0.2497376280851783,0.14682938969860648,1.0,0.0,0.0,0
0.24251455120977664,0.19801900717204413,0.7976853754286887,-0.8496796324650895,-1.560046885764739,1.0,0.0,0.0,0
0.9416298922469115,0.46800986229556224,-0.744833878126507,0.8794038773094223,-0.46388780977910427,1.0,0.0,0.0,0
-0.3567271696792002,0.6030052898573213,0.7200045497100817,-0.7597273111473404,-1.607025131878409,1.0,0.0,0.0,0
-0.6064112200496096,-0.20696727551327135,-0.6394099003655405,0.9593614962585331,0.3347423741532867,1.0,0.0,0.0,0
-1.405400181234931,-0.9494421271029653,-0.5672777050554054,1.239213162580419,-1.1059238399992617,1.0,0.0,0.0,0
1.6906820433581398,1.2104847138852945,-0.822514703845114,0.2697270328224562,1.3995826193964747,0.0,1.0,0.0,0
0.4422617915060928,-0.3419627030750304,-0.3897215319843037,0.33968994940292735,0.28776412803961665,0.0,0.0,1.0,0
-0.5065375999014515,0.0630235796102851,-0.4230133144351353,-0.2599921927154005,-0.8083949479460181,1.0,0.0,0.0,0
0.29245136128386984,1.3454801414470536,0.1484956176374732,-0.9896054656260325,0.31908295878206333,1.0,0.0,0.0,0
-0.15697992938288408,0.7380007174191187,0.3537949427509345,-0.8596743348337283,0.522655358607967,1.0,0.0,0.0,0
1.2911875627655074,0.67050300363822,-0.5617290746469334,1.099287329419476,-0.02542417938485041,0.0,0.0,1.0,0
-1.8548314719016565,-1.8944101200353554,-1.4051208967346662,1.1092820317881151,1.0863943119720076,0.0,1.0,0.0,0
0.19257774113568338,-0.2744649892941317,0.17623876967983285,-0.6397908827236746,0.28776412803961665,0.0,0.0,1.0,0
-0.8061584603459542,-0.8819444133221049,-0.6560557915909562,2.06877345917744,0.17814822044105316,0.0,1.0,0.0,1
1.091440322469163,0.8729961449808777,-0.16222768523695472,-0.2899762998213166,-1.5287280550222924,0.0,1.0,0.0,0
0.3423881713579347,-0.2744649892941317,1.075116895852285,-1.519324691163889,-0.35427190218054083,1.0,0.0,0.0,0
-0.3567271696792002,-0.8144466995412062,-0.7892229213942824,0.5395839967757032,1.3056261271691345,0.0,0.0,1.0,0
-0.25685354953104217,0.6030052898573213,-0.23990851095556168,-0.1500504666603736,0.8515030814036574,1.0,0.0,0.0,0
-1.455336991308996,-1.0844375546647627,1.8907655658976583,-1.6492558219561932,0.7418871738050938,0.0,1.0,0.0,0
0.04276731091346047,-0.47695813063678943,-0.5062427705622142,0.5795628062502584,0.8671624967748807,0.0,0.0,1.0,0
-1.6051474215312471,-1.4894238373500397,0.14294698722900126,-0.05010344297398563,0.2564452972971699,1.0,0.0,0.0,0
-1.2056529409385865,-0.6794512719794472,-0.7004448348587317,0.019859473606486232,-0.8866920248021348,0.0,0.0,1.0,0
-0.7062848401977677,-0.13946956173237265,-0.3897215319843037,0.2797217351910944,1.5248579423662616,1.0,0.0,0.0,0
-0.7062848401977677,-0.3419627030750304,0.043071639876506584,0.47961578256387033,-1.1215832553704852,1.0,0.0,0.0,0
-0.756221650271861,-0.20696727551327135,-1.0278140289585753,2.078768161546078,-0.18201833309708393,0.0,1.0,0.0,0
-1.0059057006422703,-1.5569215511309384,0.043071639876506584,-0.31996040692723343,1.2273290503130179,0.0,0.0,1.0,0
-0.756221650271861,-1.0844375546647627,0.40373261642718183,-0.3899233235077046,1.0394160658583376,0.0,0.0,1.0,0
-0.6563480301237028,-0.20696727551327135,-1.3662804838753628,1.908858221279219,0.2721047126683933,1.0,0.0,0.0,0
-0.40666397975329344,-1.0844375546647627,-1.1609811587619014,1.119276734156754,-0.8083949479460181,0.0,1.0,0.0,0
-0.10704311930879085,-0.4094604168559291,-0.5561804442384615,0.7394780441484793,-0.7927355325747947,0.0,1.0,0.0,0
-1.1057793207904283,-1.6244192649117988,0.3759894643848222,-0.969616060888755,-0.7144384557186779,1.0,0.0,0.0,0
-0.9060320804941122,-0.8819444133221049,-0.5117914009706861,0.8394250678348673,-0.8866920248021348,1.0,0.0,0.0,0
1.5408716131359168,1.8854618516941282,-0.5783749658723493,0.18976941387334537,0.11551055895615976,0.0,0.0,1.0,0
-0.2069167394569489,0.13052129339114543,-1.1443352675364857,1.119276734156754,-1.0589455938855916,1.0,0.0,0.0,0
-1.1557161308645216,-1.2194329822265217,1.00298470054215,-1.4393670722147784,1.0394160658583376,0.0,1.0,0.0,0
0.24251455120977664,-0.13946956173237265,-0.5450831834215176,0.8794038773094223,1.4465608655101447,1.0,0.0,0.0,0
-0.856095270420019,-1.0844375546647627,-0.7281879869010912,0.3097058422970112,1.0863943119720076,1.0,0.0,0.0,0
0.8417562720987535,0.8729961449808777,-0.6560557915909562,0.5895575086188972,-0.35427190218054083,1.0,0.0,0.0,0
0.7418826519505954,0.6030052898573213,0.22617644335608017,-0.7697220135159794,-1.5130686396510689,1.0,0.0,0.0,0
-1.2056529409385865,-0.8819444133221049,0.4592189205119011,-0.21001868087220654,-0.4482283944078809,1.0,0.0,0.0,0
-1.305526561086773,-1.286930696007382,-1.061105811409407,1.738948281012359,-0.6518007942337846,1.0,0.0,0.0,0
-0.6064112200496096,-0.13946956173237265,-0.27320029340639324,0.059838283081041284,0.2564452972971699,1.0,0.0,0.0,0
-0.6064112200496096,-0.6119535581985485,-0.27874892381486516,0.9093879844153391,0.31908295878206333,1.0,0.0,0.0,0
0.6919458418765022,0.5355075760764609,-0.27320029340639324,-0.2000239785035676,0.9454595736309974,1.0,0.0,0.0,0
-1.505273801383089,-1.4219261235691794,-0.6505071611824843,1.299181376792252,0.11551055895615976,0.0,1.0,0.0,0
0.492198601580186,0.5355075760764609,0.10410657436969778,-0.5098597519313705,1.3839232040252514,1.0,0.0,0.0,0
-0.057106309234725997,-0.3419627030750304,-0.7059934652672035,1.788921792855553,-0.761416701832348,0.0,1.0,0.0,0
1.141377132543256,0.805498431199979,1.679917610375725,-1.6092770124816382,0.052872897471266354,0.0,1.0,0.0,0
0.29245136128386984,0.13052129339114543,-0.04015781625057232,-0.13006106192309574,-1.4347715627949522,0.0,1.0,0.0,0
-0.007169499160632764,-0.6119535581985485,-0.27874892381486516,0.029854175975124464,-1.5757063011359624,1.0,0.0,0.0,0
-1.455336991308996,-1.0844375546647627,-0.595020857097765,1.339160186266807,1.4309014501389214,0.0,1.0,0.0,0
0.3423881713579347,1.5479732827897112,0.7255531801185536,-1.2694571319479189,-0.41690956366543425,0.0,0.0,1.0,0
-1.5552106114571824,-1.4894238373500397,-0.6283126395485966,1.06930322231356,0.35040178952451007,0.0,1.0,0.0,0
0.29245136128386984,0.0630235796102851,-1.122140745902598,0.5795628062502584,-0.7144384557186779,1.0,0.0,0.0,0
-1.2056529409385865,-1.0844375546647627,-0.12338727237765122,-0.5798226685118416,-0.6518007942337846,1.0,0.0,0.0,0
-0.10704311930879085,0.5355075760764609,-0.7226393564926193,1.1892396507372252,0.7262277584338706,1.0,0.0,0.0,0
0.5421354116542793,0.67050300363822,0.764393592977857,-1.0895524893124204,1.2586478810554644,1.0,0.0,0.0,0
0.24251455120977664,1.0079915725426367,-1.2386619844805085,0.969356198627172,-0.8240543633172414,1.0,0.0,0.0,0
-0.5564744099755448,0.13052129339114543,-1.3052455493821717,1.7189588762750818,1.1803508041993478,1.0,0.0,0.0,0
-0.5564744099755448,0.13052129339114543,0.9197552444150711,-0.7497326087787015,-0.6987790403474545,1.0,0.0,0.0,0
-1.0059057006422703,-1.4894238373500397,-1.5160935049041049,2.0487840544401617,-0.41690956366543425,1.0,0.0,0.0,0
-1.405400181234931,-1.4219261235691794,-1.122140745902598,1.808911197592831,1.196010219570571,1.0,0.0,0.0,0
-0.6064112200496096,-0.8819444133221049,-0.5228886617876299,0.8494197702035061,-0.5891631327488911,1.0,0.0,0.0,0
-0.856095270420019,-0.8144466995412062,0.5868374199067554,-0.9596213585201163,-1.1685615014841553,1.0,0.0,0.0,0
2.1401133340248935,2.3579458481603037,-0.0789982291098758,0.1997641162419843,-1.654003377992079,0.0,1.0,0.0,0
-1.305526561086773,-1.016939840883864,3.111464255761482,-2.308906178286354,1.0707348966007844,1.0,0.0,0.0,0
1.191313942617321,0.67050300363822,0.392635355610238,-0.6897643945668686,0.835843666032434,1.0,0.0,0.0,0
-1.7050210416794052,-1.5569215511309384,0.09300931355275392,-0.23000808560948371,0.037213482100043,1.0,0.0,0.0,0
0.6919458418765022,0.33301443473380316,-0.6560557915909562,0.37966875887748236,1.1646913888281245,0.0,0.0,1.0,0
0.3423881713579347,0.6030052898573213,-1.0167167681416314,2.528529768134824,-0.6518007942337846,1.0,0.0,0.0,1
0.7418826519505954,0.4005121485147019,0.2650168562153837,-0.6297961803550356,0.22512646655472324,1.0,0.0,0.0,0
-0.3567271696792002,-0.6119535581985485,-0.23990851095556168,-0.2799815974526777,0.6479306815777538,1.0,0.0,0.0,0
0.6420090318024373,0.4005121485147019,-0.8447092254790017,1.359149591004085,-0.21333716383953064,1.0,0.0,0.0,0
0.8417562720987535,0.6030052898573213,-1.3274400710160594,2.2686675065502158,-1.1215832553704852,0.0,1.0,0.0,0
0.8417562720987535,0.46800986229556224,-0.25655440218097747,1.1092820317881151,-0.3229530714380941,1.0,0.0,0.0,0
0.9416298922469115,0.5355075760764609,-0.7725770301688667,1.8189058999614698,-0.4482283944078809,1.0,0.0,0.0,0
-0.7062848401977677,-0.4094604168559291,-0.5561804442384615,0.7094939370425631,0.6479306815777538,0.0,0.0,1.0,0
-1.3554633711608377,-1.151935268445623,-0.7115420956756755,0.3197005446656502,-0.6987790403474545,1.0,0.0,0.0,0
-1.3554633711608377,-1.016939840883864,0.4758648117373169,-0.7197485016727854,-0.24465599458197734,0.0,1.0,0.0,0
-1.1557161308645216,-0.20696727551327135,-0.22881125013861783,0.09981709255559633,1.0707348966007844,1.0,0.0,0.0,0
-1.5552106114571824,-1.286930696007382,-0.6505071611824843,0.8694091749407841,1.681452096078495,1.0,0.0,0.0,0
0.9915667023210047,0.26551672095290446,1.602236784657118,-1.3694041556343068,-0.40125014829421085,0.0,1.0,0.0,0
-1.305526561086773,-1.0844375546647627,0.692261397667722,-1.1894995129988084,-0.6361413788625612,1.0,0.0,0.0,0
1.3910611829136654,0.6030052898573213,0.5368997462305081,-0.49986504956273153,-1.0902644246280384,1.0,0.0,0.0,0
-0.4566007898273583,-0.8144466995412062,-0.2676516629979213,0.09981709255559633,1.587495603851155,0.0,1.0,0.0,0
0.6420090318024373,0.4005121485147019,-0.4507564664774949,0.7994462583603121,-0.056743010127297114,1.0,0.0,0.0,0
1.191313942617321,1.2779824276661549,0.009779857425675026,-0.21001868087220654,1.321285542540358,1.0,0.0,0.0,0
-1.7050210416794052,-1.6244192649117988,-0.445207836069023,0.019859473606486232,-0.18201833309708393,1.0,0.0,0.0,0
-0.9559688905681771,-1.3544284097882808,0.5479970070474519,-0.4898703471940926,-1.0902644246280384,1.0,0.0,0.0,0
-0.4566007898273583,0.26551672095290446,-0.18997083727931435,0.6095469133561752,1.0707348966007844,1.0,0.0,0.0,0
1.9903029038026423,2.222950420598545,-0.6893475740417878,1.2791919720549743,-0.40125014829421085,0.0,1.0,0.0,0
0.8417562720987535,0.13052129339114543,0.8143312666541044,-1.1095418940496984,-0.761416701832348,1.0,0.0,0.0,0
-0.6064112200496096,-1.016939840883864,1.0917627870777007,-1.0995471916810593,-1.1998803322266018,1.0,0.0,0.0,0
-1.455336991308996,-1.2194329822265217,-0.7781256605773386,0.2597323304538172,1.3526043732828046,1.0,0.0,0.0,0
0.19257774113568338,0.4005121485147019,-0.5062427705622142,0.4896104849325093,-1.3564744859388354,0.0,1.0,0.0,0
-0.15697992938288408,-0.5444558444176881,0.5091565941881484,-0.4898703471940926,1.0863943119720076,1.0,0.0,0.0,0
-0.756221650271861,-0.3419627030750304,0.22062781294760825,-0.14005576429173466,0.28776412803961665,1.0,0.0,0.0,0
1.5408716131359168,1.6154709965705716,-0.750382508534979,2.14873107812655,0.30342354341084,1.0,0.0,0.0,1
-0.6563480301237028,-0.5444558444176881,-0.5672777050554054,0.5695681038816202,1.368263788654028,0.0,1.0,0.0,0
0.492198601580186,0.26551672095290446,-0.12338727237765122,0.6095469133561752,0.5852930200928603,0.0,1.0,0.0,0
1.9903029038026423,2.155452706817646,-0.3231379670826406,0.2597323304538172,1.6501332653360483,1.0,0.0,0.0,0
1.141377132543256,0.805498431199979,-0.8502578558874736,1.349154888635446,-0.761416701832348,1.0,0.0,0.0,0
1.091440322469163,0.8729961449808777,0.1706901392713609,-0.3899233235077046,-1.6853222087345259,1.0,0.0,0.0,0
-1.2555897510126797,-0.9494421271029653,-1.0222653985501033,1.888868816541941,0.4756771124942969,0.0,0.0,1.0,0
0.5920722217283441,0.0630235796102851,4.110217729286429,-2.4288426067100195,-1.5130686396510689,0.0,1.0,0.0,0
0.492198601580186,-0.2744649892941317,0.2705654866238556,-0.7297432040414236,0.4756771124942969,0.0,1.0,0.0,0
1.3910611829136654,1.6154709965705716,-0.09009548992681966,-0.030114038236707757,2.0572780649878553,1.0,0.0,0.0,0
1.191313942617321,1.3454801414470536,0.4536702901034292,-0.7497326087787015,0.9611189890022208,1.0,0.0,0.0,0
0.19257774113568338,1.0754892863235355,1.530104589346983,-1.6492558219561932,-0.9180108555445815,1.0,0.0,0.0,0
0.04276731091346047,-0.5444558444176881,0.3316004211170468,-0.9896054656260325,1.6971115114497184,1.0,0.0,0.0,0
-0.6064112200496096,-1.016939840883864,0.2095305521306644,-0.6797696921982296,-1.6853222087345259,0.0,1.0,0.0,0
-0.856095270420019,-0.07197184795151232,-0.17887357646237048,0.15978530676742925,0.0685323128424897,1.0,0.0,0.0,0
-1.2555897510126797,-1.016939840883864,0.32050316030010295,-0.3599392164017885,0.0685323128424897,1.0,0.0,0.0,0
-0.5065375999014515,-0.004474134170613608,0.16514150886288897,-0.5698279661432034,0.38172062026695674,0.0,0.0,1.0,0
-0.057106309234725997,-0.5444558444176881,-1.0333626593670473,0.9793509009958102,1.1646913888281245,0.0,1.0,0.0,0
0.39232498143202793,0.33301443473380316,-0.1566790548284828,-0.41990743061362146,-0.8397137786884648,0.0,1.0,0.0,0
1.3411243728395723,0.46800986229556224,-0.5894722266892931,0.36967405650884416,-1.4817498089086223,1.0,0.0,0.0,0
1.2412507526914143,1.3454801414470536,0.5701915286813396,-1.0895524893124204,-0.9649891016582516,0.0,1.0,0.0,0
-1.305526561086773,-1.0844375546647627,-0.3619783799419441,0.3596793541402052,-1.6226845472496323,1.0,0.0,0.0,0
0.24251455120977664,1.2104847138852945,-0.08454685951834773,-0.11007165718581856,1.6657926807072716,1.0,0.0,0.0,1
-0.5564744099755448,-1.151935268445623,-0.595020857097765,0.8893985796780612,-1.0902644246280384,1.0,0.0,0.0,0
0.29245136128386984,0.4005121485147019,1.613334045474062,-1.3793988580029457,-0.46388780977910427,0.0,0.0,1.0,0
-1.305526561086773,-1.0844375546647627,-1.1054948546771823,1.259202567317697,-1.4504309781661755,0.0,1.0,0.0,0
1.2412507526914143,1.0079915725426367,0.8920120923727114,-1.0495736798378654,0.39738003563818014,1.0,0.0,0.0,0
0.9915667023210047,0.33301443473380316,0.1873360304967767,-0.7897114182532565,0.5539741893504136,0.0,1.0,0.0,0
1.9403660937285492,1.9529595654749885,-0.07344959870140388,0.2497376280851783,1.3526043732828046,1.0,0.0,0.0,0
-0.856095270420019,-1.4219261235691794,-0.6616044219994281,-0.08008755007990175,1.0707348966007844,0.0,0.0,1.0,0
0.492198601580186,0.26551672095290446,-0.3508811191250002,0.3596793541402052,1.0237566504871143,1.0,0.0,0.0,0
1.4909348030618235,0.7380007174191187,2.445628606744851,-1.9790810001212737,0.4600176971230735,1.0,0.0,0.0,0
-0.3567271696792002,0.6030052898573213,1.5911395238401742,-1.4893405840579723,-1.654003377992079,0.0,1.0,0.0,0
1.6906820433581398,1.1429870001043958,0.7421990713439693,-0.7797167158846176,0.9141407428885507,1.0,0.0,0.0,0
-0.40666397975329344,-1.0844375546647627,0.9530470268659026,-1.1095418940496984,1.3995826193964747,1.0,0.0,0.0,0
0.29245136128386984,0.13052129339114543,-1.2275647236635647,1.099287329419476,-1.560046885764739,1.0,0.0,0.0,0
0.3423881713579347,1.1429870001043958,1.8019874793621073,-1.6392611195875544,-0.9493296862870282,0.0,0.0,1.0,0
-0.756221650271861,-0.4094604168559291,-0.6948962044502597,0.6695151275680081,-0.08806184086974382,0.0,0.0,1.0,0
1.041503512395098,0.5355075760764609,1.29151348178269,-1.2894465366851964,1.9633215727605153,1.0,0.0,0.0,0
-1.305526561086773,-0.7469489857603459,0.9364011356404868,-1.1195365964183368,1.0394160658583376,1.0,0.0,0.0,0
1.2911875627655074,0.67050300363822,-0.1844222068708424,-0.2799815974526777,-0.1976777484683073,1.0,0.0,0.0,0
-0.5564744099755448,-0.7469489857603459,1.613334045474062,-1.5093299887952503,-1.1372426707417085,1.0,0.0,0.0,0
-0.6064112200496096,-0.7469489857603459,-0.8890982687467771,0.6695151275680081,1.509198526995038,1.0,0.0,0.0,0
0.24251455120977664,-0.004474134170613608,-0.10119275074376351,0.5095998896697872,-0.3386124868093175,1.0,0.0,0.0,0
-1.6550842316053405,-1.3544284097882808,0.22617644335608017,-0.7797167158846176,-1.0746050092568151,1.0,0.0,0.0,0
0.6919458418765022,0.46800986229556224,-1.4384126791854979,2.0987575662833557,-0.02542417938485041,1.0,0.0,0.0,0
-0.2069167394569489,-0.6119535581985485,0.2705654866238556,0.12980119966151243,-1.6853222087345259,0.0,0.0,1.0,0
-1.3554633711608377,-0.8144466995412062,-0.6671530524079,0.23974292571653935,0.49133652786552023,0.0,0.0,1.0,0
0.29245136128386984,0.4005121485147019,-0.6671530524079,-0.04010874060534669,-1.6383439626208558,0.0,0.0,1.0,0
-1.2056529409385865,-1.151935268445623,0.46476755092037303,-0.3099657045585945,-0.7300978710899013,1.0,0.0,0.0,0
0.3423881713579347,1.5479732827897112,0.9752415484997903,-1.319430643791113,0.6009524354640837,1.0,0.0,0.0,0
0.492198601580186,-0.3419627030750304,-0.6061181179147088,0.8494197702035061,0.22512646655472324,1.0,0.0,0.0,0
0.6420090318024373,0.7380007174191187,-0.5617290746469334,0.2997111399283723,0.4600176971230735,0.0,1.0,0.0,0
-1.2056529409385865,-0.9494421271029653,0.25391959539843983,0.1997641162419843,-0.2759748253244241,0.0,1.0,0.0,0
-0.5065375999014515,-0.9494421271029653,-1.1665297891703734,2.0487840544401617,0.19380763581227653,1.0,0.0,0.0,0
-1.0558425107163636,-1.5569215511309384,-0.12338727237765122,-0.05010344297398563,-0.6048225481201145,0.0,1.0,0.0,0
-1.0059057006422703,-1.3544284097882808,-0.7670283997603947,1.469091317059112,-0.6674602096050078,1.0,0.0,0.0,0
0.19257774113568338,-0.2744649892941317,-1.2220160932550928,0.8094409607289511,-1.2781774090827187,1.0,0.0,0.0,0
1.7905556635063262,1.2104847138852945,-0.6560557915909562,0.47961578256387033,-0.10372125624096717,0.0,1.0,0.0,1
-1.1057793207904283,-1.6919169786926975,-0.9279386816060806,1.409123102847279,0.7732060045475406,1.0,0.0,0.0,0
-0.7062848401977677,-0.07197184795151232,0.13739835682052934,-0.2899762998213166,-1.2155397475978251,1.0,0.0,0.0,0
0.9915667023210047,0.4005121485147019,-0.40081879280124755,0.4896104849325093,-0.3386124868093175,1.0,0.0,0.0,0
-0.5564744099755448,0.0630235796102851,-0.7670283997603947,0.4396369730893153,-0.495206640521551,1.0,0.0,0.0,0
-1.505273801383089,-1.286930696007382,-0.977876355282328,0.5295892944070644,1.3839232040252514,0.0,1.0,0.0,0
-0.6064112200496096,-0.13946956173237265,0.0652661615103943,-0.3399498116645106,-1.4504309781661755,0.0,1.0,0.0,0
0.7418826519505954,0.46800986229556224,-0.5783749658723493,-0.1500504666603736,1.822386834419505,1.0,0.0,0.0,0
-0.10704311930879085,0.13052129339114543,-0.7115420956756755,0.969356198627172,0.835843666032434,0.0,0.0,1.0,0
-0.6064112200496096,-0.2744649892941317,0.8531716795134079,-0.6697749898295914,0.9767784043734442,0.0,1.0,0.0,0
0.6919458418765022,0.6030052898573213,-0.5506318138299896,0.5395839967757032,1.0863943119720076,1.0,0.0,0.0,0
-2.2543259524943173,-2.636884971625049,1.5689450022062865,-1.5692982030070828,0.8828219121461041,0.0,1.0,0.0,0
0.19257774113568338,1.1429870001043958,-0.5284372921961019,1.119276734156754,1.0394160658583376,1.0,0.0,0.0,0
-1.1557161308645216,-0.2744649892941317,0.8753662011472956,-0.7797167158846176,1.6031550192223782,0.0,0.0,1.0,0
0.6919458418765022,0.4005121485147019,-0.8780010079298333,0.6095469133561752,-0.5891631327488911,1.0,0.0,0.0,0
-0.6064112200496096,-0.004474134170613608,-0.289846184631809,0.13979590203015138,0.6949089276914238,1.0,0.0,0.0,0
-0.6064112200496096,-0.9494421271029653,-0.023511925025156536,0.11980649729287421,-1.0589455938855916,1.0,0.0,0.0,0
0.14264093106161854,-0.13946956173237265,-0.5284372921961019,0.1997641162419843,-1.6383439626208558,0.0,1.0,0.0,0
0.5920722217283441,1.1429870001043958,-0.4230133144351353,0.8294303654662283,1.509198526995038,1.0,0.0,0.0,0
-1.0558425107163636,-1.6244192649117988,-0.13448453319459508,0.049843580712402344,0.16248880506982982,1.0,0.0,0.0,0
-0.007169499160632764,0.26551672095290446,-0.8558064862959456,1.209229055474503,0.31908295878206333,0.0,1.0,0.0,0
0.3423881713579347,0.33301443473380316,-0.5228886617876299,0.10981179492423528,1.462220280881368,1.0,0.0,0.0,0
1.3910611829136654,0.7380007174191187,0.13184972641205742,-0.7797167158846176,-0.46388780977910427,1.0,0.0,0.0,0
0.7918194620246887,0.5355075760764609,-0.023511925025156536,-0.45988624008817647,0.6322712662065304,1.0,0.0,0.0,0
1.4909348030618235,0.8729961449808777,3.6330355141578434,-2.348884987760909,0.6322712662065304,1.0,0.0,0.0,0
0.5421354116542793,0.13052129339114543,1.7243066536435003,-1.2294783224733639,-0.9963079324006983,0.0,1.0,0.0,0
0.492198601580186,0.6030052898573213,0.775490853794801,-1.0195895727319488,-0.6831196249762312,1.0,0.0,0.0,0
1.3910611829136654,1.4804755690088125,0.7921367450202167,-0.9096478466769223,-0.7770761172035714,1.0,0.0,0.0,0
1.3411243728395723,1.3454801414470536,0.6256778327660589,-0.8996531443082835,-0.41690956366543425,0.0,1.0,0.0,0
-0.007169499160632764,-0.2744649892941317,-0.23990851095556168,-0.1200663595544575,-1.2625179937114952,1.0,0.0,0.0,0
0.492198601580186,0.6030052898573213,-0.8169660734366421,1.2891866744236131,1.0237566504871143,1.0,0.0,0.0,0
0.492198601580186,1.4804755690088125,-0.27874892381486516,0.029854175975124464,0.14682938969860648,0.0,0.0,1.0,0
1.091440322469163,0.26551672095290446,1.1306031999370043,-1.1894995129988084,0.9767784043734442,1.0,0.0,0.0,0
-0.856095270420019,-1.0844375546647627,0.25391959539843983,-0.9396319537828385,0.30342354341084,1.0,0.0,0.0,0
0.6919458418765022,-0.004474134170613608,1.3137080034165778,-1.4393670722147784,-1.2155397475978251,1.0,0.0,0.0,0
0.5421354116542793,0.8729961449808777,0.6367750935830028,-0.9296372514142,-1.246858578340272,0.0,1.0,0.0,0
-0.756221650271861,-0.4094604168559291,-0.972327724873856,0.44963167545795424,0.8515030814036574,1.0,0.0,0.0,0
0.7918194620246887,0.0630235796102851,-1.1831756803957894,0.8194356630975901,-0.47954722515032766,1.0,0.0,0.0,1
-1.505273801383089,-1.4219261235691794,-0.25655440218097747,-0.5298491566686476,-0.7927355325747947,0.0,1.0,0.0,0
0.19257774113568338,0.9404938587617381,1.0473737438099253,-0.8296902277278119,0.39738003563818014,1.0,0.0,0.0,0
0.7418826519505954,0.4005121485147019,-0.744833878126507,0.2297482233479004,-0.3855907329229875,1.0,0.0,0.0,0
1.041503512395098,-0.004474134170613608,-1.0222653985501033,0.5095998896697872,-1.5913657165071857,0.0,1.0,0.0,1
1.141377132543256,0.67050300363822,0.38708672520176607,-0.8996531443082835,1.2899667117979112,1.0,0.0,0.0,0
-0.25685354953104217,-0.5444558444176881,-0.2232626197301459,0.14979060439879033,1.0550754812295609,1.0,0.0,0.0,0
-0.5065375999014515,0.19801900717204413,-0.37307564075888794,-0.3899233235077046,-0.1663589177258606,1.0,0.0,0.0,0
0.8417562720987535,0.13052129339114543,-1.2664051365228681,1.738948281012359,-1.0589455938855916,1.0,0.0,0.0,1
-0.9060320804941122,-0.8819444133221049,2.506663541238042,-1.9490968930153572,-1.1215832553704852,1.0,0.0,0.0,0
0.29245136128386984,-0.4094604168559291,-1.2608565061143961,0.5195945920384261,-0.542184886635221,0.0,1.0,0.0,0
1.2412507526914143,0.19801900717204413,-0.2842975542233371,0.17977471150470642,0.8201842506612106,0.0,1.0,0.0,0
-1.2555897510126797,-0.9494421271029653,-1.5493852873549365,1.359149591004085,0.4600176971230735,1.0,0.0,0.0,0
0.5421354116542793,0.0630235796102851,0.004231227017203099,-0.3399498116645106,-1.246858578340272,1.0,0.0,0.0,0
0.6919458418765022,0.5355075760764609,0.392635355610238,-0.5398438590372866,1.2429884656842412,1.0,0.0,0.0,0
-0.6563480301237028,-0.2744649892941317,1.1971867648386674,-1.3094359414224743,-0.542184886635221,0.0,0.0,1.0,0
0.7918194620246887,0.6030052898573213,0.46476755092037303,-0.5898173708804806,-0.8083949479460181,1.0,0.0,0.0,0
-0.5065375999014515,-0.8819444133221049,0.44812165969495726,-0.45988624008817647,1.4309014501389214,0.0,1.0,0.0,0
0.14264093106161854,-0.5444558444176881,-0.972327724873856,0.7594674488857571,-0.980648517029475,0.0,1.0,0.0,0
-0.856095270420019,-1.5569215511309384,-0.5561804442384615,0.37966875887748236,0.052872897471266354,0.0,1.0,0.0,0
0.9915667023210047,0.4005121485147019,-1.0722030722263507,1.469091317059112,1.3839232040252514,0.0,0.0,1.0,0
0.8916930821728467,0.6030052898573213,1.9961895436586248,-1.5293193935325278,-1.1998803322266018,1.0,0.0,0.0,0
-0.3567271696792002,-0.6794512719794472,-0.6505071611824843,0.7294833417798403,-1.293836824453942,1.0,0.0,0.0,0
0.39232498143202793,0.4005121485147019,0.0652661615103943,-0.5498385614059255,0.7105683430626472,1.0,0.0,0.0,0
-0.15697992938288408,0.7380007174191187,0.8365257882879922,-0.9396319537828385,0.6322712662065304,1.0,0.0,0.0,0
0.492198601580186,1.4804755690088125,1.3137080034165778,-1.1195365964183368,0.4756771124942969,1.0,0.0,0.0,0
0.6420090318024373,0.5355075760764609,-0.9279386816060806,1.419117805215918,-0.9180108555445815,0.0,1.0,0.0,0
0.9416298922469115,0.6030052898573213,0.28166274744079944,-0.5698279661432034,-0.02542417938485041,0.0,0.0,1.0,0
0.3423881713579347,-0.3419627030750304,-0.40081879280124755,0.42964227072067634,-0.8240543633172414,1.0,0.0,0.0,0
2.0402397138767356,2.290448134379405,-0.11783864196917929,0.23974292571653935,-0.04108359475607377,0.0,1.0,0.0,0
-0.5564744099755448,-0.2744649892941317,0.2761141170323275,-0.5798226685118416,1.3995826193964747,1.0,0.0,0.0,0
1.191313942617321,0.13052129339114543,-1.0722030722263507,2.238683399444299,-0.02542417938485041,1.0,0.0,0.0,1
1.3411243728395723,0.4005121485147019,0.8365257882879922,-1.3294253461597518,-1.6226845472496323,1.0,0.0,0.0,0
0.7918194620246887,0.6030052898573213,0.5757401590898116,-0.5898173708804806,-0.9963079324006983,1.0,0.0,0.0,0
-0.856095270420019,-0.6119535581985485,-0.6061181179147088,0.0898223901869574,0.8515030814036574,0.0,0.0,1.0,0
1.3411243728395723,1.4129778552279522,0.3537949427509345,-0.7497326087787015,0.6322712662065304,0.0,0.0,1.0,0
1.7406188534322329,1.9529595654749885,0.4370243988780134,-0.9596213585201163,0.35040178952451007,0.0,1.0,0.0,0
1.141377132543256,0.805498431199979,2.0183840652925125,-1.7092240361680262,-0.8240543633172414,1.0,0.0,0.0,0
-0.5065375999014515,-0.4094604168559291,-0.6671530524079,0.8294303654662283,-0.2603154099532007,1.0,0.0,0.0,0
-1.0059057006422703,-1.0844375546647627,-0.37307564075888794,0.1997641162419843,-1.4504309781661755,1.0,0.0,0.0,0
1.191313942617321,0.0630235796102851,-0.10674138115223544,-0.3399498116645106,-0.1663589177258606,0.0,1.0,0.0,0
0.9416298922469115,0.46800986229556224,-0.744833878126507,0.7894515559916733,-0.4325689790366576,0.0,1.0,0.0,0
0.04276731091346047,-0.20696727551327135,-1.044459920183991,1.8189058999614698,0.7418871738050938,1.0,0.0,0.0,0
-1.2555897510126797,-1.0844375546647627,-0.1566790548284828,0.2797217351910944,1.587495603851155,1.0,0.0,0.0,0
0.14264093106161854,1.0754892863235355,1.452423763628376,-1.6392611195875544,-0.1663589177258606,0.0,0.0,1.0,0
-1.1557161308645216,-1.7594146924735963,0.5757401590898116,-0.3499445140331496,-0.8240543633172414,1.0,0.0,0.0,0
-0.7062848401977677,-0.2744649892941317,-1.0333626593670473,2.248678101812938,-1.5443874703935156,1.0,0.0,0.0,0
-0.4566007898273583,0.19801900717204413,-0.7115420956756755,0.20975881861062326,-0.5265254712639977,1.0,0.0,0.0,0
-1.2555897510126797,-0.8819444133221049,-0.6116667483231808,0.42964227072067634,1.462220280881368,1.0,0.0,0.0,0
0.09270412098752531,0.19801900717204413,-0.5228886617876299,1.0892926270508372,-1.1529020861129318,1.0,0.0,0.0,0
-0.9559688905681771,-0.8144466995412062,-0.5839235962808211,0.17977471150470642,-0.228996579210754,0.0,1.0,0.0,0
1.840492473580391,1.5479732827897112,2.1238080430534794,-1.6892346314307483,1.3369449579115813,1.0,0.0,0.0,0
-1.2056529409385865,-0.8144466995412062,-0.8558064862959456,0.4396369730893153,1.149031973456901,0.0,0.0,1.0,0
1.7406188534322329,1.9529595654749885,1.907411457123074,-1.6692452266934708,-0.11938067161219053,0.0,1.0,0.0,0
0.9416298922469115,-0.20696727551327135,0.997436070133678,-0.8097008229905344,-1.6853222087345259,1.0,0.0,0.0,0
0.5421354116542793,0.8729961449808777,3.7051677094679785,-2.33889028539227,-1.0119673477719215,0.0,0.0,1.0,0
-0.4566007898273583,0.13052129339114543,0.9530470268659026,-1.1894995129988084,-1.4191121474237287,0.0,1.0,0.0,0
0.04276731091346047,-0.6119535581985485,-1.0333626593670473,1.8688794118046639,-0.3386124868093175,1.0,0.0,0.0,0
0.24251455120977664,-0.47695813063678943,0.1928846609052486,-0.6497855850923135,-0.10372125624096717,1.0,0.0,0.0,0
1.9903029038026423,2.222950420598545,-1.3607318534668909,1.459096614690473,-0.08806184086974382,1.0,0.0,0.0,0
-0.856095270420019,-0.6119535581985485,-0.37307564075888794,0.009864771237847294,-1.1998803322266018,1.0,0.0,0.0,0
-2.154452332346159,-2.569387257844189,1.1084086783031166,-1.4093829651088623,-0.21333716383953064,0.0,1.0,0.0,0
-1.455336991308996,-1.0844375546647627,0.24282233458149596,-0.18003457376628973,0.6635900969489771,0.0,1.0,0.0,0
0.492198601580186,1.3454801414470536,-0.5117914009706861,-0.31996040692723343,-1.1998803322266018,1.0,0.0,0.0,0
0.9416298922469115,0.5355075760764609,0.004231227017203099,-0.24000278797812266,-0.3855907329229875,1.0,0.0,0.0,0
0.5920722217283441,0.6030052898573213,-0.6394099003655405,0.5195945920384261,-0.6204819634913378,0.0,1.0,0.0,0
-1.0059057006422703,-1.6244192649117988,1.691014871192669,-1.6192717148502769,-0.9963079324006983,0.0,1.0,0.0,0
-0.5564744099755448,0.0630235796102851,-0.2676516629979213,0.5295892944070644,0.39738003563818014,0.0,0.0,1.0,0
0.7418826519505954,0.4005121485147019,0.22062781294760825,-1.1994942153674473,1.7597491729346117,1.0,0.0,0.0,0
0.3423881713579347,0.46800986229556224,-0.17887357646237048,0.6095469133561752,1.587495603851155,1.0,0.0,0.0,0
0.39232498143202793,0.5355075760764609,0.05416890069345044,-0.44989153771953755,-0.4482283944078809,0.0,1.0,0.0,0
1.5908084232099817,0.9404938587617381,-0.140033163603067,0.11980649729287421,1.9163433266468453,1.0,0.0,0.0,0
-0.6064112200496096,-0.9494421271029653,0.9308525052320149,-1.1894995129988084,-0.07240242549852047,0.0,1.0,0.0,0
0.29245136128386984,-0.13946956173237265,2.073870369377232,-1.7492028456425812,0.7732060045475406,0.0,0.0,1.0,0
0.5421354116542793,0.67050300363822,2.1016135214195915,-1.8291604645916917,-1.246858578340272,1.0,0.0,0.0,0
0.9416298922469115,-0.07197184795151232,-0.9168414207891368,0.8494197702035061,1.1333725580856777,1.0,0.0,0.0,1
0.9416298922469115,0.6030052898573213,0.4259271380610695,-0.5498385614059255,-0.9649891016582516,1.0,0.0,0.0,0
-1.455336991308996,-1.4894238373500397,-0.006866033799740755,-0.5698279661432034,1.149031973456901,0.0,1.0,0.0,0
1.8904292836544843,1.6829687103514703,0.44257302928648534,-0.9096478466769223,0.5383147739791903,1.0,0.0,0.0,0
-1.0059057006422703,-0.9494421271029653,-0.04015781625057232,0.2597323304538172,-0.8397137786884648,1.0,0.0,0.0,0
-1.305526561086773,-0.8819444133221049,-0.6338612699570685,1.0293244128390042,0.6949089276914238,0.0,1.0,0.0,0
-0.5564744099755448,0.0630235796102851,-0.367527010350416,0.2597323304538172,0.8828219121461041,1.0,0.0,0.0,0
1.141377132543256,0.805498431199979,0.05416890069345044,0.059838283081041284,-0.6518007942337846,1.0,0.0,0.0,0
0.6919458418765022,0.26551672095290446,0.02087711824261888,0.0898223901869574,1.2899667117979112,1.0,0.0,0.0,0
-0.25685354953104217,0.5355075760764609,-0.17887357646237048,0.019859473606486232,0.7575465891763172,0.0,1.0,0.0,0
0.7418826519505954,0.33301443473380316,-0.06235233788446003,-0.42990213298225965,1.415242034767698,1.0,0.0,0.0,0
0.04276731091346047,0.33301443473380316,-0.2621030325894494,1.0892926270508372,0.052872897471266354,1.0,0.0,0.0,0
-0.9060320804941122,-1.4219261235691794,0.0652661615103943,-0.5898173708804806,1.2899667117979112,1.0,0.0,0.0,0
1.4909348030618235,0.805498431199979,-1.0999462242687104,1.099287329419476,1.0394160658583376,1.0,0.0,0.0,1
0.5920722217283441,0.6030052898573213,0.32050316030010295,-0.21001868087220654,0.8828219121461041,1.0,0.0,0.0,0
0.4422617915060928,0.46800986229556224,0.6478723543999466,-0.9296372514142,1.4465608655101447,0.0,0.0,1.0,0
-0.007169499160632764,-0.004474134170613608,-0.295394815040281,0.17977471150470642,-0.6048225481201145,1.0,0.0,0.0,0
2.0402397138767356,2.155452706817646,-0.16222768523695472,0.6895045323052853,0.6949089276914238,0.0,1.0,0.0,0
-0.5065375999014515,-0.3419627030750304,1.7853415881366916,-1.6692452266934708,-0.542184886635221,1.0,0.0,0.0,0
1.191313942617321,1.3454801414470536,-0.3453324887165283,-0.030114038236707757,-1.4034527320525054,0.0,0.0,1.0,0
0.9915667023210047,0.805498431199979,-0.5839235962808211,0.4896104849325093,-1.4504309781661755,1.0,0.0,0.0,0
-1.3554633711608377,-0.9494421271029653,0.25946822580691176,-0.23000808560948371,0.7418871738050938,1.0,0.0,0.0,0
0.7418826519505954,0.4005121485147019,-1.0111681377331596,0.20975881861062326,1.634473849964825,1.0,0.0,0.0,0
0.8916930821728467,0.7380007174191187,-0.2454571413640336,-0.3099657045585945,1.3995826193964747,1.0,0.0,0.0,0
0.5421354116542793,1.0754892863235355,-0.6782503132248439,1.339160186266807,-1.6853222087345259,0.0,0.0,1.0,0
-1.2555897510126797,-1.3544284097882808,0.11520383518664164,-0.10007695481717963,0.522655358607967,0.0,1.0,0.0,0
-0.7062848401977677,-0.5444558444176881,2.750803279210807,-2.0390492143331063,-1.0589455938855916,1.0,0.0,0.0,0
-0.756221650271861,-0.004474134170613608,-0.5783749658723493,0.2497376280851783,-1.293836824453942,1.0,0.0,0.0,0
-0.9060320804941122,-1.286930696007382,-0.8890982687467771,2.22868869707566,0.6479306815777538,1.0,0.0,0.0,0
-0.9060320804941122,-1.4219261235691794,-0.0568037074759881,-0.3399498116645106,-0.04108359475607377,0.0,1.0,0.0,0
0.5421354116542793,0.67050300363822,-1.1110434850856543,1.2791919720549743,1.3526043732828046,0.0,0.0,1.0,0
0.9416298922469115,-0.20696727551327135,-0.03460918584210039,-0.4099127282449825,1.509198526995038,0.0,1.0,0.0,0
1.7905556635063262,1.6154709965705716,-0.672701682816372,0.5995522109875362,0.31908295878206333,1.0,0.0,0.0,0
1.3910611829136654,1.6829687103514703,-0.4285619448436072,0.33968994940292735,-0.6204819634913378,1.0,0.0,0.0,0
1.8904292836544843,1.9529595654749885,1.5522991109808708,-1.6292664172189157,-1.4347715627949522,1.0,0.0,0.0,0
0.9416298922469115,0.33301443473380316,0.28166274744079944,0.029854175975124464,0.35040178952451007,0.0,1.0,0.0,0
0.14264093106161854,1.2779824276661549,0.847623049104936,-0.8496796324650895,1.2429884656842412,1.0,0.0,0.0,0
0.39232498143202793,1.750466424132369,0.2705654866238556,-0.4398968353508986,0.09985114358493641,0.0,1.0,0.0,0
1.7406188534322329,1.6154709965705716,-1.4162181575516102,3.05824899367268,-0.21333716383953064,1.0,0.0,0.0,1
-0.3567271696792002,-0.6119535581985485,-0.25655440218097747,-0.2000239785035676,0.6792495123202005,1.0,0.0,0.0,0
-0.3067903596051354,-0.8819444133221049,-1.3884750055092505,2.0487840544401617,-0.056743010127297114,0.0,1.0,0.0,0
-0.5564744099755448,0.0630235796102851,-0.3064920758572248,0.039848878343763404,-0.7300978710899013,0.0,1.0,0.0,0
0.9915667023210047,0.33301443473380316,3.649681405383259,-2.4188479043413804,0.39738003563818014,1.0,0.0,0.0,0
0.9416298922469115,0.6030052898573213,0.15404424804594513,-0.10007695481717963,1.6657926807072716,1.0,0.0,0.0,1
-2.2543259524943173,-2.569387257844189,-0.5062427705622142,0.8893985796780612,-0.6674602096050078,1.0,0.0,0.0,0
-0.7062848401977677,-0.2744649892941317,0.3981839860187099,-0.42990213298225965,-1.3251556551963888,1.0,0.0,0.0,0
-0.8061584603459542,-0.5444558444176881,-0.7781256605773386,0.5195945920384261,0.2721047126683933,0.0,1.0,0.0,0
0.39232498143202793,1.2779824276661549,1.230478547289499,-1.0995471916810593,0.08419172821371305,0.0,1.0,0.0,0
0.6919458418765022,0.33301443473380316,-0.595020857097765,1.429112507584556,-0.41690956366543425,1.0,0.0,0.0,0
0.7418826519505954,0.0630235796102851,0.009779857425675026,0.21975352097926218,-0.8710326094309114,1.0,0.0,0.0,0
-0.40666397975329344,-1.0844375546647627,-0.8502578558874736,1.409123102847279,-1.2781774090827187,1.0,0.0,0.0,0
0.39232498143202793,0.4005121485147019,-0.8613551167044174,1.2891866744236131,0.8984813275173275,1.0,0.0,0.0,0
-0.856095270420019,-0.6119535581985485,-0.5672777050554054,-0.2000239785035676,-0.228996579210754,1.0,0.0,0.0,0
0.19257774113568338,-0.2744649892941317,-0.8890982687467771,1.449101912321834,0.22512646655472324,1.0,0.0,0.0,0
0.7918194620246887,0.46800986229556224,-0.25100577177250555,-0.05010344297398563,-1.3094962398251653,1.0,0.0,0.0,0
-0.7062848401977677,-1.0844375546647627,-0.822514703845114,0.23974292571653935,0.9611189890022208,0.0,1.0,0.0,0
0.6919458418765022,0.26551672095290446,0.5535456374559239,-1.1095418940496984,-0.21333716383953064,1.0,0.0,0.0,0
-1.6051474215312471,-1.4219261235691794,0.9419497660489587,-1.1595154058928923,0.16248880506982982,1.0,0.0,0.0,0
0.24251455120977664,1.3454801414470536,-0.8724523775213614,1.409123102847279,-1.2625179937114952,0.0,1.0,0.0,0
0.39232498143202793,0.67050300363822,0.22617644335608017,-0.3399498116645106,0.021554066728819647,0.0,1.0,0.0,0
-1.505273801383089,-1.6244192649117988,-0.14558179401153892,0.23974292571653935,0.2564452972971699,1.0,0.0,0.0,0
0.4422617915060928,1.3454801414470536,1.00298470054215,-1.2094889177360864,1.4778796962525915,0.0,0.0,1.0,0
-1.2056529409385865,-0.9494421271029653,-0.16777631564542664,-0.030114038236707757,0.9141407428885507,0.0,1.0,0.0,0
0.29245136128386984,0.4005121485147019,-0.23435988054708976,-0.18003457376628973,-0.3855907329229875,1.0,0.0,0.0,0
-0.756221650271861,-0.47695813063678943,0.1706901392713609,0.009864771237847294,0.3660612048957334,1.0,0.0,0.0,0
-1.3554633711608377,-1.286930696007382,0.5701915286813396,-0.3099657045585945,1.5405173577374849,1.0,0.0,0.0,0
-1.0059057006422703,-0.6794512719794472,-0.8114174430281702,1.589027745482777,-0.4482283944078809,0.0,1.0,0.0,0
1.6906820433581398,1.2779824276661549,-0.5839235962808211,0.4596263778265932,-0.46388780977910427,1.0,0.0,0.0,0
0.09270412098752531,0.9404938587617381,-0.4230133144351353,-0.24999749034676158,0.5852930200928603,1.0,0.0,0.0,0
0.492198601580186,0.6030052898573213,2.0905162606026475,-1.7991763574857753,-1.027626763143145,0.0,0.0,1.0,0
-1.2056529409385865,-1.016939840883864,-0.5339859226045738,-0.18003457376628973,-0.35427190218054083,0.0,1.0,0.0,0
0.19257774113568338,-0.20696727551327135,0.043071639876506584,-0.2000239785035676,1.149031973456901,0.0,1.0,0.0,0
0.5920722217283441,-0.07197184795151232,-0.13448453319459508,0.0898223901869574,-1.3564744859388354,1.0,0.0,0.0,0
-0.057106309234725997,-0.5444558444176881,0.47031618132884495,-0.5398438590372866,-0.04108359475607377,1.0,0.0,0.0,0
1.6906820433581398,1.750466424132369,-0.4285619448436072,-0.24999749034676158,0.16248880506982982,1.0,0.0,0.0,0
-0.756221650271861,-0.47695813063678943,-0.4119160536181914,0.23974292571653935,1.0237566504871143,0.0,1.0,0.0,0
1.4409979929877303,1.4804755690088125,-1.3718291142838348,1.439107209953195,0.44435828175185016,0.0,1.0,0.0,0
-1.2555897510126797,-0.9494421271029653,-1.055557181000935,1.1492608412626701,-1.3564744859388354,0.0,1.0,0.0,0
0.24251455120977664,-0.004474134170613608,0.22617644335608017,-0.2999710021899556,1.149031973456901,0.0,1.0,0.0,0
-0.7062848401977677,-0.2744649892941317,-0.5006941401537423,0.2497376280851783,-1.4347715627949522,0.0,0.0,1.0,0
-1.3554633711608377,-1.151935268445623,-1.504996244087161,2.0587787568088007,0.17814822044105316,1.0,0.0,0.0,0
1.2911875627655074,0.67050300363822,-0.10674138115223544,0.2797217351910944,0.6322712662065304,1.0,0.0,0.0,0
1.091440322469163,1.0079915725426367,1.1361518303454763,-0.879663739571006,1.0080972351158908,1.0,0.0,0.0,0
-0.15697992938288408,0.19801900717204413,-0.4285619448436072,0.039848878343763404,-1.3877933166812821,0.0,0.0,1.0,0
-1.2555897510126797,-1.3544284097882808,-0.6116667483231808,0.5795628062502584,0.6322712662065304,0.0,1.0,0.0,0
0.9915667023210047,0.33301443473380316,0.5313511158220362,-0.020119335868069525,-0.13504008698341388,1.0,0.0,0.0,0
-1.305526561086773,-0.8144466995412062,-0.5117914009706861,1.808911197592831,0.3347423741532867,1.0,0.0,0.0,0
0.24251455120977664,-0.13946956173237265,-0.9556818336484403,1.39912840047864,0.3347423741532867,1.0,0.0,0.0,0
-0.10704311930879085,-0.6119535581985485,0.7144559193016098,-0.969616060888755,1.4465608655101447,1.0,0.0,0.0,0
-1.2056529409385865,-1.0844375546647627,-0.822514703845114,1.1892396507372252,1.7284303421921652,0.0,1.0,0.0,0
-1.305526561086773,-1.0844375546647627,-0.6283126395485966,1.039319115207643,-0.5891631327488911,1.0,0.0,0.0,0
1.9403660937285492,2.155452706817646,-0.3231379670826406,0.4096528659833992,1.3995826193964747,1.0,0.0,0.0,0
-1.455336991308996,-1.2194329822265217,-0.06790096829293195,0.21975352097926218,1.4309014501389214,0.0,0.0,1.0,0
-0.057106309234725997,0.8729961449808777,-0.09564412033529159,0.5695681038816202,0.7105683430626472,1.0,0.0,0.0,0
0.492198601580186,0.6030052898573213,1.4968128068961515,-1.4293723698461398,1.321285542540358,1.0,0.0,0.0,0
-0.9559688905681771,-1.286930696007382,1.3969374595436568,-1.2694571319479189,-0.6987790403474545,1.0,0.0,0.0,0
-0.057106309234725997,0.8729961449808777,-0.6116667483231808,1.8189058999614698,-0.07240242549852047,1.0,0.0,0.0,0
0.3423881713579347,0.805498431199979,-0.4563050968859668,1.139266138894031,-0.7300978710899013,1.0,0.0,0.0,0
-0.6064112200496096,-0.13946956173237265,0.3316004211170468,-0.6397908827236746,0.3660612048957334,1.0,0.0,0.0,0
0.3423881713579347,1.2104847138852945,-0.6616044219994281,0.6994992346739242,0.17814822044105316,1.0,0.0,0.0,0
0.24251455120977664,0.33301443473380316,-0.7226393564926193,2.088762863914717,-0.542184886635221,1.0,0.0,0.0,0
1.8904292836544843,1.9529595654749885,0.30385726907468713,-0.47987564482545364,-0.6048225481201145,0.0,1.0,0.0,0
0.09270412098752531,1.0754892863235355,-1.205370202029677,1.0892926270508372,1.681452096078495,1.0,0.0,0.0,0
-0.3067903596051354,-0.6119535581985485,-0.5506318138299896,0.9993403057330881,0.4130394510094035,0.0,1.0,0.0,0
-1.0558425107163636,-0.6119535581985485,-0.2842975542233371,-0.26998689508403945,-1.2155397475978251,0.0,1.0,0.0,0
1.2412507526914143,1.4804755690088125,1.1028600478946446,-1.4693511793206948,-1.4660903935373988,1.0,0.0,0.0,0
-0.9060320804941122,-1.3544284097882808,-0.006866033799740755,-0.18003457376628973,-0.761416701832348,1.0,0.0,0.0,0
1.191313942617321,0.33301443473380316,-0.9279386816060806,0.5695681038816202,0.569633604721637,0.0,1.0,0.0,1
-0.3067903596051354,-0.5444558444176881,0.4536702901034292,-0.5498385614059255,-0.9336702709158049,1.0,0.0,0.0,0
-0.9559688905681771,-1.6244192649117988,-0.2842975542233371,-0.06009814534262457,0.7732060045475406,1.0,0.0,0.0,0
1.7905556635063262,1.8179641379132294,-0.7559311389434509,0.6195416157248141,-0.7927355325747947,0.0,0.0,1.0,0
-0.10704311930879085,-0.4094604168559291,0.5202538550050922,-1.2494677272106414,-1.2311991629690486,1.0,0.0,0.0,0
1.2412507526914143,1.0079915725426367,-0.25655440218097747,-0.4898703471940926,0.3660612048957334,1.0,0.0,0.0,0
-0.8061584603459542,-1.2194329822265217,1.7243066536435003,-1.2994412390538352,1.3526043732828046,1.0,0.0,0.0,0
0.5421354116542793,0.7380007174191187,-0.3841729015758318,0.059838283081041284,0.8045248352899873,0.0,1.0,0.0,0
-0.15697992938288408,-0.5444558444176881,-0.7115420956756755,0.6095469133561752,1.0237566504871143,1.0,0.0,0.0,0
0.492198601580186,0.4005121485147019,0.2705654866238556,-0.6297961803550356,0.09985114358493641,1.0,0.0,0.0,0
1.091440322469163,1.2104847138852945,-1.1609811587619014,2.238683399444299,-1.1998803322266018,0.0,0.0,1.0,0
-1.1057793207904283,-0.20696727551327135,-1.0999462242687104,0.919382686783978,1.5718361884799317,1.0,0.0,0.0,0
0.14264093106161854,1.2104847138852945,-0.4895968793367984,0.09981709255559633,-0.8240543633172414,1.0,0.0,0.0,0
0.14264093106161854,1.1429870001043958,0.7921367450202167,-1.219483620104725,1.102053727343231,1.0,0.0,0.0,0
0.14264093106161854,-0.5444558444176881,0.6090319415406431,-0.7597273111473404,-0.9023514401733582,1.0,0.0,0.0,0
0.9416298922469115,0.6030052898573213,-0.6671530524079,0.7694621512543961,-1.3721339013100589,0.0,1.0,0.0,1
0.14264093106161854,1.0079915725426367,0.7089072888931378,-1.1195365964183368,-0.8083949479460181,1.0,0.0,0.0,0
1.7406188534322329,1.4804755690088125,1.5467504805723988,-1.6392611195875544,0.021554066728819647,0.0,1.0,0.0,0
0.3423881713579347,-0.3419627030750304,0.847623049104936,-0.969616060888755,-0.6831196249762312,1.0,0.0,0.0,0
1.091440322469163,1.2779824276661549,0.31495452989163103,-0.2000239785035676,0.7575465891763172,1.0,0.0,0.0,0
-0.3067903596051354,0.5355075760764609,-0.6394099003655405,0.7694621512543961,0.021554066728819647,1.0,0.0,0.0,0
1.091440322469163,0.9404938587617381,0.4758648117373169,-0.45988624008817647,-0.5891631327488911,0.0,0.0,1.0,0
-0.10704311930879085,-0.3419627030750304,-0.47849961851985456,0.3197005446656502,0.7105683430626472,0.0,1.0,0.0,0
-0.10704311930879085,0.19801900717204413,-0.08454685951834773,-0.5798226685118416,1.3839232040252514,1.0,0.0,0.0,0
0.8916930821728467,0.4005121485147019,-0.09564412033529159,0.37966875887748236,-0.5891631327488911,1.0,0.0,0.0,0
-1.5552106114571824,-1.0844375546647627,-0.8280633342535859,0.17977471150470642,1.196010219570571,1.0,0.0,0.0,0
-1.0059057006422703,-0.4094604168559291,-0.27320029340639324,0.049843580712402344,-0.8553731940596881,0.0,0.0,1.0,0
-0.9060320804941122,-1.4894238373500397,-0.6116667483231808,0.6895045323052853,0.14682938969860648,1.0,0.0,0.0,0
-1.3554633711608377,-1.016939840883864,-0.46185372729443874,1.419117805215918,1.1177131427144544,1.0,0.0,0.0,0
1.091440322469163,1.0079915725426367,-0.7004448348587317,0.34968465177156627,-0.3855907329229875,1.0,0.0,0.0,0
1.7406188534322329,1.6829687103514703,-0.672701682816372,0.21975352097926218,0.9767784043734442,1.0,0.0,0.0,0
0.7418826519505954,0.26551672095290446,0.4980593333712046,-0.5898173708804806,0.6792495123202005,1.0,0.0,0.0,0
0.8916930821728467,0.46800986229556224,-0.6616044219994281,1.199234353105864,-0.30729365606687076,0.0,1.0,0.0,0
0.04276731091346047,0.805498431199979,-0.4840482489283265,0.23974292571653935,1.2899667117979112,0.0,1.0,0.0,0
0.7418826519505954,0.46800986229556224,-0.6837989436333158,1.31917078152953,-0.6048225481201145,0.0,1.0,0.0,0
0.3423881713579347,-0.20696727551327135,-0.5783749658723493,0.46962108019523213,-0.495206640521551,0.0,1.0,0.0,0
-1.1057793207904283,-1.7594146924735963,-1.1609811587619014,1.1692502459999479,1.1803508041993478,0.0,1.0,0.0,0
1.840492473580391,1.8179641379132294,-0.3952701623927756,0.3296952470342884,0.9454595736309974,1.0,0.0,0.0,0
-1.305526561086773,-0.4094604168559291,-0.40636742320971947,0.5495786991443422,-0.8553731940596881,1.0,0.0,0.0,0
-0.6064112200496096,-0.13946956173237265,-0.5672777050554054,0.8194356630975901,0.8828219121461041,0.0,0.0,1.0,0
1.091440322469163,0.7380007174191187,0.49251070296273264,-0.9396319537828385,-0.04108359475607377,0.0,0.0,1.0,0
-0.007169499160632764,0.9404938587617381,-0.8669037471128894,0.9593614962585331,-0.10372125624096717,1.0,0.0,0.0,0
1.141377132543256,1.2104847138852945,-0.5783749658723493,0.47961578256387033,-0.15069950235463722,1.0,0.0,0.0,0
-0.40666397975329344,-1.0844375546647627,-0.5839235962808211,0.6795098299366463,-1.654003377992079,1.0,0.0,0.0,0
-2.154452332346159,-2.5018895440632902,-0.4285619448436072,0.42964227072067634,-1.1059238399992617,0.0,1.0,0.0,0
0.19257774113568338,1.2104847138852945,5.3087218975163655,-2.648726058820073,-1.607025131878409,0.0,0.0,1.0,0
-0.9060320804941122,-0.8144466995412062,-0.5395345530130458,0.6994992346739242,-1.4034527320525054,1.0,0.0,0.0,0
-0.7062848401977677,-0.4094604168559291,-0.5117914009706861,0.019859473606486232,1.0237566504871143,1.0,0.0,0.0,0
-0.10704311930879085,-0.6119535581985485,0.21507918253913633,0.20975881861062326,1.3056261271691345,1.0,0.0,0.0,0
-1.3554633711608377,-0.9494421271029653,-0.9057441599721929,1.349154888635446,0.0685323128424897,0.0,0.0,1.0,0
0.19257774113568338,-0.3419627030750304,0.043071639876506584,1.06930322231356,0.3660612048957334,0.0,0.0,1.0,0
0.9416298922469115,0.4005121485147019,-0.7059934652672035,0.6495257228307302,-0.2916342406956474,0.0,1.0,0.0,0
-1.1557161308645216,-1.0844375546647627,-0.16222768523695472,-0.14005576429173466,-0.5578443020064444,1.0,0.0,0.0,0
0.14264093106161854,1.0079915725426367,-0.7725770301688667,0.37966875887748236,-1.6853222087345259,0.0,1.0,0.0,0
-1.3554633711608377,-1.2194329822265217,0.764393592977857,-0.5098597519313705,-1.3564744859388354,0.0,1.0,0.0,0
1.9403660937285492,2.222950420598545,-0.8058688126196982,1.159255543631309,0.20946705118349987,1.0,0.0,0.0,0
-1.0059057006422703,-1.286930696007382,0.2650168562153837,-0.7697220135159794,-1.2155397475978251,0.0,1.0,0.0,0
0.4422617915060928,0.5355075760764609,1.3913888291351848,-1.3793988580029457,1.3056261271691345,0.0,1.0,0.0,0
-0.057106309234725997,0.9404938587617381,0.31495452989163103,-1.1095418940496984,0.8201842506612106,1.0,0.0,0.0,0
-0.007169499160632764,0.9404938587617381,-0.289846184631809,0.11980649729287421,-1.340815070567612,1.0,0.0,0.0,0
1.091440322469163,0.9404938587617381,1.1916381344301954,-1.3094359414224743,-1.1685615014841553,1.0,0.0,0.0,0
-0.6064112200496096,0.4005121485147019,0.34824631234246256,-0.09008225244854068,1.6188144345936015,1.0,0.0,0.0,0
1.091440322469163,1.1429870001043958,-0.8114174430281702,0.2497376280851783,-0.8553731940596881,0.0,1.0,0.0,0
0.492198601580186,0.6030052898573213,1.5190073285300392,-1.1495207035242534,1.3995826193964747,1.0,0.0,0.0,0
-0.8061584603459542,-1.2194329822265217,0.24837096498996789,0.09981709255559633,1.3056261271691345,0.0,1.0,0.0,0
-0.756221650271861,-1.2194329822265217,-0.4895968793367984,0.7494727465171181,-1.4034527320525054,1.0,0.0,0.0,0
1.3910611829136654,1.5479732827897112,-0.367527010350416,0.2597323304538172,1.947662157389292,1.0,0.0,0.0,0
0.19257774113568338,0.9404938587617381,-0.6227640091401246,1.06930322231356,0.22512646655472324,0.0,0.0,1.0,0
0.4422617915060928,0.33301443473380316,0.3316004211170468,0.049843580712402344,-0.7927355325747947,1.0,0.0,0.0,0
-1.0059057006422703,-1.4894238373500397,0.4592189205119011,-0.6697749898295914,0.20946705118349987,1.0,0.0,0.0,0
-0.4566007898273583,-0.4094604168559291,-0.5561804442384615,0.41964756835203815,-0.40125014829421085,1.0,0.0,0.0,0
-1.2555897510126797,-1.286930696007382,0.04862027028497851,-0.18003457376628973,0.14682938969860648,0.0,0.0,1.0,0
-0.5065375999014515,-0.6794512719794472,0.19843329131372053,-0.46988094245681544,-0.9493296862870282,0.0,1.0,0.0,0
-1.305526561086773,-1.016939840883864,-0.3564297495334722,0.7194886394112021,-0.6048225481201145,1.0,0.0,0.0,0
-2.154452332346159,-2.366894116501531,1.0973114174861727,-1.3793988580029457,-0.1663589177258606,1.0,0.0,0.0,0
0.4422617915060928,0.33301443473380316,-0.5284372921961019,0.3197005446656502,-1.2625179937114952,0.0,1.0,0.0,0
-0.6064112200496096,-0.8144466995412062,-0.5450831834215176,0.049843580712402344,-0.6987790403474545,0.0,1.0,0.0,0
-0.10704311930879085,-0.5444558444176881,-0.19551946768778627,-0.13006106192309574,1.634473849964825,1.0,0.0,0.0,0
0.19257774113568338,1.0754892863235355,0.9752415484997903,-0.919642549045561,1.4935391116238148,0.0,0.0,1.0,0
-0.057106309234725997,-0.3419627030750304,0.043071639876506584,-0.1500504666603736,0.6322712662065304,0.0,0.0,1.0,0
-0.4566007898273583,0.13052129339114543,-0.6338612699570685,1.2691972696863358,0.7262277584338706,1.0,0.0,0.0,0
-1.0558425107163636,-1.0844375546647627,0.54244837663898,-0.5498385614059255,1.3056261271691345,0.0,0.0,1.0,0
-1.2555897510126797,-0.7469489857603459,1.0529223742183973,-1.1894995129988084,1.274307296426688,1.0,0.0,0.0,0
0.3423881713579347,-0.13946956173237265,-0.977876355282328,1.309176079160891,1.1803508041993478,1.0,0.0,0.0,0
-1.6051474215312471,-1.4219261235691794,-0.6616044219994281,0.5395839967757032,-0.5891631327488911,1.0,0.0,0.0,0
0.09270412098752531,1.0754892863235355,0.004231227017203099,-0.23000808560948371,-0.5735037173776678,1.0,0.0,0.0,0
0.6420090318024373,0.9404938587617381,1.6577230887418373,-1.6792399290621096,1.681452096078495,0.0,1.0,0.0,0
-0.756221650271861,-0.9494421271029653,-1.0833003330432946,1.299181376792252,0.09985114358493641,0.0,1.0,0.0,0
-0.6064112200496096,-0.8144466995412062,-0.23435988054708976,0.6795098299366463,-0.5578443020064444,0.0,1.0,0.0,0
-1.455336991308996,-1.286930696007382,0.24837096498996789,-0.31996040692723343,1.681452096078495,1.0,0.0,0.0,0
0.8417562720987535,0.4005121485147019,-0.5117914009706861,1.688974769169165,-0.9493296862870282,1.0,0.0,0.0,0
-0.2069167394569489,-0.6794512719794472,1.0917627870777007,-1.3893935603715843,0.6009524354640837,0.0,1.0,0.0,0
-0.007169499160632764,-0.4094604168559291,-0.22881125013861783,-0.1500504666603736,-1.1059238399992617,0.0,0.0,1.0,0
-0.057106309234725997,-0.5444558444176881,-0.5728263354638773,1.199234353105864,-0.009764764013627058,1.0,0.0,0.0,0
0.4422617915060928,0.19801900717204413,-0.6837989436333158,1.0892926270508372,0.6949089276914238,0.0,1.0,0.0,0
-0.5065375999014515,-0.8819444133221049,3.9326615562153275,-2.3189008806549927,1.509198526995038,1.0,0.0,0.0,0
0.3423881713579347,0.5355075760764609,0.32050316030010295,-0.9496266561514775,-1.0902644246280384,1.0,0.0,0.0,0
-0.10704311930879085,-0.3419627030750304,0.28166274744079944,-1.1495207035242534,-1.3251556551963888,1.0,0.0,0.0,0
0.7418826519505954,0.19801900717204413,-0.6893475740417878,0.15978530676742925,-1.246858578340272,1.0,0.0,0.0,0
-0.25685354953104217,-0.4094604168559291,-0.8280633342535859,1.878874114173302,1.368263788654028,1.0,0.0,0.0,1
0.04276731091346047,-0.4094604168559291,-1.1665297891703734,1.5190648289023059,0.5539741893504136,0.0,0.0,1.0,0
-1.6051474215312471,-1.4219261235691794,-0.27874892381486516,-0.6597802874609524,0.24078588192594658,1.0,0.0,0.0,0
-1.0558425107163636,-0.9494421271029653,0.842074418696464,-1.0395789774692266,0.13116997432738312,1.0,0.0,0.0,0
2.0901765239508006,2.290448134379405,-0.7115420956756755,1.4790860194277502,-0.9963079324006983,0.0,1.0,0.0,0
0.14264093106161854,-0.4094604168559291,0.40373261642718183,-0.6897643945668686,0.6635900969489771,0.0,1.0,0.0,0
1.2412507526914143,1.3454801414470536,0.7421990713439693,-1.0095948703633104,-1.027626763143145,1.0,0.0,0.0,0
0.19257774113568338,0.9404938587617381,-0.6394099003655405,0.4596263778265932,0.30342354341084,1.0,0.0,0.0,0
0.09270412098752531,-0.4094604168559291,1.1805408736132517,-1.219483620104725,1.5718361884799317,0.0,1.0,0.0,0
1.6906820433581398,1.5479732827897112,0.7810394842032728,-0.9396319537828385,-0.6361413788625612,1.0,0.0,0.0,0
0.14264093106161854,-0.2744649892941317,-0.750382508534979,0.4596263778265932,-0.3229530714380941,1.0,0.0,0.0,0
-0.756221650271861,-0.13946956173237265,-0.3952701623927756,0.0898223901869574,0.7732060045475406,1.0,0.0,0.0,0
0.8916930821728467,0.6030052898573213,-1.3329887014245312,2.038789352071523,-0.9336702709158049,0.0,1.0,0.0,0
-1.305526561086773,-1.151935268445623,1.302610742599634,-1.1095418940496984,0.9141407428885507,0.0,1.0,0.0,0
1.3910611829136654,1.4129778552279522,-0.5450831834215176,1.209229055474503,-0.4482283944078809,1.0,0.0,0.0,0
-1.1557161308645216,-0.4094604168559291,0.38153809479329415,-0.9796107632573939,0.4286988663806268,0.0,0.0,1.0,0
-1.9047682819757499,-1.8944101200353554,-2.0598592849343538,2.3386304231306867,1.0080972351158908,0.0,1.0,0.0,0
1.091440322469163,0.8729961449808777,0.2095305521306644,-1.0195895727319488,0.0685323128424897,0.0,1.0,0.0,0
0.7918194620246887,0.46800986229556224,0.5479970070474519,-0.6198014779863974,1.3839232040252514,1.0,0.0,0.0,0
1.2412507526914143,1.2779824276661549,0.30940589948315905,-0.5398438590372866,0.0685323128424897,0.0,0.0,1.0,0
-0.856095270420019,-1.286930696007382,6.085530154702435,-2.7186889754005445,-0.36993131755176417,0.0,0.0,1.0,0
1.141377132543256,0.5355075760764609,1.008533330950622,-1.1595154058928923,1.681452096078495,0.0,1.0,0.0,0
0.4422617915060928,0.8729961449808777,-1.355183223058419,1.888868816541941,-0.47954722515032766,0.0,0.0,1.0,0
-1.0558425107163636,-1.5569215511309384,-0.41746468402666337,0.3197005446656502,-0.1663589177258606,0.0,0.0,1.0,0
1.2412507526914143,1.0754892863235355,-0.6671530524079,0.36967405650884416,-1.0746050092568151,1.0,0.0,0.0,0
-0.3067903596051354,-0.5444558444176881,0.09300931355275392,-0.42990213298225965,-0.5108660558927743,1.0,0.0,0.0,0
-0.6064112200496096,-0.07197184795151232,1.1195059391200604,-1.2294783224733639,-0.9023514401733582,0.0,1.0,0.0,0
0.19257774113568338,1.1429870001043958,-0.14558179401153892,-0.00012993113079164646,-0.8866920248021348,1.0,0.0,0.0,0
0.4422617915060928,0.46800986229556224,-0.09009548992681966,-0.41990743061362146,1.5248579423662616,1.0,0.0,0.0,0
0.39232498143202793,1.1429870001043958,-0.33423522789958443,-0.06009814534262457,-1.4034527320525054,1.0,0.0,0.0,0
0.4422617915060928,1.3454801414470536,-0.5117914009706861,0.13979590203015138,1.3369449579115813,0.0,1.0,0.0,0
-0.9559688905681771,-0.8144466995412062,-0.595020857097765,0.33968994940292735,-0.6204819634913378,1.0,0.0,0.0,0
0.3423881713579347,0.46800986229556224,-0.600569487506237,-0.07009284771126352,-1.340815070567612,1.0,0.0,0.0,0
-0.9559688905681771,-1.4219261235691794,0.6811641368507781,-1.1095418940496984,-0.495206640521551,0.0,1.0,0.0,0
-1.2555897510126797,-1.016939840883864,-0.8114174430281702,0.6595204251993692,-0.8083949479460181,0.0,0.0,1.0,0
0.6420090318024373,-0.07197184795151232,0.14294698722900126,-0.39991802587634356,1.6501332653360483,0.0,1.0,0.0,0
-0.756221650271861,-0.4094604168559291,-0.9945222465077438,2.088762863914717,1.2429884656842412,1.0,0.0,0.0,1
0.4422617915060928,0.46800986229556224,0.6589696152168905,-1.1495207035242534,-1.4034527320525054,1.0,0.0,0.0,0
-0.2069167394569489,-0.5444558444176881,0.18178740008830477,-0.6597802874609524,-1.3721339013100589,1.0,0.0,0.0,0
-1.1557161308645216,-1.8269124062544566,-0.140033163603067,-0.14005576429173466,-1.3877933166812821,0.0,0.0,1.0,0
0.04276731091346047,0.9404938587617381,2.073870369377232,-1.8091710598544142,-1.4504309781661755,0.0,1.0,0.0,0
-0.2069167394569489,0.13052129339114543,0.4869620725542607,-0.3399498116645106,-1.4191121474237287,1.0,0.0,0.0,0
-0.856095270420019,-1.016939840883864,-0.6837989436333158,1.2691972696863358,0.6792495123202005,1.0,0.0,0.0,0
-1.0059057006422703,-0.8819444133221049,0.4814134421457888,-0.3299551092958717,1.6031550192223782,1.0,0.0,0.0,0
1.7905556635063262,1.9529595654749885,-0.3286865974911125,0.13979590203015138,0.4286988663806268,1.0,0.0,0.0,0
-0.856095270420019,-1.016939840883864,0.19843329131372053,0.11980649729287421,-0.04108359475607377,1.0,0.0,0.0,0
-1.1057793207904283,-1.151935268445623,-0.22881125013861783,0.7294833417798403,0.8201842506612106,1.0,0.0,0.0,0
-1.405400181234931,-1.286930696007382,1.2804162209657464,-1.2794518343165577,0.5069959432367436,0.0,0.0,1.0,0
0.09270412098752531,0.19801900717204413,-0.33978385830805635,-0.19002927613492865,-0.980648517029475,0.0,1.0,0.0,0
1.141377132543256,0.9404938587617381,-1.1443352675364857,2.6684556012957676,1.5248579423662616,1.0,0.0,0.0,1
-0.3567271696792002,-0.8819444133221049,0.22062781294760825,-0.3699339187704274,1.6188144345936015,1.0,0.0,0.0,0
-0.856095270420019,-0.6119535581985485,-0.8502578558874736,0.5295892944070644,1.634473849964825,1.0,0.0,0.0,0
-0.6563480301237028,-1.016939840883864,-0.3897215319843037,-0.010124633499430586,-0.6361413788625612,1.0,0.0,0.0,0
0.7418826519505954,0.67050300363822,-0.19551946768778627,0.2597323304538172,0.021554066728819647,0.0,1.0,0.0,0
-1.305526561086773,-0.9494421271029653,0.769942223386329,-0.7697220135159794,1.1333725580856777,1.0,0.0,0.0,0
-0.9559688905681771,-1.4219261235691794,0.4148298772441257,-0.41990743061362146,1.3839232040252514,1.0,0.0,0.0,0
-0.9559688905681771,-0.07197184795151232,0.5258024854135642,-0.9996001679946714,-0.8553731940596881,1.0,0.0,0.0,0
-1.6550842316053405,-1.4894238373500397,0.5923860503152274,-0.5398438590372866,2.0416186496166318,1.0,0.0,0.0,0
-0.4566007898273583,-0.8144466995412062,-0.20661672850473012,0.6695151275680081,1.3995826193964747,1.0,0.0,0.0,0
0.4422617915060928,0.67050300363822,3.8605293609051925,-2.4188479043413804,0.7575465891763172,1.0,0.0,0.0,0
-0.2069167394569489,-0.6794512719794472,-0.7004448348587317,0.8494197702035061,0.7105683430626472,1.0,0.0,0.0,0
0.5920722217283441,0.6030052898573213,-0.43965920566055106,0.6695151275680081,0.9141407428885507,0.0,1.0,0.0,0
-1.0558425107163636,-0.9494421271029653,4.010342381933934,-2.4288426067100195,0.2721047126683933,1.0,0.0,0.0,0
0.09270412098752531,0.9404938587617381,-0.6338612699570685,0.41964756835203815,-0.36993131755176417,1.0,0.0,0.0,0
1.5408716131359168,1.8854618516941282,-0.4119160536181914,0.4096528659833992,0.021554066728819647,1.0,0.0,0.0,0
1.6906820433581398,1.4804755690088125,0.6478723543999466,-0.7297432040414236,1.368263788654028,1.0,0.0,0.0,0
1.6906820433581398,1.0079915725426367,1.5412018501639269,-1.5293193935325278,0.2721047126683933,0.0,1.0,0.0,0
0.492198601580186,1.1429870001043958,0.7255531801185536,-0.869669037202367,0.6635900969489771,1.0,0.0,0.0,0
0.29245136128386984,1.1429870001043958,-0.17887357646237048,0.5495786991443422,-0.5265254712639977,1.0,0.0,0.0,0
1.7406188534322329,1.0754892863235355,-0.9889736160992718,0.6495257228307302,-0.7144384557186779,1.0,0.0,0.0,1
-1.405400181234931,-1.4219261235691794,0.5147052245966204,-0.24999749034676158,0.7575465891763172,0.0,1.0,0.0,0
0.09270412098752531,0.9404938587617381,0.15959287845441705,0.09981709255559633,-1.1842209168553786,1.0,0.0,0.0,0
-0.7062848401977677,-0.3419627030750304,-0.6616044219994281,1.039319115207643,-0.40125014829421085,0.0,0.0,1.0,0
0.3423881713579347,0.67050300363822,-1.1387866371280138,1.389133698110001,0.6635900969489771,0.0,1.0,0.0,0
-1.2555897510126797,-0.7469489857603459,-1.4384126791854979,0.8494197702035061,-1.3877933166812821,0.0,1.0,0.0,0
-1.5552106114571824,-1.4219261235691794,-0.6449585307740123,0.38966346124612133,0.6479306815777538,1.0,0.0,0.0,0
0.04276731091346047,0.9404938587617381,-0.8280633342535859,1.209229055474503,-0.21333716383953064,0.0,1.0,0.0,0
-0.3567271696792002,-0.8819444133221049,-0.445207836069023,-0.4398968353508986,-0.3229530714380941,0.0,1.0,0.0,0
0.492198601580186,0.33301443473380316,-0.7281879869010912,0.6994992346739242,1.4778796962525915,1.0,0.0,0.0,0
-0.5065375999014515,-1.016939840883864,0.3593435731594064,-0.5298491566686476,0.8045248352899873,1.0,0.0,0.0,0
-0.10704311930879085,0.13052129339114543,0.1873360304967767,-0.6697749898295914,0.9454595736309974,0.0,0.0,1.0,0
1.091440322469163,1.0079915725426367,0.1263010960035855,-0.2000239785035676,0.8515030814036574,0.0,1.0,0.0,0
-0.10704311930879085,-0.4094604168559291,-0.3286865974911125,0.0898223901869574,-1.654003377992079,1.0,0.0,0.0,0
0.8417562720987535,0.0630235796102851,-0.6394099003655405,1.019329710470366,-0.8397137786884648,1.0,0.0,0.0,0
-0.9559688905681771,-1.6244192649117988,2.9228108218734365,-2.0790280238076617,0.6635900969489771,0.0,1.0,0.0,0
0.29245136128386984,-0.13946956173237265,0.4980593333712046,-0.24000278797812266,0.8515030814036574,1.0,0.0,0.0,0
0.3423881713579347,-0.07197184795151232,-0.8669037471128894,0.44963167545795424,1.0707348966007844,1.0,0.0,0.0,0
-0.5564744099755448,-0.9494421271029653,-0.08454685951834773,0.039848878343763404,0.3660612048957334,0.0,1.0,0.0,0
0.5920722217283441,0.26551672095290446,-0.8724523775213614,0.15978530676742925,0.14682938969860648,0.0,1.0,0.0,0
-0.5065375999014515,-0.8819444133221049,0.9253038748235429,-1.1395260011556145,1.5405173577374849,1.0,0.0,0.0,0
1.8904292836544843,1.6829687103514703,-0.0789982291098758,-0.2000239785035676,1.587495603851155,0.0,0.0,1.0,0
-0.007169499160632764,-0.3419627030750304,2.140453934278895,-1.8091710598544142,-1.5443874703935156,1.0,0.0,0.0,0
-0.007169499160632764,-0.2744649892941317,-0.140033163603067,0.4596263778265932,-0.15069950235463722,1.0,0.0,0.0,0
-0.6064112200496096,-0.5444558444176881,-0.6338612699570685,1.389133698110001,0.4286988663806268,0.0,0.0,1.0,0
-0.9060320804941122,-0.6119535581985485,-0.7115420956756755,0.5795628062502584,0.7732060045475406,0.0,1.0,0.0,0
1.3411243728395723,0.4005121485147019,-0.21216535891320204,0.8694091749407841,-1.6226845472496323,1.0,0.0,0.0,0
-2.2543259524943173,-2.704382685405948,-1.1831756803957894,1.0792979246821983,-1.4034527320525054,0.0,1.0,0.0,0
0.5920722217283441,0.67050300363822,0.31495452989163103,-0.2799815974526777,1.7440897575633885,1.0,0.0,0.0,0
-1.1557161308645216,-1.016939840883864,1.00298470054215,-1.0095948703633104,1.6031550192223782,0.0,0.0,1.0,0
-0.6064112200496096,-0.7469489857603459,-0.7836742909858105,1.1492608412626701,-1.6853222087345259,1.0,0.0,0.0,0
0.4422617915060928,1.4129778552279522,0.43147576846954144,-0.8996531443082835,0.6322712662065304,0.0,1.0,0.0,0
-0.057106309234725997,-0.4094604168559291,1.9407032395739057,-1.3993882627402232,-1.5913657165071857,0.0,1.0,0.0,0
-0.007169499160632764,0.9404938587617381,-0.03460918584210039,0.2597323304538172,1.1333725580856777,0.0,1.0,0.0,0
-0.5564744099755448,-1.0844375546647627,-0.5006941401537423,0.23974292571653935,0.6479306815777538,0.0,0.0,1.0,0
0.24251455120977664,1.0754892863235355,-0.23435988054708976,0.049843580712402344,1.1333725580856777,1.0,0.0,0.0,0
0.8916930821728467,-0.2744649892941317,-0.5728263354638773,0.8993932820467001,1.6657926807072716,0.0,1.0,0.0,0
1.7406188534322329,1.6154709965705716,-0.3231379670826406,0.36967405650884416,-1.3721339013100589,1.0,0.0,0.0,0
0.39232498143202793,-0.20696727551327135,-0.11229001156070736,-0.030114038236707757,-1.4347715627949522,0.0,1.0,0.0,0
-0.9060320804941122,-1.2194329822265217,-0.5728263354638773,1.019329710470366,-1.0119673477719215,1.0,0.0,0.0,0
1.2412507526914143,0.19801900717204413,-0.09009548992681966,-0.39991802587634356,-0.5578443020064444,1.0,0.0,0.0,0
-1.6550842316053405,-1.6244192649117988,0.043071639876506584,-0.5298491566686476,0.6635900969489771,0.0,1.0,0.0,0
0.39232498143202793,1.6154709965705716,-0.9667790944653841,0.44963167545795424,0.3347423741532867,1.0,0.0,0.0,0
0.14264093106161854,1.0079915725426367,0.04862027028497851,-0.7797167158846176,-1.293836824453942,1.0,0.0,0.0,0
-1.2555897510126797,-0.5444558444176881,-0.05125507706751617,-0.00012993113079164646,1.5405173577374849,0.0,1.0,0.0,0
0.3423881713579347,1.2104847138852945,-0.295394815040281,0.7294833417798403,-1.3877933166812821,1.0,0.0,0.0,0
1.191313942617321,1.1429870001043958,1.008533330950622,-1.3094359414224743,0.0685323128424897,1.0,0.0,0.0,0
0.7918194620246887,0.7380007174191187,0.7810394842032728,-1.0795577869437818,0.052872897471266354,1.0,0.0,0.0,0
-1.0059057006422703,-0.8819444133221049,0.4980593333712046,-0.5698279661432034,1.3056261271691345,1.0,0.0,0.0,0
-1.0059057006422703,-1.016939840883864,0.692261397667722,-1.169510108261531,1.3839232040252514,1.0,0.0,0.0,0
1.7905556635063262,2.0204572792558873,0.19843329131372053,-0.1700398713976515,-0.8397137786884648,1.0,0.0,0.0,0
0.7918194620246887,-0.004474134170613608,1.829730631404467,-1.7092240361680262,-1.4034527320525054,1.0,0.0,0.0,0
0.9915667023210047,0.33301443473380316,0.620129202357587,-0.9096478466769223,0.6009524354640837,1.0,0.0,0.0,0
0.6420090318024373,-0.004474134170613608,-1.0833003330432946,1.4790860194277502,1.2273290503130179,1.0,0.0,0.0,0
-2.154452332346159,-2.636884971625049,-1.0888489634517664,1.439107209953195,0.17814822044105316,1.0,0.0,0.0,0
1.091440322469163,0.4005121485147019,-1.1387866371280138,1.31917078152953,0.8045248352899873,1.0,0.0,0.0,1
0.3423881713579347,0.805498431199979,-0.295394815040281,0.6795098299366463,-0.8083949479460181,1.0,0.0,0.0,0
0.8916930821728467,-0.20696727551327135,-0.5395345530130458,0.5295892944070644,1.9633215727605153,1.0,0.0,0.0,1
0.3423881713579347,0.13052129339114543,-0.33423522789958443,1.2292184602117802,-1.5443874703935156,0.0,0.0,1.0,0
-0.057106309234725997,0.8729961449808777,1.4579723940368479,-1.5593035006384441,0.6792495123202005,1.0,0.0,0.0,0
0.6420090318024373,0.5355075760764609,-0.6172153787316527,1.5190648289023059,-0.30729365606687076,1.0,0.0,0.0,0
-0.25685354953104217,-0.004474134170613608,-0.8890982687467771,1.039319115207643,-0.35427190218054083,1.0,0.0,0.0,0
0.24251455120977664,1.0079915725426367,0.9364011356404868,-0.879663739571006,-0.7927355325747947,1.0,0.0,0.0,0
1.141377132543256,0.6030052898573213,0.9474983964574307,-0.9596213585201163,1.7284303421921652,0.0,1.0,0.0,1
0.7418826519505954,0.4005121485147019,-0.7559311389434509,0.7394780441484793,-1.1529020861129318,0.0,1.0,0.0,0
1.8904292836544843,2.0204572792558873,-0.140033163603067,0.4996051873011482,0.08419172821371305,0.0,1.0,0.0,0
2.0901765239508006,2.290448134379405,0.15959287845441705,-0.24000278797812266,-1.293836824453942,1.0,0.0,0.0,0
1.141377132543256,0.8729961449808777,0.4148298772441257,-0.5898173708804806,0.3347423741532867,1.0,0.0,0.0,0
1.6906820433581398,1.2104847138852945,3.2945690592410557,-2.168980345125411,1.5561767731087082,0.0,1.0,0.0,0
0.8916930821728467,0.33301443473380316,0.04862027028497851,-0.5898173708804806,-0.228996579210754,1.0,0.0,0.0,0
1.5908084232099817,0.9404938587617381,-1.671455156341319,1.459096614690473,1.853705665161952,1.0,0.0,0.0,1
0.9915667023210047,0.67050300363822,0.05971753110192237,-0.47987564482545364,1.196010219570571,1.0,0.0,0.0,0
1.3411243728395723,1.4129778552279522,-0.33978385830805635,-0.39991802587634356,1.3056261271691345,0.0,0.0,1.0,0
0.14264093106161854,1.1429870001043958,-1.2331133540720367,1.64899595969461,-1.5757063011359624,1.0,0.0,0.0,0
-0.8061584603459542,-1.2194329822265217,-0.972327724873856,0.5895575086188972,-0.6987790403474545,1.0,0.0,0.0,0
-0.40666397975329344,0.0630235796102851,-0.02906055543362846,-0.23000808560948371,-1.5287280550222924,1.0,0.0,0.0,0
-0.5564744099755448,-0.2744649892941317,-0.9667790944653841,1.0892926270508372,1.1803508041993478,1.0,0.0,0.0,0
0.7918194620246887,0.26551672095290446,-1.1609811587619014,0.9493667938898941,-1.2155397475978251,0.0,0.0,1.0,0
1.191313942617321,0.7380007174191187,-0.3286865974911125,0.5695681038816202,1.4465608655101447,0.0,1.0,0.0,0
0.29245136128386984,-0.004474134170613608,-1.2553078757059244,1.2891866744236131,-0.228996579210754,1.0,0.0,0.0,0
0.14264093106161854,-0.3419627030750304,0.697810028076194,-0.8596743348337283,-1.1842209168553786,0.0,1.0,0.0,0
-0.3567271696792002,-0.6119535581985485,-1.3662804838753628,1.3691442933727238,1.274307296426688,1.0,0.0,0.0,0
-0.9559688905681771,-0.8819444133221049,0.15959287845441705,-0.7097537993041464,-1.5287280550222924,1.0,0.0,0.0,0
-0.5065375999014515,-0.8819444133221049,-0.217713989321674,0.019859473606486232,-1.2155397475978251,0.0,1.0,0.0,0
0.29245136128386984,-0.004474134170613608,0.6589696152168905,-0.5298491566686476,-0.30729365606687076,1.0,0.0,0.0,0
-1.5552106114571824,-1.4894238373500397,-0.6338612699570685,0.9093879844153391,0.8671624967748807,1.0,0.0,0.0,0
1.5908084232099817,0.9404938587617381,-1.055557181000935,1.1092820317881151,-1.5443874703935156,1.0,0.0,0.0,1
1.191313942617321,0.19801900717204413,-0.9168414207891368,1.119276734156754,0.8671624967748807,1.0,0.0,0.0,1
0.09270412098752531,1.0079915725426367,-0.6283126395485966,0.42964227072067634,-0.542184886635221,0.0,0.0,1.0,0
1.2911875627655074,1.0754892863235355,0.20398192172219246,-0.5298491566686476,1.1646913888281245,1.0,0.0,0.0,0
-0.15697992938288408,0.33301443473380316,-0.2621030325894494,-0.07009284771126352,0.3660612048957334,0.0,1.0,0.0,0
-1.455336991308996,-1.3544284097882808,0.10965520477816972,-0.1200663595544575,1.900683911275622,0.0,0.0,1.0,0
-0.9060320804941122,-0.8819444133221049,-0.6172153787316527,1.489080721796389,-0.980648517029475,1.0,0.0,0.0,0
-0.9559688905681771,-0.8144466995412062,0.49251070296273264,-0.24000278797812266,-1.4974092242798456,0.0,1.0,0.0,0
0.3423881713579347,0.5355075760764609,-0.295394815040281,-0.2899762998213166,1.2273290503130179,1.0,0.0,0.0,0
0.3423881713579347,0.67050300363822,-1.5327393961295206,1.2292184602117802,-0.056743010127297114,0.0,1.0,0.0,0
-1.305526561086773,-0.8819444133221049,-0.6116667483231808,-0.24000278797812266,0.16248880506982982,0.0,0.0,1.0,0
-0.9559688905681771,-0.7469489857603459,-0.6782503132248439,-0.08008755007990175,-0.6674602096050078,0.0,1.0,0.0,0
-0.7062848401977677,-0.20696727551327135,0.9086579835981272,-1.3893935603715843,-1.607025131878409,1.0,0.0,0.0,0
0.24251455120977664,1.2779824276661549,1.0584710046268693,-1.2494677272106414,1.587495603851155,0.0,1.0,0.0,0
-1.0059057006422703,-1.3544284097882808,-0.08454685951834773,-0.2999710021899556,-0.9180108555445815,1.0,0.0,0.0,0
-0.756221650271861,-0.8144466995412062,0.07636342232733814,-0.5098597519313705,-1.4034527320525054,0.0,1.0,0.0,0
0.09270412098752531,-0.3419627030750304,-0.001317403391268828,-0.46988094245681544,-0.4325689790366576,1.0,0.0,0.0,0
1.7905556635063262,1.1429870001043958,-0.3508811191250002,0.009864771237847294,-0.35427190218054083,0.0,0.0,1.0,0
-0.7062848401977677,-0.004474134170613608,-1.1387866371280138,0.7994462583603121,-1.027626763143145,1.0,0.0,0.0,0
0.9416298922469115,0.67050300363822,-0.595020857097765,0.14979060439879033,-0.8866920248021348,0.0,1.0,0.0,0
-2.0545787121980013,-2.2993964027206326,-0.7059934652672035,0.09981709255559633,0.021554066728819647,1.0,0.0,0.0,0
-0.9559688905681771,-1.151935268445623,-0.05125507706751617,0.1997641162419843,1.196010219570571,0.0,0.0,1.0,0
0.09270412098752531,1.1429870001043958,-0.5062427705622142,1.419117805215918,1.0237566504871143,1.0,0.0,0.0,0
-0.5564744099755448,0.0630235796102851,-0.16222768523695472,-0.2000239785035676,-0.8710326094309114,1.0,0.0,0.0,0
-1.505273801383089,-1.5569215511309384,1.064019635035341,-1.1495207035242534,1.2273290503130179,1.0,0.0,0.0,0
0.5421354116542793,0.46800986229556224,-0.9057441599721929,0.9093879844153391,-1.6853222087345259,1.0,0.0,0.0,0
0.3423881713579347,0.805498431199979,1.2748675905572744,-1.3494147508970293,-0.6987790403474545,0.0,1.0,0.0,0
0.6420090318024373,0.4005121485147019,0.20398192172219246,-0.9596213585201163,-0.24465599458197734,1.0,0.0,0.0,0
0.8916930821728467,0.67050300363822,0.620129202357587,-0.7497326087787015,1.368263788654028,1.0,0.0,0.0,0
-0.6064112200496096,0.0630235796102851,0.9142066140065991,-0.9296372514142,0.6635900969489771,0.0,0.0,1.0,0
-0.756221650271861,-0.8819444133221049,0.4203785076525976,-0.6697749898295914,-1.0432861785143683,0.0,1.0,0.0,0
0.8417562720987535,0.33301443473380316,-0.09009548992681966,-0.5298491566686476,1.149031973456901,1.0,0.0,0.0,0
-1.0558425107163636,-1.016939840883864,-1.2996969189736998,0.7194886394112021,0.7418871738050938,1.0,0.0,0.0,0
1.2911875627655074,0.9404938587617381,1.1028600478946446,-1.419377667477501,0.31908295878206333,1.0,0.0,0.0,0
-1.305526561086773,-1.0844375546647627,-0.0789982291098758,-0.13006106192309574,-0.7144384557186779,1.0,0.0,0.0,0
-0.9060320804941122,-0.6119535581985485,-0.6116667483231808,0.8494197702035061,0.8828219121461041,1.0,0.0,0.0,0
0.492198601580186,1.4804755690088125,-1.5271907657210486,1.8988635189105798,-0.7927355325747947,1.0,0.0,0.0,0
-0.25685354953104217,-0.6119535581985485,-0.6616044219994281,0.9493667938898941,-1.607025131878409,0.0,1.0,0.0,0
1.3910611829136654,1.6829687103514703,0.8587203099218799,-1.1595154058928923,-0.6518007942337846,1.0,0.0,0.0,0
0.5421354116542793,0.8729961449808777,0.4592189205119011,-0.4398968353508986,-1.1529020861129318,1.0,0.0,0.0,0
-0.7062848401977677,-0.2744649892941317,-0.8447092254790017,1.7589376857496368,-0.9023514401733582,1.0,0.0,0.0,0
0.6919458418765022,0.4005121485147019,-0.3231379670826406,-0.24000278797812266,-0.47954722515032766,1.0,0.0,0.0,0
0.4422617915060928,1.6154709965705716,-0.972327724873856,1.2492078649490581,0.2721047126683933,1.0,0.0,0.0,0
1.8904292836544843,2.155452706817646,-0.04570644665904424,-0.06009814534262457,0.8045248352899873,1.0,0.0,0.0,0
-1.1557161308645216,-1.0844375546647627,-1.3940236359177225,0.9493667938898941,-0.2603154099532007,0.0,0.0,1.0,0
0.8417562720987535,0.46800986229556224,-1.2275647236635647,1.499075424165028,1.3526043732828046,1.0,0.0,0.0,0
-0.9060320804941122,-0.7469489857603459,-0.15113042442001084,-0.1500504666603736,-1.246858578340272,0.0,1.0,0.0,0
0.19257774113568338,-0.2744649892941317,-0.595020857097765,0.46962108019523213,1.321285542540358,1.0,0.0,0.0,0
0.492198601580186,0.8729961449808777,-0.37307564075888794,-0.46988094245681544,-0.542184886635221,1.0,0.0,0.0,0
-0.9060320804941122,-1.151935268445623,-1.7158441996090943,1.9588317331224128,0.8515030814036574,1.0,0.0,0.0,0
0.14264093106161854,1.2104847138852945,0.04862027028497851,-0.6997590969355075,-1.4347715627949522,1.0,0.0,0.0,0
1.091440322469163,0.8729961449808777,-0.9112927903806648,0.6994992346739242,-0.15069950235463722,0.0,1.0,0.0,0
-0.6563480301237028,-0.07197184795151232,-0.5839235962808211,1.299181376792252,0.569633604721637,0.0,1.0,0.0,0
0.9915667023210047,-0.004474134170613608,1.6244313062910058,-1.7092240361680262,1.102053727343231,1.0,0.0,0.0,0
-0.6563480301237028,0.13052129339114543,0.3260517907085749,-0.6697749898295914,-1.1215832553704852,0.0,1.0,0.0,0
1.4909348030618235,1.6829687103514703,-0.43411057525207913,0.019859473606486232,0.30342354341084,1.0,0.0,0.0,0
0.8916930821728467,0.4005121485147019,0.07081479191886622,-0.4099127282449825,-0.1663589177258606,0.0,1.0,0.0,0
0.29245136128386984,1.1429870001043958,1.1361518303454763,-1.3094359414224743,0.052872897471266354,1.0,0.0,0.0,0
-0.2069167394569489,0.67050300363822,0.9364011356404868,-0.8996531443082835,0.22512646655472324,1.0,0.0,0.0,0
0.6919458418765022,0.26551672095290446,-1.3218914406075875,1.119276734156754,0.0685323128424897,1.0,0.0,0.0,0
-1.1557161308645216,-0.8144466995412062,-0.13448453319459508,0.009864771237847294,-0.40125014829421085,1.0,0.0,0.0,0
0.7918194620246887,0.5355075760764609,2.3402046289838845,-1.8191657622230528,0.6322712662065304,1.0,0.0,0.0,0
-0.7062848401977677,0.13052129339114543,0.16514150886288897,-0.3699339187704274,-1.5287280550222924,1.0,0.0,0.0,0
1.2911875627655074,0.5355075760764609,-0.295394815040281,-0.3599392164017885,0.8201842506612106,1.0,0.0,0.0,0
0.09270412098752531,1.0754892863235355,0.38153809479329415,-0.49986504956273153,1.634473849964825,0.0,1.0,0.0,0
0.19257774113568338,-0.2744649892941317,0.07636342232733814,0.38966346124612133,-0.5108660558927743,1.0,0.0,0.0,0
0.7418826519505954,0.46800986229556224,-0.43965920566055106,-0.14005576429173466,-1.4660903935373988,0.0,1.0,0.0,0
-0.7062848401977677,-0.4094604168559291,-0.5506318138299896,0.8194356630975901,0.44435828175185016,1.0,0.0,0.0,0
-0.5065375999014515,0.0630235796102851,-0.5284372921961019,0.7694621512543961,0.835843666032434,1.0,0.0,0.0,0
0.3423881713579347,0.7380007174191187,-0.9223900511976086,0.9893456033644492,-0.18201833309708393,0.0,1.0,0.0,0
0.9416298922469115,0.67050300363822,-1.12768937631107,2.358619827867965,0.052872897471266354,0.0,0.0,1.0,0
0.6919458418765022,0.19801900717204413,0.392635355610238,-1.0895524893124204,0.9141407428885507,0.0,1.0,0.0,0
-0.15697992938288408,0.805498431199979,1.6410771975164216,-1.6292664172189157,1.1803508041993478,1.0,0.0,0.0,0
0.6420090318024373,0.4005121485147019,0.11520383518664164,-0.31996040692723343,0.08419172821371305,1.0,0.0,0.0,0
0.6420090318024373,0.67050300363822,-1.0999462242687104,1.928847626016496,0.4130394510094035,0.0,0.0,1.0,0
1.6407452332840748,1.0079915725426367,0.34269768193399064,-0.47987564482545364,-1.5287280550222924,1.0,0.0,0.0,0
-0.7062848401977677,-0.07197184795151232,0.09300931355275392,-0.14005576429173466,-1.1215832553704852,1.0,0.0,0.0,0
0.9416298922469115,0.5355075760764609,-0.46740235770291066,0.2697270328224562,-0.35427190218054083,0.0,0.0,1.0,0
-0.5065375999014515,-0.6794512719794472,-0.6671530524079,0.5195945920384261,-1.2625179937114952,0.0,1.0,0.0,0
-0.6064112200496096,-0.9494421271029653,-0.600569487506237,0.5695681038816202,-0.1663589177258606,1.0,0.0,0.0,0
-1.2056529409385865,-1.9619078338162157,-0.07344959870140388,-0.09008225244854068,-1.0746050092568151,0.0,1.0,0.0,0
-0.5065375999014515,0.26551672095290446,-0.4840482489283265,0.6195416157248141,0.9454595736309974,1.0,0.0,0.0,0
1.3411243728395723,1.2104847138852945,1.0473737438099253,-0.9996001679946714,-1.4974092242798456,0.0,1.0,0.0,0
-1.0558425107163636,-1.5569215511309384,-0.2621030325894494,0.36967405650884416,-0.761416701832348,1.0,0.0,0.0,0
-2.1045155222720657,-2.5018895440632902,-1.122140745902598,1.459096614690473,-0.3229530714380941,1.0,0.0,0.0,0
0.5920722217283441,-0.004474134170613608,0.4370243988780134,-0.24000278797812266,-1.1842209168553786,1.0,0.0,0.0,0
-0.9060320804941122,-0.7469489857603459,-0.5284372921961019,1.309176079160891,-0.3855907329229875,1.0,0.0,0.0,0
1.141377132543256,1.1429870001043958,0.026425748651090805,0.3197005446656502,0.31908295878206333,1.0,0.0,0.0,0
1.7905556635063262,1.8854618516941282,0.8975607227811834,-0.919642549045561,-1.4974092242798456,1.0,0.0,0.0,0
-0.15697992938288408,-0.5444558444176881,0.18178740008830477,-0.7197485016727854,0.5383147739791903,0.0,0.0,1.0,0
0.24251455120977664,-0.07197184795151232,-0.31204070626569674,0.9293773891526163,0.2564452972971699,0.0,1.0,0.0,0
0.4422617915060928,0.4005121485147019,-0.006866033799740755,-0.3299551092958717,-1.6383439626208558,1.0,0.0,0.0,0
0.3423881713579347,0.6030052898573213,0.54244837663898,-0.2799815974526777,0.11551055895615976,1.0,0.0,0.0,0
0.09270412098752531,0.8729961449808777,-0.289846184631809,-0.3099657045585945,-0.5735037173776678,1.0,0.0,0.0,0
-1.3554633711608377,-1.151935268445623,-0.7947715518027544,0.5895575086188972,-0.6831196249762312,1.0,0.0,0.0,0
1.3910611829136654,0.4005121485147019,0.7311018105270255,-0.9496266561514775,1.462220280881368,1.0,0.0,0.0,0
1.840492473580391,2.0204572792558873,-0.4563050968859668,0.4096528659833992,-1.0589455938855916,1.0,0.0,0.0,0
-0.6563480301237028,-0.13946956173237265,-1.0278140289585753,1.3291654838981681,1.634473849964825,1.0,0.0,0.0,1
-0.40666397975329344,-1.016939840883864,-0.8447092254790017,1.1092820317881151,-0.15069950235463722,1.0,0.0,0.0,0
1.6906820433581398,1.4804755690088125,0.22617644335608017,-0.41990743061362146,-0.2759748253244241,1.0,0.0,0.0,0
0.19257774113568338,-0.2744649892941317,0.13184972641205742,-0.5998120732491196,-1.5913657165071857,0.0,1.0,0.0,0
-1.1557161308645216,-1.6244192649117988,1.691014871192669,-1.8091710598544142,-0.7300978710899013,1.0,0.0,0.0,0
-0.6064112200496096,-0.7469489857603459,-0.46740235770291066,0.12980119966151243,1.5718361884799317,1.0,0.0,0.0,1
-0.2069167394569489,-0.47695813063678943,0.07636342232733814,-0.7597273111473404,0.0685323128424897,0.0,1.0,0.0,0
0.29245136128386984,0.6030052898573213,-1.0833003330432946,0.6695151275680081,0.39738003563818014,1.0,0.0,0.0,0
0.8417562720987535,-0.13946956173237265,-0.2676516629979213,-0.07009284771126352,0.09985114358493641,1.0,0.0,0.0,0
0.14264093106161854,0.19801900717204413,0.4980593333712046,-0.5898173708804806,-0.8710326094309114,1.0,0.0,0.0,0
-1.7050210416794052,-1.7594146924735963,-1.1443352675364857,1.019329710470366,1.0863943119720076,0.0,0.0,1.0,0
0.29245136128386984,-0.004474134170613608,-0.46740235770291066,0.039848878343763404,1.0080972351158908,1.0,0.0,0.0,0
-0.057106309234725997,-0.5444558444176881,1.230478547289499,-1.4393670722147784,0.11551055895615976,1.0,0.0,0.0,0
-1.2056529409385865,-1.151935268445623,1.1250545695285323,-1.2294783224733639,-1.4817498089086223,1.0,0.0,0.0,0
-0.856095270420019,-0.2744649892941317,0.7865881146117448,-1.2894465366851964,1.3526043732828046,0.0,1.0,0.0,0
0.19257774113568338,1.2104847138852945,0.8309771578795202,-0.919642549045561,1.3839232040252514,1.0,0.0,0.0,0
0.04276731091346047,0.13052129339114543,-0.6116667483231808,0.1997641162419843,1.5405173577374849,0.0,1.0,0.0,0
0.19257774113568338,-0.2744649892941317,0.4148298772441257,-0.969616060888755,0.835843666032434,0.0,1.0,0.0,0
0.7918194620246887,0.46800986229556224,2.6231847798159524,-1.9291074882780797,1.102053727343231,0.0,1.0,0.0,0
0.39232498143202793,0.9404938587617381,-1.2386619844805085,1.7589376857496368,-1.0119673477719215,1.0,0.0,0.0,0
1.3411243728395723,0.26551672095290446,0.015328487834146953,-0.42990213298225965,-1.0902644246280384,1.0,0.0,0.0,0
-0.3067903596051354,0.5355075760764609,-0.822514703845114,0.8893985796780612,0.49133652786552023,1.0,0.0,0.0,0
-0.9559688905681771,-1.6244192649117988,-0.22881125013861783,0.28971643755973336,0.9924378197446675,1.0,0.0,0.0,0
0.39232498143202793,1.1429870001043958,0.21507918253913633,-0.8596743348337283,1.7440897575633885,1.0,0.0,0.0,0
0.24251455120977664,-0.20696727551327135,-0.8336119646620579,0.3296952470342884,-1.5443874703935156,0.0,1.0,0.0,0
0.6919458418765022,0.46800986229556224,-1.1665297891703734,1.199234353105864,0.8201842506612106,0.0,0.0,1.0,0
1.840492473580391,2.0204572792558873,0.8587203099218799,-1.1994942153674473,-0.9963079324006983,1.0,0.0,0.0,0
0.492198601580186,0.6030052898573213,-0.367527010350416,0.41964756835203815,0.13116997432738312,1.0,0.0,0.0,0
-0.9559688905681771,-0.8819444133221049,0.043071639876506584,-0.11007165718581856,-1.6853222087345259,0.0,1.0,0.0,0
0.6420090318024373,0.0630235796102851,-1.0222653985501033,1.359149591004085,1.3369449579115813,1.0,0.0,0.0,0
1.4909348030618235,0.7380007174191187,-0.07344959870140388,-0.26998689508403945,1.0707348966007844,0.0,1.0,0.0,0
0.6919458418765022,0.67050300363822,-1.6936496779752066,1.5790330431141382,0.6949089276914238,0.0,1.0,0.0,0
-0.3567271696792002,-0.8819444133221049,-0.6616044219994281,1.0293244128390042,1.5718361884799317,0.0,1.0,0.0,0
0.5920722217283441,0.6030052898573213,-1.0000708769162157,1.0792979246821983,0.16248880506982982,0.0,1.0,0.0,0
0.09270412098752531,1.0079915725426367,-0.4729509881113826,0.2797217351910944,-0.30729365606687076,0.0,0.0,1.0,0
-0.5564744099755448,-0.004474134170613608,0.12075246559511356,0.5295892944070644,-0.7770761172035714,0.0,1.0,0.0,0
-0.9060320804941122,-1.286930696007382,-0.04015781625057232,0.2497376280851783,0.7262277584338706,1.0,0.0,0.0,0
0.9416298922469115,0.67050300363822,0.5701915286813396,-0.6897643945668686,0.28776412803961665,1.0,0.0,0.0,0
0.3423881713579347,0.6030052898573213,0.6145805719491151,-1.0595683822065043,-0.08806184086974382,1.0,0.0,0.0,0
0.09270412098752531,1.1429870001043958,-1.4051208967346662,1.509070126533667,-1.027626763143145,1.0,0.0,0.0,0
-0.756221650271861,-0.9494421271029653,-0.09564412033529159,-0.3099657045585945,-0.8553731940596881,1.0,0.0,0.0,0
-0.6064112200496096,-0.004474134170613608,-0.06235233788446003,-0.3299551092958717,0.616611850835307,1.0,0.0,0.0,0
-1.2056529409385865,-1.016939840883864,-0.40636742320971947,-0.030114038236707757,-1.1529020861129318,0.0,1.0,0.0,0
-0.9559688905681771,-1.2194329822265217,1.0917627870777007,-1.319430643791113,-1.2625179937114952,0.0,1.0,0.0,0
-0.2069167394569489,-0.6119535581985485,-0.5783749658723493,0.8394250678348673,0.5539741893504136,0.0,1.0,0.0,0
0.24251455120977664,-0.07197184795151232,-0.2010680980962582,-0.2599921927154005,1.0550754812295609,1.0,0.0,0.0,0
0.6919458418765022,0.5355075760764609,1.1139573087115884,-1.0795577869437818,0.037213482100043,1.0,0.0,0.0,0
0.6420090318024373,0.26551672095290446,0.5313511158220362,-0.7497326087787015,0.037213482100043,0.0,1.0,0.0,0
-1.9547050920498146,-2.1644009751588733,0.5868374199067554,-0.8996531443082835,-1.0432861785143683,0.0,0.0,1.0,0
-1.305526561086773,-0.4094604168559291,0.44812165969495726,-0.45988624008817647,-0.8866920248021348,1.0,0.0,0.0,0
0.19257774113568338,0.5355075760764609,-0.10674138115223544,-0.24000278797812266,0.6792495123202005,1.0,0.0,0.0,0
-1.7050210416794052,-1.7594146924735963,-0.10119275074376351,-0.14005576429173466,1.0237566504871143,1.0,0.0,0.0,0
-1.1057793207904283,-1.016939840883864,-0.40636742320971947,0.46962108019523213,-0.30729365606687076,0.0,1.0,0.0,0
-0.9060320804941122,-1.3544284097882808,-0.2232626197301459,0.4096528659833992,0.9141407428885507,1.0,0.0,0.0,0
0.29245136128386984,1.0754892863235355,-0.46740235770291066,0.7994462583603121,1.4935391116238148,1.0,0.0,0.0,0
1.7406188534322329,1.6154709965705716,0.37044083397635025,-0.9896054656260325,-0.15069950235463722,0.0,1.0,0.0,0
-1.2056529409385865,-1.0844375546647627,-0.43965920566055106,0.029854175975124464,1.368263788654028,1.0,0.0,0.0,0
1.5908084232099817,1.750466424132369,0.34269768193399064,-0.46988094245681544,0.6322712662065304,1.0,0.0,0.0,0
1.2412507526914143,0.19801900717204413,-0.5117914009706861,-0.08008755007990175,1.0080972351158908,0.0,1.0,0.0,0
-0.15697992938288408,-0.5444558444176881,-0.7059934652672035,0.5295892944070644,1.5248579423662616,0.0,1.0,0.0,0
-0.856095270420019,-0.6119535581985485,0.5923860503152274,-0.9796107632573939,0.2721047126683933,0.0,0.0,1.0,0
-0.007169499160632764,-0.2744649892941317,0.4370243988780134,-0.37992862113906567,-0.8553731940596881,0.0,1.0,0.0,0
0.4422617915060928,0.13052129339114543,-0.8724523775213614,1.039319115207643,0.3660612048957334,1.0,0.0,0.0,0
-1.5552106114571824,-1.6244192649117988,-0.5783749658723493,0.4996051873011482,0.17814822044105316,1.0,0.0,0.0,0
1.2911875627655074,1.5479732827897112,-0.4729509881113826,1.4790860194277502,2.276509880184982,0.0,1.0,0.0,1
-1.305526561086773,-1.151935268445623,-0.7059934652672035,0.1997641162419843,0.052872897471266354,1.0,0.0,0.0,0
1.2412507526914143,1.3454801414470536,-1.0111681377331596,0.1997641162419843,1.1177131427144544,0.0,0.0,1.0,0
0.5920722217283441,0.46800986229556224,1.152797721570892,-1.2694571319479189,-1.1372426707417085,0.0,0.0,1.0,0
0.3423881713579347,0.33301443473380316,2.3346559985754123,-1.8991233811721633,1.3526043732828046,1.0,0.0,0.0,0
0.7918194620246887,0.33301443473380316,1.3691943075012971,-1.2894465366851964,-1.1372426707417085,0.0,0.0,1.0,0
0.39232498143202793,-0.2744649892941317,-0.22881125013861783,0.5795628062502584,-0.9493296862870282,1.0,0.0,0.0,0
-1.0059057006422703,-1.6919169786926975,0.7976853754286887,-1.219483620104725,-1.2781774090827187,0.0,0.0,1.0,0
-0.007169499160632764,1.0079915725426367,-0.46740235770291066,0.1697800091360682,0.35040178952451007,1.0,0.0,0.0,0
-0.007169499160632764,0.13052129339114543,1.224929916881027,-1.3094359414224743,1.3369449579115813,1.0,0.0,0.0,0
0.39232498143202793,1.1429870001043958,0.6423237239914746,-0.7797167158846176,-1.4974092242798456,1.0,0.0,0.0,0
-0.856095270420019,-0.6119535581985485,-0.6782503132248439,2.0487840544401617,0.5539741893504136,1.0,0.0,0.0,0
0.09270412098752531,-0.20696727551327135,-1.4661558312278575,2.06877345917744,-1.4504309781661755,1.0,0.0,0.0,0
-1.3554633711608377,-1.286930696007382,1.064019635035341,-1.2294783224733639,-1.027626763143145,0.0,1.0,0.0,0
-0.4566007898273583,-0.004474134170613608,-0.9556818336484403,1.629006554957332,1.4935391116238148,1.0,0.0,0.0,1
1.041503512395098,0.805498431199979,-0.4729509881113826,1.9188529236478578,0.7105683430626472,1.0,0.0,0.0,1
0.24251455120977664,-0.13946956173237265,-0.367527010350416,0.2297482233479004,0.20946705118349987,0.0,1.0,0.0,0
-0.3567271696792002,0.26551672095290446,-0.8114174430281702,0.4896104849325093,0.8515030814036574,0.0,0.0,1.0,0
-0.25685354953104217,-0.5444558444176881,0.8365257882879922,-1.0795577869437818,0.0058946513575962945,1.0,0.0,0.0,0
0.14264093106161854,-0.5444558444176881,-0.04015781625057232,0.019859473606486232,1.3526043732828046,1.0,0.0,0.0,0
0.4422617915060928,0.26551672095290446,2.6731224534922,-2.1190068332822167,-1.2155397475978251,1.0,0.0,0.0,0
1.3910611829136654,0.67050300363822,-0.5728263354638773,0.34968465177156627,-0.9493296862870282,0.0,0.0,1.0,0
0.04276731091346047,0.8729961449808777,-0.09009548992681966,-0.5898173708804806,0.4286988663806268,0.0,1.0,0.0,0
0.492198601580186,0.26551672095290446,0.697810028076194,-0.9096478466769223,1.0863943119720076,0.0,1.0,0.0,0
1.2412507526914143,1.0079915725426367,0.4814134421457888,-0.39991802587634356,-0.9963079324006983,0.0,0.0,1.0,0
-0.5065375999014515,0.19801900717204413,0.8309771578795202,-1.029584275100588,-0.10372125624096717,0.0,1.0,0.0,0
-0.3567271696792002,-1.0844375546647627,-0.5617290746469334,0.2297482233479004,-1.6853222087345259,0.0,1.0,0.0,0
-2.1045155222720657,-2.2993964027206326,0.5812887894982834,-0.47987564482545364,0.11551055895615976,1.0,0.0,0.0,0
0.4422617915060928,-0.4094604168559291,1.0251792221760376,-1.4393670722147784,0.17814822044105316,0.0,1.0,0.0,0
1.4409979929877303,0.67050300363822,-0.7614797693519229,0.06983298544968022,-0.8710326094309114,0.0,1.0,0.0,0
1.141377132543256,0.6030052898573213,-0.7559311389434509,0.7194886394112021,1.0237566504871143,1.0,0.0,0.0,0
-0.856095270420019,-0.8144466995412062,1.2637703297403304,-1.2694571319479189,0.9454595736309974,1.0,0.0,0.0,0
-1.2555897510126797,-1.016939840883864,-0.9112927903806648,1.5590436383768609,0.31908295878206333,1.0,0.0,0.0,0
-1.305526561086773,-0.7469489857603459,-0.217713989321674,0.6295363180934523,0.4600176971230735,0.0,1.0,0.0,0
-0.9060320804941122,-1.286930696007382,-0.4285619448436072,1.0792979246821983,-1.2625179937114952,1.0,0.0,0.0,0
-0.10704311930879085,0.4005121485147019,-0.6449585307740123,0.4596263778265932,0.13116997432738312,0.0,0.0,1.0,0
-0.8061584603459542,-0.20696727551327135,1.835279261812939,-1.7492028456425812,0.9767784043734442,0.0,1.0,0.0,0
-0.5564744099755448,-0.13946956173237265,0.4259271380610695,-0.3499445140331496,0.037213482100043,1.0,0.0,0.0,0
-0.6064112200496096,-0.20696727551327135,1.1139573087115884,-1.1495207035242534,0.6949089276914238,1.0,0.0,0.0,0
-1.1057793207904283,-0.4094604168559291,-1.738038721242982,1.8688794118046639,0.3347423741532867,0.0,1.0,0.0,0
1.2911875627655074,0.33301443473380316,-0.49514550974527033,0.3197005446656502,-0.6204819634913378,1.0,0.0,0.0,0
0.6919458418765022,0.46800986229556224,1.3691943075012971,-1.3893935603715843,0.24078588192594658,1.0,0.0,0.0,0
0.8417562720987535,0.5355075760764609,0.10965520477816972,0.44963167545795424,0.4286988663806268,1.0,0.0,0.0,0
-0.856095270420019,-0.5444558444176881,-0.46185372729443874,0.5495786991443422,-0.5108660558927743,1.0,0.0,0.0,0
-1.455336991308996,-1.2194329822265217,4.038085533976294,-2.4288426067100195,1.149031973456901,1.0,0.0,0.0,0
1.6906820433581398,1.2779824276661549,-1.3385373318330032,2.388603934973881,-0.761416701832348,1.0,0.0,0.0,1
1.2911875627655074,1.0079915725426367,-0.5395345530130458,1.97882113785969,0.9611189890022208,1.0,0.0,0.0,1
0.19257774113568338,0.805498431199979,-0.5728263354638773,1.6789800668005261,1.0237566504871143,1.0,0.0,0.0,0
-1.0558425107163636,-1.016939840883864,-0.11229001156070736,-0.5698279661432034,-0.7300978710899013,1.0,0.0,0.0,0
-0.856095270420019,-0.6119535581985485,-0.012414664208212682,0.2997111399283723,0.24078588192594658,1.0,0.0,0.0,0
1.6906820433581398,1.5479732827897112,-0.09564412033529159,0.20975881861062326,-0.7144384557186779,0.0,0.0,1.0,0
0.492198601580186,1.4129778552279522,0.692261397667722,-1.1595154058928923,0.9454595736309974,0.0,1.0,0.0,0
1.6407452332840748,1.4804755690088125,-0.1844222068708424,-0.00012993113079164646,-0.9023514401733582,1.0,0.0,0.0,0
-0.5564744099755448,0.33301443473380316,-0.0789982291098758,-0.1500504666603736,-1.2625179937114952,0.0,1.0,0.0,0
-1.1557161308645216,-1.016939840883864,-0.21216535891320204,0.13979590203015138,1.462220280881368,1.0,0.0,0.0,0
-1.1057793207904283,-1.6919169786926975,-0.822514703845114,0.8594144725721451,0.021554066728819647,1.0,0.0,0.0,0
0.24251455120977664,1.0754892863235355,1.0584710046268693,-0.9796107632573939,-0.02542417938485041,1.0,0.0,0.0,0
-0.7062848401977677,-1.151935268445623,0.9863388093167341,-1.129531298786976,-1.2311991629690486,0.0,1.0,0.0,0
1.7905556635063262,1.3454801414470536,-1.277502397339812,1.2891866744236131,-0.3386124868093175,1.0,0.0,0.0,1
1.141377132543256,0.805498431199979,1.213832656064083,-1.5593035006384441,-0.6204819634913378,1.0,0.0,0.0,0
-0.10704311930879085,-0.20696727551327135,-0.9501332032399683,0.7394780441484793,0.6322712662065304,0.0,0.0,1.0,0
-0.10704311930879085,0.33301443473380316,-0.23990851095556168,-0.1200663595544575,1.681452096078495,1.0,0.0,0.0,0
-1.1557161308645216,-1.2194329822265217,-0.5173400313791581,0.38966346124612133,1.0080972351158908,1.0,0.0,0.0,0
0.4422617915060928,1.3454801414470536,-0.25655440218097747,-0.13006106192309574,1.7127709268209417,1.0,0.0,0.0,0
-0.8061584603459542,-1.5569215511309384,0.4814134421457888,-0.8896584419396445,0.9141407428885507,0.0,0.0,1.0,0
0.29245136128386984,0.46800986229556224,-0.8391605950705298,0.28971643755973336,1.2899667117979112,0.0,1.0,0.0,0
0.19257774113568338,1.1429870001043958,1.6244313062910058,-1.5792929053757216,1.1177131427144544,0.0,1.0,0.0,0
-0.6563480301237028,-0.3419627030750304,-0.217713989321674,-0.1200663595544575,0.13116997432738312,0.0,1.0,0.0,0
0.19257774113568338,0.9404938587617381,2.201488868772086,-1.6092770124816382,0.3660612048957334,1.0,0.0,0.0,0
-0.856095270420019,-1.016939840883864,-0.001317403391268828,-0.3899233235077046,0.9454595736309974,1.0,0.0,0.0,0
-0.856095270420019,-0.004474134170613608,-0.17887357646237048,0.46962108019523213,-0.542184886635221,1.0,0.0,0.0,0
1.191313942617321,0.26551672095290446,0.7033586584846658,-1.029584275100588,0.2721047126683933,1.0,0.0,0.0,0
-1.0558425107163636,-1.4894238373500397,-0.006866033799740755,-0.1500504666603736,0.24078588192594658,1.0,0.0,0.0,0
-0.6064112200496096,0.33301443473380316,-0.41746468402666337,0.6395310204620913,1.5561767731087082,1.0,0.0,0.0,0
-1.405400181234931,-1.3544284097882808,0.9197552444150711,-1.3993882627402232,1.4465608655101447,1.0,0.0,0.0,0
-0.40666397975329344,-0.7469489857603459,-1.0943975938602384,1.0792979246821983,1.368263788654028,1.0,0.0,0.0,0
0.19257774113568338,-0.47695813063678943,-0.0789982291098758,-0.04010874060534669,1.4778796962525915,1.0,0.0,0.0,0
-1.2555897510126797,-0.8144466995412062,-0.6061181179147088,0.9393720915212552,-1.654003377992079,0.0,0.0,1.0,0
-1.0059057006422703,-0.5444558444176881,-0.06790096829293195,-0.05010344297398563,-0.35427190218054083,1.0,0.0,0.0,0
-0.3567271696792002,-0.9494421271029653,-0.9334873120145526,1.0493138175762822,0.44435828175185016,1.0,0.0,0.0,0
0.39232498143202793,0.19801900717204413,-1.4938989832702172,2.0987575662833557,-0.8397137786884648,0.0,1.0,0.0,0
0.3423881713579347,-0.2744649892941317,1.5023614373046235,-1.3993882627402232,1.368263788654028,1.0,0.0,0.0,0
2.1900501440989584,2.492941275722063,-0.16777631564542664,-0.49986504956273153,1.5248579423662616,1.0,0.0,0.0,1
-1.6550842316053405,-1.4894238373500397,-1.5604825481718803,2.8983337557744595,-0.04108359475607377,0.0,1.0,0.0,1
-0.057106309234725997,-0.2744649892941317,-1.3607318534668909,0.969356198627172,0.28776412803961665,1.0,0.0,0.0,0
0.39232498143202793,0.33301443473380316,0.23727370417302404,-0.8896584419396445,1.3369449579115813,0.0,0.0,1.0,0
-0.6064112200496096,-1.0844375546647627,-0.9445845728314964,1.299181376792252,0.4756771124942969,1.0,0.0,0.0,0
-0.7062848401977677,-0.07197184795151232,-0.12338727237765122,-0.5998120732491196,1.681452096078495,0.0,1.0,0.0,0
0.8916930821728467,0.67050300363822,-0.8114174430281702,0.9493667938898941,0.9454595736309974,0.0,1.0,0.0,0
-0.5564744099755448,-1.2194329822265217,-1.1720784195788454,0.919382686783978,-1.5130686396510689,0.0,1.0,0.0,0
-1.9547050920498146,-1.9619078338162157,-1.050008550592463,1.3291654838981681,-1.340815070567612,0.0,1.0,0.0,0
1.840492473580391,1.8854618516941282,0.02087711824261888,-0.1700398713976515,-0.7300978710899013,1.0,0.0,0.0,0
1.7905556635063262,1.9529595654749885,-0.49514550974527033,0.5295892944070644,-1.2311991629690486,1.0,0.0,0.0,0
-1.3554633711608377,-1.3544284097882808,-0.06790096829293195,-0.4898703471940926,0.8984813275173275,1.0,0.0,0.0,0
-1.305526561086773,-1.016939840883864,0.1484956176374732,-0.8596743348337283,-0.495206640521551,0.0,1.0,0.0,0
-0.40666397975329344,-1.016939840883864,-0.9390359424230245,1.239213162580419,-0.7300978710899013,1.0,0.0,0.0,0
-1.0558425107163636,-1.5569215511309384,-1.0333626593670473,1.06930322231356,-1.4817498089086223,1.0,0.0,0.0,0
1.6407452332840748,1.2104847138852945,0.24282233458149596,-0.6697749898295914,-0.5578443020064444,0.0,1.0,0.0,0
1.091440322469163,1.0079915725426367,-0.5006941401537423,0.44963167545795424,0.08419172821371305,0.0,1.0,0.0,0
0.29245136128386984,0.13052129339114543,-1.6991983083836784,1.2292184602117802,-1.3251556551963888,0.0,1.0,0.0,0
-1.0558425107163636,-0.6794512719794472,-0.8724523775213614,0.38966346124612133,0.13116997432738312,1.0,0.0,0.0,0
0.04276731091346047,-0.4094604168559291,1.768695696911276,-1.6392611195875544,-1.2781774090827187,1.0,0.0,0.0,0
1.6407452332840748,0.9404938587617381,-0.23435988054708976,0.5995522109875362,1.9789809881317388,1.0,0.0,0.0,1
1.191313942617321,1.2104847138852945,0.7421990713439693,-0.9896054656260325,1.6031550192223782,1.0,0.0,0.0,0
0.24251455120977664,-0.004474134170613608,-0.739285247718035,1.019329710470366,0.17814822044105316,0.0,1.0,0.0,0
1.191313942617321,1.0079915725426367,1.3636456770928251,-1.519324691163889,-0.980648517029475,1.0,0.0,0.0,0
0.39232498143202793,0.46800986229556224,-1.0056195073246876,0.8094409607289511,1.415242034767698,1.0,0.0,0.0,0
0.8916930821728467,0.46800986229556224,-0.4119160536181914,-0.41990743061362146,-0.40125014829421085,0.0,1.0,0.0,0
-1.0059057006422703,-1.4894238373500397,-0.47849961851985456,-0.23000808560948371,0.17814822044105316,1.0,0.0,0.0,0
-1.0059057006422703,-0.7469489857603459,-0.17332494605389856,-0.2899762998213166,-0.24465599458197734,1.0,0.0,0.0,0
1.2911875627655074,0.67050300363822,-0.9445845728314964,1.9988105425969678,-0.228996579210754,1.0,0.0,0.0,1
0.3423881713579347,0.67050300363822,-0.7004448348587317,0.42964227072067634,-0.5578443020064444,0.0,1.0,0.0,0
-1.0558425107163636,-1.4894238373500397,-0.445207836069023,0.6895045323052853,-0.35427190218054083,1.0,0.0,0.0,0
1.191313942617321,0.7380007174191187,-0.5062427705622142,0.47961578256387033,1.368263788654028,1.0,0.0,0.0,0
-1.9047682819757499,-1.8269124062544566,1.89631419630613,-1.5692982030070828,-1.0589455938855916,1.0,0.0,0.0,0
-0.10704311930879085,-0.004474134170613608,-0.9889736160992718,1.3791389957413622,0.9298001582597741,1.0,0.0,0.0,0
0.5920722217283441,0.46800986229556224,-0.6283126395485966,0.6095469133561752,-0.6361413788625612,0.0,1.0,0.0,0
1.6407452332840748,1.6829687103514703,0.7477477017524413,-0.7297432040414236,-0.495206640521551,0.0,1.0,0.0,0
-0.756221650271861,-1.3544284097882808,-0.750382508534979,0.8094409607289511,-1.1842209168553786,1.0,0.0,0.0,0
0.24251455120977664,0.9404938587617381,-0.40636742320971947,0.17977471150470642,0.0685323128424897,1.0,0.0,0.0,0
-0.3567271696792002,0.46800986229556224,-0.9168414207891368,0.8893985796780612,1.7910680036770585,0.0,1.0,0.0,0
0.6919458418765022,0.19801900717204413,-0.2621030325894494,0.13979590203015138,1.368263788654028,1.0,0.0,0.0,0
0.5421354116542793,0.26551672095290446,-1.2608565061143961,3.3580900647318437,-0.9180108555445815,1.0,0.0,0.0,1
-0.9559688905681771,-0.07197184795151232,0.8143312666541044,-1.0895524893124204,-0.7457572864611246,0.0,0.0,1.0,0
1.7905556635063262,1.6154709965705716,3.8438834696797763,-2.3189008806549927,-1.6853222087345259,1.0,0.0,0.0,0
0.24251455120977664,0.67050300363822,1.219381286472555,-1.169510108261531,-1.4817498089086223,1.0,0.0,0.0,0
1.091440322469163,0.9404938587617381,-0.3453324887165283,0.1697800091360682,-1.4504309781661755,1.0,0.0,0.0,0
-0.8061584603459542,-0.47695813063678943,-0.8280633342535859,1.359149591004085,-1.607025131878409,0.0,1.0,0.0,0
-0.7062848401977677,-0.3419627030750304,0.22617644335608017,-0.6098067756177584,-0.5891631327488911,0.0,1.0,0.0,0
-1.305526561086773,-0.5444558444176881,0.44812165969495726,-0.6797696921982296,-1.246858578340272,1.0,0.0,0.0,0
0.7418826519505954,0.33301443473380316,-1.2830510277482838,2.0487840544401617,0.49133652786552023,0.0,1.0,0.0,0
0.24251455120977664,0.4005121485147019,2.279169694490693,-1.9690862977526347,1.5718361884799317,1.0,0.0,0.0,0
-0.9060320804941122,-1.151935268445623,1.5800422630232303,-1.5792929053757216,-0.9180108555445815,0.0,0.0,1.0,0
0.39232498143202793,1.3454801414470536,-0.6837989436333158,0.6495257228307302,-1.5757063011359624,1.0,0.0,0.0,0
0.24251455120977664,0.33301443473380316,-0.13448453319459508,-0.3399498116645106,-0.8397137786884648,1.0,0.0,0.0,0
-0.756221650271861,-0.5444558444176881,-0.5006941401537423,0.6395310204620913,-0.3855907329229875,0.0,1.0,0.0,0
1.4409979929877303,0.805498431199979,0.5258024854135642,-0.3099657045585945,-0.5735037173776678,1.0,0.0,0.0,0
1.5408716131359168,1.6154709965705716,-0.7337366173095632,0.11980649729287421,-0.009764764013627058,1.0,0.0,0.0,0
1.6906820433581398,1.8179641379132294,0.2761141170323275,-0.5998120732491196,0.13116997432738312,1.0,0.0,0.0,0
0.5920722217283441,0.19801900717204413,-0.2232626197301459,-0.19002927613492865,-0.7300978710899013,1.0,0.0,0.0,0
-0.3567271696792002,-0.9494421271029653,-0.8613551167044174,1.359149591004085,1.7284303421921652,1.0,0.0,0.0,1
-1.2555897510126797,-0.8819444133221049,-0.4729509881113826,0.4996051873011482,-1.3877933166812821,1.0,0.0,0.0,0
-0.856095270420019,-0.6119535581985485,-0.3064920758572248,-0.2999710021899556,-1.246858578340272,0.0,0.0,1.0,0
-0.4566007898273583,0.4005121485147019,1.4246806115860164,-1.3993882627402232,-0.2759748253244241,1.0,0.0,0.0,0
-1.1557161308645216,-0.6794512719794472,1.8574737834468267,-1.5593035006384441,-1.246858578340272,1.0,0.0,0.0,0
0.6919458418765022,0.46800986229556224,-0.9112927903806648,0.1997641162419843,0.9454595736309974,0.0,1.0,0.0,0
-1.5552106114571824,-1.4894238373500397,0.17623876967983285,-0.49986504956273153,-0.08806184086974382,1.0,0.0,0.0,0
-1.2056529409385865,-0.9494421271029653,-0.4230133144351353,0.6695151275680081,-0.35427190218054083,0.0,0.0,1.0,0
1.8904292836544843,2.155452706817646,-0.8890982687467771,1.019329710470366,1.102053727343231,0.0,0.0,1.0,0
0.5421354116542793,1.0754892863235355,-0.2842975542233371,0.33968994940292735,-1.607025131878409,1.0,0.0,0.0,0
-0.15697992938288408,-0.6119535581985485,-0.31204070626569674,0.10981179492423528,1.5718361884799317,1.0,0.0,0.0,0
-0.9559688905681771,-1.151935268445623,-1.1554325283534297,2.2986516136561317,-1.4817498089086223,1.0,0.0,0.0,0
-1.5552106114571824,-1.4894238373500397,0.026425748651090805,0.029854175975124464,0.6635900969489771,0.0,1.0,0.0,0
0.19257774113568338,-0.20696727551327135,-0.001317403391268828,-0.23000808560948371,0.7575465891763172,0.0,1.0,0.0,0
-0.9060320804941122,-1.6244192649117988,-0.9445845728314964,1.449101912321834,-0.40125014829421085,1.0,0.0,0.0,0
0.24251455120977664,0.4005121485147019,-0.9501332032399683,0.9593614962585331,-1.5287280550222924,1.0,0.0,0.0,0
-0.9060320804941122,-1.4219261235691794,-0.6116667483231808,0.9393720915212552,0.522655358607967,1.0,0.0,0.0,0
-0.007169499160632764,0.13052129339114543,-0.295394815040281,-0.3599392164017885,-0.6518007942337846,1.0,0.0,0.0,0
-1.6051474215312471,-1.3544284097882808,-0.017963294616684607,0.039848878343763404,1.7127709268209417,1.0,0.0,0.0,0
-1.0059057006422703,-1.5569215511309384,-0.5783749658723493,0.5595734015129812,1.196010219570571,1.0,0.0,0.0,0
0.9915667023210047,0.26551672095290446,0.30940589948315905,-0.7097537993041464,0.4286988663806268,0.0,1.0,0.0,0
0.6919458418765022,0.7380007174191187,-0.5228886617876299,0.13979590203015138,0.569633604721637,0.0,0.0,1.0,0
0.492198601580186,0.6030052898573213,0.19843329131372053,-0.5398438590372866,0.6635900969489771,0.0,1.0,0.0,0
0.29245136128386984,0.4005121485147019,-0.7559311389434509,1.039319115207643,-0.6831196249762312,0.0,1.0,0.0,0
-1.2056529409385865,-1.016939840883864,0.07081479191886622,0.0898223901869574,-0.2759748253244241,0.0,1.0,0.0,0
-1.305526561086773,-0.6794512719794472,-1.194272941212733,1.688974769169165,1.0237566504871143,1.0,0.0,0.0,0
1.2412507526914143,0.9404938587617381,0.5368997462305081,-0.49986504956273153,0.7732060045475406,0.0,1.0,0.0,0
-0.007169499160632764,0.13052129339114543,-0.8114174430281702,1.119276734156754,1.2899667117979112,0.0,1.0,0.0,0
0.24251455120977664,0.9404938587617381,0.775490853794801,-1.2494677272106414,-0.761416701832348,0.0,0.0,1.0,0
-0.15697992938288408,0.7380007174191187,0.6090319415406431,-0.7297432040414236,1.2116696349417944,0.0,1.0,0.0,0
0.8417562720987535,0.5355075760764609,0.30385726907468713,-0.7597273111473404,1.509198526995038,0.0,1.0,0.0,0
0.14264093106161854,1.2104847138852945,0.0652661615103943,-0.2799815974526777,-1.5443874703935156,1.0,0.0,0.0,0
-1.2056529409385865,-0.9494421271029653,-0.8336119646620579,0.8993932820467001,-1.1529020861129318,0.0,1.0,0.0,0
-0.4566007898273583,0.4005121485147019,-1.1498838979449577,0.7994462583603121,0.6322712662065304,0.0,0.0,1.0,0
-1.455336991308996,-1.0844375546647627,-0.20661672850473012,-0.26998689508403945,1.149031973456901,0.0,1.0,0.0,0
0.6420090318024373,0.4005121485147019,2.367947781026244,-1.7392081432739424,0.835843666032434,1.0,0.0,0.0,0
0.24251455120977664,-0.3419627030750304,-0.8890982687467771,1.5590436383768609,-1.654003377992079,1.0,0.0,0.0,0
-0.10704311930879085,0.0630235796102851,0.07636342232733814,0.1997641162419843,1.0863943119720076,1.0,0.0,0.0,0
-1.505273801383089,-1.286930696007382,0.1873360304967767,-0.5098597519313705,-0.228996579210754,0.0,1.0,0.0,0
-0.15697992938288408,0.33301443473380316,-0.27320029340639324,0.11980649729287421,0.28776412803961665,0.0,1.0,0.0,0
-1.2555897510126797,-1.0844375546647627,-0.27874892381486516,-0.05010344297398563,-0.18201833309708393,1.0,0.0,0.0,0
-1.305526561086773,-1.016939840883864,0.5757401590898116,-0.6198014779863974,0.38172062026695674,1.0,0.0,0.0,0
-0.6563480301237028,-0.07197184795151232,0.620129202357587,-1.0495736798378654,-1.027626763143145,1.0,0.0,0.0,0
-0.6563480301237028,0.13052129339114543,-0.0789982291098758,0.36967405650884416,-1.1529020861129318,1.0,0.0,0.0,0
-1.0558425107163636,-1.286930696007382,-0.04570644665904424,0.07982768781831845,-1.654003377992079,1.0,0.0,0.0,0
-1.9547050920498146,-1.9619078338162157,-0.3009434454487529,-0.39991802587634356,0.9611189890022208,0.0,1.0,0.0,0
-0.057106309234725997,-0.4094604168559291,-0.40081879280124755,0.11980649729287421,-1.3721339013100589,1.0,0.0,0.0,0
-1.1057793207904283,-1.0844375546647627,-0.11783864196917929,-0.7497326087787015,1.2899667117979112,1.0,0.0,0.0,0
-1.1057793207904283,-1.8269124062544566,0.087460683144282,-0.41990743061362146,1.2899667117979112,0.0,0.0,1.0,0
0.3423881713579347,0.67050300363822,0.31495452989163103,-0.3099657045585945,1.0394160658583376,1.0,0.0,0.0,0
0.6919458418765022,0.7380007174191187,2.290266955307637,-1.7292134409053037,0.3660612048957334,1.0,0.0,0.0,0
-0.756221650271861,-1.0844375546647627,1.075116895852285,-1.3993882627402232,-1.560046885764739,1.0,0.0,0.0,0
-0.3567271696792002,-0.5444558444176881,0.009779857425675026,-0.2799815974526777,0.16248880506982982,1.0,0.0,0.0,0
0.492198601580186,0.6030052898573213,-0.6172153787316527,0.5295892944070644,-0.9493296862870282,1.0,0.0,0.0,0
-0.756221650271861,-1.0844375546647627,-0.14558179401153892,-0.6397908827236746,1.0080972351158908,1.0,0.0,0.0,0
-2.1045155222720657,-2.366894116501531,0.15959287845441705,-0.4898703471940926,0.052872897471266354,1.0,0.0,0.0,0
-0.057106309234725997,0.26551672095290446,-0.23435988054708976,0.6994992346739242,0.6635900969489771,1.0,0.0,0.0,0
1.2412507526914143,0.33301443473380316,2.1016135214195915,-1.8391551669603303,0.3660612048957334,0.0,1.0,0.0,0
0.19257774113568338,0.805498431199979,-1.044459920183991,2.198704589969744,-1.4034527320525054,1.0,0.0,0.0,0
-1.455336991308996,-1.0844375546647627,0.8531716795134079,-1.0495736798378654,-0.11938067161219053,1.0,0.0,0.0,0
0.8916930821728467,0.6030052898573213,-1.0056195073246876,1.2292184602117802,-0.8083949479460181,0.0,1.0,0.0,0
0.6919458418765022,0.46800986229556224,0.6534209848084186,-1.129531298786976,0.0058946513575962945,1.0,0.0,0.0,0
-0.756221650271861,-1.4219261235691794,0.5590942678643958,-0.6897643945668686,0.6009524354640837,0.0,1.0,0.0,0
0.9416298922469115,0.67050300363822,0.5479970070474519,-0.45988624008817647,0.13116997432738312,0.0,1.0,0.0,0
1.191313942617321,0.26551672095290446,1.8075361097705793,-1.6092770124816382,0.3347423741532867,1.0,0.0,0.0,0
2.0402397138767356,2.155452706817646,0.28166274744079944,0.33968994940292735,-0.8710326094309114,0.0,0.0,1.0,0
-0.9060320804941122,-0.7469489857603459,0.7976853754286887,-0.8296902277278119,-0.5265254712639977,1.0,0.0,0.0,0
-0.057106309234725997,-0.3419627030750304,-0.4895968793367984,-0.06009814534262457,-1.4034527320525054,1.0,0.0,0.0,0
1.2412507526914143,1.0079915725426367,-1.0056195073246876,1.2691972696863358,0.49133652786552023,0.0,1.0,0.0,0
-0.5065375999014515,0.19801900717204413,0.6811641368507781,-0.6397908827236746,-0.6361413788625612,0.0,1.0,0.0,0
1.2911875627655074,1.4129778552279522,0.3981839860187099,-0.010124633499430586,1.6031550192223782,0.0,1.0,0.0,0
-1.0059057006422703,-1.2194329822265217,0.3981839860187099,-0.9396319537828385,1.368263788654028,1.0,0.0,0.0,0
0.04276731091346047,-0.47695813063678943,0.1706901392713609,-0.31996040692723343,1.274307296426688,1.0,0.0,0.0,0
0.3423881713579347,0.5355075760764609,1.29151348178269,-1.2694571319479189,-0.6048225481201145,1.0,0.0,0.0,0
-0.9559688905681771,-0.3419627030750304,-0.40081879280124755,0.17977471150470642,-0.9336702709158049,1.0,0.0,0.0,0
0.04276731091346047,-0.6794512719794472,-1.2497592452974524,1.8189058999614698,0.09985114358493641,1.0,0.0,0.0,0
-1.455336991308996,-1.4894238373500397,0.7865881146117448,-1.2394730248420025,1.149031973456901,1.0,0.0,0.0,0
0.29245136128386984,0.33301443473380316,-0.11229001156070736,-0.2999710021899556,-0.2603154099532007,0.0,0.0,1.0,0
2.1401133340248935,2.3579458481603037,-0.41746468402666337,-0.3299551092958717,1.3526043732828046,1.0,0.0,0.0,0
1.9903029038026423,2.0204572792558873,-1.050008550592463,2.108752268651995,-0.30729365606687076,1.0,0.0,0.0,0
1.141377132543256,0.805498431199979,-0.18997083727931435,-0.3299551092958717,-0.46388780977910427,0.0,1.0,0.0,0
-1.0059057006422703,-1.6244192649117988,-0.16777631564542664,0.15978530676742925,-1.1685615014841553,1.0,0.0,0.0,0
0.04276731091346047,-0.5444558444176881,-0.672701682816372,-0.020119335868069525,1.7754085883058353,0.0,1.0,0.0,0
1.141377132543256,0.805498431199979,-1.3440859622414751,2.248678101812938,0.021554066728819647,1.0,0.0,0.0,0
-1.0059057006422703,-1.016939840883864,0.25391959539843983,-0.6997590969355075,-1.3094962398251653,0.0,1.0,0.0,0
-1.2056529409385865,-0.9494421271029653,0.692261397667722,-0.9896054656260325,-0.41690956366543425,1.0,0.0,0.0,0
-1.2056529409385865,-1.151935268445623,0.15404424804594513,-0.5398438590372866,-0.5735037173776678,0.0,1.0,0.0,0
1.6906820433581398,1.1429870001043958,-0.3508811191250002,0.2297482233479004,1.1333725580856777,1.0,0.0,0.0,0
-1.8048946618275916,-1.8269124062544566,0.004231227017203099,-0.2599921927154005,-0.5108660558927743,0.0,0.0,1.0,0
-1.3554633711608377,-1.151935268445623,0.28166274744079944,-0.44989153771953755,-0.761416701832348,1.0,0.0,0.0,0
0.29245136128386984,-0.4094604168559291,0.842074418696464,-1.1994942153674473,-1.1215832553704852,0.0,0.0,1.0,0
-1.3554633711608377,-1.0844375546647627,0.697810028076194,-1.1095418940496984,-1.4191121474237287,0.0,1.0,0.0,0
-0.756221650271861,-0.8144466995412062,-1.1498838979449577,1.908858221279219,0.11551055895615976,1.0,0.0,0.0,0
-0.3067903596051354,-0.47695813063678943,1.1306031999370043,-1.1795048106301698,-1.6853222087345259,0.0,0.0,1.0,0
1.2412507526914143,1.0079915725426367,-0.10119275074376351,0.4096528659833992,-1.1059238399992617,1.0,0.0,0.0,0
-0.2069167394569489,0.6030052898573213,-1.7213928300175663,2.518535065766186,1.587495603851155,1.0,0.0,0.0,1
1.6407452332840748,1.2104847138852945,-0.27874892381486516,0.9393720915212552,-0.6831196249762312,0.0,1.0,0.0,0
0.04276731091346047,1.0754892863235355,0.7477477017524413,-1.0395789774692266,-0.35427190218054083,0.0,0.0,1.0,0
1.041503512395098,1.0079915725426367,2.4844690196041546,-1.9890757024899122,-1.3564744859388354,1.0,0.0,0.0,0
-1.5552106114571824,-1.4894238373500397,0.09855794396122586,-0.19002927613492865,0.4286988663806268,1.0,0.0,0.0,0
0.6919458418765022,0.46800986229556224,0.28166274744079944,-0.3699339187704274,-1.0119673477719215,1.0,0.0,0.0,0
-0.5065375999014515,0.19801900717204413,-0.3564297495334722,0.23974292571653935,-0.228996579210754,1.0,0.0,0.0,0
-1.1557161308645216,-0.6794512719794472,-0.17887357646237048,-0.18003457376628973,-0.21333716383953064,1.0,0.0,0.0,0
-1.305526561086773,-0.9494421271029653,2.0072868044755685,-1.7891816551171362,-0.41690956366543425,0.0,1.0,0.0,0
0.5920722217283441,-0.004474134170613608,0.4758648117373169,-0.8396849300964505,1.0237566504871143,0.0,1.0,0.0,0
0.04276731091346047,-0.20696727551327135,-1.061105811409407,1.72895357864372,-0.9336702709158049,0.0,1.0,0.0,0
0.09270412098752531,-0.20696727551327135,-0.7004448348587317,0.2997111399283723,0.4600176971230735,0.0,1.0,0.0,0
-0.5564744099755448,-0.20696727551327135,-0.7337366173095632,0.8594144725721451,0.835843666032434,0.0,0.0,1.0,0
-1.7549578517534985,-1.8269124062544566,0.1484956176374732,-0.2799815974526777,0.8828219121461041,1.0,0.0,0.0,0
0.14264093106161854,1.0754892863235355,-1.1110434850856543,1.339160186266807,0.24078588192594658,0.0,0.0,1.0,0
0.9416298922469115,0.26551672095290446,-0.9057441599721929,1.489080721796389,0.28776412803961665,1.0,0.0,0.0,1
-1.0558425107163636,-1.6244192649117988,-1.3385373318330032,1.2691972696863358,0.38172062026695674,1.0,0.0,0.0,0
-0.5564744099755448,0.4005121485147019,-0.11229001156070736,-0.1200663595544575,1.6501332653360483,0.0,0.0,1.0,0
1.191313942617321,0.67050300363822,-0.27320029340639324,-0.2899762998213166,0.9454595736309974,0.0,1.0,0.0,0
0.24251455120977664,-0.47695813063678943,-0.4119160536181914,0.5995522109875362,-0.2916342406956474,1.0,0.0,0.0,0
1.041503512395098,0.4005121485147019,-0.445207836069023,0.7594674488857571,-0.228996579210754,1.0,0.0,0.0,0
-2.3042627625684107,-2.839378112967707,-0.7337366173095632,1.06930322231356,1.321285542540358,1.0,0.0,0.0,0
0.8417562720987535,0.4005121485147019,-0.14558179401153892,0.10981179492423528,-0.6831196249762312,1.0,0.0,0.0,0
-1.9047682819757499,-1.8944101200353554,-1.0167167681416314,0.3596793541402052,-1.340815070567612,1.0,0.0,0.0,0
0.19257774113568338,-0.2744649892941317,-0.8502578558874736,1.688974769169165,0.9767784043734442,1.0,0.0,0.0,0
0.09270412098752531,-0.13946956173237265,-0.3231379670826406,0.18976941387334537,-0.02542417938485041,1.0,0.0,0.0,0
-1.2056529409385865,-0.47695813063678943,0.02087711824261888,-0.5698279661432034,-1.560046885764739,1.0,0.0,0.0,0
-0.5564744099755448,-0.8819444133221049,-0.5617290746469334,1.1692502459999479,-0.6831196249762312,1.0,0.0,0.0,0
0.8417562720987535,0.67050300363822,0.03752300946803466,0.2997111399283723,-1.3251556551963888,1.0,0.0,0.0,0
-0.5065375999014515,-1.0844375546647627,-1.0167167681416314,1.259202567317697,1.2586478810554644,1.0,0.0,0.0,0
0.39232498143202793,0.19801900717204413,-0.012414664208212682,-0.6697749898295914,-0.8710326094309114,1.0,0.0,0.0,0
-0.057106309234725997,-0.47695813063678943,-0.8336119646620579,1.2791919720549743,-1.6853222087345259,0.0,1.0,0.0,0
0.3423881713579347,0.8729961449808777,-0.9168414207891368,1.309176079160891,-0.6518007942337846,0.0,0.0,1.0,0
0.8916930821728467,0.33301443473380316,0.2983086386662152,-0.5098597519313705,0.49133652786552023,1.0,0.0,0.0,0
-1.2555897510126797,-0.9494421271029653,-1.0666544418178787,1.6989694715378039,0.38172062026695674,0.0,1.0,0.0,0
-1.1057793207904283,-1.016939840883864,-0.5062427705622142,-0.00012993113079164646,1.321285542540358,1.0,0.0,0.0,0
-0.5564744099755448,-0.004474134170613608,0.13739835682052934,-0.6198014779863974,1.1803508041993478,1.0,0.0,0.0,0
-0.4566007898273583,-1.016939840883864,-0.001317403391268828,0.6795098299366463,1.2899667117979112,1.0,0.0,0.0,0
-0.7062848401977677,0.0630235796102851,-0.03460918584210039,-0.6098067756177584,-1.3094962398251653,1.0,0.0,0.0,0
1.091440322469163,1.0754892863235355,-0.6837989436333158,1.409123102847279,-0.9336702709158049,1.0,0.0,0.0,0
-0.25685354953104217,0.5355075760764609,-0.5117914009706861,0.09981709255559633,-0.228996579210754,1.0,0.0,0.0,0
-0.6064112200496096,0.13052129339114543,-0.19551946768778627,0.09981709255559633,-0.8866920248021348,1.0,0.0,0.0,0
-0.756221650271861,-0.4094604168559291,2.6176361494074807,-1.8991233811721633,-0.761416701832348,0.0,0.0,1.0,0
-0.5065375999014515,-0.9494421271029653,1.080665526260757,-0.7597273111473404,0.835843666032434,1.0,0.0,0.0,0
1.2911875627655074,0.33301443473380316,1.158346351979364,-1.1795048106301698,-1.654003377992079,1.0,0.0,0.0,0
1.4409979929877303,1.4804755690088125,-0.9556818336484403,1.509070126533667,-0.9023514401733582,1.0,0.0,0.0,0
1.3411243728395723,1.0754892863235355,6.490580174520885,-3.0285247488283473,-1.654003377992079,0.0,1.0,0.0,1
-0.5564744099755448,-1.016939840883864,-0.6893475740417878,1.39912840047864,-1.5913657165071857,0.0,0.0,1.0,0
-0.9559688905681771,-1.4219261235691794,-1.3107941797906435,1.389133698110001,-0.8710326094309114,0.0,1.0,0.0,0
-0.8061584603459542,-1.016939840883864,-0.27320029340639324,-0.21001868087220654,0.037213482100043,1.0,0.0,0.0,0
-1.0558425107163636,-1.6244192649117988,-1.871205851046308,2.6984397084016836,0.3347423741532867,0.0,1.0,0.0,0
1.6407452332840748,0.9404938587617381,-0.16222768523695472,-0.26998689508403945,-1.1215832553704852,1.0,0.0,0.0,0
0.5421354116542793,0.4005121485147019,0.3981839860187099,-0.47987564482545364,-0.5891631327488911,1.0,0.0,0.0,0
1.840492473580391,1.8854618516941282,-0.972327724873856,0.6295363180934523,-0.9963079324006983,1.0,0.0,0.0,0
-1.2555897510126797,-1.016939840883864,-0.7670283997603947,1.0493138175762822,-1.5913657165071857,0.0,1.0,0.0,0
1.191313942617321,0.805498431199979,-0.1844222068708424,0.07982768781831845,1.509198526995038,0.0,0.0,1.0,0
-0.2069167394569489,0.0630235796102851,-1.0111681377331596,0.8694091749407841,-0.18201833309708393,0.0,1.0,0.0,0
-0.25685354953104217,-0.47695813063678943,2.229232020814446,-1.7492028456425812,-1.4034527320525054,1.0,0.0,0.0,0
1.141377132543256,1.2104847138852945,-1.432864048777026,1.1692502459999479,-0.7300978710899013,1.0,0.0,0.0,0
-1.305526561086773,-0.8144466995412062,-1.194272941212733,1.349154888635446,0.9611189890022208,0.0,0.0,1.0,0
1.7406188534322329,1.2779824276661549,-0.25655440218097747,-0.13006106192309574,-1.4660903935373988,1.0,0.0,0.0,0
1.8904292836544843,1.6829687103514703,0.6423237239914746,-1.1994942153674473,0.9767784043734442,0.0,0.0,1.0,0
-0.007169499160632764,1.0079915725426367,1.5134586981215672,-1.169510108261531,-0.21333716383953064,1.0,0.0,0.0,0
0.3423881713579347,0.33301443473380316,0.15404424804594513,-0.13006106192309574,0.3347423741532867,0.0,0.0,1.0,0
-1.405400181234931,-0.9494421271029653,1.8019874793621073,-1.6392611195875544,-0.07240242549852047,1.0,0.0,0.0,0
-0.856095270420019,-0.6794512719794472,-0.11229001156070736,-0.3099657045585945,-1.0432861785143683,1.0,0.0,0.0,0
-1.3554633711608377,-1.151935268445623,-0.11229001156070736,-0.23000808560948371,-0.980648517029475,1.0,0.0,0.0,0
-0.856095270420019,-0.6119535581985485,0.4259271380610695,-0.8896584419396445,1.368263788654028,1.0,0.0,0.0,0
-0.5564744099755448,0.0630235796102851,-0.4507564664774949,0.42964227072067634,0.7575465891763172,0.0,0.0,1.0,0
0.6420090318024373,0.26551672095290446,3.072623842902179,-2.129001535650856,1.2899667117979112,0.0,1.0,0.0,0
0.29245136128386984,0.26551672095290446,-0.16222768523695472,0.2797217351910944,0.2564452972971699,0.0,0.0,1.0,0
0.6420090318024373,0.26551672095290446,-1.0722030722263507,0.6695151275680081,-0.2759748253244241,1.0,0.0,0.0,0
-0.25685354953104217,0.67050300363822,-0.4895968793367984,0.3296952470342884,0.44435828175185016,0.0,1.0,0.0,0
1.191313942617321,0.67050300363822,-0.295394815040281,0.039848878343763404,1.321285542540358,1.0,0.0,0.0,0
-0.756221650271861,-1.3544284097882808,-0.43411057525207913,1.1892396507372252,0.7732060045475406,0.0,1.0,0.0,0
-0.3567271696792002,-0.8819444133221049,-0.3064920758572248,0.049843580712402344,1.6501332653360483,1.0,0.0,0.0,0
0.7418826519505954,0.33301443473380316,0.5812887894982834,-0.5098597519313705,1.2273290503130179,1.0,0.0,0.0,0
-0.9559688905681771,-1.4219261235691794,0.697810028076194,-0.7997061206218955,-1.5757063011359624,1.0,0.0,0.0,0
-1.1557161308645216,-0.7469489857603459,-0.04570644665904424,0.8294303654662283,-0.36993131755176417,0.0,1.0,0.0,0
-0.9559688905681771,-1.4894238373500397,1.230478547289499,-1.1795048106301698,-0.495206640521551,1.0,0.0,0.0,0
0.19257774113568338,-0.2744649892941317,-0.09009548992681966,-0.1500504666603736,0.2564452972971699,1.0,0.0,0.0,0
1.6906820433581398,1.5479732827897112,1.2748675905572744,-1.2094889177360864,-1.0589455938855916,0.0,0.0,1.0,0
0.14264093106161854,-0.2744649892941317,-0.3952701623927756,0.46962108019523213,1.1177131427144544,1.0,0.0,0.0,0
-0.40666397975329344,0.46800986229556224,-0.3453324887165283,0.39965816361476025,-1.3877933166812821,1.0,0.0,0.0,0
-0.4566007898273583,0.4005121485147019,-0.8835496383383052,0.46962108019523213,0.9767784043734442,1.0,0.0,0.0,0
-1.455336991308996,-1.0844375546647627,-0.2842975542233371,0.2497376280851783,0.6009524354640837,1.0,0.0,0.0,0
-0.7062848401977677,-0.20696727551327135,-1.3607318534668909,1.938842328385135,-0.056743010127297114,1.0,0.0,0.0,0
0.24251455120977664,1.0079915725426367,-0.9390359424230245,1.609017150220055,-1.5757063011359624,0.0,1.0,0.0,0
0.7418826519505954,0.4005121485147019,2.3457532593923562,-1.9790810001212737,0.2564452972971699,1.0,0.0,0.0,0
-0.856095270420019,-0.4094604168559291,-0.16777631564542664,-0.5798226685118416,0.522655358607967,0.0,1.0,0.0,0
1.041503512395098,0.4005121485147019,-0.6560557915909562,1.199234353105864,-0.1976777484683073,0.0,1.0,0.0,0
0.7418826519505954,0.4005121485147019,-0.09564412033529159,-0.3399498116645106,1.4778796962525915,1.0,0.0,0.0,0
-0.25685354953104217,0.5355075760764609,-1.4217667879600822,1.239213162580419,0.0685323128424897,1.0,0.0,0.0,0
-0.2069167394569489,0.5355075760764609,-0.17887357646237048,0.23974292571653935,0.0058946513575962945,1.0,0.0,0.0,0
1.2412507526914143,0.7380007174191187,0.17623876967983285,-0.5798226685118416,1.462220280881368,1.0,0.0,0.0,0
-0.6064112200496096,-0.13946956173237265,0.13184972641205742,-0.6297961803550356,0.5539741893504136,1.0,0.0,0.0,0
0.7418826519505954,0.5355075760764609,0.2983086386662152,-0.5498385614059255,0.8515030814036574,1.0,0.0,0.0,0
-0.9060320804941122,-1.0844375546647627,0.769942223386329,-0.5398438590372866,-0.41690956366543425,0.0,0.0,1.0,0
-0.756221650271861,-0.5444558444176881,-0.19551946768778627,-0.6297961803550356,1.1646913888281245,1.0,0.0,0.0,0
-1.2056529409385865,-0.8819444133221049,-0.7281879869010912,1.4790860194277502,0.616611850835307,0.0,1.0,0.0,0
-0.3567271696792002,0.26551672095290446,0.4980593333712046,-0.7397379064100625,1.0863943119720076,1.0,0.0,0.0,0
-2.204389142420224,-2.704382685405948,-0.9390359424230245,1.239213162580419,0.11551055895615976,1.0,0.0,0.0,0
1.3411243728395723,0.805498431199979,0.031974379059562734,-0.4898703471940926,0.31908295878206333,1.0,0.0,0.0,0
0.14264093106161854,1.1429870001043958,-0.9667790944653841,1.3291654838981681,0.08419172821371305,1.0,0.0,0.0,0
0.24251455120977664,-0.004474134170613608,-0.2454571413640336,0.7394780441484793,1.196010219570571,0.0,0.0,1.0,0
1.7406188534322329,1.9529595654749885,-0.21216535891320204,0.39965816361476025,0.31908295878206333,1.0,0.0,0.0,0
0.6919458418765022,0.26551672095290446,-1.1387866371280138,0.3197005446656502,0.39738003563818014,1.0,0.0,0.0,0
0.6919458418765022,0.5355075760764609,-0.600569487506237,0.42964227072067634,-1.3564744859388354,1.0,0.0,0.0,0
-0.4566007898273583,0.19801900717204413,0.44257302928648534,-0.8896584419396445,2.1042563111015253,1.0,0.0,0.0,0
1.9903029038026423,2.087954993036786,-0.37307564075888794,0.5495786991443422,0.9141407428885507,0.0,0.0,1.0,0
1.840492473580391,1.4804755690088125,0.44257302928648534,-0.5098597519313705,-0.24465599458197734,1.0,0.0,0.0,0
-1.0558425107163636,-1.6244192649117988,-0.3231379670826406,-0.2000239785035676,-1.0589455938855916,1.0,0.0,0.0,0
1.2911875627655074,0.33301443473380316,0.31495452989163103,-0.7197485016727854,1.3369449579115813,1.0,0.0,0.0,0
0.24251455120977664,1.2779824276661549,1.9296059787569617,-1.8291604645916917,-0.8083949479460181,1.0,0.0,0.0,0
2.0402397138767356,2.222950420598545,-0.3286865974911125,-0.16004516902901256,-0.5578443020064444,0.0,1.0,0.0,0
0.19257774113568338,-0.13946956173237265,-1.0943975938602384,1.2492078649490581,-0.6204819634913378,1.0,0.0,0.0,0
-1.305526561086773,-1.0844375546647627,0.7532963321609132,-1.0495736798378654,-0.761416701832348,0.0,1.0,0.0,0
-1.0558425107163636,-1.5569215511309384,-0.12338727237765122,0.4396369730893153,-0.6361413788625612,1.0,0.0,0.0,0
1.5908084232099817,0.9404938587617381,-1.044459920183991,1.3791389957413622,-1.560046885764739,1.0,0.0,0.0,1
1.5908084232099817,1.6154709965705716,0.6867127672592501,-0.6297961803550356,-0.5735037173776678,1.0,0.0,0.0,0
-1.0059057006422703,-1.6244192649117988,-0.49514550974527033,0.8694091749407841,0.4756771124942969,1.0,0.0,0.0,0
-0.5065375999014515,0.0630235796102851,-0.9834249856907998,1.948837030753774,-0.9649891016582516,1.0,0.0,0.0,0
-0.5065375999014515,-0.7469489857603459,0.4592189205119011,-0.8097008229905344,-1.027626763143145,1.0,0.0,0.0,0
-0.007169499160632764,-0.6794512719794472,0.9419497660489587,-0.7897114182532565,-0.4482283944078809,1.0,0.0,0.0,0
1.2911875627655074,1.4129778552279522,-0.5228886617876299,0.1997641162419843,1.149031973456901,0.0,1.0,0.0,0
0.9915667023210047,0.33301443473380316,1.5134586981215672,-1.5593035006384441,0.4756771124942969,0.0,0.0,1.0,0
0.09270412098752531,0.0630235796102851,-0.09009548992681966,0.2297482233479004,-1.293836824453942,1.0,0.0,0.0,0
-0.6064112200496096,-0.2744649892941317,0.19843329131372053,-0.5598332637745644,0.6479306815777538,0.0,1.0,0.0,0
1.091440322469163,0.9404938587617381,0.38708672520176607,-0.7897114182532565,-1.0432861785143683,1.0,0.0,0.0,0
-0.2069167394569489,0.5355075760764609,0.3537949427509345,-0.45988624008817647,1.4778796962525915,0.0,1.0,0.0,0
-0.3567271696792002,-0.5444558444176881,0.25946822580691176,-0.21001868087220654,0.3347423741532867,0.0,1.0,0.0,0
1.7905556635063262,1.8179641379132294,-0.6116667483231808,0.7694621512543961,1.415242034767698,1.0,0.0,0.0,0
-1.0558425107163636,-0.6794512719794472,-0.49514550974527033,0.6795098299366463,0.16248880506982982,1.0,0.0,0.0,0
-0.25685354953104217,-0.004474134170613608,-0.3231379670826406,0.3097058422970112,-0.2759748253244241,1.0,0.0,0.0,0
-1.0558425107163636,-0.13946956173237265,0.8531716795134079,-1.0095948703633104,-1.1372426707417085,0.0,1.0,0.0,0
0.8417562720987535,0.46800986229556224,0.4869620725542607,-0.869669037202367,-0.46388780977910427,0.0,1.0,0.0,0
-1.305526561086773,-0.5444558444176881,-0.5672777050554054,0.039848878343763404,0.14682938969860648,1.0,0.0,0.0,0
0.4422617915060928,0.46800986229556224,-0.6616044219994281,0.2997111399283723,0.39738003563818014,0.0,1.0,0.0,0
1.091440322469163,1.0754892863235355,-0.8890982687467771,0.28971643755973336,-1.4817498089086223,0.0,1.0,0.0,0
0.3423881713579347,1.1429870001043958,3.0948183645360663,-2.109012130913578,1.947662157389292,0.0,1.0,0.0,1
1.3411243728395723,1.0754892863235355,-0.21216535891320204,-0.1200663595544575,0.9924378197446675,0.0,1.0,0.0,0
1.141377132543256,1.2104847138852945,0.14294698722900126,-0.2200133832408455,-0.761416701832348,1.0,0.0,0.0,0
-1.2555897510126797,-0.9494421271029653,0.7311018105270255,-1.0595683822065043,0.44435828175185016,1.0,0.0,0.0,0
0.492198601580186,0.26551672095290446,-0.15113042442001084,0.4896104849325093,-0.3386124868093175,0.0,0.0,1.0,0
0.04276731091346047,-0.6794512719794472,0.40373261642718183,-0.6997590969355075,-1.1529020861129318,0.0,1.0,0.0,0
0.7418826519505954,0.6030052898573213,-0.4895968793367984,0.059838283081041284,-1.6853222087345259,1.0,0.0,0.0,0
1.8904292836544843,1.8854618516941282,-0.2010680980962582,-0.00012993113079164646,0.7262277584338706,1.0,0.0,0.0,0
1.3411243728395723,1.4129778552279522,-0.8946468991552491,0.6895045323052853,1.0707348966007844,0.0,1.0,0.0,0
1.9403660937285492,2.155452706817646,-1.050008550592463,0.7194886394112021,-1.654003377992079,0.0,1.0,0.0,0
0.4422617915060928,0.5355075760764609,0.17623876967983285,-0.010124633499430586,-0.8866920248021348,1.0,0.0,0.0,0
-0.756221650271861,-0.5444558444176881,2.4622744979702667,-1.9790810001212737,0.09985114358493641,1.0,0.0,0.0,0
1.091440322469163,0.7380007174191187,-0.672701682816372,0.6994992346739242,-0.7300978710899013,1.0,0.0,0.0,0
-0.5564744099755448,0.0630235796102851,-0.40636742320971947,0.33968994940292735,-0.9023514401733582,1.0,0.0,0.0,0
-0.9559688905681771,-1.2194329822265217,-0.3009434454487529,0.06983298544968022,-0.7927355325747947,1.0,0.0,0.0,0
1.6407452332840748,1.4129778552279522,0.8531716795134079,-0.9996001679946714,-0.4325689790366576,0.0,1.0,0.0,0
1.191313942617321,0.7380007174191187,-0.9612304640569121,1.439107209953195,-1.6853222087345259,0.0,1.0,0.0,0
-1.3554633711608377,-0.8819444133221049,-0.2676516629979213,0.019859473606486232,0.0685323128424897,1.0,0.0,0.0,0
1.4409979929877303,1.4804755690088125,-0.14558179401153892,-0.2200133832408455,-0.24465599458197734,1.0,0.0,0.0,0
-0.2069167394569489,-0.5444558444176881,-0.6505071611824843,-0.020119335868069525,1.7440897575633885,1.0,0.0,0.0,0
1.2412507526914143,0.67050300363822,0.04862027028497851,-0.16004516902901256,1.2586478810554644,1.0,0.0,0.0,0
-0.856095270420019,-1.6244192649117988,2.2347806512229176,-1.9391021906467183,1.0707348966007844,1.0,0.0,0.0,0
-0.6563480301237028,-0.6119535581985485,-0.6449585307740123,0.9493667938898941,1.4465608655101447,0.0,1.0,0.0,0
-0.6064112200496096,-0.004474134170613608,3.1003669949445385,-2.0390492143331063,0.6322712662065304,1.0,0.0,0.0,0
1.2412507526914143,0.7380007174191187,0.5479970070474519,-0.7997061206218955,1.415242034767698,0.0,1.0,0.0,0
-1.2555897510126797,-0.9494421271029653,0.25391959539843983,-0.24000278797812266,-1.654003377992079,1.0,0.0,0.0,0
-0.4566007898273583,0.0630235796102851,-0.9556818336484403,0.5595734015129812,-0.9963079324006983,1.0,0.0,0.0,0
1.191313942617321,0.805498431199979,-0.49514550974527033,0.7894515559916733,0.7262277584338706,1.0,0.0,0.0,0
0.8417562720987535,0.33301443473380316,-0.4507564664774949,0.13979590203015138,0.7105683430626472,0.0,1.0,0.0,0
-0.9559688905681771,-0.9494421271029653,0.10410657436969778,0.23974292571653935,-1.4660903935373988,1.0,0.0,0.0,0
1.7406188534322329,1.0079915725426367,0.4980593333712046,-0.6497855850923135,-0.542184886635221,0.0,0.0,1.0,0
-1.305526561086773,-0.9494421271029653,-0.04015781625057232,-0.13006106192309574,0.44435828175185016,1.0,0.0,0.0,0
-1.1557161308645216,-0.6794512719794472,-0.5894722266892931,0.17977471150470642,-1.4347715627949522,0.0,1.0,0.0,0
-1.455336991308996,-1.4219261235691794,-0.9667790944653841,1.39912840047864,1.0394160658583376,0.0,0.0,1.0,0
-0.10704311930879085,-0.004474134170613608,0.5147052245966204,-0.6297961803550356,1.0080972351158908,0.0,1.0,0.0,0
0.39232498143202793,-0.20696727551327135,2.539955323688874,-1.9291074882780797,-1.607025131878409,1.0,0.0,0.0,0
-0.5564744099755448,0.0630235796102851,0.2650168562153837,-0.9796107632573939,0.8515030814036574,1.0,0.0,0.0,0
-0.8061584603459542,-0.8819444133221049,0.24837096498996789,-0.8296902277278119,0.14682938969860648,0.0,1.0,0.0,0
-0.007169499160632764,-0.5444558444176881,-0.5284372921961019,0.3596793541402052,0.24078588192594658,1.0,0.0,0.0,0
0.14264093106161854,-0.5444558444176881,-0.7836742909858105,1.439107209953195,1.415242034767698,1.0,0.0,0.0,0
1.191313942617321,0.67050300363822,-0.4285619448436072,0.8494197702035061,-0.41690956366543425,1.0,0.0,0.0,0
-1.6550842316053405,-1.5569215511309384,0.32050316030010295,-0.7897114182532565,0.09985114358493641,0.0,1.0,0.0,0
0.9915667023210047,0.26551672095290446,-0.5062427705622142,0.33968994940292735,0.9298001582597741,1.0,0.0,0.0,0
1.7905556635063262,1.6829687103514703,0.3759894643848222,-0.6297961803550356,-1.4660903935373988,0.0,1.0,0.0,0
1.6407452332840748,0.8729961449808777,-0.20661672850473012,-0.05010344297398563,-1.0902644246280384,0.0,0.0,1.0,0
-0.5564744099755448,-0.004474134170613608,-0.4840482489283265,0.8893985796780612,1.2116696349417944,1.0,0.0,0.0,0
-1.2555897510126797,-1.016939840883864,0.6811641368507781,-0.969616060888755,-1.2781774090827187,0.0,1.0,0.0,0
0.09270412098752531,0.0630235796102851,0.6090319415406431,-0.9496266561514775,-1.0119673477719215,1.0,0.0,0.0,0
0.8417562720987535,0.67050300363822,-1.2664051365228681,1.5790330431141382,-1.0746050092568151,0.0,1.0,0.0,0
-0.40666397975329344,-1.0844375546647627,-0.4119160536181914,-0.49986504956273153,1.462220280881368,1.0,0.0,0.0,0
-0.5065375999014515,-0.004474134170613608,-0.16777631564542664,-0.2000239785035676,0.9454595736309974,1.0,0.0,0.0,0
0.4422617915060928,0.7380007174191187,-0.6782503132248439,0.06983298544968022,-1.3094962398251653,1.0,0.0,0.0,0
1.091440322469163,1.0754892863235355,-0.02906055543362846,-0.2799815974526777,-1.0432861785143683,0.0,0.0,1.0,0
-0.7062848401977677,-0.4094604168559291,0.8809148315557676,-0.6797696921982296,0.616611850835307,1.0,0.0,0.0,0
-0.5065375999014515,-0.6794512719794472,1.4690696548537918,-1.319430643791113,-1.4191121474237287,0.0,1.0,0.0,0
0.6919458418765022,0.26551672095290446,-0.6061181179147088,1.0892926270508372,1.102053727343231,1.0,0.0,0.0,0
-1.2555897510126797,-1.2194329822265217,5.042387637909712,-2.6187419517141564,-1.2311991629690486,0.0,1.0,0.0,0
0.24251455120977664,1.0079915725426367,0.620129202357587,-0.3099657045585945,-0.6674602096050078,1.0,0.0,0.0,0
0.24251455120977664,-0.13946956173237265,-1.194272941212733,3.2781324457827337,0.8045248352899873,0.0,0.0,1.0,1
1.141377132543256,1.0754892863235355,-0.2842975542233371,0.17977471150470642,-0.5108660558927743,1.0,0.0,0.0,0
2.0402397138767356,2.155452706817646,-0.9612304640569121,0.6595204251993692,-1.1372426707417085,1.0,0.0,0.0,0
0.14264093106161854,-0.07197184795151232,-0.900195529563721,1.529059531270944,-1.6226845472496323,1.0,0.0,0.0,0
-0.8061584603459542,-1.2194329822265217,-1.4273154183685541,2.06877345917744,1.6971115114497184,1.0,0.0,0.0,1
0.29245136128386984,0.33301443473380316,-0.4729509881113826,1.119276734156754,-0.7770761172035714,0.0,0.0,1.0,0
-0.856095270420019,-0.07197184795151232,-0.4230133144351353,0.38966346124612133,0.13116997432738312,1.0,0.0,0.0,0
0.04276731091346047,0.33301443473380316,-0.04015781625057232,-0.39991802587634356,0.021554066728819647,1.0,0.0,0.0,0
-0.007169499160632764,0.26551672095290446,-1.1443352675364857,0.9093879844153391,0.3660612048957334,1.0,0.0,0.0,0
-0.756221650271861,-0.7469489857603459,1.3414511554589374,-1.219483620104725,0.08419172821371305,1.0,0.0,0.0,0
-0.8061584603459542,0.0630235796102851,-0.46740235770291066,0.21975352097926218,-0.21333716383953064,1.0,0.0,0.0,0
0.9915667023210047,-0.07197184795151232,0.37044083397635025,-0.5498385614059255,0.7575465891763172,0.0,0.0,1.0,0
-0.756221650271861,-0.3419627030750304,-0.9390359424230245,1.239213162580419,0.08419172821371305,1.0,0.0,0.0,0
0.7418826519505954,0.6030052898573213,-1.2275647236635647,1.059308519944921,-1.5130686396510689,1.0,0.0,0.0,0
-1.6550842316053405,-1.4894238373500397,-0.47849961851985456,0.5995522109875362,-1.1685615014841553,1.0,0.0,0.0,0
-0.3067903596051354,-0.7469489857603459,0.24282233458149596,-0.5898173708804806,1.0707348966007844,1.0,0.0,0.0,0
0.19257774113568338,0.5355075760764609,-0.7947715518027544,0.9293773891526163,0.5383147739791903,1.0,0.0,0.0,0
0.7418826519505954,0.4005121485147019,-0.8780010079298333,1.06930322231356,1.5405173577374849,1.0,0.0,0.0,0
0.19257774113568338,0.805498431199979,0.7421990713439693,-1.1095418940496984,0.9924378197446675,1.0,0.0,0.0,0
-0.9559688905681771,-1.5569215511309384,-0.9057441599721929,1.6190118525886938,0.08419172821371305,0.0,0.0,1.0,0
1.091440322469163,0.33301443473380316,1.6244313062910058,-1.6292664172189157,0.3347423741532867,0.0,1.0,0.0,0
-1.7050210416794052,-1.5569215511309384,-0.3619783799419441,1.259202567317697,-0.10372125624096717,0.0,1.0,0.0,0
1.141377132543256,0.7380007174191187,-0.5783749658723493,0.3097058422970112,0.6479306815777538,0.0,1.0,0.0,0
-0.15697992938288408,0.5355075760764609,0.2761141170323275,-0.39991802587634356,1.2899667117979112,1.0,0.0,0.0,0
-0.9559688905681771,-1.6244192649117988,0.015328487834146953,-0.2899762998213166,-0.36993131755176417,0.0,0.0,1.0,0
1.8904292836544843,1.750466424132369,-0.06790096829293195,0.18976941387334537,0.8045248352899873,0.0,1.0,0.0,0
-1.2056529409385865,-0.2744649892941317,-1.4495099400024418,1.039319115207643,-1.654003377992079,0.0,0.0,1.0,0
-0.40666397975329344,-1.0844375546647627,-0.8391605950705298,1.31917078152953,-0.761416701832348,0.0,0.0,1.0,0
-1.455336991308996,-1.286930696007382,-0.1844222068708424,-0.23000808560948371,1.6031550192223782,0.0,1.0,0.0,0
1.091440322469163,1.0754892863235355,0.031974379059562734,-0.4099127282449825,0.6949089276914238,1.0,0.0,0.0,0
0.492198601580186,1.2779824276661549,1.9407032395739057,-1.6492558219561932,1.415242034767698,1.0,0.0,0.0,0
0.4422617915060928,0.5355075760764609,-0.3453324887165283,-0.16004516902901256,-1.1998803322266018,0.0,0.0,1.0,0
-0.6563480301237028,-0.13946956173237265,0.23727370417302404,-0.6597802874609524,0.20946705118349987,0.0,0.0,1.0,0
-0.5065375999014515,-1.0844375546647627,-0.023511925025156536,0.7494727465171181,0.8671624967748807,0.0,1.0,0.0,0
0.29245136128386984,0.0630235796102851,-1.3440859622414751,0.9993403057330881,0.35040178952451007,1.0,0.0,0.0,0
-1.0059057006422703,-1.6919169786926975,-0.6227640091401246,0.3596793541402052,-0.10372125624096717,0.0,1.0,0.0,0
-0.6563480301237028,-0.6794512719794472,0.14294698722900126,-0.4898703471940926,0.6949089276914238,1.0,0.0,0.0,0
-0.5564744099755448,0.13052129339114543,0.8698175707388237,-0.9796107632573939,1.6657926807072716,1.0,0.0,0.0,0
-0.5564744099755448,-0.9494421271029653,-0.09564412033529159,0.6395310204620913,-1.654003377992079,1.0,0.0,0.0,0
0.29245136128386984,0.7380007174191187,-0.37862427116735986,0.06983298544968022,-1.2781774090827187,1.0,0.0,0.0,0
-0.5564744099755448,-0.7469489857603459,-0.289846184631809,-0.05010344297398563,-1.2155397475978251,0.0,1.0,0.0,0
0.4422617915060928,0.6030052898573213,0.34269768193399064,-0.5998120732491196,1.149031973456901,1.0,0.0,0.0,0
0.9915667023210047,0.5355075760764609,0.38708672520176607,-0.47987564482545364,-1.6226845472496323,0.0,1.0,0.0,0
-1.0059057006422703,-1.2194329822265217,-0.3897215319843037,0.5495786991443422,1.6657926807072716,1.0,0.0,0.0,0
2.2399869541730517,2.492941275722063,0.7255531801185536,-0.7097537993041464,-1.5757063011359624,1.0,0.0,0.0,0
1.8904292836544843,1.8854618516941282,0.5923860503152274,-0.41990743061362146,0.5539741893504136,1.0,0.0,0.0,0
0.8417562720987535,0.4005121485147019,-1.3107941797906435,1.9688264354910519,-1.027626763143145,1.0,0.0,0.0,0
-0.057106309234725997,-0.5444558444176881,-1.1443352675364857,1.0792979246821983,-0.7300978710899013,1.0,0.0,0.0,0
-0.9559688905681771,-1.5569215511309384,0.9197552444150711,-1.0895524893124204,0.021554066728819647,1.0,0.0,0.0,0
-0.2069167394569489,-0.7469489857603459,0.8087826362456325,-1.219483620104725,0.835843666032434,0.0,1.0,0.0,0
-0.7062848401977677,-0.004474134170613608,-0.12338727237765122,0.11980649729287421,-0.6831196249762312,1.0,0.0,0.0,0
1.091440322469163,0.805498431199979,2.157099825504311,-1.6892346314307483,-1.654003377992079,1.0,0.0,0.0,0
0.19257774113568338,0.9404938587617381,0.6811641368507781,-1.069563084575143,0.3347423741532867,1.0,0.0,0.0,0
-0.3067903596051354,0.4005121485147019,-0.672701682816372,1.309176079160891,-1.5287280550222924,1.0,0.0,0.0,0
0.24251455120977664,0.33301443473380316,0.8642689403303517,-1.3294253461597518,-1.246858578340272,1.0,0.0,0.0,0
0.14264093106161854,1.0079915725426367,0.8642689403303517,-1.4393670722147784,-1.0119673477719215,1.0,0.0,0.0,0
-1.455336991308996,-1.4894238373500397,-0.3453324887165283,-0.3399498116645106,1.0863943119720076,1.0,0.0,0.0,0
-1.405400181234931,-0.9494421271029653,1.302610742599634,-1.6992293337993873,-1.2155397475978251,1.0,0.0,0.0,0
0.39232498143202793,1.4129778552279522,-0.18997083727931435,0.12980119966151243,1.0237566504871143,1.0,0.0,0.0,0
-0.4566007898273583,0.26551672095290446,0.6534209848084186,-0.8996531443082835,0.3347423741532867,1.0,0.0,0.0,0
1.2412507526914143,0.13052129339114543,0.25946822580691176,-0.7797167158846176,-0.6831196249762312,1.0,0.0,0.0,0
-0.007169499160632764,-0.47695813063678943,4.182349924596564,-2.3688743924981868,0.9767784043734442,0.0,1.0,0.0,0
-1.1557161308645216,-0.5444558444176881,-0.9667790944653841,1.8588847094360248,0.9767784043734442,1.0,0.0,0.0,0
-0.4566007898273583,-1.0844375546647627,-0.6283126395485966,0.7894515559916733,-0.6361413788625612,1.0,0.0,0.0,0
-0.9559688905681771,-0.7469489857603459,-1.133238006719542,1.039319115207643,0.037213482100043,0.0,1.0,0.0,0
-0.6064112200496096,-0.8819444133221049,0.02087711824261888,-0.18003457376628973,-0.9963079324006983,0.0,1.0,0.0,0
0.39232498143202793,0.805498431199979,0.5258024854135642,-0.8097008229905344,1.102053727343231,0.0,1.0,0.0,0
1.2911875627655074,1.0754892863235355,0.5479970070474519,-1.0395789774692266,0.8201842506612106,1.0,0.0,0.0,0
-1.2056529409385865,-0.6794512719794472,1.5689450022062865,-1.4593564769520562,1.4778796962525915,1.0,0.0,0.0,0
1.2911875627655074,1.1429870001043958,1.297062112191162,-1.2894465366851964,-1.2155397475978251,1.0,0.0,0.0,0
0.6919458418765022,0.46800986229556224,0.7532963321609132,-0.9296372514142,-0.24465599458197734,1.0,0.0,0.0,0
1.4409979929877303,1.6154709965705716,-0.6560557915909562,0.5995522109875362,1.5405173577374849,0.0,1.0,0.0,0
0.19257774113568338,0.5355075760764609,-0.2676516629979213,-0.4099127282449825,0.6322712662065304,0.0,1.0,0.0,0
0.7918194620246887,0.5355075760764609,0.13739835682052934,-0.5898173708804806,0.6635900969489771,1.0,0.0,0.0,0
-0.6064112200496096,-0.13946956173237265,-0.3453324887165283,0.6695151275680081,-0.761416701832348,0.0,1.0,0.0,0
-0.7062848401977677,-0.13946956173237265,0.026425748651090805,-0.9796107632573939,0.08419172821371305,1.0,0.0,0.0,0
0.14264093106161854,0.13052129339114543,-0.37862427116735986,0.5195945920384261,-0.9336702709158049,1.0,0.0,0.0,0
0.24251455120977664,-0.3419627030750304,1.4191319811775445,-1.2294783224733639,0.14682938969860648,1.0,0.0,0.0,0
-0.6064112200496096,0.13052129339114543,0.6867127672592501,-0.9596213585201163,1.587495603851155,0.0,0.0,1.0,0
-1.0558425107163636,-1.4894238373500397,0.697810028076194,-0.6098067756177584,-0.08806184086974382,1.0,0.0,0.0,0
-1.305526561086773,-0.6119535581985485,0.23727370417302404,-0.4099127282449825,1.1333725580856777,0.0,1.0,0.0,0
-1.0558425107163636,-1.4219261235691794,-0.6283126395485966,0.3596793541402052,-0.2916342406956474,1.0,0.0,0.0,0
-0.6563480301237028,-0.9494421271029653,-1.3440859622414751,1.529059531270944,0.6322712662065304,1.0,0.0,0.0,0
-0.15697992938288408,0.67050300363822,-0.1844222068708424,0.2697270328224562,-0.35427190218054083,0.0,1.0,0.0,0
0.3423881713579347,-0.2744649892941317,-0.6560557915909562,0.9793509009958102,0.8984813275173275,0.0,1.0,0.0,0
-0.7062848401977677,-0.2744649892941317,-0.03460918584210039,0.06983298544968022,-0.02542417938485041,1.0,0.0,0.0,0
0.7918194620246887,0.67050300363822,-0.600569487506237,0.2597323304538172,0.7888654199187639,1.0,0.0,0.0,0
0.09270412098752531,-0.3419627030750304,-0.5839235962808211,1.1492608412626701,1.274307296426688,0.0,1.0,0.0,0
-2.204389142420224,-2.5018895440632902,0.5368997462305081,-0.7297432040414236,-0.8083949479460181,1.0,0.0,0.0,0
1.2911875627655074,1.4129778552279522,-0.5561804442384615,1.2292184602117802,-1.1372426707417085,1.0,0.0,0.0,0
1.7905556635063262,1.2104847138852945,-0.595020857097765,0.2497376280851783,0.6635900969489771,0.0,1.0,0.0,0
-2.204389142420224,-2.569387257844189,0.24837096498996789,-0.6397908827236746,-0.41690956366543425,0.0,1.0,0.0,0
0.3423881713579347,-0.2744649892941317,-0.8280633342535859,0.8494197702035061,-1.5757063011359624,0.0,0.0,1.0,0
-0.40666397975329344,-1.016939840883864,-0.4563050968859668,0.46962108019523213,1.368263788654028,1.0,0.0,0.0,0
1.191313942617321,1.2104847138852945,0.09855794396122586,-0.8496796324650895,-0.9180108555445815,0.0,1.0,0.0,0
-0.9559688905681771,-1.7594146924735963,-1.133238006719542,1.6190118525886938,1.2899667117979112,0.0,1.0,0.0,0
0.3423881713579347,1.5479732827897112,1.990640913250153,-1.5992823101129994,-0.7457572864611246,1.0,0.0,0.0,0
0.24251455120977664,0.13052129339114543,0.17623876967983285,-0.5398438590372866,1.8850244959043987,0.0,1.0,0.0,0
-1.455336991308996,-1.4219261235691794,-1.0943975938602384,0.9093879844153391,1.1177131427144544,1.0,0.0,0.0,0
-1.1057793207904283,-1.0844375546647627,0.05971753110192237,-0.18003457376628973,1.2116696349417944,0.0,0.0,1.0,0
-0.9060320804941122,-0.5444558444176881,-0.08454685951834773,-0.5398438590372866,0.835843666032434,0.0,1.0,0.0,0
0.8417562720987535,0.67050300363822,0.8920120923727114,-1.129531298786976,-1.3877933166812821,1.0,0.0,0.0,0
0.8916930821728467,0.67050300363822,0.37044083397635025,-0.6697749898295914,-1.6226845472496323,1.0,0.0,0.0,0
-0.40666397975329344,-0.7469489857603459,-0.6061181179147088,-0.09008225244854068,0.14682938969860648,1.0,0.0,0.0,0
-0.40666397975329344,-1.016939840883864,-1.1054948546771823,0.9993403057330881,0.569633604721637,1.0,0.0,0.0,0
-0.5065375999014515,0.0630235796102851,0.8864634619642394,-0.7097537993041464,-0.3229530714380941,1.0,0.0,0.0,0
-0.40666397975329344,-1.151935268445623,-0.972327724873856,1.1792449483685863,-0.056743010127297114,0.0,1.0,0.0,0
1.840492473580391,1.9529595654749885,-0.20661672850473012,0.049843580712402344,-1.6853222087345259,1.0,0.0,0.0,0
0.3423881713579347,0.19801900717204413,0.6811641368507781,-0.5598332637745644,-0.7927355325747947,1.0,0.0,0.0,0
-1.305526561086773,-1.2194329822265217,-0.7614797693519229,0.969356198627172,-1.0432861785143683,1.0,0.0,0.0,0
-1.9047682819757499,-1.8944101200353554,-0.13448453319459508,-0.3499445140331496,-1.0902644246280384,1.0,0.0,0.0,0
1.4909348030618235,0.805498431199979,0.4148298772441257,-0.42990213298225965,1.5561767731087082,0.0,1.0,0.0,0
0.19257774113568338,1.1429870001043958,-1.2497592452974524,1.948837030753774,0.8201842506612106,1.0,0.0,0.0,0
0.04276731091346047,0.9404938587617381,-0.3064920758572248,0.3097058422970112,-1.4817498089086223,1.0,0.0,0.0,0
1.2412507526914143,0.19801900717204413,-0.5173400313791581,0.39965816361476025,0.6009524354640837,1.0,0.0,0.0,0
-1.3554633711608377,-0.6794512719794472,0.09300931355275392,-0.05010344297398563,0.9454595736309974,0.0,1.0,0.0,0
-0.6064112200496096,-0.9494421271029653,-1.504996244087161,1.5790330431141382,0.7418871738050938,1.0,0.0,0.0,0
0.9416298922469115,-0.2744649892941317,-0.5561804442384615,0.1697800091360682,1.462220280881368,0.0,1.0,0.0,0
1.2911875627655074,1.0079915725426367,0.4980593333712046,-0.5598332637745644,1.8850244959043987,0.0,0.0,1.0,1
0.9915667023210047,0.33301443473380316,-0.9390359424230245,0.4396369730893153,-0.35427190218054083,1.0,0.0,0.0,1
0.39232498143202793,1.6154709965705716,1.5079100677130952,-1.4893405840579723,0.44435828175185016,0.0,1.0,0.0,0
-0.856095270420019,-0.6119535581985485,-0.750382508534979,0.6994992346739242,-1.4504309781661755,0.0,1.0,0.0,0
-1.1557161308645216,-0.8144466995412062,-1.050008550592463,1.6989694715378039,-0.04108359475607377,0.0,1.0,0.0,0
0.4422617915060928,-0.3419627030750304,0.40373261642718183,-0.47987564482545364,0.2564452972971699,1.0,0.0,0.0,0
-0.6064112200496096,-0.13946956173237265,-0.3009434454487529,0.23974292571653935,-0.5265254712639977,1.0,0.0,0.0,0
-0.9559688905681771,-1.4219261235691794,0.8809148315557676,-0.6697749898295914,-1.0589455938855916,1.0,0.0,0.0,0
-1.0059057006422703,-0.6794512719794472,0.775490853794801,-0.7597273111473404,-0.2759748253244241,1.0,0.0,0.0,0
0.29245136128386984,1.1429870001043958,-0.6227640091401246,0.4596263778265932,-0.3229530714380941,0.0,0.0,1.0,0
-0.5564744099755448,0.0630235796102851,-0.40636742320971947,0.2497376280851783,1.2429884656842412,1.0,0.0,0.0,0
-0.9060320804941122,-1.286930696007382,-1.2941482885652278,1.828900602330108,-1.1372426707417085,1.0,0.0,0.0,0
-0.2069167394569489,0.7380007174191187,0.6090319415406431,-0.6198014779863974,0.39738003563818014,0.0,1.0,0.0,0
1.141377132543256,0.7380007174191187,-1.116592115494126,1.3291654838981681,-0.6987790403474545,0.0,1.0,0.0,0
1.8904292836544843,2.087954993036786,1.829730631404467,-1.419377667477501,1.6188144345936015,1.0,0.0,0.0,0
1.9403660937285492,2.222950420598545,0.15404424804594513,-0.49986504956273153,0.9454595736309974,0.0,1.0,0.0,0
-0.6563480301237028,-0.2744649892941317,-0.6394099003655405,1.039319115207643,-1.1842209168553786,0.0,1.0,0.0,0
-0.6064112200496096,-0.07197184795151232,0.4980593333712046,-0.8097008229905344,-0.9180108555445815,1.0,0.0,0.0,0
1.191313942617321,0.7380007174191187,1.8907655658976583,-1.5493087982698053,0.7575465891763172,1.0,0.0,0.0,0
0.6420090318024373,0.4005121485147019,-0.4895968793367984,0.7494727465171181,-1.027626763143145,1.0,0.0,0.0,0
0.14264093106161854,-0.07197184795151232,-0.8058688126196982,0.6695151275680081,1.6031550192223782,0.0,0.0,1.0,1
-0.5065375999014515,-0.9494421271029653,2.2569751728568055,-1.7691922503798587,-0.08806184086974382,1.0,0.0,0.0,0
-0.5564744099755448,0.0630235796102851,-0.9612304640569121,2.2686675065502158,0.835843666032434,0.0,0.0,1.0,0
1.8904292836544843,1.8854618516941282,-0.6837989436333158,1.8688794118046639,0.7575465891763172,1.0,0.0,0.0,0
-0.007169499160632764,-0.07197184795151232,-0.05125507706751617,-0.5498385614059255,-0.5735037173776678,0.0,1.0,0.0,0
-1.2056529409385865,-0.47695813063678943,-0.41746468402666337,0.6195416157248141,1.7284303421921652,0.0,1.0,0.0,0
-1.3554633711608377,-1.0844375546647627,-0.5006941401537423,0.4396369730893153,-1.1529020861129318,0.0,1.0,0.0,0
1.7905556635063262,1.6829687103514703,-0.445207836069023,0.8194356630975901,-1.4191121474237287,0.0,1.0,0.0,0
-0.057106309234725997,0.0630235796102851,-0.9834249856907998,1.629006554957332,1.1177131427144544,0.0,1.0,0.0,0
0.5421354116542793,-0.13946956173237265,-0.25655440218097747,-0.11007165718581856,0.6479306815777538,1.0,0.0,0.0,0
0.7918194620246887,0.5355075760764609,0.692261397667722,-0.7997061206218955,-0.7770761172035714,0.0,1.0,0.0,0
-0.9060320804941122,-1.0844375546647627,-1.27195376693134,2.0987575662833557,1.274307296426688,1.0,0.0,0.0,1
-0.9060320804941122,-0.6794512719794472,-1.0999462242687104,0.37966875887748236,0.9924378197446675,1.0,0.0,0.0,0
-1.0558425107163636,-0.7469489857603459,-0.8114174430281702,0.059838283081041284,-0.980648517029475,1.0,0.0,0.0,0
0.7418826519505954,0.33301443473380316,-0.7059934652672035,0.4096528659833992,1.196010219570571,0.0,1.0,0.0,0
0.9416298922469115,-0.20696727551327135,0.15959287845441705,-0.24999749034676158,0.4286988663806268,0.0,1.0,0.0,0
1.041503512395098,0.805498431199979,-0.5117914009706861,1.0293244128390042,-1.5130686396510689,1.0,0.0,0.0,0
-0.7062848401977677,-0.13946956173237265,-0.6061181179147088,0.3097058422970112,-0.4325689790366576,0.0,1.0,0.0,0
1.2412507526914143,1.4129778552279522,-0.4729509881113826,0.7594674488857571,-1.1059238399992617,0.0,1.0,0.0,0
0.39232498143202793,1.1429870001043958,0.7865881146117448,-0.869669037202367,1.7754085883058353,1.0,0.0,0.0,0
0.3423881713579347,1.2104847138852945,0.3537949427509345,-0.5898173708804806,-1.4191121474237287,1.0,0.0,0.0,0
0.8417562720987535,0.19801900717204413,-0.7892229213942824,0.4596263778265932,-0.7927355325747947,1.0,0.0,0.0,0
-0.9060320804941122,-1.5569215511309384,-0.2010680980962582,-0.1700398713976515,-0.3229530714380941,1.0,0.0,0.0,0
-1.1057793207904283,-1.7594146924735963,-0.672701682816372,0.11980649729287421,0.7418871738050938,1.0,0.0,0.0,0
1.8904292836544843,1.6829687103514703,-0.09009548992681966,0.6994992346739242,0.6949089276914238,1.0,0.0,0.0,0
0.5421354116542793,-0.004474134170613608,-0.5894722266892931,0.8094409607289511,-1.4660903935373988,0.0,1.0,0.0,0
-0.5065375999014515,-0.004474134170613608,-0.295394815040281,-0.5398438590372866,-0.2603154099532007,0.0,1.0,0.0,0
0.7418826519505954,0.33301443473380316,0.09300931355275392,-0.09008225244854068,-0.9336702709158049,1.0,0.0,0.0,0
-0.4566007898273583,-0.9494421271029653,-0.2676516629979213,-0.1500504666603736,0.9141407428885507,0.0,1.0,0.0,0
0.3423881713579347,1.4129778552279522,-0.27320029340639324,0.3097058422970112,0.8045248352899873,0.0,0.0,1.0,0
-1.505273801383089,-1.4219261235691794,-0.5728263354638773,0.7694621512543961,1.3056261271691345,1.0,0.0,0.0,0
-1.2555897510126797,-1.2194329822265217,-1.1776270499873174,1.64899595969461,1.274307296426688,1.0,0.0,0.0,0
-0.6563480301237028,-0.6794512719794472,1.685466240784197,-1.419377667477501,0.35040178952451007,0.0,1.0,0.0,0
1.4409979929877303,1.6154709965705716,-0.6394099003655405,0.9493667938898941,0.7418871738050938,1.0,0.0,0.0,0
1.3411243728395723,1.6154709965705716,-0.5894722266892931,0.41964756835203815,-1.4191121474237287,1.0,0.0,0.0,0
0.39232498143202793,1.6154709965705716,1.5855908934317022,-1.6192717148502769,0.30342354341084,1.0,0.0,0.0,0
0.9416298922469115,0.7380007174191187,-0.8835496383383052,1.159255543631309,1.196010219570571,0.0,1.0,0.0,0
0.19257774113568338,-0.20696727551327135,1.1139573087115884,-0.8896584419396445,0.08419172821371305,1.0,0.0,0.0,0
-0.856095270420019,-1.3544284097882808,-0.9889736160992718,1.688974769169165,-0.41690956366543425,1.0,0.0,0.0,0
0.3423881713579347,0.4005121485147019,0.6367750935830028,-0.5798226685118416,-0.2916342406956474,1.0,0.0,0.0,0
-0.3567271696792002,-0.6794512719794472,-0.6338612699570685,0.059838283081041284,0.24078588192594658,0.0,0.0,1.0,0
1.7406188534322329,1.5479732827897112,0.2983086386662152,-0.47987564482545364,-1.2311991629690486,0.0,1.0,0.0,0
0.24251455120977664,-0.3419627030750304,0.015328487834146953,-0.1500504666603736,0.0058946513575962945,1.0,0.0,0.0,0
-1.0558425107163636,-1.5569215511309384,-0.972327724873856,0.6795098299366463,-0.2916342406956474,0.0,1.0,0.0,0
-1.5552106114571824,-1.4894238373500397,1.602236784657118,-1.5393140959011664,-0.2603154099532007,0.0,1.0,0.0,0
-0.10704311930879085,0.805498431199979,0.9253038748235429,-1.0795577869437818,0.6322712662065304,0.0,1.0,0.0,0
-1.2555897510126797,-0.5444558444176881,-0.6283126395485966,0.47961578256387033,-1.3094962398251653,1.0,0.0,0.0,0
-0.856095270420019,-1.3544284097882808,-1.649260634707431,2.198704589969744,-0.15069950235463722,1.0,0.0,0.0,0
-0.6064112200496096,-0.07197184795151232,-0.2454571413640336,-0.47987564482545364,1.6657926807072716,0.0,1.0,0.0,0
0.9416298922469115,0.46800986229556224,0.9863388093167341,-1.319430643791113,-1.2625179937114952,1.0,0.0,0.0,0
0.09270412098752531,0.67050300363822,-1.577128439397296,3.178185422096346,0.6479306815777538,1.0,0.0,0.0,1
-1.5552106114571824,-1.151935268445623,-0.3619783799419441,-0.08008755007990175,1.0863943119720076,0.0,0.0,1.0,0
1.091440322469163,0.4005121485147019,0.1706901392713609,-0.5398438590372866,0.8671624967748807,0.0,1.0,0.0,0
0.4422617915060928,0.46800986229556224,0.38708672520176607,-1.129531298786976,-1.0746050092568151,0.0,0.0,1.0,0
0.39232498143202793,0.7380007174191187,0.24282233458149596,-0.7897114182532565,0.13116997432738312,0.0,1.0,0.0,0
0.14264093106161854,1.2104847138852945,0.3759894643848222,-0.6297961803550356,1.4309014501389214,0.0,1.0,0.0,0
-0.9060320804941122,-0.8819444133221049,-0.7337366173095632,0.5095998896697872,-0.9180108555445815,1.0,0.0,0.0,0
1.9903029038026423,2.0204572792558873,-0.7337366173095632,0.20975881861062326,-1.607025131878409,1.0,0.0,0.0,0
-0.40666397975329344,0.33301443473380316,-1.1665297891703734,0.8893985796780612,-1.2155397475978251,0.0,0.0,1.0,0
0.7918194620246887,0.46800986229556224,-0.6116667483231808,0.3596793541402052,1.0707348966007844,1.0,0.0,0.0,0
0.4422617915060928,-0.2744649892941317,-0.8613551167044174,0.23974292571653935,0.3660612048957334,1.0,0.0,0.0,0
0.39232498143202793,0.8729961449808777,-0.4285619448436072,0.13979590203015138,-0.5108660558927743,1.0,0.0,0.0,0
1.6407452332840748,1.4804755690088125,-0.4563050968859668,0.06983298544968022,-0.9336702709158049,1.0,0.0,0.0,0
-1.2056529409385865,-1.016939840883864,0.1928846609052486,-0.2899762998213166,0.20946705118349987,1.0,0.0,0.0,0
1.191313942617321,0.7380007174191187,0.14294698722900126,0.2797217351910944,0.8671624967748807,1.0,0.0,0.0,0
-0.3567271696792002,-0.8144466995412062,0.5979346807236993,-0.7097537993041464,1.0080972351158908,1.0,0.0,0.0,0
-1.1557161308645216,-0.6119535581985485,0.13184972641205742,-0.07009284771126352,-0.8083949479460181,1.0,0.0,0.0,0
0.9915667023210047,0.4005121485147019,-0.9889736160992718,0.6695151275680081,1.1646913888281245,1.0,0.0,0.0,0
-0.756221650271861,-0.2744649892941317,-0.4285619448436072,0.5095998896697872,0.11551055895615976,1.0,0.0,0.0,0
-0.4566007898273583,0.33301443473380316,-0.3009434454487529,-0.2200133832408455,-0.9649891016582516,1.0,0.0,0.0,0
-1.5552106114571824,-1.7594146924735963,-0.10119275074376351,-0.21001868087220654,-1.2625179937114952,0.0,1.0,0.0,0
-1.2056529409385865,-0.8144466995412062,0.7976853754286887,-0.8396849300964505,-0.4482283944078809,0.0,1.0,0.0,0
1.141377132543256,0.6030052898573213,-0.7059934652672035,0.8893985796780612,-1.246858578340272,1.0,0.0,0.0,0
-0.7062848401977677,-0.13946956173237265,-0.23990851095556168,-0.23000808560948371,0.4130394510094035,1.0,0.0,0.0,0
0.6919458418765022,0.805498431199979,-0.5839235962808211,0.7594674488857571,-0.8710326094309114,0.0,1.0,0.0,0
1.2412507526914143,1.2779824276661549,-0.6948962044502597,1.159255543631309,1.5248579423662616,0.0,1.0,0.0,0
0.7418826519505954,0.26551672095290446,0.02087711824261888,-0.5998120732491196,-0.8240543633172414,1.0,0.0,0.0,0
-0.2069167394569489,0.67050300363822,-0.6061181179147088,-0.1700398713976515,0.2564452972971699,1.0,0.0,0.0,0
0.19257774113568338,0.0630235796102851,-0.3064920758572248,-0.2000239785035676,1.415242034767698,0.0,0.0,1.0,0
-0.856095270420019,-0.2744649892941317,-0.3897215319843037,1.4790860194277502,1.3056261271691345,0.0,1.0,0.0,0
0.9416298922469115,0.8729961449808777,-0.9612304640569121,1.5590436383768609,-0.7927355325747947,1.0,0.0,0.0,0
0.29245136128386984,-0.2744649892941317,0.7921367450202167,-0.9296372514142,-0.46388780977910427,1.0,0.0,0.0,0
-0.5564744099755448,-0.47695813063678943,0.5147052245966204,-0.7497326087787015,-0.8240543633172414,0.0,1.0,0.0,0
1.191313942617321,1.3454801414470536,0.031974379059562734,-0.3599392164017885,-1.4974092242798456,1.0,0.0,0.0,0
-1.2056529409385865,-0.7469489857603459,-0.5006941401537423,0.7694621512543961,1.587495603851155,1.0,0.0,0.0,0
-1.8548314719016565,-1.8944101200353554,-0.6394099003655405,0.1997641162419843,1.3839232040252514,0.0,0.0,1.0,0
-0.3067903596051354,-0.6794512719794472,-0.750382508534979,0.7294833417798403,-0.3386124868093175,1.0,0.0,0.0,0
1.091440322469163,1.0079915725426367,0.4259271380610695,-0.5998120732491196,-1.3877933166812821,1.0,0.0,0.0,0
1.6407452332840748,0.8729961449808777,0.1484956176374732,0.6095469133561752,-1.0432861785143683,0.0,1.0,0.0,0
-1.1057793207904283,-0.6794512719794472,-0.7170907260841474,0.8794038773094223,-1.3251556551963888,0.0,0.0,1.0,0
0.04276731091346047,0.33301443473380316,-0.8058688126196982,0.42964227072067634,0.20946705118349987,1.0,0.0,0.0,0
-0.2069167394569489,-0.6119535581985485,-0.9612304640569121,1.5190648289023059,-0.1976777484683073,0.0,1.0,0.0,0
0.14264093106161854,1.1429870001043958,-1.1443352675364857,1.5190648289023059,-1.4034527320525054,1.0,0.0,0.0,0
-0.10704311930879085,-0.4094604168559291,-0.40081879280124755,0.6195416157248141,1.7440897575633885,1.0,0.0,0.0,0
-0.3567271696792002,-0.8144466995412062,0.3537949427509345,-0.6098067756177584,1.4935391116238148,1.0,0.0,0.0,0
1.191313942617321,1.2104847138852945,-0.4119160536181914,0.019859473606486232,0.5539741893504136,1.0,0.0,0.0,0
1.4909348030618235,0.805498431199979,0.5646428982728677,-0.7397379064100625,-0.6987790403474545,1.0,0.0,0.0,0
-0.10704311930879085,-0.5444558444176881,0.28721137784927137,-0.24999749034676158,0.021554066728819647,1.0,0.0,0.0,0
-0.8061584603459542,-0.3419627030750304,-0.7892229213942824,1.0293244128390042,0.037213482100043,1.0,0.0,0.0,0
-1.7549578517534985,-1.7594146924735963,-0.09009548992681966,0.06983298544968022,-0.35427190218054083,1.0,0.0,0.0,0
-1.1557161308645216,-0.8144466995412062,0.4259271380610695,-0.5798226685118416,0.09985114358493641,1.0,0.0,0.0,0
-0.2069167394569489,-0.7469489857603459,-0.6505071611824843,1.31917078152953,0.19380763581227653,1.0,0.0,0.0,0
-0.8061584603459542,-0.47695813063678943,0.05416890069345044,0.07982768781831845,0.49133652786552023,1.0,0.0,0.0,0
-0.9060320804941122,-1.151935268445623,0.11520383518664164,-0.6997590969355075,1.149031973456901,0.0,1.0,0.0,0
0.492198601580186,0.5355075760764609,-0.03460918584210039,-0.07009284771126352,1.3526043732828046,0.0,1.0,0.0,0
0.39232498143202793,0.33301443473380316,0.10965520477816972,0.009864771237847294,1.7597491729346117,0.0,0.0,1.0,0
0.5920722217283441,-0.07197184795151232,-0.9834249856907998,1.06930322231356,-1.293836824453942,0.0,0.0,1.0,0
-1.2555897510126797,-0.8144466995412062,0.3537949427509345,-0.3299551092958717,1.196010219570571,1.0,0.0,0.0,0
1.3411243728395723,1.4804755690088125,0.25391959539843983,-0.44989153771953755,0.9298001582597741,0.0,1.0,0.0,0
-0.25685354953104217,0.5355075760764609,-0.9168414207891368,0.8294303654662283,0.7262277584338706,1.0,0.0,0.0,0
-0.856095270420019,-1.0844375546647627,-1.1665297891703734,0.919382686783978,0.9141407428885507,1.0,0.0,0.0,0
-1.0059057006422703,-0.07197184795151232,-0.5228886617876299,0.5195945920384261,-0.8240543633172414,0.0,1.0,0.0,0
0.5920722217283441,0.46800986229556224,0.4203785076525976,-0.5098597519313705,-0.1976777484683073,0.0,1.0,0.0,0
0.7918194620246887,0.6030052898573213,-0.2621030325894494,0.5195945920384261,0.7418871738050938,1.0,0.0,0.0,0
1.2911875627655074,0.19801900717204413,0.5701915286813396,-0.6797696921982296,-0.40125014829421085,1.0,0.0,0.0,0
-0.756221650271861,-0.3419627030750304,-0.023511925025156536,-0.020119335868069525,-0.3229530714380941,0.0,1.0,0.0,0
0.9915667023210047,0.5355075760764609,-0.8669037471128894,1.0293244128390042,1.9320027420180688,1.0,0.0,0.0,1
1.7406188534322329,1.6154709965705716,0.1928846609052486,-0.7297432040414236,1.0550754812295609,1.0,0.0,0.0,0
0.5920722217283441,0.9404938587617381,1.2082840256556113,-1.1994942153674473,-1.5913657165071857,1.0,0.0,0.0,0
-0.3567271696792002,0.13052129339114543,-0.2454571413640336,0.919382686783978,-1.4347715627949522,1.0,0.0,0.0,0
0.24251455120977664,1.3454801414470536,2.4733717587872106,-2.0690333214390226,0.5539741893504136,0.0,1.0,0.0,0
-0.007169499160632764,0.805498431199979,-0.672701682816372,0.7294833417798403,-0.7457572864611246,1.0,0.0,0.0,0
0.6420090318024373,0.33301443473380316,-0.3231379670826406,-0.030114038236707757,-0.35427190218054083,0.0,1.0,0.0,0
1.041503512395098,0.46800986229556224,-0.4119160536181914,0.06983298544968022,-1.4817498089086223,1.0,0.0,0.0,0
0.7418826519505954,0.4005121485147019,-0.8724523775213614,1.808911197592831,-0.6361413788625612,0.0,1.0,0.0,0
1.141377132543256,1.0079915725426367,-0.17887357646237048,-0.24999749034676158,-0.8240543633172414,1.0,0.0,0.0,0
1.5408716131359168,0.67050300363822,-0.16222768523695472,0.7594674488857571,-1.4347715627949522,0.0,1.0,0.0,0
1.191313942617321,0.67050300363822,-0.41746468402666337,0.41964756835203815,-0.02542417938485041,0.0,1.0,0.0,0
-1.1557161308645216,-1.286930696007382,-0.3897215319843037,0.8794038773094223,1.1803508041993478,0.0,1.0,0.0,0
-0.9559688905681771,-0.8819444133221049,-0.9834249856907998,0.9593614962585331,0.7888654199187639,0.0,1.0,0.0,0
0.492198601580186,0.67050300363822,-0.17332494605389856,0.6895045323052853,0.08419172821371305,0.0,1.0,0.0,0
-1.3554633711608377,-1.151935268445623,-1.1443352675364857,1.5190648289023059,-1.5130686396510689,1.0,0.0,0.0,0
1.2911875627655074,0.26551672095290446,-0.04015781625057232,-0.3899233235077046,-0.47954722515032766,0.0,1.0,0.0,0
0.29245136128386984,1.3454801414470536,0.7255531801185536,-1.0595683822065043,0.4130394510094035,1.0,0.0,0.0,0
1.2412507526914143,0.9404938587617381,0.7477477017524413,-1.2994412390538352,1.8067274190482818,1.0,0.0,0.0,0
-0.3067903596051354,0.6030052898573213,-0.367527010350416,0.009864771237847294,-1.5757063011359624,0.0,1.0,0.0,0
0.04276731091346047,-0.6119535581985485,-0.33978385830805635,0.6895045323052853,0.13116997432738312,1.0,0.0,0.0,0
-0.8061584603459542,-0.47695813063678943,0.9807901789082623,-1.1595154058928923,-0.6518007942337846,1.0,0.0,0.0,0
0.5421354116542793,0.4005121485147019,-0.7337366173095632,0.38966346124612133,0.052872897471266354,0.0,0.0,1.0,0
-0.5564744099755448,-0.6794512719794472,-0.7170907260841474,2.5685085776093795,1.3056261271691345,1.0,0.0,0.0,1
-0.5065375999014515,-0.6794512719794472,-0.5728263354638773,0.38966346124612133,-1.3721339013100589,0.0,0.0,1.0,0
0.09270412098752531,0.9404938587617381,-0.49514550974527033,-0.1500504666603736,-0.6204819634913378,0.0,1.0,0.0,0
1.141377132543256,1.1429870001043958,1.4080347203606005,-1.4693511793206948,1.4465608655101447,1.0,0.0,0.0,0
-1.0059057006422703,-1.4894238373500397,0.9807901789082623,-1.3394200485283905,-1.5443874703935156,1.0,0.0,0.0,0
-0.5564744099755448,-0.004474134170613608,-0.13448453319459508,0.28971643755973336,0.9767784043734442,1.0,0.0,0.0,0
-1.7549578517534985,-1.8269124062544566,0.22062781294760825,-0.5498385614059255,0.9141407428885507,1.0,0.0,0.0,0
1.5908084232099817,1.750466424132369,-1.432864048777026,1.6989694715378039,0.569633604721637,1.0,0.0,0.0,0
-0.057106309234725997,-0.47695813063678943,0.44812165969495726,-0.8896584419396445,1.3839232040252514,1.0,0.0,0.0,0
0.7418826519505954,0.6030052898573213,6.773560325352954,-3.198434689095207,-1.4504309781661755,1.0,0.0,0.0,1
0.9416298922469115,0.6030052898573213,1.2415758081064427,-1.1595154058928923,-0.07240242549852047,0.0,1.0,0.0,0
-0.2069167394569489,0.46800986229556224,-0.8114174430281702,1.209229055474503,0.037213482100043,1.0,0.0,0.0,0
-0.5564744099755448,-0.9494421271029653,-0.3897215319843037,-0.5798226685118416,-0.228996579210754,0.0,1.0,0.0,0
0.24251455120977664,-0.07197184795151232,-0.5339859226045738,0.8294303654662283,0.22512646655472324,1.0,0.0,0.0,0
0.4422617915060928,0.26551672095290446,-0.4729509881113826,0.3097058422970112,-1.0119673477719215,1.0,0.0,0.0,0
0.9416298922469115,0.805498431199979,-0.9445845728314964,0.9793509009958102,-0.6518007942337846,1.0,0.0,0.0,0
0.19257774113568338,1.1429870001043958,-0.1566790548284828,-0.6997590969355075,1.4465608655101447,0.0,1.0,0.0,0
0.7418826519505954,0.7380007174191187,-0.7614797693519229,-0.00012993113079164646,-0.21333716383953064,0.0,1.0,0.0,0
-0.4566007898273583,0.26551672095290446,-0.9445845728314964,1.449101912321834,-0.056743010127297114,0.0,0.0,1.0,0
0.5920722217283441,0.67050300363822,0.40373261642718183,-0.7097537993041464,0.3347423741532867,1.0,0.0,0.0,0
0.29245136128386984,-0.20696727551327135,2.190391607955142,-1.7192187385366648,-1.4504309781661755,0.0,1.0,0.0,0
0.7918194620246887,0.46800986229556224,-0.6948962044502597,1.1692502459999479,1.3995826193964747,0.0,0.0,1.0,0
-0.15697992938288408,-0.2744649892941317,0.07636342232733814,0.09981709255559633,1.1177131427144544,0.0,0.0,1.0,0
-0.3567271696792002,0.33301443473380316,-0.0568037074759881,0.12980119966151243,-1.4191121474237287,1.0,0.0,0.0,0
-1.2555897510126797,-0.9494421271029653,-1.1776270499873174,1.209229055474503,-1.3094962398251653,0.0,1.0,0.0,0
-0.5564744099755448,-0.07197184795151232,-1.0111681377331596,1.449101912321834,0.20946705118349987,0.0,1.0,0.0,0
-0.6064112200496096,-0.6119535581985485,-0.9501332032399683,1.0792979246821983,0.11551055895615976,1.0,0.0,0.0,0
0.04276731091346047,-0.004474134170613608,-0.1566790548284828,0.1697800091360682,1.2273290503130179,1.0,0.0,0.0,0
-0.007169499160632764,-0.6119535581985485,-0.4119160536181914,0.059838283081041284,-1.5443874703935156,1.0,0.0,0.0,0
0.6919458418765022,0.4005121485147019,-0.41746468402666337,-0.2599921927154005,-0.5265254712639977,0.0,1.0,0.0,0
1.2911875627655074,0.13052129339114543,6.307475371041312,-2.9185830227733205,-0.36993131755176417,0.0,1.0,0.0,1
1.7406188534322329,1.9529595654749885,-1.1498838979449577,1.2891866744236131,-0.6518007942337846,1.0,0.0,0.0,0
1.8904292836544843,2.0204572792558873,-0.9667790944653841,1.988815840228329,1.5248579423662616,1.0,0.0,0.0,1
-0.7062848401977677,-0.2744649892941317,-1.0833003330432946,1.938842328385135,1.4465608655101447,0.0,1.0,0.0,0
1.191313942617321,0.0630235796102851,0.2095305521306644,-0.41990743061362146,0.44435828175185016,0.0,1.0,0.0,0
-0.3567271696792002,-0.8144466995412062,-0.5395345530130458,0.8993932820467001,0.8984813275173275,0.0,1.0,0.0,0
2.0901765239508006,2.222950420598545,-0.41746468402666337,0.5895575086188972,-0.9336702709158049,1.0,0.0,0.0,0
0.9416298922469115,0.46800986229556224,2.2625238032652772,-1.4993352864266114,0.4600176971230735,1.0,0.0,0.0,0
1.5408716131359168,1.5479732827897112,0.46476755092037303,-0.8396849300964505,-0.10372125624096717,0.0,1.0,0.0,0
0.5421354116542793,0.0630235796102851,0.7033586584846658,-1.2794518343165577,-1.0589455938855916,1.0,0.0,0.0,0
0.24251455120977664,0.5355075760764609,-1.0278140289585753,1.1792449483685863,0.7732060045475406,1.0,0.0,0.0,0
1.5408716131359168,0.805498431199979,0.775490853794801,-0.5198544543000094,-1.293836824453942,1.0,0.0,0.0,0
-0.15697992938288408,0.13052129339114543,0.5202538550050922,-0.3499445140331496,-1.3094962398251653,1.0,0.0,0.0,0
-1.2056529409385865,-0.8144466995412062,-1.0111681377331596,0.969356198627172,-0.056743010127297114,0.0,1.0,0.0,0
0.29245136128386984,-0.13946956173237265,-0.20661672850473012,0.23974292571653935,0.39738003563818014,1.0,0.0,0.0,0
1.191313942617321,0.67050300363822,-1.116592115494126,2.758407922613516,1.3526043732828046,1.0,0.0,0.0,1
1.6906820433581398,1.0079915725426367,-0.31204070626569674,0.2997111399283723,0.14682938969860648,0.0,1.0,0.0,0
0.6919458418765022,0.4005121485147019,-0.445207836069023,0.6895045323052853,-1.2625179937114952,0.0,1.0,0.0,0
0.6919458418765022,0.7380007174191187,1.213832656064083,-1.4593564769520562,-0.30729365606687076,0.0,1.0,0.0,0
1.2412507526914143,1.2104847138852945,4.609594466048902,-2.5287896303964077,1.415242034767698,0.0,0.0,1.0,0
-0.856095270420019,-0.4094604168559291,0.1706901392713609,-0.4398968353508986,0.4756771124942969,1.0,0.0,0.0,0
-2.2543259524943173,-2.704382685405948,-0.6449585307740123,0.5295892944070644,1.5248579423662616,0.0,1.0,0.0,0
0.7418826519505954,0.7380007174191187,-0.445207836069023,0.5095998896697872,-0.1663589177258606,1.0,0.0,0.0,0
0.3423881713579347,1.2779824276661549,-0.3508811191250002,0.1997641162419843,1.3839232040252514,1.0,0.0,0.0,0
-0.4566007898273583,-1.151935268445623,-0.6283126395485966,0.009864771237847294,-0.7457572864611246,1.0,0.0,0.0,0
-1.6051474215312471,-1.4219261235691794,-0.672701682816372,0.7894515559916733,0.30342354341084,0.0,1.0,0.0,0
-0.6563480301237028,-1.0844375546647627,0.11520383518664164,-0.6697749898295914,-0.8553731940596881,0.0,0.0,1.0,0
-0.756221650271861,-0.2744649892941317,-0.6671530524079,0.14979060439879033,-0.04108359475607377,1.0,0.0,0.0,0
-0.10704311930879085,0.805498431199979,0.13739835682052934,-0.00012993113079164646,1.0080972351158908,1.0,0.0,0.0,0
0.4422617915060928,0.13052129339114543,-0.03460918584210039,-0.19002927613492865,0.4600176971230735,0.0,1.0,0.0,0
-0.6064112200496096,-0.13946956173237265,2.062773108560288,-1.8391551669603303,0.28776412803961665,0.0,0.0,1.0,0
0.6919458418765022,0.4005121485147019,0.5036079637796765,-0.969616060888755,-1.654003377992079,0.0,1.0,0.0,0
1.041503512395098,0.0630235796102851,0.4203785076525976,-1.0095948703633104,1.0707348966007844,0.0,0.0,1.0,0
0.14264093106161854,-0.07197184795151232,0.4536702901034292,-0.5898173708804806,-1.1215832553704852,1.0,0.0,0.0,0
0.3423881713579347,-0.3419627030750304,-1.5993229610311839,1.988815840228329,0.19380763581227653,1.0,0.0,0.0,0
0.3423881713579347,0.46800986229556224,-1.0666544418178787,0.6495257228307302,1.1803508041993478,0.0,1.0,0.0,0
1.3411243728395723,1.4129778552279522,0.8254285274710482,-0.7997061206218955,0.7418871738050938,1.0,0.0,0.0,0
-1.3554633711608377,-1.016939840883864,-0.140033163603067,0.44963167545795424,1.0863943119720076,1.0,0.0,0.0,0
-1.1057793207904283,-1.0844375546647627,0.4592189205119011,-0.1700398713976515,0.4130394510094035,1.0,0.0,0.0,0
-0.6064112200496096,-0.9494421271029653,1.0584710046268693,-1.4093829651088623,-0.761416701832348,1.0,0.0,0.0,0
0.3423881713579347,1.2779824276661549,-0.3009434454487529,-0.1200663595544575,-1.5443874703935156,1.0,0.0,0.0,0
-0.25685354953104217,-0.4094604168559291,-0.8502578558874736,0.4396369730893153,0.7262277584338706,0.0,0.0,1.0,0
1.840492473580391,1.8179641379132294,0.40373261642718183,-0.3699339187704274,1.4465608655101447,0.0,1.0,0.0,0
-0.10704311930879085,0.7380007174191187,-0.4840482489283265,0.7294833417798403,1.2586478810554644,1.0,0.0,0.0,0
-0.3067903596051354,-0.8819444133221049,-0.445207836069023,0.7594674488857571,-0.18201833309708393,1.0,0.0,0.0,0
1.041503512395098,-0.004474134170613608,-0.04570644665904424,-0.2000239785035676,0.835843666032434,0.0,1.0,0.0,0
-0.6563480301237028,-0.07197184795151232,-0.41746468402666337,-0.2000239785035676,-0.5265254712639977,1.0,0.0,0.0,0
0.24251455120977664,-0.20696727551327135,0.8087826362456325,-1.0595683822065043,0.5069959432367436,0.0,1.0,0.0,0
0.3423881713579347,-0.20696727551327135,-0.7892229213942824,1.1292714365253922,0.7418871738050938,0.0,1.0,0.0,0
0.8417562720987535,0.13052129339114543,0.44812165969495726,-0.919642549045561,-1.027626763143145,0.0,0.0,1.0,0
0.6420090318024373,-0.004474134170613608,0.2983086386662152,-0.919642549045561,1.6031550192223782,0.0,1.0,0.0,0
1.6906820433581398,1.2104847138852945,0.8531716795134079,-1.169510108261531,1.0550754812295609,0.0,0.0,1.0,0
0.14264093106161854,-0.07197184795151232,-0.06790096829293195,0.13979590203015138,-1.654003377992079,1.0,0.0,0.0,0
0.09270412098752531,1.1429870001043958,0.07636342232733814,0.12980119966151243,-0.9963079324006983,1.0,0.0,0.0,0
-0.756221650271861,-0.47695813063678943,0.4203785076525976,-0.819695525359173,-1.3251556551963888,0.0,1.0,0.0,0
-0.5065375999014515,-0.7469489857603459,-0.07344959870140388,0.10981179492423528,-1.3721339013100589,0.0,1.0,0.0,0
-1.5552106114571824,-1.3544284097882808,-0.23435988054708976,0.47961578256387033,-0.7927355325747947,0.0,1.0,0.0,0
0.9416298922469115,0.6030052898573213,-1.2331133540720367,1.1892396507372252,-1.0589455938855916,0.0,1.0,0.0,0
-0.10704311930879085,-0.6794512719794472,0.15404424804594513,-0.3899233235077046,-0.1976777484683073,1.0,0.0,0.0,0
-1.8048946618275916,-1.7594146924735963,7.178610345171404,-3.438307545942538,1.6501332653360483,1.0,0.0,0.0,1
0.29245136128386984,1.3454801414470536,-0.739285247718035,1.509070126533667,0.44435828175185016,1.0,0.0,0.0,0
-0.5065375999014515,-0.4094604168559291,0.8531716795134079,-0.9896054656260325,-0.36993131755176417,1.0,0.0,0.0,0
0.6420090318024373,0.4005121485147019,-0.9057441599721929,0.7594674488857571,-0.980648517029475,1.0,0.0,0.0,0
-1.2555897510126797,-0.6119535581985485,-0.13448453319459508,-0.4898703471940926,1.6501332653360483,1.0,0.0,0.0,0
0.29245136128386984,0.67050300363822,0.02087711824261888,-0.5298491566686476,-0.2916342406956474,1.0,0.0,0.0,0
-1.505273801383089,-1.286930696007382,-0.17887357646237048,0.3097058422970112,-0.8866920248021348,0.0,1.0,0.0,0
1.191313942617321,0.26551672095290446,-0.46185372729443874,0.7594674488857571,0.30342354341084,1.0,0.0,0.0,0
-0.4566007898273583,-0.13946956173237265,-0.7836742909858105,1.5390542336395832,1.7127709268209417,1.0,0.0,0.0,1
0.5421354116542793,0.33301443473380316,0.043071639876506584,-0.41990743061362146,-0.41690956366543425,0.0,1.0,0.0,0
-1.455336991308996,-1.3544284097882808,-1.061105811409407,1.7989164952241918,0.8515030814036574,1.0,0.0,0.0,0
-1.2056529409385865,-1.151935268445623,-0.7725770301688667,0.42964227072067634,-1.0119673477719215,0.0,0.0,1.0,0
0.14264093106161854,-0.5444558444176881,-0.27320029340639324,0.7894515559916733,0.8671624967748807,0.0,1.0,0.0,0
0.7918194620246887,0.46800986229556224,-0.4563050968859668,0.7794568536230343,-1.5757063011359624,0.0,1.0,0.0,0
-0.9559688905681771,-1.4894238373500397,0.004231227017203099,-0.2200133832408455,1.4935391116238148,1.0,0.0,0.0,0
-1.3554633711608377,-1.0844375546647627,-0.2676516629979213,0.6495257228307302,-1.2311991629690486,1.0,0.0,0.0,0
0.24251455120977664,-0.4094604168559291,-0.9945222465077438,0.6195416157248141,-0.228996579210754,0.0,0.0,1.0,0
-0.5564744099755448,-0.13946956173237265,-0.977876355282328,1.059308519944921,0.11551055895615976,0.0,1.0,0.0,0
0.4422617915060928,0.4005121485147019,0.8143312666541044,-1.2294783224733639,1.0707348966007844,0.0,0.0,1.0,0
0.4422617915060928,0.26551672095290446,0.009779857425675026,-0.09008225244854068,-1.4191121474237287,1.0,0.0,0.0,0
0.09270412098752531,-0.4094604168559291,-1.1665297891703734,1.359149591004085,1.2273290503130179,0.0,1.0,0.0,0
-1.305526561086773,-1.0844375546647627,0.23727370417302404,-0.2799815974526777,-0.6204819634913378,1.0,0.0,0.0,0
-0.6563480301237028,-0.13946956173237265,-0.9667790944653841,1.0493138175762822,0.052872897471266354,1.0,0.0,0.0,0
0.9915667023210047,-0.07197184795151232,-1.2830510277482838,1.7589376857496368,1.3995826193964747,1.0,0.0,0.0,1
1.3910611829136654,1.5479732827897112,-0.6837989436333158,0.2697270328224562,2.088596895730302,0.0,1.0,0.0,0
-1.305526561086773,-0.5444558444176881,0.8809148315557676,-1.0595683822065043,0.17814822044105316,1.0,0.0,0.0,0
-1.0059057006422703,-0.9494421271029653,-1.582677069805768,1.5790330431141382,-0.6674602096050078,0.0,1.0,0.0,0
0.8916930821728467,0.7380007174191187,0.02087711824261888,-0.3599392164017885,0.19380763581227653,0.0,0.0,1.0,0
-0.856095270420019,-0.47695813063678943,-0.0568037074759881,0.1697800091360682,-1.607025131878409,0.0,0.0,1.0,0
1.7905556635063262,2.0204572792558873,0.43147576846954144,-0.9096478466769223,0.22512646655472324,1.0,0.0,0.0,0
1.141377132543256,0.8729961449808777,-0.5284372921961019,0.3097058422970112,0.11551055895615976,0.0,1.0,0.0,0
-1.1057793207904283,-1.4894238373500397,-0.8669037471128894,1.64899595969461,-0.15069950235463722,1.0,0.0,0.0,0
0.4422617915060928,0.46800986229556224,-0.9834249856907998,1.159255543631309,1.634473849964825,0.0,1.0,0.0,0
-1.1057793207904283,-1.0844375546647627,0.22062781294760825,-0.3399498116645106,0.6949089276914238,0.0,1.0,0.0,0
-0.5065375999014515,-0.8819444133221049,-0.7947715518027544,0.8594144725721451,-1.6853222087345259,1.0,0.0,0.0,0
-0.007169499160632764,-0.6794512719794472,3.5220629059884048,-2.308906178286354,0.0685323128424897,1.0,0.0,0.0,0
1.191313942617321,1.4129778552279522,-0.2621030325894494,0.7694621512543961,-1.5757063011359624,0.0,1.0,0.0,0
-0.9559688905681771,-1.3544284097882808,-0.9168414207891368,0.8794038773094223,0.7575465891763172,0.0,1.0,0.0,0
-1.0059057006422703,-0.9494421271029653,-0.9057441599721929,1.5690383407455,1.6657926807072716,0.0,1.0,0.0,0
0.3423881713579347,1.1429870001043958,-0.2232626197301459,-0.16004516902901256,1.5248579423662616,1.0,0.0,0.0,0
-0.5564744099755448,-0.2744649892941317,0.24282233458149596,-0.020119335868069525,1.4778796962525915,1.0,0.0,0.0,0
0.4422617915060928,0.5355075760764609,0.8975607227811834,-0.9596213585201163,-0.8240543633172414,1.0,0.0,0.0,0
0.9915667023210047,-0.13946956173237265,-0.04015781625057232,-0.06009814534262457,-1.654003377992079,1.0,0.0,0.0,0
-1.305526561086773,-1.016939840883864,-0.4119160536181914,1.589027745482777,0.7105683430626472,0.0,1.0,0.0,0
-0.9060320804941122,-1.151935268445623,0.15959287845441705,-0.39991802587634356,-0.24465599458197734,1.0,0.0,0.0,0
0.29245136128386984,-0.3419627030750304,-0.2621030325894494,-0.5998120732491196,0.569633604721637,0.0,1.0,0.0,0
-2.204389142420224,-2.704382685405948,-0.7947715518027544,1.239213162580419,-1.6853222087345259,0.0,0.0,1.0,0
-0.9060320804941122,-0.8144466995412062,0.5868374199067554,-1.1795048106301698,-0.7770761172035714,0.0,1.0,0.0,0
-0.25685354953104217,-0.6794512719794472,0.8975607227811834,-1.1395260011556145,-0.15069950235463722,0.0,1.0,0.0,0
-0.10704311930879085,-0.47695813063678943,0.30940589948315905,-0.7897114182532565,1.1803508041993478,0.0,0.0,1.0,0
1.2911875627655074,0.26551672095290446,0.4148298772441257,-0.39991802587634356,-0.5265254712639977,0.0,0.0,1.0,0
-0.5065375999014515,0.0630235796102851,2.8506786265633015,-2.0290545119644676,0.4600176971230735,0.0,0.0,1.0,0
1.041503512395098,0.4005121485147019,-0.12338727237765122,-0.11007165718581856,-1.654003377992079,0.0,1.0,0.0,0
1.091440322469163,0.805498431199979,0.12075246559511356,-0.5098597519313705,-0.02542417938485041,0.0,1.0,0.0,0
0.3423881713579347,-0.3419627030750304,0.009779857425675026,-0.2799815974526777,-0.9336702709158049,1.0,0.0,0.0,0
0.7418826519505954,0.4005121485147019,-0.6394099003655405,0.6994992346739242,-1.2781774090827187,0.0,1.0,0.0,0
0.492198601580186,-0.20696727551327135,-1.3940236359177225,1.838895304698747,0.8515030814036574,0.0,1.0,0.0,0
1.9903029038026423,2.0204572792558873,2.6231847798159524,-1.8891286788035242,0.11551055895615976,1.0,0.0,0.0,0
0.9915667023210047,0.33301443473380316,0.5535456374559239,-0.7097537993041464,-0.21333716383953064,0.0,1.0,0.0,0
-1.2056529409385865,-0.8819444133221049,-0.9667790944653841,1.059308519944921,0.5539741893504136,1.0,0.0,0.0,0
-0.10704311930879085,-0.3419627030750304,1.1084086783031166,-1.2494677272106414,0.31908295878206333,1.0,0.0,0.0,0
1.5908084232099817,0.805498431199979,-0.6227640091401246,0.5595734015129812,-1.293836824453942,1.0,0.0,0.0,0
0.6420090318024373,-0.004474134170613608,0.697810028076194,-0.8596743348337283,-1.6853222087345259,1.0,0.0,0.0,0
1.840492473580391,2.087954993036786,3.27792316801564,-2.188969749862688,1.2116696349417944,0.0,1.0,0.0,0
-0.856095270420019,-0.004474134170613608,-0.5395345530130458,0.38966346124612133,0.037213482100043,1.0,0.0,0.0,0
-0.6563480301237028,-0.13946956173237265,-0.6505071611824843,0.06983298544968022,-0.35427190218054083,0.0,0.0,1.0,0
2.0402397138767356,2.222950420598545,-0.25100577177250555,-0.10007695481717963,-0.9180108555445815,0.0,1.0,0.0,0
1.191313942617321,0.33301443473380316,-0.217713989321674,-0.3299551092958717,0.8828219121461041,0.0,1.0,0.0,0
-0.3567271696792002,-0.6119535581985485,0.9086579835981272,-0.869669037202367,0.19380763581227653,0.0,1.0,0.0,0
-0.856095270420019,-1.3544284097882808,1.2582216993318587,-1.3993882627402232,-0.18201833309708393,0.0,1.0,0.0,0
1.840492473580391,1.6154709965705716,0.004231227017203099,-0.2599921927154005,0.6009524354640837,0.0,1.0,0.0,0
1.091440322469163,0.805498431199979,-1.0666544418178787,0.9793509009958102,-0.21333716383953064,0.0,1.0,0.0,0
0.9915667023210047,0.805498431199979,-0.672701682816372,0.9493667938898941,-1.4191121474237287,0.0,1.0,0.0,0
1.2911875627655074,0.26551672095290446,1.1306031999370043,-1.3694041556343068,1.3056261271691345,1.0,0.0,0.0,0
1.191313942617321,1.2779824276661549,-0.5561804442384615,-0.3399498116645106,1.634473849964825,0.0,1.0,0.0,0
-0.5065375999014515,0.0630235796102851,-0.3841729015758318,0.029854175975124464,-0.3855907329229875,1.0,0.0,0.0,0
-0.756221650271861,-0.3419627030750304,0.12075246559511356,-0.5198544543000094,-1.1372426707417085,1.0,0.0,0.0,0
1.3910611829136654,1.5479732827897112,-0.9612304640569121,0.9093879844153391,1.7754085883058353,1.0,0.0,0.0,0
-2.154452332346159,-2.5018895440632902,2.0849676301941757,-1.75919754801122,-0.4482283944078809,1.0,0.0,0.0,0
-0.4566007898273583,-1.151935268445623,-0.600569487506237,1.2292184602117802,-1.0902644246280384,1.0,0.0,0.0,0
-0.4566007898273583,0.19801900717204413,0.44257302928648534,-0.47987564482545364,2.0729374803590788,1.0,0.0,0.0,0
-0.5564744099755448,0.0630235796102851,0.22617644335608017,-0.26998689508403945,-0.11938067161219053,1.0,0.0,0.0,0
0.24251455120977664,1.0754892863235355,-0.8558064862959456,1.4790860194277502,1.0237566504871143,1.0,0.0,0.0,0
-0.9060320804941122,-1.0844375546647627,-0.8890982687467771,0.3097058422970112,-0.6674602096050078,1.0,0.0,0.0,0
-1.505273801383089,-1.3544284097882808,-0.7281879869010912,0.7894515559916733,-0.8397137786884648,0.0,1.0,0.0,0
1.3411243728395723,1.1429870001043958,1.3580970466843532,-1.4893405840579723,1.0863943119720076,0.0,1.0,0.0,0
-0.15697992938288408,-0.6119535581985485,0.9752415484997903,-1.219483620104725,1.321285542540358,1.0,0.0,0.0,0
-0.25685354953104217,-0.9494421271029653,0.7366504409354975,-0.9496266561514775,1.0863943119720076,1.0,0.0,0.0,0
1.091440322469163,1.0079915725426367,-1.0722030722263507,1.239213162580419,0.7732060045475406,1.0,0.0,0.0,0
-0.15697992938288408,-0.2744649892941317,-0.6671530524079,0.5095998896697872,0.9767784043734442,1.0,0.0,0.0,0
-1.305526561086773,-1.0844375546647627,-0.9445845728314964,1.059308519944921,1.7597491729346117,1.0,0.0,0.0,1
-0.6064112200496096,-0.47695813063678943,-1.0111681377331596,0.7094939370425631,1.0707348966007844,1.0,0.0,0.0,0
-0.15697992938288408,0.6030052898573213,-0.3453324887165283,0.039848878343763404,-0.3855907329229875,1.0,0.0,0.0,0
-0.40666397975329344,-0.6794512719794472,0.4203785076525976,-0.6297961803550356,1.3369449579115813,1.0,0.0,0.0,0
-1.3554633711608377,-1.286930696007382,0.9419497660489587,-0.9396319537828385,1.3839232040252514,0.0,1.0,0.0,0
0.7418826519505954,0.33301443473380316,0.3371490515255187,-0.7197485016727854,1.5248579423662616,0.0,1.0,0.0,0
0.4422617915060928,-0.004474134170613608,0.7311018105270255,-1.319430643791113,1.4309014501389214,1.0,0.0,0.0,0
-0.25685354953104217,-0.6119535581985485,-0.3508811191250002,0.7794568536230343,1.8067274190482818,1.0,0.0,0.0,0
0.7418826519505954,0.4005121485147019,-0.27320029340639324,0.8094409607289511,-0.41690956366543425,1.0,0.0,0.0,0
0.5920722217283441,-0.07197184795151232,0.8198798970625764,-1.029584275100588,-1.2155397475978251,1.0,0.0,0.0,0
-0.15697992938288408,0.67050300363822,2.4622744979702667,-1.8991233811721633,1.462220280881368,1.0,0.0,0.0,0
-0.4566007898273583,0.33301443473380316,1.1084086783031166,-1.2594624295792802,-0.5578443020064444,1.0,0.0,0.0,0
-0.6563480301237028,-1.016939840883864,-0.31204070626569674,0.2497376280851783,-0.9649891016582516,1.0,0.0,0.0,0
0.3423881713579347,-0.20696727551327135,0.3260517907085749,-0.6297961803550356,0.6479306815777538,1.0,0.0,0.0,0
-0.5564744099755448,-0.13946956173237265,5.053484898726657,-2.608747249345518,-0.2916342406956474,0.0,1.0,0.0,0
0.04276731091346047,-0.2744649892941317,0.5701915286813396,-0.5498385614059255,-0.8553731940596881,1.0,0.0,0.0,0
0.29245136128386984,0.4005121485147019,-0.140033163603067,-0.05010344297398563,-0.3229530714380941,1.0,0.0,0.0,0
0.7418826519505954,0.5355075760764609,-0.9556818336484403,0.8993932820467001,1.3369449579115813,1.0,0.0,0.0,0
-0.856095270420019,-1.286930696007382,-1.1831756803957894,1.838895304698747,-0.2759748253244241,1.0,0.0,0.0,0
1.6906820433581398,1.5479732827897112,-1.3995722663261945,1.4790860194277502,-0.8397137786884648,1.0,0.0,0.0,0
1.9403660937285492,2.0204572792558873,-0.7559311389434509,0.8294303654662283,-1.5287280550222924,1.0,0.0,0.0,0
-0.6064112200496096,-0.004474134170613608,-0.0568037074759881,-0.1500504666603736,-0.47954722515032766,0.0,1.0,0.0,0
-0.5564744099755448,-0.6119535581985485,-0.9445845728314964,0.4396369730893153,1.415242034767698,1.0,0.0,0.0,0
-0.5564744099755448,-0.6794512719794472,2.134905303870423,-1.7392081432739424,1.3369449579115813,0.0,1.0,0.0,0
1.191313942617321,0.7380007174191187,-0.10674138115223544,0.21975352097926218,0.5539741893504136,1.0,0.0,0.0,0
-1.0558425107163636,-1.6244192649117988,0.2761141170323275,-0.2200133832408455,0.19380763581227653,1.0,0.0,0.0,0
0.3423881713579347,0.7380007174191187,-0.6227640091401246,1.0293244128390042,0.4600176971230735,1.0,0.0,0.0,0
1.3910611829136654,1.6154709965705716,-0.8169660734366421,0.6195416157248141,-0.5891631327488911,1.0,0.0,0.0,0
-1.2555897510126797,-0.9494421271029653,-1.038911289775519,1.259202567317697,-1.4974092242798456,1.0,0.0,0.0,0
-0.10704311930879085,0.8729961449808777,-0.12338727237765122,0.11980649729287421,-0.04108359475607377,0.0,1.0,0.0,0
-0.15697992938288408,-0.47695813063678943,0.03752300946803466,-0.2799815974526777,-1.6226845472496323,1.0,0.0,0.0,0
0.39232498143202793,-0.004474134170613608,-0.3952701623927756,1.2691972696863358,1.102053727343231,1.0,0.0,0.0,0
-0.8061584603459542,-0.07197184795151232,1.0307278525845096,-1.219483620104725,-1.3564744859388354,1.0,0.0,0.0,0
-1.9047682819757499,-1.9619078338162157,-0.5450831834215176,0.1697800091360682,-1.6383439626208558,1.0,0.0,0.0,0
-0.756221650271861,-1.2194329822265217,-1.3218914406075875,2.6284767918212117,-1.027626763143145,1.0,0.0,0.0,1
1.091440322469163,1.0079915725426367,1.0307278525845096,-0.5998120732491196,0.9767784043734442,1.0,0.0,0.0,0
-0.3567271696792002,-1.016939840883864,-0.750382508534979,0.9393720915212552,-0.228996579210754,0.0,1.0,0.0,0
0.492198601580186,1.0079915725426367,-0.05125507706751617,0.38966346124612133,0.8984813275173275,0.0,1.0,0.0,0
1.4909348030618235,0.805498431199979,-0.25100577177250555,-0.2999710021899556,-0.6361413788625612,1.0,0.0,0.0,0
-0.5065375999014515,-0.9494421271029653,-0.8946468991552491,0.7794568536230343,0.8671624967748807,1.0,0.0,0.0,0
0.9416298922469115,0.26551672095290446,0.9364011356404868,-1.519324691163889,-1.4191121474237287,1.0,0.0,0.0,0
-0.856095270420019,-0.6119535581985485,-0.6560557915909562,0.7394780441484793,-1.1685615014841553,1.0,0.0,0.0,0
1.8904292836544843,1.8179641379132294,-0.43411057525207913,-0.18003457376628973,1.2586478810554644,1.0,0.0,0.0,0
-1.1557161308645216,-0.2744649892941317,-0.0568037074759881,-0.47987564482545364,0.7105683430626472,1.0,0.0,0.0,0
1.9903029038026423,2.0204572792558873,0.8975607227811834,-0.9596213585201163,0.9924378197446675,0.0,0.0,1.0,0
-1.2056529409385865,-1.016939840883864,-0.9945222465077438,0.8594144725721451,-0.47954722515032766,0.0,1.0,0.0,0
0.7418826519505954,0.26551672095290446,-0.8946468991552491,1.529059531270944,0.021554066728819647,0.0,1.0,0.0,0
0.39232498143202793,0.4005121485147019,0.7200045497100817,-1.1595154058928923,-0.4482283944078809,0.0,1.0,0.0,0
1.091440322469163,0.7380007174191187,-0.5117914009706861,1.209229055474503,1.0394160658583376,1.0,0.0,0.0,0
0.3423881713579347,0.33301443473380316,-0.3508811191250002,0.3097058422970112,0.4130394510094035,0.0,0.0,1.0,0
-0.756221650271861,-0.8819444133221049,-0.49514550974527033,0.38966346124612133,-1.246858578340272,0.0,0.0,1.0,0
-0.6563480301237028,-0.07197184795151232,0.6367750935830028,-1.0895524893124204,1.368263788654028,0.0,1.0,0.0,0
-1.6051474215312471,-1.3544284097882808,-0.822514703845114,1.439107209953195,-1.4191121474237287,1.0,0.0,0.0,0
0.5421354116542793,0.13052129339114543,-0.46740235770291066,1.529059531270944,-1.5443874703935156,1.0,0.0,0.0,0
1.3411243728395723,0.26551672095290446,-0.27874892381486516,0.2697270328224562,-1.1685615014841553,1.0,0.0,0.0,0
1.840492473580391,2.087954993036786,-1.0222653985501033,0.9093879844153391,1.2586478810554644,1.0,0.0,0.0,0
0.9915667023210047,0.67050300363822,0.13184972641205742,-0.37992862113906567,-1.560046885764739,1.0,0.0,0.0,0
0.24251455120977664,1.2779824276661549,-0.1566790548284828,0.17977471150470642,1.5248579423662616,1.0,0.0,0.0,0
-0.6064112200496096,-0.13946956173237265,-0.16777631564542664,-0.37992862113906567,-0.7927355325747947,1.0,0.0,0.0,0
-1.2555897510126797,-0.8144466995412062,0.2650168562153837,-0.5098597519313705,0.9141407428885507,1.0,0.0,0.0,0
-1.1057793207904283,-1.7594146924735963,-0.2842975542233371,-0.3899233235077046,-0.7927355325747947,0.0,1.0,0.0,0
-0.9060320804941122,-0.6794512719794472,-0.5173400313791581,0.5795628062502584,-0.4325689790366576,0.0,1.0,0.0,0
0.4422617915060928,0.5355075760764609,-0.25655440218097747,0.5795628062502584,-0.7927355325747947,1.0,0.0,0.0,0
0.39232498143202793,0.4005121485147019,0.2095305521306644,-0.21001868087220654,1.8693650805331752,1.0,0.0,0.0,1
0.3423881713579347,0.33301443473380316,-0.5062427705622142,-0.18003457376628973,1.7284303421921652,1.0,0.0,0.0,0
-0.6064112200496096,-0.004474134170613608,-0.8336119646620579,0.9593614962585331,0.6479306815777538,1.0,0.0,0.0,0
-1.305526561086773,-0.5444558444176881,-0.445207836069023,-0.21001868087220654,1.3056261271691345,1.0,0.0,0.0,0
0.3423881713579347,0.6030052898573213,1.0196305917675657,-0.8996531443082835,-0.542184886635221,1.0,0.0,0.0,0
0.19257774113568338,0.805498431199979,1.6188826758825339,-1.659250524324832,0.39738003563818014,0.0,1.0,0.0,0
-0.9060320804941122,-1.4894238373500397,0.24282233458149596,-0.3399498116645106,1.2116696349417944,0.0,1.0,0.0,0
-0.9060320804941122,-1.2194329822265217,-0.5173400313791581,-0.18003457376628973,-0.7300978710899013,1.0,0.0,0.0,0
2.0901765239508006,2.3579458481603037,-0.5672777050554054,0.7194886394112021,-0.08806184086974382,0.0,1.0,0.0,0
-0.007169499160632764,-0.6119535581985485,1.901862826714602,-1.6192717148502769,-0.36993131755176417,1.0,0.0,0.0,0
0.4422617915060928,1.3454801414470536,-0.03460918584210039,0.39965816361476025,0.8515030814036574,1.0,0.0,0.0,0
1.8904292836544843,1.9529595654749885,0.1706901392713609,-0.41990743061362146,0.616611850835307,0.0,0.0,1.0,0
0.8916930821728467,0.46800986229556224,-0.6116667483231808,0.7894515559916733,-0.8553731940596881,0.0,1.0,0.0,0
0.8916930821728467,0.4005121485147019,-1.9266921551310274,2.8883390534058213,0.4286988663806268,1.0,0.0,0.0,0
-0.3567271696792002,-1.0844375546647627,-0.3952701623927756,0.21975352097926218,-0.3855907329229875,0.0,1.0,0.0,0
-0.15697992938288408,-0.2744649892941317,-0.5894722266892931,0.9593614962585331,0.3347423741532867,0.0,0.0,1.0,0
-1.7050210416794052,-1.7594146924735963,0.026425748651090805,0.2297482233479004,0.9767784043734442,0.0,1.0,0.0,0
1.4909348030618235,1.8854618516941282,0.6034833111321712,-0.7897114182532565,-0.056743010127297114,0.0,1.0,0.0,0
-1.305526561086773,-0.9494421271029653,-0.7115420956756755,0.6295363180934523,0.4756771124942969,1.0,0.0,0.0,0
-1.305526561086773,-0.8819444133221049,-0.8724523775213614,0.9893456033644492,0.6792495123202005,0.0,1.0,0.0,0
-0.6563480301237028,-0.3419627030750304,0.7421990713439693,-0.919642549045561,0.522655358607967,1.0,0.0,0.0,0
2.0901765239508006,2.3579458481603037,-0.5617290746469334,1.0093350081017272,-0.11938067161219053,1.0,0.0,0.0,0
1.191313942617321,0.7380007174191187,-0.3064920758572248,0.5895575086188972,0.9611189890022208,1.0,0.0,0.0,0
1.5908084232099817,0.9404938587617381,3.122561516578426,-2.099017428544939,-1.607025131878409,0.0,1.0,0.0,0
0.9915667023210047,0.33301443473380316,0.15404424804594513,-0.3899233235077046,0.2564452972971699,1.0,0.0,0.0,0
0.14264093106161854,1.0754892863235355,-1.3052455493821717,2.278662208918854,0.16248880506982982,0.0,1.0,0.0,0
0.14264093106161854,0.9404938587617381,1.219381286472555,-1.519324691163889,-1.1529020861129318,1.0,0.0,0.0,0
-0.10704311930879085,-0.4094604168559291,-0.7281879869010912,0.5595734015129812,0.7575465891763172,1.0,0.0,0.0,0
0.24251455120977664,0.805498431199979,-1.4938989832702172,2.7484132202448777,1.5718361884799317,1.0,0.0,0.0,1
-0.4566007898273583,-0.8144466995412062,1.0307278525845096,-1.3394200485283905,1.0080972351158908,0.0,1.0,0.0,0
-0.5564744099755448,-0.7469489857603459,-0.47849961851985456,0.07982768781831845,-1.5130686396510689,1.0,0.0,0.0,0
-0.4566007898273583,-0.07197184795151232,-0.5339859226045738,0.029854175975124464,-1.6853222087345259,0.0,0.0,1.0,0
-0.8061584603459542,-1.016939840883864,0.20398192172219246,-1.2594624295792802,-0.8240543633172414,0.0,1.0,0.0,0
1.041503512395098,0.5355075760764609,0.31495452989163103,-0.2899762998213166,-1.0119673477719215,1.0,0.0,0.0,0
0.39232498143202793,1.4804755690088125,0.692261397667722,-1.4293723698461398,0.6635900969489771,0.0,1.0,0.0,0
-1.1557161308645216,-1.6919169786926975,-0.8890982687467771,0.3296952470342884,0.052872897471266354,1.0,0.0,0.0,0
0.4422617915060928,0.67050300363822,-0.595020857097765,0.8094409607289511,-0.761416701832348,1.0,0.0,0.0,0
-1.305526561086773,-1.151935268445623,-0.27320029340639324,0.2597323304538172,0.8828219121461041,1.0,0.0,0.0,0
-1.0558425107163636,-1.4219261235691794,-0.739285247718035,1.848890007067386,-0.228996579210754,0.0,0.0,1.0,0
1.6906820433581398,1.1429870001043958,-0.13448453319459508,0.41964756835203815,0.9454595736309974,0.0,1.0,0.0,0
0.9416298922469115,-0.2744649892941317,-0.7170907260841474,0.8993932820467001,1.8067274190482818,1.0,0.0,0.0,0
-0.6563480301237028,0.13052129339114543,-0.5728263354638773,0.7494727465171181,-1.1842209168553786,1.0,0.0,0.0,0
1.191313942617321,0.9404938587617381,-0.02906055543362846,0.009864771237847294,-1.0432861785143683,0.0,1.0,0.0,0
-0.3567271696792002,-1.0844375546647627,-0.739285247718035,0.7394780441484793,-1.6383439626208558,1.0,0.0,0.0,0
-1.305526561086773,-1.151935268445623,-0.8003201822112262,0.8694091749407841,-1.3564744859388354,1.0,0.0,0.0,0
1.3411243728395723,0.33301443473380316,0.0652661615103943,-0.4099127282449825,-1.5913657165071857,1.0,0.0,0.0,0
1.6906820433581398,1.8854618516941282,-0.11783864196917929,-0.13006106192309574,-0.07240242549852047,0.0,1.0,0.0,0
-0.9559688905681771,-1.4894238373500397,-0.140033163603067,0.34968465177156627,-0.46388780977910427,0.0,1.0,0.0,0
0.5421354116542793,0.7380007174191187,-0.8447092254790017,1.309176079160891,1.2586478810554644,1.0,0.0,0.0,0
-1.0059057006422703,-1.286930696007382,-0.5506318138299896,0.36967405650884416,-1.1059238399992617,0.0,0.0,1.0,0
0.9915667023210047,0.6030052898573213,-0.46185372729443874,0.7194886394112021,-0.8397137786884648,0.0,1.0,0.0,0
0.6919458418765022,0.5355075760764609,-0.3453324887165283,1.039319115207643,-0.2759748253244241,1.0,0.0,0.0,0
0.5421354116542793,0.33301443473380316,-0.04015781625057232,-0.24999749034676158,0.17814822044105316,1.0,0.0,0.0,0
-0.8061584603459542,-0.8144466995412062,-1.038911289775519,1.668985364431888,-1.3094962398251653,1.0,0.0,0.0,0
1.9403660937285492,1.8179641379132294,-0.7670283997603947,0.9993403057330881,0.3347423741532867,0.0,0.0,1.0,0
0.3423881713579347,0.13052129339114543,0.5535456374559239,-0.8596743348337283,-0.9336702709158049,1.0,0.0,0.0,0
-0.9060320804941122,-1.0844375546647627,-0.8558064862959456,0.21975352097926218,-0.15069950235463722,0.0,0.0,1.0,0
-1.1057793207904283,-1.6919169786926975,-0.5062427705622142,1.119276734156754,-0.009764764013627058,1.0,0.0,0.0,0
-0.40666397975329344,-1.0844375546647627,-0.3564297495334722,-0.13006106192309574,-1.340815070567612,1.0,0.0,0.0,0
-0.5564744099755448,-0.004474134170613608,-0.10674138115223544,-0.4398968353508986,-0.9336702709158049,0.0,1.0,0.0,0
0.4422617915060928,0.46800986229556224,-0.12338727237765122,0.1697800091360682,1.6031550192223782,1.0,0.0,0.0,0
0.6919458418765022,0.67050300363822,0.8975607227811834,-1.1595154058928923,0.30342354341084,1.0,0.0,0.0,0
0.8417562720987535,0.46800986229556224,0.5646428982728677,-0.8097008229905344,1.321285542540358,1.0,0.0,0.0,0
-0.9559688905681771,-0.6794512719794472,-0.5617290746469334,0.13979590203015138,-0.7457572864611246,0.0,0.0,1.0,0
1.8904292836544843,2.087954993036786,-0.8058688126196982,0.5395839967757032,-1.1215832553704852,1.0,0.0,0.0,0
0.7418826519505954,0.33301443473380316,-0.006866033799740755,0.42964227072067634,-1.0119673477719215,0.0,0.0,1.0,0
-1.3554633711608377,-1.151935268445623,-0.1844222068708424,-0.2999710021899556,-0.8397137786884648,0.0,0.0,1.0,0
-0.5564744099755448,-1.016939840883864,-0.8447092254790017,1.72895357864372,0.7262277584338706,1.0,0.0,0.0,0
-1.0558425107163636,-1.4894238373500397,-0.9223900511976086,1.019329710470366,0.35040178952451007,1.0,0.0,0.0,0
-0.9559688905681771,-0.8819444133221049,-0.06790096829293195,0.2997111399283723,-0.8083949479460181,0.0,1.0,0.0,0
-1.6051474215312471,-1.6919169786926975,-0.3841729015758318,0.5895575086188972,0.38172062026695674,0.0,1.0,0.0,0
0.3423881713579347,0.67050300363822,-0.4285619448436072,0.18976941387334537,0.28776412803961665,1.0,0.0,0.0,0
-1.1057793207904283,-1.7594146924735963,1.1805408736132517,-1.3893935603715843,-0.8710326094309114,0.0,1.0,0.0,0
-1.2056529409385865,-0.6119535581985485,-0.8058688126196982,0.9993403057330881,-0.7144384557186779,1.0,0.0,0.0,0
-1.0059057006422703,-1.4894238373500397,-0.2621030325894494,0.019859473606486232,1.3995826193964747,0.0,1.0,0.0,0
-0.6563480301237028,-0.20696727551327135,0.4980593333712046,-1.2094889177360864,0.44435828175185016,0.0,1.0,0.0,0
1.3411243728395723,0.46800986229556224,0.32050316030010295,0.18976941387334537,-1.4504309781661755,1.0,0.0,0.0,0
1.2412507526914143,0.6030052898573213,-1.1609811587619014,1.688974769169165,-0.1663589177258606,1.0,0.0,0.0,1
-0.40666397975329344,-0.8144466995412062,-0.2010680980962582,-0.2599921927154005,0.021554066728819647,0.0,1.0,0.0,0
-0.2069167394569489,0.6030052898573213,-0.3619783799419441,-0.030114038236707757,-0.6831196249762312,0.0,1.0,0.0,0
0.39232498143202793,0.19801900717204413,-0.006866033799740755,-0.3899233235077046,1.415242034767698,1.0,0.0,0.0,0
-0.10704311930879085,0.13052129339114543,2.062773108560288,-1.6492558219561932,0.9141407428885507,1.0,0.0,0.0,0
0.8916930821728467,0.4005121485147019,-0.9279386816060806,1.469091317059112,-0.1976777484683073,1.0,0.0,0.0,0
0.09270412098752531,-0.3419627030750304,1.0529223742183973,-1.1595154058928923,0.3660612048957334,1.0,0.0,0.0,0
-1.3554633711608377,-1.2194329822265217,1.1916381344301954,-1.319430643791113,0.2721047126683933,1.0,0.0,0.0,0
-0.5065375999014515,-0.004474134170613608,0.7366504409354975,-0.6797696921982296,0.569633604721637,1.0,0.0,0.0,0
-0.7062848401977677,-0.2744649892941317,-0.8502578558874736,0.8594144725721451,-1.293836824453942,1.0,0.0,0.0,0
-1.8548314719016565,-1.8269124062544566,0.1484956176374732,-0.41990743061362146,1.0550754812295609,1.0,0.0,0.0,0
0.3423881713579347,0.33301443473380316,0.30385726907468713,-0.8996531443082835,1.3839232040252514,0.0,1.0,0.0,0
1.091440322469163,1.1429870001043958,0.20398192172219246,-0.5998120732491196,-1.246858578340272,0.0,1.0,0.0,0
1.2412507526914143,0.26551672095290446,-0.6505071611824843,0.18976941387334537,0.7575465891763172,0.0,0.0,1.0,0
2.0901765239508006,2.290448134379405,0.5535456374559239,-0.7297432040414236,-0.6987790403474545,1.0,0.0,0.0,0
1.091440322469163,0.4005121485147019,-1.061105811409407,0.8394250678348673,0.835843666032434,1.0,0.0,0.0,1
-0.9559688905681771,-0.7469489857603459,-1.2553078757059244,1.059308519944921,0.0058946513575962945,1.0,0.0,0.0,0
0.4422617915060928,0.6030052898573213,-0.3453324887165283,0.14979060439879033,-0.11938067161219053,1.0,0.0,0.0,0
0.14264093106161854,-0.4094604168559291,-0.3841729015758318,-0.6497855850923135,0.6322712662065304,1.0,0.0,0.0,0
-0.9060320804941122,-0.7469489857603459,-0.9556818336484403,0.4996051873011482,-0.35427190218054083,1.0,0.0,0.0,0
-0.6064112200496096,-0.20696727551327135,-1.12768937631107,1.0293244128390042,-0.9963079324006983,1.0,0.0,0.0,0
0.19257774113568338,-0.07197184795151232,-0.5783749658723493,1.4790860194277502,-0.5891631327488911,1.0,0.0,0.0,0
1.2911875627655074,0.19801900717204413,1.008533330950622,-1.2594624295792802,-0.4482283944078809,0.0,0.0,1.0,0
-0.15697992938288408,0.805498431199979,-1.038911289775519,1.209229055474503,1.0707348966007844,1.0,0.0,0.0,0
1.840492473580391,1.9529595654749885,-0.1566790548284828,0.09981709255559633,-1.1685615014841553,0.0,1.0,0.0,0
-1.2555897510126797,-0.9494421271029653,0.8587203099218799,-1.2894465366851964,-1.1215832553704852,1.0,0.0,0.0,0
1.141377132543256,0.0630235796102851,-0.14558179401153892,0.039848878343763404,-1.340815070567612,1.0,0.0,0.0,0
-0.40666397975329344,0.33301443473380316,-0.822514703845114,0.5795628062502584,-1.0902644246280384,1.0,0.0,0.0,0
-0.25685354953104217,-0.6794512719794472,0.34824631234246256,-0.869669037202367,1.6031550192223782,0.0,1.0,0.0,0
0.7418826519505954,0.33301443473380316,-0.5783749658723493,0.4596263778265932,0.4286988663806268,1.0,0.0,0.0,0
2.0901765239508006,2.290448134379405,1.1139573087115884,-1.1795048106301698,-0.46388780977910427,1.0,0.0,0.0,0
1.6906820433581398,1.8854618516941282,-0.5006941401537423,0.38966346124612133,-0.21333716383953064,1.0,0.0,0.0,0
-0.9559688905681771,-1.4894238373500397,-0.8890982687467771,0.9093879844153391,0.4286988663806268,1.0,0.0,0.0,0
-1.8048946618275916,-1.7594146924735963,-0.15113042442001084,-0.31996040692723343,-0.9649891016582516,1.0,0.0,0.0,0
0.7918194620246887,0.805498431199979,-0.6893475740417878,0.6495257228307302,-0.40125014829421085,0.0,1.0,0.0,0
1.091440322469163,1.1429870001043958,0.6312264631745308,-0.8596743348337283,-1.654003377992079,0.0,1.0,0.0,0
0.24251455120977664,-0.4094604168559291,1.8741196746722424,-1.6192717148502769,-1.1998803322266018,0.0,1.0,0.0,0
0.19257774113568338,0.805498431199979,-0.37862427116735986,0.6495257228307302,0.8828219121461041,1.0,0.0,0.0,0
-1.3554633711608377,-1.4894238373500397,-0.8558064862959456,0.4396369730893153,0.9611189890022208,1.0,0.0,0.0,0
0.04276731091346047,-0.6119535581985485,1.064019635035341,-0.9596213585201163,-0.24465599458197734,0.0,1.0,0.0,0
0.492198601580186,-0.2744649892941317,-0.7892229213942824,0.7994462583603121,0.4286988663806268,0.0,1.0,0.0,0
-0.5564744099755448,0.0630235796102851,-0.9889736160992718,1.1692502459999479,1.321285542540358,1.0,0.0,0.0,0
-1.3554633711608377,-0.8819444133221049,0.2927600082577433,-0.5598332637745644,0.7888654199187639,1.0,0.0,0.0,0
0.6919458418765022,0.67050300363822,-0.3841729015758318,0.059838283081041284,-0.3386124868093175,1.0,0.0,0.0,0
-0.3567271696792002,-0.5444558444176881,-1.1387866371280138,0.6295363180934523,-1.1998803322266018,0.0,1.0,0.0,0
0.29245136128386984,-0.07197184795151232,-0.5006941401537423,0.23974292571653935,0.9611189890022208,0.0,1.0,0.0,0
-0.6563480301237028,-0.2744649892941317,-0.8724523775213614,0.8094409607289511,1.2273290503130179,0.0,1.0,0.0,0
-0.25685354953104217,-0.004474134170613608,-0.8391605950705298,1.239213162580419,-0.21333716383953064,1.0,0.0,0.0,0
-0.7062848401977677,-0.07197184795151232,-0.43411057525207913,0.5695681038816202,-0.9180108555445815,1.0,0.0,0.0,0
-0.4566007898273583,0.4005121485147019,0.34824631234246256,-0.030114038236707757,0.569633604721637,1.0,0.0,0.0,0
0.9915667023210047,0.26551672095290446,0.28721137784927137,-1.0195895727319488,-0.04108359475607377,1.0,0.0,0.0,0
-1.5552106114571824,-1.3544284097882808,-1.2275647236635647,1.349154888635446,-0.30729365606687076,0.0,0.0,1.0,0
0.39232498143202793,-0.07197184795151232,-0.5284372921961019,0.5995522109875362,1.1333725580856777,0.0,1.0,0.0,0
1.191313942617321,0.7380007174191187,2.0294813261094564,-1.9091180835408021,-0.47954722515032766,1.0,0.0,0.0,0
0.8916930821728467,0.8729961449808777,0.0652661615103943,-0.41990743061362146,-0.7300978710899013,1.0,0.0,0.0,0
-1.1557161308645216,-0.3419627030750304,2.7064142359430314,-2.0190598095958285,-1.0746050092568151,0.0,1.0,0.0,0
1.2911875627655074,0.13052129339114543,-1.188724310804261,2.238683399444299,-0.24465599458197734,1.0,0.0,0.0,1
-0.3567271696792002,-1.016939840883864,-0.7226393564926193,0.47961578256387033,-0.2603154099532007,1.0,0.0,0.0,0
-1.0059057006422703,-0.9494421271029653,-0.3231379670826406,0.2497376280851783,-0.8397137786884648,1.0,0.0,0.0,0
1.2911875627655074,1.4129778552279522,-0.11229001156070736,-0.19002927613492865,1.102053727343231,1.0,0.0,0.0,0
0.3423881713579347,-0.2744649892941317,-0.18997083727931435,-0.5098597519313705,-1.5757063011359624,1.0,0.0,0.0,0
-0.9559688905681771,-1.6244192649117988,-0.972327724873856,1.3791389957413622,0.3347423741532867,1.0,0.0,0.0,0
-0.9559688905681771,-0.6794512719794472,2.423434085110963,-2.0690333214390226,0.7888654199187639,0.0,1.0,0.0,0
-0.3067903596051354,-0.004474134170613608,-0.15113042442001084,0.3197005446656502,-0.9493296862870282,0.0,1.0,0.0,0
-0.6064112200496096,-0.9494421271029653,-0.295394815040281,0.18976941387334537,-0.24465599458197734,0.0,1.0,0.0,0
-0.6563480301237028,0.0630235796102851,0.05416890069345044,0.2497376280851783,-0.7300978710899013,0.0,1.0,0.0,0
1.091440322469163,1.0079915725426367,1.7964388489536356,-1.4293723698461398,-0.35427190218054083,0.0,1.0,0.0,0
1.191313942617321,0.9404938587617381,0.13739835682052934,-0.49986504956273153,0.22512646655472324,1.0,0.0,0.0,0
-1.2056529409385865,-0.4094604168559291,-1.1831756803957894,0.9793509009958102,1.4309014501389214,1.0,0.0,0.0,0
-1.305526561086773,-1.0844375546647627,-0.5839235962808211,-0.010124633499430586,-1.654003377992079,1.0,0.0,0.0,0
0.19257774113568338,-0.13946956173237265,-0.8003201822112262,0.8094409607289511,1.462220280881368,1.0,0.0,0.0,0
-0.057106309234725997,-0.3419627030750304,1.29151348178269,-1.6492558219561932,0.9298001582597741,1.0,0.0,0.0,0
1.4909348030618235,1.8179641379132294,2.6897683447176157,-2.00906510722719,-0.08806184086974382,1.0,0.0,0.0,0
0.9915667023210047,0.805498431199979,1.6965635016011409,-1.2694571319479189,-0.980648517029475,1.0,0.0,0.0,0
-0.5065375999014515,0.13052129339114543,0.49251070296273264,-0.41990743061362146,-0.6831196249762312,0.0,1.0,0.0,0
0.09270412098752531,-0.3419627030750304,0.13739835682052934,-0.6597802874609524,1.1803508041993478,0.0,1.0,0.0,0
0.3423881713579347,0.19801900717204413,-0.03460918584210039,-0.4398968353508986,1.415242034767698,1.0,0.0,0.0,0
-0.3567271696792002,-0.8144466995412062,1.29151348178269,-1.4793458816893337,-0.2916342406956474,1.0,0.0,0.0,0
1.041503512395098,0.8729961449808777,-0.23435988054708976,-0.16004516902901256,-1.246858578340272,0.0,1.0,0.0,0
1.8904292836544843,1.6829687103514703,-0.9501332032399683,1.259202567317697,0.24078588192594658,1.0,0.0,0.0,0
0.4422617915060928,0.46800986229556224,-1.038911289775519,0.6395310204620913,1.634473849964825,1.0,0.0,0.0,0
-0.5564744099755448,-0.07197184795151232,-0.9223900511976086,1.209229055474503,0.0058946513575962945,1.0,0.0,0.0,0
1.2412507526914143,0.26551672095290446,-0.6227640091401246,0.6795098299366463,1.1177131427144544,1.0,0.0,0.0,0
1.9903029038026423,1.9529595654749885,-0.2454571413640336,0.6595204251993692,-1.6853222087345259,0.0,0.0,1.0,0
-0.057106309234725997,-0.004474134170613608,-0.7614797693519229,0.46962108019523213,1.509198526995038,1.0,0.0,0.0,0
2.0901765239508006,2.4254435619412025,-0.15113042442001084,-0.6597802874609524,0.6009524354640837,0.0,1.0,0.0,0
0.4422617915060928,1.3454801414470536,-0.7614797693519229,1.06930322231356,1.2116696349417944,0.0,1.0,0.0,0
1.2412507526914143,0.7380007174191187,1.7243066536435003,-1.6692452266934708,1.4935391116238148,0.0,0.0,1.0,0
1.7406188534322329,1.3454801414470536,1.2027353952471393,-1.029584275100588,-1.246858578340272,1.0,0.0,0.0,0
2.1401133340248935,2.4254435619412025,-0.27874892381486516,0.029854175975124464,1.3839232040252514,0.0,1.0,0.0,0
1.3411243728395723,1.4804755690088125,-0.5561804442384615,0.2497376280851783,0.8828219121461041,0.0,1.0,0.0,0
1.9403660937285492,2.087954993036786,-1.0888489634517664,2.1387363757579108,-1.4660903935373988,0.0,1.0,0.0,0
1.091440322469163,0.4005121485147019,-1.0722030722263507,0.919382686783978,0.4130394510094035,0.0,1.0,0.0,1
-0.25685354953104217,-0.5444558444176881,-1.2497592452974524,2.1787151852324658,-0.980648517029475,0.0,1.0,0.0,0
0.19257774113568338,1.2779824276661549,-1.133238006719542,1.828900602330108,-1.5443874703935156,0.0,1.0,0.0,0
-0.5065375999014515,-0.07197184795151232,0.5036079637796765,-0.5998120732491196,-0.24465599458197734,1.0,0.0,0.0,0
2.1900501440989584,2.492941275722063,0.3759894643848222,-0.6497855850923135,-1.607025131878409,1.0,0.0,0.0,0
-0.9060320804941122,-1.0844375546647627,0.7033586584846658,-0.5398438590372866,-0.5265254712639977,1.0,0.0,0.0,0
1.091440322469163,0.4005121485147019,-1.0722030722263507,0.7494727465171181,0.021554066728819647,1.0,0.0,0.0,1
0.3423881713579347,0.19801900717204413,-0.4507564664774949,-0.00012993113079164646,1.5561767731087082,1.0,0.0,0.0,0
-0.007169499160632764,1.0079915725426367,0.7033586584846658,-0.7997061206218955,0.31908295878206333,1.0,0.0,0.0,0
0.29245136128386984,0.67050300363822,-0.7670283997603947,1.459096614690473,-0.21333716383953064,0.0,1.0,0.0,0
-0.7062848401977677,-0.4094604168559291,-1.2442106148889804,1.549048936008222,-1.246858578340272,1.0,0.0,0.0,0
-1.2056529409385865,-0.2744649892941317,0.7200045497100817,-0.7897114182532565,0.7418871738050938,0.0,0.0,1.0,0
0.492198601580186,0.8729961449808777,0.32050316030010295,-0.08008755007990175,-0.6518007942337846,0.0,0.0,1.0,0
-0.6563480301237028,-0.004474134170613608,0.54244837663898,-0.819695525359173,-1.027626763143145,1.0,0.0,0.0,0
-0.9559688905681771,-1.2194329822265217,-1.0943975938602384,0.8094409607289511,-0.8397137786884648,0.0,1.0,0.0,0
0.4422617915060928,0.26551672095290446,-0.9112927903806648,0.46962108019523213,-0.3229530714380941,0.0,1.0,0.0,0
-1.3554633711608377,-0.8819444133221049,-0.4895968793367984,0.37966875887748236,-1.3094962398251653,0.0,1.0,0.0,0
0.24251455120977664,-0.07197184795151232,2.5233094324634577,-2.0190598095958285,1.274307296426688,0.0,1.0,0.0,0
0.39232498143202793,-0.3419627030750304,-0.3231379670826406,0.44963167545795424,-0.9180108555445815,0.0,1.0,0.0,0
-0.9060320804941122,-0.8144466995412062,-0.3841729015758318,0.3296952470342884,-0.7300978710899013,0.0,0.0,1.0,0
-0.25685354953104217,0.46800986229556224,-0.6449585307740123,1.64899595969461,-1.5757063011359624,0.0,1.0,0.0,0
-1.2555897510126797,-0.4094604168559291,-0.2010680980962582,0.059838283081041284,0.569633604721637,1.0,0.0,0.0,0
0.7418826519505954,0.33301443473380316,-0.02906055543362846,-0.07009284771126352,0.17814822044105316,1.0,0.0,0.0,0
-0.3067903596051354,0.5355075760764609,0.49251070296273264,0.019859473606486232,0.052872897471266354,0.0,1.0,0.0,0
-0.9060320804941122,-0.6794512719794472,0.1263010960035855,-0.23000808560948371,-1.1215832553704852,0.0,0.0,1.0,0
-0.6064112200496096,-0.6119535581985485,-0.8114174430281702,1.259202567317697,0.9298001582597741,1.0,0.0,0.0,0
-0.5065375999014515,0.0630235796102851,-0.6837989436333158,0.5895575086188972,-0.9493296862870282,1.0,0.0,0.0,0
0.6919458418765022,0.7380007174191187,-0.25100577177250555,0.18976941387334537,0.5383147739791903,1.0,0.0,0.0,0
1.091440322469163,0.9404938587617381,3.000491647592044,-2.0790280238076617,-1.1998803322266018,1.0,0.0,0.0,0
0.3423881713579347,0.4005121485147019,-0.18997083727931435,0.059838283081041284,1.1177131427144544,0.0,0.0,1.0,0
0.4422617915060928,0.8729961449808777,2.295815585716109,-2.059038619070384,-0.009764764013627058,1.0,0.0,0.0,0
1.6906820433581398,1.2779824276661549,-0.16222768523695472,0.21975352097926218,-1.1215832553704852,0.0,1.0,0.0,0
-1.7050210416794052,-1.6244192649117988,1.4968128068961515,-1.4893405840579723,-0.3386124868093175,1.0,0.0,0.0,0
-1.305526561086773,-1.4219261235691794,0.37044083397635025,-0.6597802874609524,1.0707348966007844,1.0,0.0,0.0,0
1.7905556635063262,1.8179641379132294,0.8864634619642394,-0.8496796324650895,-0.04108359475607377,0.0,1.0,0.0,0
-0.7062848401977677,-1.151935268445623,0.2761141170323275,-0.5898173708804806,1.0394160658583376,0.0,1.0,0.0,0
-1.2056529409385865,-1.0844375546647627,0.9086579835981272,-0.8596743348337283,1.5248579423662616,0.0,0.0,1.0,0
1.3411243728395723,1.6154709965705716,-0.3453324887165283,0.6295363180934523,2.2451910494425356,1.0,0.0,0.0,1
0.09270412098752531,1.0754892863235355,-0.23990851095556168,0.10981179492423528,-0.7457572864611246,0.0,0.0,1.0,0
-1.1557161308645216,-1.286930696007382,3.6052923621154838,-2.438837309078658,1.2273290503130179,0.0,1.0,0.0,0
0.8916930821728467,0.5355075760764609,-0.9667790944653841,0.8194356630975901,1.4309014501389214,0.0,1.0,0.0,0
0.04276731091346047,0.4005121485147019,1.4968128068961515,-1.5692982030070828,-0.1663589177258606,1.0,0.0,0.0,0
-1.8048946618275916,-1.8269124062544566,2.9838457563666276,-2.0890227261763004,-0.4325689790366576,0.0,1.0,0.0,0
-1.6051474215312471,-1.4894238373500397,0.8587203099218799,-0.6997590969355075,0.11551055895615976,0.0,1.0,0.0,0
-0.40666397975329344,-0.004474134170613608,-1.055557181000935,1.039319115207643,1.853705665161952,0.0,1.0,0.0,0
0.8916930821728467,0.4005121485147019,0.6145805719491151,-0.8097008229905344,0.28776412803961665,1.0,0.0,0.0,0
0.09270412098752531,1.0754892863235355,-0.9279386816060806,0.919382686783978,1.368263788654028,1.0,0.0,0.0,0
-0.6064112200496096,-0.9494421271029653,1.8463765226298827,-1.7492028456425812,-0.40125014829421085,1.0,0.0,0.0,0
-0.10704311930879085,-0.3419627030750304,-0.2454571413640336,-0.04010874060534669,-1.5287280550222924,1.0,0.0,0.0,0
-0.756221650271861,-0.8819444133221049,0.38708672520176607,-0.46988094245681544,0.14682938969860648,1.0,0.0,0.0,0
0.492198601580186,0.5355075760764609,2.4178854547024913,-2.0290545119644676,-1.4191121474237287,1.0,0.0,0.0,0
1.041503512395098,0.33301443473380316,-0.8336119646620579,0.9593614962585331,0.9611189890022208,1.0,0.0,0.0,0
1.141377132543256,0.9404938587617381,-1.0777517026348227,0.7594674488857571,-0.6361413788625612,0.0,1.0,0.0,0
-0.756221650271861,-0.2744649892941317,0.18178740008830477,-0.6997590969355075,0.30342354341084,0.0,1.0,0.0,0
0.3423881713579347,0.67050300363822,-0.900195529563721,0.9893456033644492,0.2564452972971699,1.0,0.0,0.0,0
0.14264093106161854,0.19801900717204413,-1.0777517026348227,0.6295363180934523,-0.9023514401733582,1.0,0.0,0.0,0
-1.5552106114571824,-1.4894238373500397,-0.3453324887165283,-0.2799815974526777,0.8201842506612106,0.0,1.0,0.0,0
0.492198601580186,0.6030052898573213,1.5689450022062865,-1.8391551669603303,0.9454595736309974,1.0,0.0,0.0,0
1.191313942617321,0.19801900717204413,-0.10674138115223544,-0.8396849300964505,0.20946705118349987,1.0,0.0,0.0,0
0.4422617915060928,1.4804755690088125,1.5079100677130952,-1.6792399290621096,-0.5578443020064444,1.0,0.0,0.0,0
2.0901765239508006,2.222950420598545,-0.7170907260841474,1.159255543631309,-0.9493296862870282,1.0,0.0,0.0,0
0.9915667023210047,1.0079915725426367,-0.9612304640569121,1.2292184602117802,-0.8397137786884648,0.0,1.0,0.0,0
-1.0059057006422703,-0.6794512719794472,0.1263010960035855,-0.08008755007990175,0.7418871738050938,0.0,1.0,0.0,0
0.29245136128386984,-0.2744649892941317,1.9351546091654337,-1.9490968930153572,0.39738003563818014,0.0,0.0,1.0,0
-0.5065375999014515,-0.9494421271029653,0.6312264631745308,-0.8296902277278119,-0.11938067161219053,1.0,0.0,0.0,0
0.04276731091346047,0.33301443473380316,-0.25100577177250555,0.41964756835203815,0.14682938969860648,1.0,0.0,0.0,0
0.39232498143202793,-0.2744649892941317,0.7810394842032728,-1.129531298786976,-1.340815070567612,1.0,0.0,0.0,0
-1.3554633711608377,-0.8819444133221049,0.05416890069345044,-0.3899233235077046,1.7284303421921652,1.0,0.0,0.0,0
0.4422617915060928,0.6030052898573213,1.0418251134014533,-0.9896054656260325,-0.08806184086974382,0.0,1.0,0.0,0
-0.15697992938288408,-0.5444558444176881,0.32050316030010295,-0.7097537993041464,0.4286988663806268,0.0,1.0,0.0,0
-0.15697992938288408,-0.6119535581985485,-0.6782503132248439,1.0093350081017272,1.2429884656842412,1.0,0.0,0.0,0
-1.3554633711608377,-0.8819444133221049,-0.40636742320971947,-0.16004516902901256,-1.2625179937114952,0.0,1.0,0.0,0
-1.1057793207904283,-0.8144466995412062,0.04862027028497851,-0.3099657045585945,-0.6831196249762312,1.0,0.0,0.0,0
0.3423881713579347,0.5355075760764609,0.13184972641205742,-0.6198014779863974,-0.056743010127297114,1.0,0.0,0.0,0
-0.3567271696792002,-0.6119535581985485,0.07081479191886622,0.06983298544968022,0.19380763581227653,0.0,0.0,1.0,0
0.29245136128386984,0.46800986229556224,1.1694436127963077,-0.9396319537828385,0.9924378197446675,1.0,0.0,0.0,0
-1.0558425107163636,-1.6244192649117988,-0.2010680980962582,0.06983298544968022,0.2564452972971699,1.0,0.0,0.0,0
0.19257774113568338,0.8729961449808777,0.38153809479329415,-0.4898703471940926,0.09985114358493641,1.0,0.0,0.0,0
-1.0059057006422703,-0.5444558444176881,-0.10674138115223544,-0.21001868087220654,-0.2916342406956474,0.0,0.0,1.0,0
1.7905556635063262,1.750466424132369,-0.22881125013861783,0.019859473606486232,0.7418871738050938,0.0,0.0,1.0,0
-1.0059057006422703,-1.5569215511309384,-0.0568037074759881,-0.5898173708804806,-1.5130686396510689,1.0,0.0,0.0,0
-1.2056529409385865,-0.9494421271029653,-1.582677069805768,0.5795628062502584,-1.1998803322266018,0.0,1.0,0.0,0
-1.505273801383089,-1.4219261235691794,-0.33423522789958443,-0.08008755007990175,0.6792495123202005,1.0,0.0,0.0,0
0.29245136128386984,1.2104847138852945,-0.37862427116735986,0.13979590203015138,-1.0746050092568151,1.0,0.0,0.0,0
-0.4566007898273583,0.19801900717204413,-0.5450831834215176,0.38966346124612133,-0.21333716383953064,0.0,1.0,0.0,0
-0.2069167394569489,-0.4094604168559291,0.3648922035678783,-1.0195895727319488,0.5383147739791903,0.0,1.0,0.0,0
0.19257774113568338,-0.47695813063678943,-0.7004448348587317,1.0293244128390042,-0.10372125624096717,1.0,0.0,0.0,0
-0.6563480301237028,-0.5444558444176881,-0.7170907260841474,0.5595734015129812,-0.9493296862870282,0.0,1.0,0.0,0
0.9915667023210047,0.5355075760764609,1.2637703297403304,-1.2594624295792802,-1.5130686396510689,1.0,0.0,0.0,0
0.5920722217283441,-0.07197184795151232,-0.5006941401537423,0.5495786991443422,-1.3251556551963888,1.0,0.0,0.0,0
-0.9559688905681771,-1.5569215511309384,-0.09009548992681966,-0.23000808560948371,-0.4325689790366576,1.0,0.0,0.0,0
0.7418826519505954,0.4005121485147019,-0.9168414207891368,0.6695151275680081,-1.1842209168553786,1.0,0.0,0.0,0
-1.2056529409385865,-1.151935268445623,0.30940589948315905,-0.5698279661432034,-1.0432861785143683,1.0,0.0,0.0,0
-1.6051474215312471,-1.6244192649117988,-0.14558179401153892,-0.00012993113079164646,0.35040178952451007,1.0,0.0,0.0,0
-1.305526561086773,-1.016939840883864,-0.7170907260841474,0.38966346124612133,-0.9493296862870282,1.0,0.0,0.0,0
-0.6563480301237028,0.13052129339114543,-0.750382508534979,1.0293244128390042,-0.8397137786884648,1.0,0.0,0.0,0
0.3423881713579347,0.6030052898573213,-0.3952701623927756,0.17977471150470642,0.0685323128424897,0.0,1.0,0.0,0
-1.405400181234931,-1.151935268445623,0.20398192172219246,-0.46988094245681544,0.08419172821371305,1.0,0.0,0.0,0
-1.0558425107163636,-0.6794512719794472,-0.04015781625057232,-0.24000278797812266,-0.9493296862870282,1.0,0.0,0.0,0
-0.6563480301237028,-0.2744649892941317,-0.972327724873856,0.4896104849325093,-0.02542417938485041,1.0,0.0,0.0,0
-1.3554633711608377,-1.286930696007382,0.15959287845441705,-0.5598332637745644,1.3526043732828046,1.0,0.0,0.0,0
-0.2069167394569489,-0.6119535581985485,0.11520383518664164,-0.2899762998213166,-0.542184886635221,0.0,1.0,0.0,0
2.0901765239508006,2.087954993036786,0.38153809479329415,-0.8896584419396445,-1.3721339013100589,0.0,1.0,0.0,0
0.6420090318024373,0.5355075760764609,-0.04570644665904424,1.339160186266807,-0.7927355325747947,1.0,0.0,0.0,0
-1.0059057006422703,-0.8144466995412062,1.2082840256556113,-1.0895524893124204,-0.5735037173776678,1.0,0.0,0.0,0
1.840492473580391,1.9529595654749885,-0.04015781625057232,0.12980119966151243,-1.1842209168553786,0.0,1.0,0.0,0
0.19257774113568338,0.33301443473380316,0.004231227017203099,-0.6597802874609524,-1.1842209168553786,0.0,1.0,0.0,0
-0.9559688905681771,-0.7469489857603459,-0.33423522789958443,0.33968994940292735,-0.04108359475607377,0.0,1.0,0.0,0
-1.305526561086773,-1.0844375546647627,0.44812165969495726,-0.41990743061362146,1.681452096078495,0.0,1.0,0.0,0
-1.0059057006422703,-0.6794512719794472,-0.7226393564926193,0.9093879844153391,-0.35427190218054083,0.0,1.0,0.0,0
-0.9559688905681771,-0.8819444133221049,0.2317250737645521,0.7394780441484793,-0.8866920248021348,0.0,1.0,0.0,0
0.9915667023210047,0.7380007174191187,-0.7614797693519229,0.7794568536230343,1.1646913888281245,1.0,0.0,0.0,0
-0.8061584603459542,-0.7469489857603459,0.5479970070474519,-0.7597273111473404,0.021554066728819647,1.0,0.0,0.0,0
0.4422617915060928,0.7380007174191187,-1.188724310804261,2.1387363757579108,-0.30729365606687076,0.0,1.0,0.0,0
1.6407452332840748,1.0754892863235355,-1.122140745902598,1.6789800668005261,1.2429884656842412,1.0,0.0,0.0,1
0.29245136128386984,1.2779824276661549,-0.4230133144351353,-0.18003457376628973,-1.0432861785143683,1.0,0.0,0.0,0
0.29245136128386984,1.3454801414470536,-0.3231379670826406,0.0898223901869574,0.38172062026695674,1.0,0.0,0.0,0
-0.8061584603459542,-1.286930696007382,-0.9112927903806648,1.0792979246821983,-0.21333716383953064,1.0,0.0,0.0,0
-2.204389142420224,-2.704382685405948,-0.977876355282328,0.9993403057330881,-1.4660903935373988,1.0,0.0,0.0,0
-0.756221650271861,-1.2194329822265217,0.13184972641205742,0.4596263778265932,0.8671624967748807,0.0,0.0,1.0,0
-1.455336991308996,-1.0844375546647627,-0.0568037074759881,0.039848878343763404,0.8984813275173275,1.0,0.0,0.0,0
0.6919458418765022,0.46800986229556224,0.24837096498996789,-0.7797167158846176,-1.4191121474237287,1.0,0.0,0.0,0
-1.0558425107163636,-1.5569215511309384,-1.2830510277482838,1.5190648289023059,-0.3229530714380941,1.0,0.0,0.0,0
1.6407452332840748,1.4129778552279522,-0.672701682816372,0.46962108019523213,-0.3855907329229875,1.0,0.0,0.0,0
0.14264093106161854,1.2104847138852945,0.15404424804594513,-0.23000808560948371,1.1333725580856777,1.0,0.0,0.0,0
1.2412507526914143,0.26551672095290446,2.373496411434716,-1.9690862977526347,-0.9023514401733582,1.0,0.0,0.0,0
-0.9559688905681771,-1.2194329822265217,0.6367750935830028,-0.46988094245681544,0.7418871738050938,0.0,1.0,0.0,0
-1.0558425107163636,-1.6244192649117988,-0.18997083727931435,0.009864771237847294,0.9141407428885507,0.0,1.0,0.0,0
1.041503512395098,0.8729961449808777,-0.1566790548284828,0.4996051873011482,1.509198526995038,0.0,1.0,0.0,0
-1.2056529409385865,-1.151935268445623,-0.09009548992681966,-0.05010344297398563,0.4600176971230735,1.0,0.0,0.0,0
1.9403660937285492,2.087954993036786,0.697810028076194,-1.0395789774692266,-1.6853222087345259,1.0,0.0,0.0,0
0.19257774113568338,-0.2744649892941317,-0.6837989436333158,0.3296952470342884,-0.6518007942337846,0.0,0.0,1.0,0
1.141377132543256,1.2104847138852945,0.09855794396122586,-0.5898173708804806,1.2116696349417944,0.0,1.0,0.0,0
0.29245136128386984,0.46800986229556224,0.9197552444150711,-0.879663739571006,1.149031973456901,0.0,1.0,0.0,0
-1.2555897510126797,-1.016939840883864,-0.017963294616684607,-0.3099657045585945,0.0058946513575962945,1.0,0.0,0.0,0
1.091440322469163,0.5355075760764609,-0.8669037471128894,0.6895045323052853,-0.980648517029475,1.0,0.0,0.0,0
1.6407452332840748,1.0079915725426367,-0.9223900511976086,0.7294833417798403,-0.7457572864611246,0.0,1.0,0.0,1
0.3423881713579347,0.67050300363822,2.4511772371533227,-2.00906510722719,-0.13504008698341388,0.0,0.0,1.0,0
-0.3567271696792002,-0.004474134170613608,-0.9223900511976086,0.47961578256387033,1.7754085883058353,0.0,0.0,1.0,0
-1.2555897510126797,-1.151935268445623,-0.3508811191250002,0.5595734015129812,-1.1998803322266018,0.0,1.0,0.0,0
-0.40666397975329344,-0.8819444133221049,-0.7670283997603947,0.6994992346739242,1.415242034767698,0.0,1.0,0.0,0
0.19257774113568338,1.3454801414470536,-0.9612304640569121,0.2997111399283723,0.14682938969860648,1.0,0.0,0.0,0
1.191313942617321,0.6030052898573213,-0.5284372921961019,0.06983298544968022,1.0394160658583376,0.0,0.0,1.0,0
-0.9559688905681771,-1.7594146924735963,-0.977876355282328,2.0088052449656066,1.2429884656842412,0.0,1.0,0.0,0
1.840492473580391,1.8854618516941282,0.5258024854135642,-0.6198014779863974,-0.6987790403474545,0.0,1.0,0.0,0
-1.505273801383089,-1.4894238373500397,0.38708672520176607,-0.4398968353508986,1.3369449579115813,1.0,0.0,0.0,0
0.8417562720987535,0.7380007174191187,-0.7781256605773386,1.509070126533667,0.7575465891763172,1.0,0.0,0.0,0
0.5920722217283441,0.19801900717204413,0.04862027028497851,-0.14005576429173466,-0.761416701832348,1.0,0.0,0.0,0
-0.4566007898273583,0.26551672095290446,-0.4840482489283265,-0.030114038236707757,0.6792495123202005,1.0,0.0,0.0,0
0.7918194620246887,0.5355075760764609,1.0362764829929816,-1.3294253461597518,0.6635900969489771,1.0,0.0,0.0,0
-1.2555897510126797,-0.7469489857603459,-0.6227640091401246,1.039319115207643,-1.4191121474237287,1.0,0.0,0.0,0
0.5920722217283441,0.5355075760764609,-0.33423522789958443,0.11980649729287421,0.7418871738050938,1.0,0.0,0.0,0
-1.0558425107163636,-1.6919169786926975,0.12075246559511356,-0.23000808560948371,-1.4347715627949522,1.0,0.0,0.0,0
0.24251455120977664,1.3454801414470536,-0.9112927903806648,0.3197005446656502,0.0058946513575962945,0.0,0.0,1.0,0
-0.10704311930879085,0.4005121485147019,0.1928846609052486,-0.819695525359173,0.08419172821371305,0.0,1.0,0.0,0
-1.2056529409385865,-0.6794512719794472,-0.2676516629979213,0.3197005446656502,-1.5757063011359624,1.0,0.0,0.0,0
0.39232498143202793,-0.20696727551327135,0.7810394842032728,-1.1795048106301698,1.274307296426688,0.0,1.0,0.0,0
-1.0558425107163636,-0.13946956173237265,-1.12768937631107,3.1581960173590677,-1.1998803322266018,1.0,0.0,0.0,1
-1.5552106114571824,-1.3544284097882808,0.6589696152168905,0.09981709255559633,-0.5265254712639977,1.0,0.0,0.0,0
0.09270412098752531,-0.13946956173237265,1.1306031999370043,-1.5892876077443603,-1.4034527320525054,0.0,1.0,0.0,0
-0.5065375999014515,-1.151935268445623,-0.900195529563721,0.7194886394112021,-1.1372426707417085,0.0,1.0,0.0,0
-0.057106309234725997,-0.2744649892941317,-1.582677069805768,2.128741673389272,0.2564452972971699,1.0,0.0,0.0,0
-0.9559688905681771,-1.2194329822265217,-0.8280633342535859,0.7494727465171181,-1.1685615014841553,1.0,0.0,0.0,0
1.041503512395098,0.46800986229556224,0.38153809479329415,-0.969616060888755,-0.41690956366543425,0.0,1.0,0.0,0
1.3411243728395723,1.2104847138852945,-0.43411057525207913,0.6095469133561752,-1.5287280550222924,1.0,0.0,0.0,0
-1.0558425107163636,-1.016939840883864,0.7976853754286887,-1.1495207035242534,-0.6987790403474545,1.0,0.0,0.0,0
-1.2056529409385865,-0.8144466995412062,-0.47849961851985456,-0.030114038236707757,-0.6048225481201145,0.0,1.0,0.0,0
-1.2555897510126797,-0.9494421271029653,-0.295394815040281,0.5895575086188972,-0.46388780977910427,0.0,1.0,0.0,0
-2.204389142420224,-2.636884971625049,-0.8336119646620579,0.6195416157248141,0.08419172821371305,1.0,0.0,0.0,0
1.3411243728395723,1.4804755690088125,-0.49514550974527033,1.209229055474503,1.6501332653360483,1.0,0.0,0.0,1
0.7918194620246887,0.8729961449808777,0.9253038748235429,-1.0095948703633104,-0.228996579210754,1.0,0.0,0.0,0
0.09270412098752531,-0.4094604168559291,-0.445207836069023,0.38966346124612133,-1.0746050092568151,0.0,1.0,0.0,0
0.9416298922469115,0.6030052898573213,4.248933489498227,-2.388863797235464,-1.027626763143145,0.0,1.0,0.0,0
1.2911875627655074,0.26551672095290446,0.6090319415406431,-0.9896054656260325,-0.7144384557186779,0.0,0.0,1.0,0
-0.6563480301237028,-0.9494421271029653,-0.2232626197301459,0.34968465177156627,-0.36993131755176417,0.0,0.0,1.0,0
-0.2069167394569489,0.5355075760764609,-0.7725770301688667,0.07982768781831845,0.16248880506982982,1.0,0.0,0.0,0
-1.405400181234931,-1.016939840883864,0.2705654866238556,0.039848878343763404,1.2899667117979112,1.0,0.0,0.0,0
0.492198601580186,0.67050300363822,-0.6449585307740123,-0.14005576429173466,1.4309014501389214,0.0,1.0,0.0,0
0.14264093106161854,-0.2744649892941317,-0.2842975542233371,0.12980119966151243,1.0080972351158908,0.0,1.0,0.0,0
0.24251455120977664,1.0754892863235355,0.6756155064423063,-0.9996001679946714,0.7888654199187639,1.0,0.0,0.0,0
0.7418826519505954,0.33301443473380316,-0.9279386816060806,0.39965816361476025,1.4935391116238148,1.0,0.0,0.0,0
-0.25685354953104217,-0.8144466995412062,1.9240573483484897,-1.9091180835408021,0.14682938969860648,0.0,1.0,0.0,0
0.14264093106161854,-0.004474134170613608,0.11520383518664164,0.07982768781831845,1.1646913888281245,1.0,0.0,0.0,0
0.3423881713579347,0.46800986229556224,-1.2497592452974524,0.23974292571653935,1.415242034767698,1.0,0.0,0.0,0
-0.6064112200496096,-0.6119535581985485,-0.672701682816372,0.6295363180934523,0.39738003563818014,1.0,0.0,0.0,0
-0.6064112200496096,0.13052129339114543,0.30940589948315905,-0.6897643945668686,-1.1529020861129318,0.0,1.0,0.0,0
-0.8061584603459542,-0.5444558444176881,-1.133238006719542,1.349154888635446,0.9454595736309974,1.0,0.0,0.0,0
-0.2069167394569489,0.6030052898573213,-0.03460918584210039,-0.819695525359173,-0.2603154099532007,1.0,0.0,0.0,0
-1.3554633711608377,-0.8144466995412062,-0.5117914009706861,1.738948281012359,0.4130394510094035,0.0,1.0,0.0,0
-0.10704311930879085,0.8729961449808777,1.3636456770928251,-1.4593564769520562,0.49133652786552023,0.0,0.0,1.0,0
-0.756221650271861,-0.6794512719794472,-0.49514550974527033,0.049843580712402344,1.4309014501389214,1.0,0.0,0.0,0
-0.5564744099755448,0.4005121485147019,0.25391959539843983,-0.19002927613492865,-1.5757063011359624,1.0,0.0,0.0,0
0.04276731091346047,-0.20696727551327135,-0.7170907260841474,0.8294303654662283,0.16248880506982982,1.0,0.0,0.0,0
-1.405400181234931,-1.016939840883864,-0.08454685951834773,0.13979590203015138,1.321285542540358,0.0,0.0,1.0,0
-1.9047682819757499,-2.0294055475971144,0.015328487834146953,0.059838283081041284,-1.246858578340272,0.0,0.0,1.0,0
1.091440322469163,0.9404938587617381,0.5701915286813396,-0.7897114182532565,-1.027626763143145,0.0,1.0,0.0,0
-0.9060320804941122,-1.2194329822265217,0.7089072888931378,-0.9396319537828385,-0.761416701832348,1.0,0.0,0.0,0
1.091440322469163,0.46800986229556224,-0.7004448348587317,0.8893985796780612,0.09985114358493641,0.0,0.0,1.0,0
0.29245136128386984,1.0754892863235355,0.7200045497100817,-1.0795577869437818,1.4465608655101447,0.0,1.0,0.0,0
0.04276731091346047,-0.20696727551327135,-0.3009434454487529,0.5895575086188972,-0.11938067161219053,1.0,0.0,0.0,0
1.141377132543256,1.1429870001043958,-1.0999462242687104,0.6295363180934523,1.3526043732828046,0.0,1.0,0.0,0
1.8904292836544843,1.8179641379132294,1.6577230887418373,-1.219483620104725,1.149031973456901,1.0,0.0,0.0,0
-1.2555897510126797,-0.47695813063678943,-0.33423522789958443,-0.06009814534262457,-1.340815070567612,1.0,0.0,0.0,0
-1.505273801383089,-1.5569215511309384,1.6355285671079496,-1.6192717148502769,1.368263788654028,0.0,0.0,1.0,0
0.19257774113568338,0.13052129339114543,0.7311018105270255,-0.9496266561514775,1.9789809881317388,0.0,1.0,0.0,1
0.492198601580186,0.33301443473380316,-0.8946468991552491,0.4396369730893153,-0.3855907329229875,1.0,0.0,0.0,0
0.19257774113568338,0.8729961449808777,-1.050008550592463,1.64899595969461,-1.1998803322266018,0.0,1.0,0.0,0
0.9915667023210047,0.19801900717204413,0.6034833111321712,-1.0395789774692266,0.7732060045475406,1.0,0.0,0.0,0
1.2911875627655074,0.26551672095290446,-0.6893475740417878,1.209229055474503,-1.4974092242798456,1.0,0.0,0.0,0
-0.9559688905681771,-1.4894238373500397,-0.595020857097765,0.9793509009958102,1.415242034767698,1.0,0.0,0.0,0
-1.305526561086773,-0.8819444133221049,-1.055557181000935,0.8893985796780612,0.19380763581227653,0.0,0.0,1.0,0
0.492198601580186,1.3454801414470536,-0.11783864196917929,-0.07009284771126352,1.3839232040252514,1.0,0.0,0.0,0
-1.405400181234931,-1.151935268445623,0.16514150886288897,-0.879663739571006,-0.6987790403474545,1.0,0.0,0.0,0
-1.2555897510126797,-1.016939840883864,-0.445207836069023,-0.030114038236707757,-0.6048225481201145,1.0,0.0,0.0,0
-1.5552106114571824,-1.6919169786926975,-1.0278140289585753,0.4396369730893153,-1.4347715627949522,1.0,0.0,0.0,0
-1.305526561086773,-0.8144466995412062,0.49251070296273264,-0.2599921927154005,0.569633604721637,0.0,1.0,0.0,0
0.19257774113568338,0.13052129339114543,0.40928124683565376,-0.3099657045585945,1.9320027420180688,0.0,1.0,0.0,0
1.3910611829136654,1.6154709965705716,0.620129202357587,-1.2994412390538352,1.4465608655101447,1.0,0.0,0.0,0
-1.0059057006422703,-1.6244192649117988,0.04862027028497851,0.5795628062502584,0.052872897471266354,1.0,0.0,0.0,0
-0.7062848401977677,-0.3419627030750304,-1.188724310804261,1.219223757843142,0.30342354341084,1.0,0.0,0.0,0
1.2412507526914143,0.13052129339114543,-1.2885996581567558,1.39912840047864,-0.3386124868093175,1.0,0.0,0.0,1
-1.0059057006422703,-0.6119535581985485,0.09855794396122586,-0.3599392164017885,-0.6674602096050078,0.0,0.0,1.0,0
-1.3554633711608377,-1.151935268445623,-0.006866033799740755,-0.1500504666603736,-0.9493296862870282,1.0,0.0,0.0,0
0.6420090318024373,0.805498431199979,-0.4563050968859668,0.44963167545795424,-1.4660903935373988,1.0,0.0,0.0,0
-1.2555897510126797,-0.7469489857603459,-0.6227640091401246,0.46962108019523213,0.4286988663806268,1.0,0.0,0.0,0
0.4422617915060928,1.3454801414470536,-0.9112927903806648,1.609017150220055,1.1646913888281245,0.0,1.0,0.0,0
1.6407452332840748,1.8179641379132294,0.5701915286813396,-0.6397908827236746,-0.056743010127297114,0.0,1.0,0.0,0
0.6919458418765022,0.26551672095290446,-0.23990851095556168,-0.47987564482545364,0.7105683430626472,1.0,0.0,0.0,0
0.24251455120977664,0.33301443473380316,-0.7559311389434509,0.7694621512543961,-1.3094962398251653,0.0,0.0,1.0,0
0.14264093106161854,-0.5444558444176881,-0.7059934652672035,0.47961578256387033,1.4465608655101447,1.0,0.0,0.0,0
2.0402397138767356,2.155452706817646,-0.3952701623927756,-0.06009814534262457,0.6322712662065304,1.0,0.0,0.0,0
-0.9060320804941122,-1.151935268445623,-0.3508811191250002,0.34968465177156627,0.3347423741532867,0.0,1.0,0.0,0
0.3423881713579347,0.5355075760764609,0.6312264631745308,-0.8396849300964505,0.052872897471266354,1.0,0.0,0.0,0
-2.004641902123908,-2.231898688939772,-0.6837989436333158,0.41964756835203815,-0.9649891016582516,1.0,0.0,0.0,0
-0.5065375999014515,-1.286930696007382,-1.649260634707431,2.088762863914717,0.14682938969860648,1.0,0.0,0.0,0
0.7418826519505954,0.6030052898573213,1.9518005003908494,-1.6792399290621096,0.22512646655472324,1.0,0.0,0.0,0
0.29245136128386984,-0.47695813063678943,-0.16222768523695472,0.5995522109875362,-0.3229530714380941,0.0,1.0,0.0,0
-1.2555897510126797,-0.8819444133221049,-0.5339859226045738,0.6195416157248141,0.037213482100043,1.0,0.0,0.0,0
0.14264093106161854,1.0754892863235355,0.30940589948315905,-0.1200663595544575,0.7262277584338706,1.0,0.0,0.0,0
1.2412507526914143,1.3454801414470536,-0.8669037471128894,1.1292714365253922,1.2899667117979112,1.0,0.0,0.0,0
0.39232498143202793,0.19801900717204413,1.3192566338250498,-0.9896054656260325,-1.0902644246280384,0.0,0.0,1.0,0
-0.3567271696792002,0.26551672095290446,-0.16222768523695472,0.5495786991443422,-1.2625179937114952,0.0,0.0,1.0,0
-0.6563480301237028,-1.016939840883864,0.6700668760338343,-1.2994412390538352,-0.9023514401733582,0.0,1.0,0.0,0
1.091440322469163,0.805498431199979,-0.900195529563721,0.2997111399283723,-0.2603154099532007,0.0,1.0,0.0,0
-1.3554633711608377,-1.0844375546647627,-0.9390359424230245,1.0493138175762822,-0.5735037173776678,0.0,1.0,0.0,0
1.2412507526914143,0.13052129339114543,0.043071639876506584,-0.3099657045585945,-0.07240242549852047,1.0,0.0,0.0,0
-1.6550842316053405,-1.4894238373500397,-0.18997083727931435,-0.06009814534262457,2.010299818874185,1.0,0.0,0.0,0
0.04276731091346047,0.9404938587617381,0.43147576846954144,-0.07009284771126352,-0.9493296862870282,0.0,1.0,0.0,0
0.29245136128386984,0.26551672095290446,2.5954416277735928,-2.0190598095958285,0.13116997432738312,1.0,0.0,0.0,0
-2.154452332346159,-2.5018895440632902,0.8087826362456325,-0.5098597519313705,-0.36993131755176417,0.0,1.0,0.0,0
-0.9060320804941122,-0.7469489857603459,0.25391959539843983,-0.5698279661432034,-1.1685615014841553,0.0,1.0,0.0,0
-1.1057793207904283,-0.6794512719794472,0.20398192172219246,0.4996051873011482,-1.4191121474237287,0.0,1.0,0.0,0
0.8417562720987535,-0.07197184795151232,-1.2331133540720367,0.8993932820467001,1.2429884656842412,1.0,0.0,0.0,1
-0.3067903596051354,-0.8144466995412062,0.4869620725542607,-0.7397379064100625,0.2564452972971699,1.0,0.0,0.0,0
1.8904292836544843,1.750466424132369,0.14294698722900126,-0.39991802587634356,1.1177131427144544,1.0,0.0,0.0,0
0.9915667023210047,-0.13946956173237265,-0.3286865974911125,-0.00012993113079164646,1.4309014501389214,1.0,0.0,0.0,0
0.24251455120977664,-0.13946956173237265,-0.6560557915909562,0.9593614962585331,1.6188144345936015,1.0,0.0,0.0,0
0.09270412098752531,1.0754892863235355,-0.4119160536181914,0.13979590203015138,-0.46388780977910427,0.0,1.0,0.0,0
1.141377132543256,0.0630235796102851,-0.8669037471128894,0.28971643755973336,-1.3094962398251653,0.0,0.0,1.0,0
-0.9060320804941122,-1.4219261235691794,-0.7559311389434509,0.5095998896697872,1.3369449579115813,0.0,1.0,0.0,0
-1.1557161308645216,-0.8144466995412062,3.050429321268291,-2.0890227261763004,0.052872897471266354,0.0,1.0,0.0,0
1.041503512395098,0.8729961449808777,-0.6893475740417878,0.4096528659833992,-1.0119673477719215,1.0,0.0,0.0,0
-0.5564744099755448,0.19801900717204413,-0.5728263354638773,-0.10007695481717963,-1.1842209168553786,1.0,0.0,0.0,0
-0.5564744099755448,0.0630235796102851,-0.5450831834215176,0.11980649729287421,1.274307296426688,0.0,1.0,0.0,0
-0.9060320804941122,-0.6119535581985485,-0.4563050968859668,0.8993932820467001,-0.47954722515032766,0.0,1.0,0.0,0
-0.6563480301237028,-0.07197184795151232,-0.7115420956756755,0.5095998896697872,-0.8866920248021348,0.0,1.0,0.0,0
-1.2555897510126797,-0.9494421271029653,-1.8379140685954767,2.22868869707566,-1.246858578340272,1.0,0.0,0.0,0
1.5408716131359168,1.750466424132369,0.15404424804594513,-0.7097537993041464,0.38172062026695674,0.0,1.0,0.0,0
-0.6563480301237028,0.19801900717204413,-0.3231379670826406,0.14979060439879033,-0.3855907329229875,0.0,1.0,0.0,0
-1.305526561086773,-0.9494421271029653,-0.5839235962808211,0.4396369730893153,1.3369449579115813,0.0,1.0,0.0,0
1.4909348030618235,0.805498431199979,1.1971867648386674,-0.9596213585201163,1.5248579423662616,1.0,0.0,0.0,0
-0.3567271696792002,0.4005121485147019,-0.4563050968859668,0.20975881861062326,-0.056743010127297114,0.0,1.0,0.0,0
0.9915667023210047,-0.13946956173237265,0.8975607227811834,-1.2794518343165577,-1.6226845472496323,1.0,0.0,0.0,0
0.19257774113568338,-0.13946956173237265,-0.5783749658723493,0.3596793541402052,1.4935391116238148,0.0,1.0,0.0,0
0.4422617915060928,0.33301443473380316,0.14294698722900126,-0.4099127282449825,-0.41690956366543425,1.0,0.0,0.0,0
0.4422617915060928,0.26551672095290446,0.12075246559511356,-0.7297432040414236,-0.6361413788625612,1.0,0.0,0.0,0
1.041503512395098,0.7380007174191187,0.3648922035678783,-0.24000278797812266,0.9924378197446675,0.0,1.0,0.0,0
0.09270412098752531,1.0754892863235355,-0.40081879280124755,0.06983298544968022,-1.3251556551963888,0.0,1.0,0.0,0
0.14264093106161854,0.8729961449808777,-0.0789982291098758,0.06983298544968022,-0.04108359475607377,1.0,0.0,0.0,0
-1.6550842316053405,-1.4894238373500397,-0.9112927903806648,1.139266138894031,0.0058946513575962945,0.0,1.0,0.0,0
0.39232498143202793,0.19801900717204413,-0.4563050968859668,0.6795098299366463,1.1646913888281245,0.0,0.0,1.0,0
-0.9559688905681771,-1.5569215511309384,-0.012414664208212682,0.07982768781831845,0.9611189890022208,1.0,0.0,0.0,0
1.5408716131359168,0.8729961449808777,1.7076607624180846,-1.5293193935325278,1.634473849964825,0.0,1.0,0.0,0
-1.5552106114571824,-1.286930696007382,-1.0111681377331596,0.17977471150470642,0.30342354341084,0.0,1.0,0.0,0
-1.305526561086773,-0.8819444133221049,-0.3231379670826406,0.7994462583603121,0.14682938969860648,0.0,1.0,0.0,0
-1.2555897510126797,-0.4094604168559291,-0.12338727237765122,-0.3299551092958717,1.9633215727605153,1.0,0.0,0.0,0
1.9403660937285492,2.0204572792558873,2.0072868044755685,-1.7492028456425812,0.037213482100043,0.0,1.0,0.0,0
1.2412507526914143,1.2779824276661549,-0.5672777050554054,0.6695151275680081,-0.6674602096050078,1.0,0.0,0.0,0
0.04276731091346047,-0.5444558444176881,-0.5617290746469334,1.099287329419476,1.6188144345936015,0.0,1.0,0.0,0
0.7418826519505954,0.26551672095290446,-1.1665297891703734,0.6595204251993692,-1.3094962398251653,1.0,0.0,0.0,0
-1.2555897510126797,-1.2194329822265217,0.13184972641205742,-0.18003457376628973,-1.4504309781661755,1.0,0.0,0.0,0
-1.455336991308996,-1.0844375546647627,-1.3052455493821717,1.349154888635446,0.7105683430626472,1.0,0.0,0.0,0
0.7918194620246887,0.5355075760764609,-1.3829263751007785,2.528529768134824,-0.6987790403474545,0.0,1.0,0.0,0
1.2412507526914143,1.0754892863235355,0.30940589948315905,-1.0495736798378654,-1.1372426707417085,1.0,0.0,0.0,0
-0.10704311930879085,-0.4094604168559291,1.1749922432047797,-1.2994412390538352,1.0237566504871143,0.0,1.0,0.0,0
0.492198601580186,1.0754892863235355,-1.0111681377331596,0.5595734015129812,0.4600176971230735,0.0,1.0,0.0,0
-0.7062848401977677,-0.2744649892941317,0.2983086386662152,-0.6697749898295914,-0.1976777484683073,0.0,0.0,1.0,0
1.4409979929877303,1.6154709965705716,-0.5173400313791581,0.1697800091360682,1.3839232040252514,1.0,0.0,0.0,0
0.39232498143202793,0.6030052898573213,0.09855794396122586,-0.8396849300964505,-0.8710326094309114,0.0,1.0,0.0,0
-0.4566007898273583,-1.151935268445623,-1.2996969189736998,2.1387363757579108,-1.4191121474237287,1.0,0.0,0.0,0
1.6906820433581398,1.8854618516941282,0.28166274744079944,-0.3699339187704274,0.08419172821371305,0.0,1.0,0.0,0
0.5920722217283441,0.5355075760764609,-0.43411057525207913,0.059838283081041284,-0.9493296862870282,1.0,0.0,0.0,0
0.04276731091346047,-0.4094604168559291,-0.5839235962808211,0.7294833417798403,0.30342354341084,1.0,0.0,0.0,0
-1.6550842316053405,-1.4894238373500397,-0.3952701623927756,-0.08008755007990175,-1.1372426707417085,1.0,0.0,0.0,0
1.141377132543256,0.9404938587617381,0.1706901392713609,-0.2799815974526777,-1.4504309781661755,1.0,0.0,0.0,0
-0.9060320804941122,-0.8819444133221049,1.3359025250504655,-1.2094889177360864,-1.1372426707417085,1.0,0.0,0.0,0
0.29245136128386984,1.2104847138852945,0.6256778327660589,-1.2794518343165577,-0.8710326094309114,1.0,0.0,0.0,0
1.2911875627655074,0.67050300363822,-0.012414664208212682,-0.44989153771953755,-0.2603154099532007,1.0,0.0,0.0,0
0.6420090318024373,0.46800986229556224,-0.822514703845114,1.2492078649490581,-0.7300978710899013,0.0,1.0,0.0,0
0.04276731091346047,-0.47695813063678943,-0.5339859226045738,1.0293244128390042,1.3839232040252514,0.0,1.0,0.0,0
-1.2555897510126797,-0.4094604168559291,-0.23435988054708976,-0.41990743061362146,-0.9963079324006983,1.0,0.0,0.0,0
-0.856095270420019,-0.6794512719794472,0.6534209848084186,-0.7797167158846176,1.1177131427144544,1.0,0.0,0.0,0
-0.3067903596051354,-0.6794512719794472,-0.822514703845114,1.8189058999614698,0.4286988663806268,1.0,0.0,0.0,0
-0.057106309234725997,-0.4094604168559291,-1.061105811409407,1.2791919720549743,-1.1998803322266018,1.0,0.0,0.0,0
-0.856095270420019,-1.2194329822265217,-0.02906055543362846,-0.6797696921982296,-0.5108660558927743,0.0,0.0,1.0,0
-0.057106309234725997,-0.4094604168559291,-0.289846184631809,0.21975352097926218,1.415242034767698,0.0,1.0,0.0,0
-1.2056529409385865,-1.8944101200353554,-0.3841729015758318,0.2597323304538172,-0.9963079324006983,0.0,1.0,0.0,0
-0.057106309234725997,0.8729961449808777,-0.5228886617876299,0.11980649729287421,0.9611189890022208,0.0,1.0,0.0,0
0.7918194620246887,0.13052129339114543,-0.8613551167044174,1.708964173906443,-0.6204819634913378,1.0,0.0,0.0,0
-0.10704311930879085,0.5355075760764609,-0.05125507706751617,-0.47987564482545364,0.8671624967748807,0.0,1.0,0.0,0
0.9416298922469115,0.6030052898573213,0.015328487834146953,-0.3299551092958717,-0.10372125624096717,1.0,0.0,0.0,0
1.141377132543256,0.8729961449808777,-0.5561804442384615,0.17977471150470642,-0.18201833309708393,1.0,0.0,0.0,0
-1.2555897510126797,-1.0844375546647627,0.3593435731594064,-0.19002927613492865,-0.02542417938485041,1.0,0.0,0.0,0
-0.756221650271861,-0.20696727551327135,0.07081479191886622,-0.5998120732491196,1.5248579423662616,0.0,1.0,0.0,0
1.4909348030618235,0.805498431199979,-0.8669037471128894,0.4596263778265932,1.415242034767698,1.0,0.0,0.0,0
-1.2555897510126797,-0.4094604168559291,-1.0111681377331596,1.0093350081017272,0.4600176971230735,1.0,0.0,0.0,0
-0.2069167394569489,-0.6794512719794472,-0.9279386816060806,2.038789352071523,0.6479306815777538,1.0,0.0,0.0,0
0.3423881713579347,0.805498431199979,-0.4840482489283265,0.4396369730893153,-1.1685615014841553,1.0,0.0,0.0,0
0.8417562720987535,0.6030052898573213,0.09855794396122586,-0.06009814534262457,-1.654003377992079,1.0,0.0,0.0,0
-1.3554633711608377,-1.0844375546647627,-0.6782503132248439,0.7794568536230343,-1.1998803322266018,1.0,0.0,0.0,0
0.19257774113568338,-0.4094604168559291,-0.289846184631809,-0.11007165718581856,1.2116696349417944,0.0,0.0,1.0,0
-0.6064112200496096,-0.7469489857603459,-0.06790096829293195,-0.7597273111473404,1.274307296426688,1.0,0.0,0.0,0
-0.8061584603459542,-1.4219261235691794,2.4511772371533227,-1.6792399290621096,-1.4347715627949522,1.0,0.0,0.0,0
1.4409979929877303,0.805498431199979,-0.40081879280124755,-0.23000808560948371,-0.542184886635221,0.0,1.0,0.0,0
-0.057106309234725997,-0.4094604168559291,-1.205370202029677,1.389133698110001,-1.1685615014841553,1.0,0.0,0.0,0
2.0901765239508006,2.155452706817646,-0.7947715518027544,1.0493138175762822,-1.5130686396510689,0.0,1.0,0.0,0
-0.8061584603459542,-0.9494421271029653,-1.3052455493821717,0.4996051873011482,0.7888654199187639,1.0,0.0,0.0,0
-1.3554633711608377,-1.286930696007382,1.2415758081064427,-1.1595154058928923,-0.8397137786884648,1.0,0.0,0.0,0
0.24251455120977664,-0.20696727551327135,1.6743689799672532,-1.5393140959011664,0.5539741893504136,1.0,0.0,0.0,0
-0.4566007898273583,0.13052129339114543,0.16514150886288897,-0.18003457376628973,0.7418871738050938,1.0,0.0,0.0,0
0.09270412098752531,-0.3419627030750304,0.5036079637796765,-1.169510108261531,-0.8866920248021348,0.0,1.0,0.0,0
-0.5564744099755448,-0.5444558444176881,-0.7059934652672035,0.4096528659833992,0.5069959432367436,0.0,1.0,0.0,0
1.091440322469163,1.1429870001043958,0.24837096498996789,-0.37992862113906567,-0.6987790403474545,0.0,1.0,0.0,0
1.3910611829136654,1.4804755690088125,-0.5894722266892931,0.9993403057330881,1.6971115114497184,1.0,0.0,0.0,0
-0.856095270420019,-0.4094604168559291,0.7144559193016098,-1.2894465366851964,0.44435828175185016,1.0,0.0,0.0,0
-0.5564744099755448,-0.004474134170613608,1.3969374595436568,-1.2394730248420025,0.9141407428885507,1.0,0.0,0.0,0
-0.40666397975329344,0.26551672095290446,-1.188724310804261,1.199234353105864,-1.1529020861129318,0.0,1.0,0.0,0
-1.305526561086773,-0.5444558444176881,0.24837096498996789,0.2797217351910944,1.2273290503130179,1.0,0.0,0.0,0
0.29245136128386984,-0.3419627030750304,-0.2454571413640336,-0.3499445140331496,-0.4482283944078809,0.0,0.0,1.0,0
-0.6563480301237028,-1.016939840883864,0.18178740008830477,-0.4398968353508986,1.4778796962525915,0.0,0.0,1.0,0
-1.0558425107163636,-0.6119535581985485,-0.5395345530130458,1.0293244128390042,-1.3094962398251653,1.0,0.0,0.0,0
-0.15697992938288408,0.13052129339114543,-0.4507564664774949,0.33968994940292735,-1.246858578340272,1.0,0.0,0.0,0
1.091440322469163,0.6030052898573213,-0.4840482489283265,0.2297482233479004,-0.8083949479460181,1.0,0.0,0.0,0
0.29245136128386984,0.26551672095290446,-0.7670283997603947,0.2597323304538172,0.09985114358493641,1.0,0.0,0.0,0
-1.3554633711608377,-1.286930696007382,0.1484956176374732,-0.42990213298225965,0.7575465891763172,1.0,0.0,0.0,0
-0.007169499160632764,-0.4094604168559291,-0.2232626197301459,-0.42990213298225965,-0.9649891016582516,1.0,0.0,0.0,0
-0.8061584603459542,-1.2194329822265217,0.4370243988780134,-0.6997590969355075,-0.7300978710899013,1.0,0.0,0.0,0
-1.305526561086773,-1.3544284097882808,-1.0167167681416314,1.1892396507372252,1.196010219570571,1.0,0.0,0.0,0
0.6420090318024373,-0.07197184795151232,-0.21216535891320204,-0.05010344297398563,-1.2625179937114952,0.0,1.0,0.0,0
-0.10704311930879085,-0.47695813063678943,-1.3329887014245312,2.508540363397546,1.634473849964825,1.0,0.0,0.0,1
0.8916930821728467,0.7380007174191187,-0.7004448348587317,0.21975352097926218,-1.5443874703935156,0.0,1.0,0.0,0
-0.4566007898273583,-0.6794512719794472,-0.744833878126507,1.3791389957413622,-1.4034527320525054,1.0,0.0,0.0,0
0.7418826519505954,0.26551672095290446,2.1016135214195915,-1.8191657622230528,-1.5443874703935156,1.0,0.0,0.0,0
0.3423881713579347,1.1429870001043958,-0.08454685951834773,0.34968465177156627,1.7910680036770585,1.0,0.0,0.0,0
-0.3567271696792002,0.26551672095290446,1.0307278525845096,-1.319430643791113,0.9298001582597741,1.0,0.0,0.0,0
-0.40666397975329344,0.4005121485147019,-0.9390359424230245,2.188709887601105,-1.027626763143145,1.0,0.0,0.0,0
-0.9060320804941122,-0.6794512719794472,0.620129202357587,-0.8496796324650895,1.3995826193964747,1.0,0.0,0.0,0
0.39232498143202793,1.6829687103514703,-0.12338727237765122,-0.08008755007990175,-0.009764764013627058,1.0,0.0,0.0,0
-0.3567271696792002,-0.7469489857603459,-1.5604825481718803,2.9383125652490154,0.17814822044105316,1.0,0.0,0.0,1
1.2911875627655074,0.33301443473380316,2.362399150617772,-1.9790810001212737,-1.0589455938855916,0.0,1.0,0.0,0
-1.305526561086773,-1.016939840883864,-0.37862427116735986,0.38966346124612133,-0.980648517029475,1.0,0.0,0.0,0
-0.007169499160632764,-0.5444558444176881,0.392635355610238,-0.7897114182532565,0.6635900969489771,1.0,0.0,0.0,0
-0.9559688905681771,-0.004474134170613608,-0.02906055543362846,-0.6297961803550356,-0.9493296862870282,1.0,0.0,0.0,0
-0.40666397975329344,-1.0844375546647627,1.6743689799672532,-1.7192187385366648,-1.0589455938855916,1.0,0.0,0.0,0
1.091440322469163,0.8729961449808777,-0.8336119646620579,0.6895045323052853,-0.02542417938485041,1.0,0.0,0.0,0
1.5408716131359168,1.750466424132369,1.973995022024737,-1.6492558219561932,0.3347423741532867,0.0,1.0,0.0,0
0.29245136128386984,0.19801900717204413,-0.6948962044502597,1.059308519944921,-1.293836824453942,1.0,0.0,0.0,0
1.3910611829136654,1.6154709965705716,-0.9501332032399683,0.9493667938898941,-1.5287280550222924,1.0,0.0,0.0,0
-1.3554633711608377,-0.8144466995412062,0.08191205273581008,-0.3899233235077046,-0.5891631327488911,1.0,0.0,0.0,0
-0.7062848401977677,-1.2194329822265217,0.087460683144282,-0.31996040692723343,-1.1215832553704852,0.0,0.0,1.0,0
0.3423881713579347,0.7380007174191187,0.38153809479329415,-0.46988094245681544,0.9298001582597741,0.0,1.0,0.0,0
1.8904292836544843,1.6829687103514703,-0.9279386816060806,0.5695681038816202,1.1333725580856777,1.0,0.0,0.0,0
0.24251455120977664,-0.47695813063678943,-0.3841729015758318,0.07982768781831845,1.7440897575633885,1.0,0.0,0.0,0
0.9416298922469115,0.6030052898573213,-1.277502397339812,0.7994462583603121,0.2564452972971699,1.0,0.0,0.0,0
-1.305526561086773,-1.0844375546647627,-0.04570644665904424,0.14979060439879033,1.6501332653360483,1.0,0.0,0.0,0
-1.7050210416794052,-1.6244192649117988,0.015328487834146953,-0.2599921927154005,-0.30729365606687076,1.0,0.0,0.0,0
-0.9559688905681771,-1.151935268445623,-1.3218914406075875,1.599022447851416,-0.6987790403474545,1.0,0.0,0.0,0
0.29245136128386984,1.4129778552279522,-1.3662804838753628,1.2292184602117802,-0.9180108555445815,0.0,1.0,0.0,0
-1.305526561086773,-0.47695813063678943,-1.1498838979449577,1.31917078152953,0.11551055895615976,1.0,0.0,0.0,0
-0.10704311930879085,0.4005121485147019,0.9308525052320149,-0.7497326087787015,0.2564452972971699,1.0,0.0,0.0,0
-0.10704311930879085,-0.4094604168559291,-0.7059934652672035,0.7794568536230343,0.35040178952451007,0.0,1.0,0.0,0
1.141377132543256,0.7380007174191187,0.5036079637796765,-0.4398968353508986,1.1803508041993478,1.0,0.0,0.0,0
1.4409979929877303,1.4804755690088125,1.141700460753948,-1.4493617745834173,-0.15069950235463722,0.0,1.0,0.0,0
1.141377132543256,0.7380007174191187,-1.355183223058419,1.708964173906443,0.6009524354640837,0.0,1.0,0.0,0
-1.0059057006422703,-0.8819444133221049,1.2859648513742181,-1.3793988580029457,1.5405173577374849,1.0,0.0,0.0,0
-1.1057793207904283,-1.8269124062544566,-1.2442106148889804,1.39912840047864,1.1333725580856777,0.0,1.0,0.0,0
0.4422617915060928,0.46800986229556224,-0.16777631564542664,-0.24999749034676158,-1.4974092242798456,1.0,0.0,0.0,0
-0.9060320804941122,-0.8819444133221049,-1.4994476136786892,2.088762863914717,0.8671624967748807,0.0,1.0,0.0,0
-0.9060320804941122,-1.4894238373500397,-1.0222653985501033,1.1292714365253922,-0.5891631327488911,1.0,0.0,0.0,0
2.0901765239508006,2.3579458481603037,0.8032340058371605,-1.0195895727319488,0.7575465891763172,0.0,0.0,1.0,0
-1.7050210416794052,-1.7594146924735963,-0.9501332032399683,0.5095998896697872,1.2116696349417944,1.0,0.0,0.0,0
-0.10704311930879085,0.8729961449808777,0.11520383518664164,-0.45988624008817647,1.102053727343231,1.0,0.0,0.0,0
1.9403660937285492,2.155452706817646,0.38153809479329415,0.059838283081041284,-0.4482283944078809,0.0,1.0,0.0,0
-1.3554633711608377,-1.151935268445623,2.1959402383636144,-2.0690333214390226,-1.3094962398251653,0.0,0.0,1.0,0
-0.9559688905681771,-0.2744649892941317,0.05416890069345044,-0.13006106192309574,-1.0119673477719215,0.0,1.0,0.0,0
-0.756221650271861,-0.2744649892941317,1.0251792221760376,-1.3594094532656682,-0.11938067161219053,1.0,0.0,0.0,0
-1.3554633711608377,-0.8819444133221049,-0.6061181179147088,0.2797217351910944,0.7105683430626472,0.0,0.0,1.0,0
0.39232498143202793,1.6829687103514703,-0.5839235962808211,1.06930322231356,0.20946705118349987,1.0,0.0,0.0,0
-1.5552106114571824,-1.4219261235691794,2.440079976336379,-1.959091595383996,-0.6204819634913378,0.0,1.0,0.0,0
-0.856095270420019,-1.3544284097882808,-0.4895968793367984,0.7094939370425631,1.3839232040252514,1.0,0.0,0.0,0
-0.25685354953104217,-0.004474134170613608,-0.20661672850473012,-0.1500504666603736,-0.8710326094309114,1.0,0.0,0.0,0
-0.4566007898273583,0.26551672095290446,-0.6172153787316527,0.6895045323052853,-0.3229530714380941,1.0,0.0,0.0,0
-0.15697992938288408,0.67050300363822,1.5966881542486462,-1.4593564769520562,1.3526043732828046,1.0,0.0,0.0,0
-0.5564744099755448,-1.016939840883864,-0.445207836069023,0.3097058422970112,0.616611850835307,1.0,0.0,0.0,0
-0.25685354953104217,0.5355075760764609,-1.0167167681416314,1.489080721796389,-0.5578443020064444,1.0,0.0,0.0,0
-0.6064112200496096,-1.016939840883864,-0.06790096829293195,-0.37992862113906567,-1.6383439626208558,1.0,0.0,0.0,0
1.4909348030618235,1.4804755690088125,-1.5660311785803522,3.128211910253152,0.22512646655472324,0.0,1.0,0.0,1
-0.856095270420019,-1.016939840883864,-0.9834249856907998,1.3791389957413622,0.8828219121461041,1.0,0.0,0.0,0
-1.305526561086773,-0.6794512719794472,0.8087826362456325,-0.9296372514142,1.0863943119720076,0.0,1.0,0.0,0
1.141377132543256,0.8729961449808777,0.4536702901034292,-0.8396849300964505,0.4286988663806268,1.0,0.0,0.0,0
-0.856095270420019,-0.9494421271029653,-0.5117914009706861,-0.19002927613492865,0.6009524354640837,1.0,0.0,0.0,0
-0.756221650271861,-0.3419627030750304,-0.8558064862959456,0.6295363180934523,1.4935391116238148,1.0,0.0,0.0,1
0.6919458418765022,0.805498431199979,-1.0222653985501033,1.059308519944921,-1.1059238399992617,1.0,0.0,0.0,0
-1.5552106114571824,-1.5569215511309384,-0.41746468402666337,0.13979590203015138,-1.5913657165071857,1.0,0.0,0.0,0
0.7418826519505954,0.46800986229556224,-0.6283126395485966,0.6095469133561752,-0.41690956366543425,1.0,0.0,0.0,0
-1.405400181234931,-0.8819444133221049,0.7200045497100817,-0.9296372514142,-0.5578443020064444,1.0,0.0,0.0,0
-0.6563480301237028,-0.2744649892941317,1.1028600478946446,-1.2694571319479189,-0.4482283944078809,0.0,1.0,0.0,0
-0.9559688905681771,-0.6794512719794472,0.6756155064423063,-0.18003457376628973,-0.40125014829421085,0.0,1.0,0.0,0
-1.2056529409385865,-0.6119535581985485,-0.2010680980962582,-0.11007165718581856,0.7732060045475406,1.0,0.0,0.0,0
0.9915667023210047,0.26551672095290446,0.15959287845441705,-0.08008755007990175,0.0685323128424897,1.0,0.0,0.0,0
-0.5065375999014515,-0.8144466995412062,-1.27195376693134,1.06930322231356,0.0685323128424897,1.0,0.0,0.0,0
0.4422617915060928,0.26551672095290446,0.4203785076525976,-0.9096478466769223,1.4465608655101447,1.0,0.0,0.0,0
0.6420090318024373,0.67050300363822,0.23727370417302404,-0.4398968353508986,1.4778796962525915,1.0,0.0,0.0,0
-0.7062848401977677,-0.3419627030750304,0.8032340058371605,-1.219483620104725,-0.9963079324006983,0.0,1.0,0.0,0
-0.007169499160632764,0.8729961449808777,-0.3064920758572248,1.31917078152953,0.7888654199187639,1.0,0.0,0.0,0
0.09270412098752531,1.0754892863235355,-0.0568037074759881,-0.44989153771953755,-1.3564744859388354,1.0,0.0,0.0,0
-1.6550842316053405,-1.4894238373500397,-0.7725770301688667,0.7494727465171181,-1.6383439626208558,1.0,0.0,0.0,0
1.2412507526914143,0.19801900717204413,0.05416890069345044,0.0898223901869574,0.9767784043734442,1.0,0.0,0.0,0
-1.2555897510126797,-0.9494421271029653,0.07081479191886622,0.4896104849325093,-0.47954722515032766,1.0,0.0,0.0,0
-0.007169499160632764,-0.47695813063678943,2.4012395634770756,-1.7991763574857753,1.0550754812295609,1.0,0.0,0.0,0
0.9416298922469115,0.26551672095290446,-0.9390359424230245,1.1692502459999479,0.7105683430626472,1.0,0.0,0.0,1
1.091440322469163,0.9404938587617381,2.4844690196041546,-2.00906510722719,1.4465608655101447,1.0,0.0,0.0,0
-1.455336991308996,-1.0844375546647627,1.0362764829929816,-1.1595154058928923,1.4778796962525915,1.0,0.0,0.0,0
1.2412507526914143,0.13052129339114543,-0.4729509881113826,0.2997111399283723,0.0058946513575962945,1.0,0.0,0.0,0
0.9915667023210047,0.33301443473380316,-0.6338612699570685,0.46962108019523213,-0.495206640521551,0.0,1.0,0.0,0
-1.2056529409385865,-1.151935268445623,-0.33978385830805635,0.2297482233479004,1.3369449579115813,1.0,0.0,0.0,0
1.2911875627655074,0.4005121485147019,0.05416890069345044,-0.24999749034676158,1.4309014501389214,1.0,0.0,0.0,0
1.141377132543256,0.9404938587617381,1.75204980568586,-1.6092770124816382,-1.0119673477719215,0.0,1.0,0.0,0
0.4422617915060928,0.8729961449808777,1.452423763628376,-1.5393140959011664,-0.11938067161219053,0.0,1.0,0.0,0
-1.8548314719016565,-1.8269124062544566,-0.9279386816060806,1.768932388118276,-1.1685615014841553,1.0,0.0,0.0,0
1.3910611829136654,1.6154709965705716,-0.9057441599721929,1.708964173906443,-1.560046885764739,1.0,0.0,0.0,0
0.5920722217283441,0.67050300363822,0.026425748651090805,-0.07009284771126352,1.7127709268209417,1.0,0.0,0.0,0
-0.8061584603459542,-0.004474134170613608,0.08191205273581008,-0.26998689508403945,-0.07240242549852047,1.0,0.0,0.0,0
-0.25685354953104217,-0.47695813063678943,-0.3453324887165283,0.039848878343763404,0.4756771124942969,1.0,0.0,0.0,0
1.091440322469163,0.7380007174191187,0.07636342232733814,-0.5898173708804806,-0.2916342406956474,0.0,0.0,1.0,0
0.6420090318024373,0.805498431199979,0.7144559193016098,-0.9896054656260325,-1.4034527320525054,1.0,0.0,0.0,0
0.04276731091346047,-0.4094604168559291,-0.41746468402666337,0.1697800091360682,-1.2155397475978251,1.0,0.0,0.0,0
0.7918194620246887,0.4005121485147019,-0.33978385830805635,-0.3399498116645106,1.7284303421921652,1.0,0.0,0.0,0
0.14264093106161854,1.0754892863235355,-0.6227640091401246,1.6190118525886938,-1.560046885764739,0.0,0.0,1.0,0
-0.3067903596051354,0.33301443473380316,1.1638949823878357,-1.1894995129988084,1.1177131427144544,1.0,0.0,0.0,0
-0.5564744099755448,-0.6119535581985485,-0.4840482489283265,0.5495786991443422,1.3839232040252514,1.0,0.0,0.0,0
-0.856095270420019,-0.7469489857603459,0.9364011356404868,-1.2694571319479189,0.9767784043734442,1.0,0.0,0.0,0
0.8417562720987535,0.67050300363822,-0.18997083727931435,-0.2899762998213166,1.2899667117979112,0.0,1.0,0.0,0
1.7406188534322329,1.0754892863235355,0.1263010960035855,-0.5798226685118416,-0.009764764013627058,0.0,1.0,0.0,0
-0.5065375999014515,-0.07197184795151232,0.04862027028497851,-0.5498385614059255,1.6657926807072716,1.0,0.0,0.0,0
-0.6064112200496096,-0.7469489857603459,-0.7614797693519229,-0.21001868087220654,-1.654003377992079,1.0,0.0,0.0,0
1.6906820433581398,1.1429870001043958,-0.739285247718035,0.7094939370425631,1.6501332653360483,1.0,0.0,0.0,0
1.141377132543256,0.5355075760764609,0.3981839860187099,-0.819695525359173,0.9611189890022208,0.0,1.0,0.0,0
1.4909348030618235,1.5479732827897112,2.1792943471381983,-1.8091710598544142,0.38172062026695674,1.0,0.0,0.0,0
-1.3554633711608377,-1.151935268445623,-0.25100577177250555,-0.18003457376628973,-1.4660903935373988,1.0,0.0,0.0,0
0.09270412098752531,-0.4094604168559291,-0.21216535891320204,-0.00012993113079164646,-0.9336702709158049,0.0,1.0,0.0,0
-1.2056529409385865,-1.151935268445623,-0.5617290746469334,0.7794568536230343,-0.36993131755176417,1.0,0.0,0.0,0
0.8417562720987535,0.5355075760764609,-0.8558064862959456,1.06930322231356,0.39738003563818014,1.0,0.0,0.0,0
-1.455336991308996,-1.4894238373500397,-0.739285247718035,2.038789352071523,0.39738003563818014,1.0,0.0,0.0,0
-1.6051474215312471,-1.6244192649117988,-0.7836742909858105,0.6695151275680081,0.569633604721637,1.0,0.0,0.0,0
-0.40666397975329344,-0.7469489857603459,0.2705654866238556,0.14979060439879033,0.6635900969489771,1.0,0.0,0.0,0
1.091440322469163,0.4005121485147019,0.5147052245966204,-0.9496266561514775,0.22512646655472324,1.0,0.0,0.0,0
-0.25685354953104217,-0.47695813063678943,-0.6505071611824843,0.919382686783978,1.1177131427144544,1.0,0.0,0.0,0
0.6420090318024373,0.4005121485147019,-0.6837989436333158,0.5195945920384261,-0.30729365606687076,1.0,0.0,0.0,0
1.7406188534322329,1.6154709965705716,-1.1054948546771823,0.44963167545795424,-0.495206640521551,1.0,0.0,0.0,0
0.7418826519505954,0.33301443473380316,1.0973114174861727,-1.069563084575143,0.09985114358493641,0.0,1.0,0.0,0
-0.9559688905681771,-1.016939840883864,-0.22881125013861783,0.9393720915212552,-1.607025131878409,1.0,0.0,0.0,0
-0.756221650271861,-1.151935268445623,-0.5506318138299896,0.3596793541402052,-1.607025131878409,0.0,1.0,0.0,0
-1.2056529409385865,-0.5444558444176881,-0.5395345530130458,0.8094409607289511,-1.6853222087345259,0.0,1.0,0.0,0
0.9416298922469115,-0.13946956173237265,-0.17887357646237048,0.46962108019523213,0.3660612048957334,1.0,0.0,0.0,0
1.041503512395098,0.46800986229556224,-0.972327724873856,0.7794568536230343,1.6501332653360483,0.0,1.0,0.0,1
0.4422617915060928,0.805498431199979,-0.11783864196917929,-0.49986504956273153,-0.2759748253244241,0.0,0.0,1.0,0
0.24251455120977664,0.67050300363822,2.967199865141212,-2.109012130913578,-1.5443874703935156,1.0,0.0,0.0,0
-1.6051474215312471,-1.286930696007382,-1.3884750055092505,2.198704589969744,1.4309014501389214,1.0,0.0,0.0,1
-1.305526561086773,-0.8144466995412062,0.44812165969495726,-0.6597802874609524,1.2273290503130179,1.0,0.0,0.0,0
-2.204389142420224,-2.569387257844189,-1.5327393961295206,2.1787151852324658,-1.2625179937114952,1.0,0.0,0.0,0
-0.6064112200496096,0.19801900717204413,0.1873360304967767,0.17977471150470642,-0.2603154099532007,0.0,1.0,0.0,0
0.492198601580186,0.19801900717204413,0.43147576846954144,-0.5498385614059255,0.28776412803961665,1.0,0.0,0.0,0
-1.6051474215312471,-1.4219261235691794,1.685466240784197,-1.4793458816893337,0.13116997432738312,0.0,1.0,0.0,0
-0.5065375999014515,-0.6794512719794472,-1.044459920183991,1.219223757843142,-0.9963079324006983,0.0,1.0,0.0,0
-0.9559688905681771,-0.07197184795151232,0.13184972641205742,-0.7197485016727854,-0.8866920248021348,1.0,0.0,0.0,0
0.6420090318024373,0.7380007174191187,-0.4729509881113826,0.029854175975124464,1.3056261271691345,1.0,0.0,0.0,0
-1.2555897510126797,-1.0844375546647627,-0.27320029340639324,-0.030114038236707757,-1.1529020861129318,0.0,0.0,1.0,0
-1.505273801383089,-1.4219261235691794,-0.7059934652672035,0.7394780441484793,0.0685323128424897,0.0,1.0,0.0,0
0.6919458418765022,0.4005121485147019,0.7477477017524413,-0.6397908827236746,-0.9180108555445815,0.0,0.0,1.0,0
1.8904292836544843,2.0204572792558873,-0.6227640091401246,0.2997111399283723,-1.6853222087345259,1.0,0.0,0.0,0
-0.856095270420019,-0.6794512719794472,-0.18997083727931435,0.12980119966151243,-0.228996579210754,0.0,1.0,0.0,0
-0.15697992938288408,-0.2744649892941317,-0.02906055543362846,-0.09008225244854068,1.0707348966007844,0.0,1.0,0.0,0
-1.2056529409385865,-0.9494421271029653,-0.6948962044502597,0.5395839967757032,0.4756771124942969,0.0,1.0,0.0,0
1.4409979929877303,0.7380007174191187,0.087460683144282,-0.6098067756177584,-0.18201833309708393,1.0,0.0,0.0,0
-1.305526561086773,-1.2194329822265217,-1.3440859622414751,1.209229055474503,1.6188144345936015,1.0,0.0,0.0,0
1.091440322469163,0.7380007174191187,-0.3508811191250002,-0.04010874060534669,-0.18201833309708393,0.0,0.0,1.0,0
-0.6064112200496096,-0.13946956173237265,0.6867127672592501,-1.1795048106301698,-0.6361413788625612,1.0,0.0,0.0,0
0.29245136128386984,0.8729961449808777,-0.04570644665904424,-0.1500504666603736,-1.6853222087345259,1.0,0.0,0.0,0
-2.204389142420224,-2.636884971625049,-0.4285619448436072,0.919382686783978,0.7888654199187639,0.0,1.0,0.0,0
-0.6064112200496096,-0.13946956173237265,-0.7004448348587317,0.5495786991443422,-0.6831196249762312,0.0,1.0,0.0,0
1.7905556635063262,1.8854618516941282,6.21314865409729,-2.8586148085614878,-1.2781774090827187,0.0,1.0,0.0,1
0.9416298922469115,0.19801900717204413,-0.7836742909858105,0.39965816361476025,-0.6674602096050078,1.0,0.0,0.0,0
0.6420090318024373,0.6030052898573213,3.472125232312157,-2.25893266644316,0.5539741893504136,1.0,0.0,0.0,0
0.7918194620246887,0.26551672095290446,-0.46740235770291066,-0.10007695481717963,0.16248880506982982,0.0,1.0,0.0,0
1.141377132543256,0.9404938587617381,-0.9279386816060806,0.5995522109875362,-0.3386124868093175,0.0,0.0,1.0,0
-0.10704311930879085,-0.6119535581985485,-0.46185372729443874,-0.06009814534262457,1.587495603851155,0.0,1.0,0.0,0
-1.405400181234931,-0.9494421271029653,-0.295394815040281,0.6595204251993692,-0.15069950235463722,0.0,0.0,1.0,0
-1.405400181234931,-1.4219261235691794,0.22617644335608017,-0.41990743061362146,0.5069959432367436,1.0,0.0,0.0,0
1.141377132543256,1.2104847138852945,-0.9445845728314964,1.6190118525886938,1.5718361884799317,1.0,0.0,0.0,1
-0.5564744099755448,-0.004474134170613608,-0.6505071611824843,0.3596793541402052,-0.46388780977910427,1.0,0.0,0.0,0
1.840492473580391,2.0204572792558873,-0.46185372729443874,0.5495786991443422,-0.8866920248021348,1.0,0.0,0.0,0
0.09270412098752531,-0.13946956173237265,-0.6061181179147088,1.499075424165028,-0.08806184086974382,1.0,0.0,0.0,0
0.7418826519505954,0.7380007174191187,-0.7947715518027544,0.34968465177156627,0.0685323128424897,0.0,1.0,0.0,0
-0.6563480301237028,0.19801900717204413,-0.2454571413640336,-0.13006106192309574,-0.30729365606687076,0.0,1.0,0.0,0
0.14264093106161854,1.2104847138852945,2.578795736548177,-2.0390492143331063,-1.4974092242798456,1.0,0.0,0.0,0
-0.8061584603459542,-1.3544284097882808,-0.07344959870140388,0.10981179492423528,0.8515030814036574,1.0,0.0,0.0,0
0.8916930821728467,0.7380007174191187,0.32050316030010295,-1.0195895727319488,1.0863943119720076,0.0,1.0,0.0,0
0.7418826519505954,0.67050300363822,0.2095305521306644,-0.030114038236707757,0.16248880506982982,0.0,1.0,0.0,0
0.19257774113568338,-0.4094604168559291,-0.05125507706751617,0.039848878343763404,0.0685323128424897,0.0,0.0,1.0,0
1.141377132543256,0.46800986229556224,0.40373261642718183,-0.6597802874609524,0.49133652786552023,1.0,0.0,0.0,0
-0.9060320804941122,-1.286930696007382,-0.8724523775213614,0.34968465177156627,-1.1059238399992617,1.0,0.0,0.0,0
0.8417562720987535,-0.07197184795151232,-0.5839235962808211,0.7894515559916733,1.274307296426688,0.0,1.0,0.0,0
0.8417562720987535,0.6030052898573213,0.5368997462305081,-0.869669037202367,-1.027626763143145,1.0,0.0,0.0,0
-1.1557161308645216,-0.6119535581985485,-0.3453324887165283,-0.1700398713976515,-0.7457572864611246,1.0,0.0,0.0,0
-0.10704311930879085,-0.6119535581985485,0.03752300946803466,-0.4398968353508986,-0.228996579210754,1.0,0.0,0.0,0
1.8904292836544843,1.9529595654749885,-0.9556818336484403,0.9893456033644492,1.321285542540358,1.0,0.0,0.0,0
-0.40666397975329344,-1.016939840883864,-0.9168414207891368,1.359149591004085,0.5539741893504136,1.0,0.0,0.0,0
0.09270412098752531,1.1429870001043958,0.3537949427509345,-0.9496266561514775,1.0707348966007844,1.0,0.0,0.0,0
-0.8061584603459542,-0.5444558444176881,-0.6338612699570685,0.5495786991443422,-1.5130686396510689,1.0,0.0,0.0,0
2.0402397138767356,2.3579458481603037,-0.3841729015758318,0.5795628062502584,-0.35427190218054083,0.0,1.0,0.0,0
-1.7549578517534985,-1.7594146924735963,-1.050008550592463,1.5590436383768609,-0.6048225481201145,0.0,1.0,0.0,0
-1.0059057006422703,-1.3544284097882808,-0.10674138115223544,-0.04010874060534669,-0.8866920248021348,0.0,0.0,1.0,0
0.9416298922469115,0.6030052898573213,0.1928846609052486,-0.8596743348337283,-1.2625179937114952,1.0,0.0,0.0,0
0.14264093106161854,0.46800986229556224,-0.001317403391268828,-0.7697220135159794,0.24078588192594658,1.0,0.0,0.0,0
0.4422617915060928,1.4129778552279522,1.7298552840519723,-1.6992293337993873,0.7575465891763172,0.0,1.0,0.0,0
0.9416298922469115,0.19801900717204413,-0.3009434454487529,0.6295363180934523,-1.3094962398251653,1.0,0.0,0.0,0
0.6919458418765022,0.7380007174191187,-0.37307564075888794,0.44963167545795424,0.8045248352899873,1.0,0.0,0.0,0
0.4422617915060928,0.5355075760764609,-0.4840482489283265,0.3596793541402052,1.2116696349417944,0.0,1.0,0.0,0
-1.305526561086773,-1.2194329822265217,0.5535456374559239,-0.6198014779863974,-1.0746050092568151,1.0,0.0,0.0,0
0.29245136128386984,0.4005121485147019,-0.4729509881113826,-0.030114038236707757,-0.6361413788625612,1.0,0.0,0.0,0
-0.6064112200496096,-0.20696727551327135,-0.445207836069023,0.7294833417798403,0.522655358607967,0.0,1.0,0.0,0
-1.2056529409385865,-0.2744649892941317,-1.1609811587619014,1.309176079160891,-1.5757063011359624,0.0,1.0,0.0,0
0.04276731091346047,-0.13946956173237265,-0.04015781625057232,-0.020119335868069525,0.11551055895615976,1.0,0.0,0.0,0
-0.5065375999014515,0.0630235796102851,0.4370243988780134,-1.0795577869437818,-0.7144384557186779,1.0,0.0,0.0,0
-1.405400181234931,-1.286930696007382,0.8309771578795202,-0.879663739571006,0.5852930200928603,1.0,0.0,0.0,0
0.04276731091346047,0.0630235796102851,-0.5339859226045738,0.9293773891526163,-0.7300978710899013,0.0,1.0,0.0,0
-1.7549578517534985,-1.8269124062544566,-0.21216535891320204,0.20975881861062326,0.8515030814036574,1.0,0.0,0.0,0
-0.856095270420019,-1.151935268445623,-0.595020857097765,0.6895045323052853,-0.6674602096050078,1.0,0.0,0.0,0
-1.305526561086773,-1.016939840883864,-0.3897215319843037,0.5095998896697872,-0.6987790403474545,0.0,0.0,1.0,0
1.840492473580391,1.8179641379132294,-1.0000708769162157,1.6789800668005261,1.3526043732828046,1.0,0.0,0.0,1
-0.856095270420019,-1.0844375546647627,-0.001317403391268828,0.33968994940292735,-0.6048225481201145,0.0,1.0,0.0,0
-0.007169499160632764,-0.6119535581985485,0.47031618132884495,-0.919642549045561,0.7418871738050938,0.0,1.0,0.0,0
0.7418826519505954,0.0630235796102851,-0.3952701623927756,0.07982768781831845,-1.1842209168553786,0.0,1.0,0.0,0
-0.5564744099755448,-0.8819444133221049,-0.7614797693519229,0.9793509009958102,0.9298001582597741,0.0,1.0,0.0,0
0.9416298922469115,0.4005121485147019,-0.40081879280124755,-0.07009284771126352,-1.1842209168553786,1.0,0.0,0.0,0
0.39232498143202793,0.19801900717204413,1.824182000995995,-1.5493087982698053,-0.1976777484683073,0.0,1.0,0.0,0
0.24251455120977664,1.0079915725426367,-1.3163428101991155,0.9593614962585331,-0.4325689790366576,1.0,0.0,0.0,0
0.7918194620246887,0.46800986229556224,1.3969374595436568,-1.6192717148502769,-0.41690956366543425,0.0,1.0,0.0,0
-0.6064112200496096,-0.07197184795151232,-1.044459920183991,0.7194886394112021,-0.542184886635221,1.0,0.0,0.0,0
1.8904292836544843,1.9529595654749885,-0.140033163603067,-0.5698279661432034,1.1333725580856777,1.0,0.0,0.0,0
-0.7062848401977677,-0.20696727551327135,0.5313511158220362,-0.7797167158846176,0.037213482100043,0.0,1.0,0.0,0
0.7418826519505954,0.33301443473380316,0.9031093531896552,-1.129531298786976,0.4286988663806268,1.0,0.0,0.0,0
1.6906820433581398,1.2104847138852945,0.13739835682052934,-0.4099127282449825,0.9924378197446675,1.0,0.0,0.0,0
0.24251455120977664,0.8729961449808777,-0.3564297495334722,0.6295363180934523,-0.9180108555445815,1.0,0.0,0.0,0
0.5421354116542793,0.7380007174191187,-0.8613551167044174,0.2497376280851783,1.2116696349417944,0.0,1.0,0.0,0
-0.8061584603459542,-0.3419627030750304,-1.0833003330432946,0.5295892944070644,0.22512646655472324,0.0,1.0,0.0,0
-1.0059057006422703,-1.3544284097882808,-0.5894722266892931,-0.08008755007990175,-0.3229530714380941,1.0,0.0,0.0,0
-0.007169499160632764,-0.47695813063678943,-0.7337366173095632,0.38966346124612133,0.4756771124942969,0.0,1.0,0.0,0
1.3910611829136654,0.5355075760764609,-0.12893590278612316,-0.05010344297398563,-1.3251556551963888,1.0,0.0,0.0,0
-0.4566007898273583,-1.151935268445623,0.10965520477816972,-0.6297961803550356,-1.2155397475978251,1.0,0.0,0.0,0
-0.5065375999014515,-0.004474134170613608,-1.122140745902598,1.738948281012359,0.6009524354640837,0.0,1.0,0.0,0
0.24251455120977664,0.9404938587617381,-0.8280633342535859,1.1892396507372252,-0.6204819634913378,0.0,1.0,0.0,0
1.141377132543256,0.0630235796102851,0.13184972641205742,-0.2200133832408455,-1.1998803322266018,0.0,1.0,0.0,0
-0.5564744099755448,0.19801900717204413,0.24282233458149596,-0.7397379064100625,1.9163433266468453,1.0,0.0,0.0,0
-0.9559688905681771,-0.6794512719794472,-0.23435988054708976,0.049843580712402344,-0.7770761172035714,1.0,0.0,0.0,0
1.2911875627655074,0.26551672095290446,0.5479970070474519,-0.37992862113906567,-0.36993131755176417,1.0,0.0,0.0,0
1.041503512395098,0.67050300363822,-0.972327724873856,0.9993403057330881,1.5248579423662616,1.0,0.0,0.0,0
0.492198601580186,0.805498431199979,-0.7059934652672035,0.20975881861062326,-0.6831196249762312,1.0,0.0,0.0,0
-1.5552106114571824,-1.6919169786926975,0.09300931355275392,-0.879663739571006,0.13116997432738312,0.0,1.0,0.0,0
0.6919458418765022,0.26551672095290446,0.8309771578795202,-0.9396319537828385,0.037213482100043,1.0,0.0,0.0,0
-1.455336991308996,-1.151935268445623,-0.2621030325894494,0.14979060439879033,0.522655358607967,0.0,0.0,1.0,0
-0.9559688905681771,-1.3544284097882808,0.02087711824261888,0.18976941387334537,-0.542184886635221,0.0,1.0,0.0,0
-0.856095270420019,-1.016939840883864,0.37044083397635025,-0.6397908827236746,-0.6361413788625612,1.0,0.0,0.0,0
-0.5564744099755448,0.0630235796102851,2.2458779120398615,-1.659250524324832,1.321285542540358,1.0,0.0,0.0,0
0.24251455120977664,1.0754892863235355,0.19843329131372053,-0.7497326087787015,0.9454595736309974,1.0,0.0,0.0,0
0.492198601580186,0.33301443473380316,2.1792943471381983,-1.8291604645916917,-0.4482283944078809,1.0,0.0,0.0,0
-0.007169499160632764,0.9404938587617381,-0.8613551167044174,0.6095469133561752,-1.5757063011359624,0.0,1.0,0.0,0
1.8904292836544843,1.6829687103514703,1.158346351979364,-1.4893405840579723,1.0550754812295609,0.0,0.0,1.0,0
0.04276731091346047,-0.2744649892941317,-0.4230133144351353,0.5095998896697872,0.08419172821371305,0.0,0.0,1.0,0
0.4422617915060928,0.5355075760764609,-0.3508811191250002,-0.10007695481717963,-1.5287280550222924,1.0,0.0,0.0,0
1.9903029038026423,2.087954993036786,-0.7281879869010912,-0.020119335868069525,0.38172062026695674,0.0,0.0,1.0,0
0.7418826519505954,0.7380007174191187,2.978297125958156,-2.129001535650856,-0.07240242549852047,1.0,0.0,0.0,0
0.29245136128386984,1.0754892863235355,-0.367527010350416,-0.8496796324650895,-0.6048225481201145,0.0,1.0,0.0,0
0.09270412098752531,-0.2744649892941317,-0.6061181179147088,1.2691972696863358,-0.9493296862870282,1.0,0.0,0.0,0
1.8904292836544843,1.8179641379132294,-0.972327724873856,0.9293773891526163,0.9298001582597741,0.0,1.0,0.0,0
-1.2555897510126797,-0.8819444133221049,-0.47849961851985456,-0.24000278797812266,0.0685323128424897,1.0,0.0,0.0,0
1.6906820433581398,1.5479732827897112,0.004231227017203099,-0.13006106192309574,-0.18201833309708393,1.0,0.0,0.0,0
0.24251455120977664,-0.13946956173237265,-0.5228886617876299,0.38966346124612133,0.8828219121461041,1.0,0.0,0.0,0
-1.455336991308996,-1.016939840883864,0.087460683144282,-0.37992862113906567,-1.6853222087345259,1.0,0.0,0.0,0
-1.2056529409385865,-0.3419627030750304,0.46476755092037303,-0.6897643945668686,1.822386834419505,0.0,0.0,1.0,0
0.29245136128386984,-0.13946956173237265,0.6645182456253624,-1.1095418940496984,0.30342354341084,0.0,1.0,0.0,0
-1.7050210416794052,-1.5569215511309384,0.6367750935830028,-0.8996531443082835,-0.2603154099532007,0.0,0.0,1.0,0
0.39232498143202793,0.6030052898573213,-0.09564412033529159,0.6195416157248141,-0.8083949479460181,0.0,1.0,0.0,0
-0.25685354953104217,-0.8819444133221049,-1.2109188324381488,1.1892396507372252,0.09985114358493641,0.0,1.0,0.0,0
1.5908084232099817,0.9404938587617381,0.392635355610238,-0.44989153771953755,-0.6987790403474545,1.0,0.0,0.0,0
-0.9559688905681771,-0.7469489857603459,-1.0333626593670473,0.6195416157248141,1.0237566504871143,0.0,1.0,0.0,0
-1.0558425107163636,-1.6244192649117988,0.05971753110192237,-0.10007695481717963,-1.1372426707417085,1.0,0.0,0.0,0
0.6919458418765022,0.805498431199979,0.009779857425675026,-0.3699339187704274,-1.246858578340272,0.0,1.0,0.0,0
1.2911875627655074,1.1429870001043958,0.015328487834146953,-0.5898173708804806,0.4600176971230735,1.0,0.0,0.0,0
1.2911875627655074,0.67050300363822,2.5621498453227614,-1.9291074882780797,0.4600176971230735,1.0,0.0,0.0,0
0.4422617915060928,0.67050300363822,0.09300931355275392,-0.1200663595544575,0.30342354341084,0.0,1.0,0.0,0
1.840492473580391,1.750466424132369,-0.6116667483231808,0.3296952470342884,1.274307296426688,0.0,1.0,0.0,0
-1.405400181234931,-1.4219261235691794,1.152797721570892,-1.0995471916810593,1.2586478810554644,0.0,1.0,0.0,0
1.3411243728395723,0.33301443473380316,-1.5327393961295206,2.778397327350794,1.3995826193964747,1.0,0.0,0.0,1
-0.10704311930879085,-0.20696727551327135,-0.600569487506237,0.029854175975124464,-0.10372125624096717,1.0,0.0,0.0,0
1.840492473580391,1.9529595654749885,-0.43965920566055106,0.9793509009958102,-1.654003377992079,0.0,0.0,1.0,0
-1.2555897510126797,-0.7469489857603459,-0.5339859226045738,0.34968465177156627,-1.6853222087345259,1.0,0.0,0.0,0
0.14264093106161854,1.2104847138852945,-0.17332494605389856,0.3097058422970112,-0.7927355325747947,1.0,0.0,0.0,0
-0.007169499160632764,0.9404938587617381,0.5258024854135642,-0.8097008229905344,-1.6853222087345259,1.0,0.0,0.0,0
-1.2555897510126797,-1.151935268445623,0.026425748651090805,0.07982768781831845,-1.1059238399992617,1.0,0.0,0.0,0
-1.3554633711608377,-1.0844375546647627,-0.445207836069023,-0.06009814534262457,-0.761416701832348,1.0,0.0,0.0,0
-0.4566007898273583,-0.004474134170613608,-0.8058688126196982,0.6595204251993692,-1.2625179937114952,1.0,0.0,0.0,0
0.5920722217283441,0.5355075760764609,0.9530470268659026,-1.1095418940496984,-1.0902644246280384,1.0,0.0,0.0,0
1.191313942617321,0.67050300363822,-0.6449585307740123,0.6195416157248141,1.2273290503130179,1.0,0.0,0.0,0
0.5920722217283441,0.805498431199979,0.10410657436969778,-0.5898173708804806,1.509198526995038,1.0,0.0,0.0,0
-0.5065375999014515,-0.9494421271029653,-0.5839235962808211,0.5895575086188972,0.0058946513575962945,1.0,0.0,0.0,0
-0.4566007898273583,-0.8144466995412062,-0.6116667483231808,1.0093350081017272,-0.36993131755176417,1.0,0.0,0.0,0
0.24251455120977664,1.0754892863235355,-0.5117914009706861,0.5395839967757032,1.509198526995038,1.0,0.0,0.0,0
1.091440322469163,0.6030052898573213,-1.3163428101991155,1.339160186266807,-0.7770761172035714,0.0,1.0,0.0,0
0.8916930821728467,0.6030052898573213,-0.5006941401537423,-0.3499445140331496,-1.1685615014841553,1.0,0.0,0.0,0
2.0901765239508006,2.290448134379405,-0.4563050968859668,0.9393720915212552,-0.18201833309708393,1.0,0.0,0.0,0
-0.15697992938288408,0.33301443473380316,0.30385726907468713,-0.45988624008817647,0.4130394510094035,0.0,1.0,0.0,0
-0.15697992938288408,-0.4094604168559291,0.6145805719491151,-1.0195895727319488,-0.228996579210754,1.0,0.0,0.0,0
-0.756221650271861,-0.4094604168559291,-0.09564412033529159,0.7394780441484793,-1.3721339013100589,0.0,1.0,0.0,0
1.2412507526914143,0.33301443473380316,-0.17887357646237048,-0.05010344297398563,0.616611850835307,1.0,0.0,0.0,0
-0.15697992938288408,-0.2744649892941317,0.004231227017203099,-0.5598332637745644,-0.2603154099532007,0.0,1.0,0.0,0
-0.7062848401977677,-0.20696727551327135,-0.4230133144351353,-0.09008225244854068,-0.6518007942337846,0.0,0.0,1.0,0
-0.10704311930879085,-0.20696727551327135,0.47031618132884495,-0.5798226685118416,-0.18201833309708393,1.0,0.0,0.0,0
-0.756221650271861,-0.3419627030750304,-0.31204070626569674,0.47961578256387033,-0.24465599458197734,0.0,1.0,0.0,0
1.9403660937285492,2.222950420598545,-0.17887357646237048,-0.5698279661432034,0.835843666032434,0.0,1.0,0.0,0
-1.3554633711608377,-0.9494421271029653,-1.0056195073246876,0.7594674488857571,0.037213482100043,1.0,0.0,0.0,0
0.09270412098752531,1.0754892863235355,1.2637703297403304,-1.3594094532656682,-1.3721339013100589,1.0,0.0,0.0,0
-1.1557161308645216,-0.8144466995412062,1.979543652433209,-1.5493087982698053,1.2273290503130179,1.0,0.0,0.0,0
-1.2056529409385865,-0.6794512719794472,-0.6227640091401246,0.5595734015129812,1.1177131427144544,0.0,1.0,0.0,0
-0.6563480301237028,-0.004474134170613608,0.087460683144282,-0.7397379064100625,1.3995826193964747,1.0,0.0,0.0,0
-0.6064112200496096,0.0630235796102851,-0.3231379670826406,0.7394780441484793,1.2429884656842412,1.0,0.0,0.0,0
1.141377132543256,1.0079915725426367,1.4135833507690725,-1.3893935603715843,-1.5757063011359624,1.0,0.0,0.0,0
-0.6064112200496096,-0.8819444133221049,-0.22881125013861783,-0.05010344297398563,-0.2916342406956474,0.0,1.0,0.0,0
-0.40666397975329344,0.19801900717204413,-0.5506318138299896,0.6994992346739242,-1.3564744859388354,1.0,0.0,0.0,0
-0.25685354953104217,0.0630235796102851,0.25391959539843983,-0.47987564482545364,-0.9023514401733582,1.0,0.0,0.0,0
-0.6064112200496096,-0.4094604168559291,-0.8447092254790017,1.409123102847279,0.9924378197446675,1.0,0.0,0.0,0
-0.5564744099755448,0.19801900717204413,0.0652661615103943,-0.47987564482545364,-0.9023514401733582,0.0,1.0,0.0,0
1.191313942617321,1.2104847138852945,0.6034833111321712,-0.9996001679946714,0.22512646655472324,1.0,0.0,0.0,0
1.6407452332840748,1.1429870001043958,-0.001317403391268828,-0.1500504666603736,1.7754085883058353,1.0,0.0,0.0,0
-0.2069167394569489,0.0630235796102851,2.8728731481971894,-1.959091595383996,-0.7457572864611246,1.0,0.0,0.0,0
-1.305526561086773,-1.2194329822265217,-0.8502578558874736,0.09981709255559633,-1.1372426707417085,1.0,0.0,0.0,0
-0.7062848401977677,-0.2744649892941317,0.13184972641205742,-0.49986504956273153,-1.3564744859388354,1.0,0.0,0.0,0
-0.9559688905681771,-1.6919169786926975,-0.25655440218097747,0.36967405650884416,0.7105683430626472,1.0,0.0,0.0,0
-0.5564744099755448,-0.9494421271029653,-0.12338727237765122,-0.020119335868069525,0.09985114358493641,0.0,1.0,0.0,0
-1.3554633711608377,-1.4219261235691794,1.4302292419944882,-1.5293193935325278,-0.5108660558927743,1.0,0.0,0.0,0
-1.0558425107163636,-0.20696727551327135,3.6330355141578434,-2.3189008806549927,-1.2625179937114952,1.0,0.0,0.0,0
0.29245136128386984,-0.20696727551327135,0.43147576846954144,-0.6797696921982296,1.2116696349417944,1.0,0.0,0.0,0
0.492198601580186,1.0754892863235355,0.38708672520176607,-0.41990743061362146,0.7575465891763172,0.0,1.0,0.0,0
0.19257774113568338,0.26551672095290446,0.026425748651090805,-0.3699339187704274,-1.3564744859388354,0.0,1.0,0.0,0
-0.756221650271861,-0.8819444133221049,0.6811641368507781,-1.169510108261531,-1.4504309781661755,0.0,1.0,0.0,0
0.19257774113568338,-0.20696727551327135,0.847623049104936,-1.2594624295792802,0.11551055895615976,1.0,0.0,0.0,0
1.2911875627655074,1.2779824276661549,0.5202538550050922,-0.9096478466769223,-0.2916342406956474,1.0,0.0,0.0,0
0.14264093106161854,0.7380007174191187,0.7588449625693852,-1.1395260011556145,0.7888654199187639,1.0,0.0,0.0,0
0.39232498143202793,1.2779824276661549,0.4536702901034292,-1.169510108261531,1.6188144345936015,0.0,1.0,0.0,0
0.6919458418765022,0.4005121485147019,-0.5228886617876299,0.38966346124612133,1.6031550192223782,1.0,0.0,0.0,0
-1.455336991308996,-0.9494421271029653,-0.5395345530130458,-0.2899762998213166,-0.761416701832348,1.0,0.0,0.0,0
-0.5065375999014515,0.19801900717204413,1.824182000995995,-1.5992823101129994,1.7754085883058353,1.0,0.0,0.0,0
1.9403660937285492,2.087954993036786,-0.6338612699570685,0.9293773891526163,1.4309014501389214,1.0,0.0,0.0,0
1.4409979929877303,1.750466424132369,-1.1720784195788454,1.988815840228329,-1.3094962398251653,1.0,0.0,0.0,0
0.5421354116542793,0.9404938587617381,-0.04570644665904424,-0.13006106192309574,-0.8240543633172414,1.0,0.0,0.0,0
0.4422617915060928,1.6154709965705716,-0.9279386816060806,1.099287329419476,0.5383147739791903,1.0,0.0,0.0,0
1.3910611829136654,1.5479732827897112,1.2471244385149147,-1.0095948703633104,0.8515030814036574,1.0,0.0,0.0,0
0.09270412098752531,0.19801900717204413,-0.5062427705622142,0.009864771237847294,1.587495603851155,0.0,1.0,0.0,0
-0.2069167394569489,0.13052129339114543,1.1306031999370043,-1.519324691163889,-0.13504008698341388,1.0,0.0,0.0,0
2.0901765239508006,2.560438989502962,-0.7670283997603947,1.389133698110001,0.5383147739791903,1.0,0.0,0.0,0
-1.2555897510126797,-1.0844375546647627,0.8087826362456325,-1.1894995129988084,-1.4504309781661755,0.0,1.0,0.0,0
1.7905556635063262,1.2104847138852945,-1.7602332428768697,2.678450303664406,0.6322712662065304,1.0,0.0,0.0,1
-0.5564744099755448,-0.004474134170613608,0.8531716795134079,-1.1195365964183368,-0.8083949479460181,1.0,0.0,0.0,0
-1.2555897510126797,-1.016939840883864,0.40373261642718183,-0.9996001679946714,0.8671624967748807,0.0,1.0,0.0,0
-0.756221650271861,-0.8819444133221049,0.19843329131372053,-0.6098067756177584,0.31908295878206333,1.0,0.0,0.0,0
0.6420090318024373,0.19801900717204413,-0.43965920566055106,0.14979060439879033,1.3995826193964747,1.0,0.0,0.0,0
-1.2555897510126797,-0.8144466995412062,-1.277502397339812,1.72895357864372,-1.6853222087345259,1.0,0.0,0.0,0
0.492198601580186,1.0754892863235355,-1.038911289775519,2.348625125499326,0.5539741893504136,1.0,0.0,0.0,0
1.091440322469163,0.6030052898573213,-0.2842975542233371,0.41964756835203815,-0.7927355325747947,0.0,1.0,0.0,0
1.041503512395098,0.6030052898573213,0.6589696152168905,-0.969616060888755,1.2273290503130179,1.0,0.0,0.0,0
-0.6064112200496096,-0.004474134170613608,-0.012414664208212682,-0.010124633499430586,1.2899667117979112,1.0,0.0,0.0,0
0.04276731091346047,1.0079915725426367,-1.1387866371280138,1.39912840047864,-1.2781774090827187,1.0,0.0,0.0,0
0.04276731091346047,-0.2744649892941317,-0.21216535891320204,-0.2000239785035676,0.7732060045475406,0.0,1.0,0.0,0
0.24251455120977664,-0.4094604168559291,0.5701915286813396,-0.37992862113906567,-0.07240242549852047,0.0,0.0,1.0,0
1.041503512395098,0.46800986229556224,-1.0000708769162157,0.9293773891526163,-1.0432861785143683,1.0,0.0,0.0,1
1.2412507526914143,1.0079915725426367,0.3537949427509345,-0.7597273111473404,1.3526043732828046,1.0,0.0,0.0,0
1.141377132543256,0.9404938587617381,-0.33423522789958443,0.5595734015129812,-0.761416701832348,0.0,1.0,0.0,0
-0.8061584603459542,-0.7469489857603459,-0.7614797693519229,0.47961578256387033,1.462220280881368,1.0,0.0,0.0,0
-1.2555897510126797,-0.4094604168559291,1.6188826758825339,-1.3394200485283905,-0.04108359475607377,0.0,1.0,0.0,0
1.2911875627655074,1.4129778552279522,-1.3940236359177225,2.848360243931266,-1.6853222087345259,1.0,0.0,0.0,1
1.091440322469163,1.0754892863235355,-0.8502578558874736,1.0493138175762822,-0.6048225481201145,0.0,1.0,0.0,0
0.29245136128386984,1.1429870001043958,-0.06235233788446003,0.38966346124612133,1.2116696349417944,1.0,0.0,0.0,0
1.4409979929877303,1.6829687103514703,-1.0111681377331596,1.499075424165028,-1.4974092242798456,0.0,0.0,1.0,0
-2.154452332346159,-2.636884971625049,-0.7281879869010912,0.7894515559916733,0.14682938969860648,1.0,0.0,0.0,0
-2.0545787121980013,-2.2993964027206326,-0.04015781625057232,-0.14005576429173466,-0.056743010127297114,0.0,1.0,0.0,0
-1.405400181234931,-1.286930696007382,0.9585956572743746,-0.9096478466769223,1.509198526995038,1.0,0.0,0.0,0
-0.3067903596051354,0.33301443473380316,-0.140033163603067,-0.3899233235077046,0.9611189890022208,1.0,0.0,0.0,0
0.5421354116542793,0.805498431199979,1.302610742599634,-1.0395789774692266,1.2273290503130179,1.0,0.0,0.0,0
-0.9060320804941122,-0.7469489857603459,-1.4495099400024418,1.39912840047864,-1.4034527320525054,1.0,0.0,0.0,0
0.7418826519505954,0.5355075760764609,-0.8724523775213614,1.239213162580419,0.8984813275173275,1.0,0.0,0.0,0
-0.40666397975329344,0.4005121485147019,-0.5339859226045738,1.0892926270508372,-0.35427190218054083,0.0,1.0,0.0,0
-1.5552106114571824,-1.286930696007382,0.087460683144282,-0.6297961803550356,1.900683911275622,1.0,0.0,0.0,0
1.5908084232099817,0.8729961449808777,-0.8114174430281702,1.2891866744236131,-1.4974092242798456,1.0,0.0,0.0,0
0.3423881713579347,1.2779824276661549,-0.8336119646620579,0.6495257228307302,1.2273290503130179,0.0,0.0,1.0,0
-1.6051474215312471,-1.3544284097882808,0.7532963321609132,-1.029584275100588,-0.9649891016582516,1.0,0.0,0.0,0
1.9403660937285492,2.0204572792558873,-0.12338727237765122,-0.39991802587634356,0.5383147739791903,0.0,0.0,1.0,0
1.2911875627655074,1.4129778552279522,0.7144559193016098,-1.129531298786976,1.1333725580856777,1.0,0.0,0.0,0
-2.204389142420224,-2.636884971625049,-0.672701682816372,0.6195416157248141,-1.3094962398251653,0.0,1.0,0.0,0
-1.3554633711608377,-0.8819444133221049,0.2650168562153837,-0.41990743061362146,0.6322712662065304,1.0,0.0,0.0,0
1.8904292836544843,2.087954993036786,-0.4507564664774949,0.21975352097926218,-1.293836824453942,1.0,0.0,0.0,0
0.7418826519505954,0.4005121485147019,4.953609551374162,-2.5787631422396013,0.28776412803961665,0.0,1.0,0.0,0
1.191313942617321,1.2104847138852945,-0.6837989436333158,0.6095469133561752,1.4778796962525915,1.0,0.0,0.0,0
0.19257774113568338,1.2104847138852945,0.07636342232733814,-0.6897643945668686,1.587495603851155,0.0,1.0,0.0,1
1.840492473580391,1.3454801414470536,-0.7614797693519229,0.8594144725721451,-0.495206640521551,0.0,1.0,0.0,0
-0.6064112200496096,0.0630235796102851,-1.6437120042989593,3.4480423860495937,1.3526043732828046,0.0,1.0,0.0,1
0.04276731091346047,-0.2744649892941317,0.6090319415406431,-0.6397908827236746,0.9454595736309974,1.0,0.0,0.0,0
0.9416298922469115,0.6030052898573213,-0.31204070626569674,-0.2999710021899556,-1.1372426707417085,0.0,1.0,0.0,0
0.3423881713579347,-0.2744649892941317,-0.017963294616684607,-0.2799815974526777,-1.3877933166812821,0.0,1.0,0.0,0
-0.3067903596051354,-0.8819444133221049,-0.19551946768778627,-0.2200133832408455,0.0685323128424897,1.0,0.0,0.0,0
2.1900501440989584,2.4254435619412025,-0.16222768523695472,-0.11007165718581856,1.4309014501389214,0.0,1.0,0.0,0
-0.7062848401977677,-0.07197184795151232,0.7144559193016098,-0.7697220135159794,-1.5913657165071857,0.0,1.0,0.0,0
-1.2555897510126797,-0.9494421271029653,-0.8835496383383052,1.349154888635446,1.321285542540358,1.0,0.0,0.0,0
-0.5065375999014515,0.13052129339114543,-0.900195529563721,2.248678101812938,-0.24465599458197734,1.0,0.0,0.0,1
1.191313942617321,0.0630235796102851,0.09300931355275392,-0.7097537993041464,0.38172062026695674,1.0,0.0,0.0,0
1.4909348030618235,0.805498431199979,-0.46185372729443874,0.39965816361476025,0.5383147739791903,1.0,0.0,0.0,0
0.29245136128386984,0.4005121485147019,2.1737457167297265,-1.7991763574857753,-1.3094962398251653,1.0,0.0,0.0,0
-0.756221650271861,-0.7469489857603459,1.0307278525845096,-0.8097008229905344,1.5248579423662616,1.0,0.0,0.0,0
0.39232498143202793,1.6154709965705716,-0.4119160536181914,0.36967405650884416,0.49133652786552023,0.0,1.0,0.0,0
0.3423881713579347,0.46800986229556224,0.009779857425675026,0.12980119966151243,-0.40125014829421085,1.0,0.0,0.0,0
-0.3067903596051354,-0.6794512719794472,-0.6893475740417878,1.1692502459999479,-0.7144384557186779,0.0,0.0,1.0,0
0.3423881713579347,0.8729961449808777,0.1263010960035855,-0.2899762998213166,-0.7770761172035714,0.0,1.0,0.0,0
-0.5065375999014515,0.19801900717204413,-0.5117914009706861,-0.010124633499430586,-0.46388780977910427,0.0,1.0,0.0,0
0.7918194620246887,0.6030052898573213,-0.8558064862959456,1.119276734156754,0.38172062026695674,1.0,0.0,0.0,0
-0.8061584603459542,-1.151935268445623,-0.4840482489283265,0.8494197702035061,-0.542184886635221,1.0,0.0,0.0,0
-1.1057793207904283,-1.0844375546647627,0.9696929180913184,-0.6797696921982296,1.0863943119720076,1.0,0.0,0.0,0
1.7905556635063262,1.6154709965705716,-0.43965920566055106,1.3691442933727238,1.6657926807072716,0.0,0.0,1.0,0
-1.405400181234931,-1.016939840883864,-0.5117914009706861,0.7894515559916733,1.2586478810554644,1.0,0.0,0.0,0
0.6420090318024373,0.26551672095290446,-0.21216535891320204,-0.020119335868069525,1.2429884656842412,0.0,1.0,0.0,0
-1.305526561086773,-0.9494421271029653,-0.5561804442384615,0.6395310204620913,0.09985114358493641,1.0,0.0,0.0,0
0.29245136128386984,-0.004474134170613608,0.5313511158220362,-0.8996531443082835,-0.009764764013627058,1.0,0.0,0.0,0
0.29245136128386984,-0.13946956173237265,0.009779857425675026,-0.37992862113906567,0.9141407428885507,0.0,0.0,1.0,0
-0.9060320804941122,-0.9494421271029653,-0.5894722266892931,-0.05010344297398563,-1.5757063011359624,1.0,0.0,0.0,0
0.19257774113568338,1.1429870001043958,-0.445207836069023,0.5595734015129812,-1.6383439626208558,1.0,0.0,0.0,0
-0.7062848401977677,-0.47695813063678943,-0.16222768523695472,0.07982768781831845,1.0863943119720076,0.0,1.0,0.0,0
0.3423881713579347,0.13052129339114543,-0.25655440218097747,-0.4099127282449825,-1.5287280550222924,1.0,0.0,0.0,0
1.840492473580391,1.6829687103514703,0.5646428982728677,-0.39991802587634356,0.2721047126683933,1.0,0.0,0.0,0
1.041503512395098,0.4005121485147019,-0.8558064862959456,1.359149591004085,-1.607025131878409,1.0,0.0,0.0,0
0.4422617915060928,0.9404938587617381,-0.5839235962808211,0.5395839967757032,0.16248880506982982,0.0,1.0,0.0,0
1.3411243728395723,1.4129778552279522,0.02087711824261888,-0.24999749034676158,-1.1685615014841553,1.0,0.0,0.0,0
0.7418826519505954,0.4005121485147019,-0.0789982291098758,0.18976941387334537,1.509198526995038,1.0,0.0,0.0,0
0.19257774113568338,0.13052129339114543,-0.8835496383383052,0.7294833417798403,-1.607025131878409,0.0,1.0,0.0,0
0.39232498143202793,0.5355075760764609,1.1195059391200604,-1.2894465366851964,-1.0746050092568151,1.0,0.0,0.0,0
0.8916930821728467,0.5355075760764609,-0.17332494605389856,-0.1200663595544575,-0.18201833309708393,0.0,1.0,0.0,0
1.9403660937285492,2.087954993036786,-0.5506318138299896,0.10981179492423528,-1.4974092242798456,1.0,0.0,0.0,0
1.9903029038026423,2.0204572792558873,-0.4729509881113826,0.6795098299366463,-1.2155397475978251,0.0,1.0,0.0,0
0.3423881713579347,0.67050300363822,-0.7559311389434509,0.8294303654662283,-0.5891631327488911,1.0,0.0,0.0,0
0.24251455120977664,0.46800986229556224,0.6367750935830028,-1.1395260011556145,0.835843666032434,0.0,0.0,1.0,0
0.7418826519505954,0.46800986229556224,0.31495452989163103,-0.45988624008817647,0.6635900969489771,1.0,0.0,0.0,0
1.141377132543256,0.5355075760764609,1.2360271776979708,-1.219483620104725,0.30342354341084,0.0,1.0,0.0,0
0.14264093106161854,0.7380007174191187,0.37044083397635025,-0.9096478466769223,0.7575465891763172,1.0,0.0,0.0,0
0.5920722217283441,0.26551672095290446,-0.12893590278612316,0.4396369730893153,-0.8553731940596881,1.0,0.0,0.0,0
-0.15697992938288408,-0.5444558444176881,-1.0222653985501033,0.47961578256387033,0.30342354341084,0.0,0.0,1.0,0
0.24251455120977664,-0.2744649892941317,-0.9612304640569121,1.019329710470366,1.7440897575633885,1.0,0.0,0.0,0
-1.505273801383089,-1.5569215511309384,-1.2442106148889804,2.0088052449656066,0.31908295878206333,1.0,0.0,0.0,0
1.7406188534322329,1.3454801414470536,-0.5728263354638773,0.5095998896697872,-1.1842209168553786,1.0,0.0,0.0,0
0.29245136128386984,-0.004474134170613608,-0.18997083727931435,-0.4099127282449825,-0.1976777484683073,1.0,0.0,0.0,0
-1.2555897510126797,-0.47695813063678943,1.069568265443813,-1.0095948703633104,-1.1842209168553786,1.0,0.0,0.0,0
-0.3567271696792002,-0.6119535581985485,0.0652661615103943,-0.09008225244854068,0.616611850835307,1.0,0.0,0.0,0
0.24251455120977664,-0.13946956173237265,2.218134759997502,-1.859144571697608,0.8828219121461041,1.0,0.0,0.0,0
0.3423881713579347,0.805498431199979,-0.7781256605773386,0.7894515559916733,-0.4325689790366576,1.0,0.0,0.0,0
-0.40666397975329344,-0.9494421271029653,0.25946822580691176,-0.42990213298225965,0.4756771124942969,0.0,1.0,0.0,0
1.041503512395098,0.9404938587617381,-0.40081879280124755,0.33968994940292735,-1.1685615014841553,0.0,1.0,0.0,0
1.191313942617321,0.805498431199979,-0.5062427705622142,1.0493138175762822,-0.8553731940596881,1.0,0.0,0.0,0
0.492198601580186,0.4005121485147019,-0.25655440218097747,-0.2200133832408455,1.5405173577374849,1.0,0.0,0.0,1
-1.3554633711608377,-0.9494421271029653,-0.37862427116735986,1.06930322231356,0.7732060045475406,0.0,1.0,0.0,0
0.14264093106161854,-0.47695813063678943,-0.822514703845114,1.788921792855553,1.509198526995038,0.0,1.0,0.0,0
-0.4566007898273583,-0.004474134170613608,0.22617644335608017,-0.39991802587634356,1.368263788654028,0.0,1.0,0.0,0
-0.5065375999014515,0.13052129339114543,0.19843329131372053,-0.2200133832408455,-1.027626763143145,1.0,0.0,0.0,0
1.3411243728395723,0.7380007174191187,-0.672701682816372,0.33968994940292735,0.35040178952451007,0.0,0.0,1.0,0
1.5408716131359168,0.8729961449808777,-0.3619783799419441,-0.5198544543000094,1.681452096078495,1.0,0.0,0.0,0
0.3423881713579347,0.67050300363822,-0.8946468991552491,1.159255543631309,0.35040178952451007,0.0,1.0,0.0,0
2.0402397138767356,2.290448134379405,-0.9168414207891368,1.6589906620632489,0.11551055895615976,1.0,0.0,0.0,0
-0.6064112200496096,-0.6794512719794472,0.6756155064423063,-1.0495736798378654,0.8515030814036574,0.0,1.0,0.0,0
0.8417562720987535,0.13052129339114543,-1.1554325283534297,2.118746971020634,-0.9493296862870282,1.0,0.0,0.0,1
-1.2056529409385865,-0.7469489857603459,-0.5894722266892931,0.3197005446656502,1.5405173577374849,0.0,1.0,0.0,0
0.29245136128386984,-0.4094604168559291,0.087460683144282,-0.21001868087220654,-1.3094962398251653,0.0,0.0,1.0,0
0.19257774113568338,1.0754892863235355,-0.7670283997603947,0.9893456033644492,-0.4482283944078809,0.0,1.0,0.0,0
-0.9060320804941122,-0.4094604168559291,-0.7281879869010912,0.6495257228307302,-0.495206640521551,0.0,1.0,0.0,0
-0.057106309234725997,-0.2744649892941317,-0.972327724873856,0.4396369730893153,-1.3721339013100589,0.0,1.0,0.0,0
-0.15697992938288408,-0.6794512719794472,0.3648922035678783,-0.6997590969355075,0.6792495123202005,1.0,0.0,0.0,0
0.8417562720987535,0.805498431199979,-0.7004448348587317,0.2597323304538172,-0.4482283944078809,0.0,1.0,0.0,0
1.5408716131359168,0.7380007174191187,1.7465011752773882,-1.7392081432739424,-1.3877933166812821,1.0,0.0,0.0,0
-0.5564744099755448,-0.8819444133221049,1.29151348178269,-1.1595154058928923,1.0863943119720076,0.0,1.0,0.0,0
0.5920722217283441,1.1429870001043958,-0.5894722266892931,0.9293773891526163,1.5405173577374849,1.0,0.0,0.0,0
1.041503512395098,0.5355075760764609,1.3691943075012971,-1.4293723698461398,-0.9493296862870282,1.0,0.0,0.0,0
-0.15697992938288408,-0.6119535581985485,1.7298552840519723,-1.5293193935325278,1.274307296426688,0.0,1.0,0.0,0
-0.5564744099755448,-1.151935268445623,0.6700668760338343,-0.5598332637745644,-1.5443874703935156,1.0,0.0,0.0,0
-0.5564744099755448,-0.07197184795151232,-0.9057441599721929,1.099287329419476,-1.1842209168553786,0.0,0.0,1.0,0
-0.756221650271861,-0.8144466995412062,0.2761141170323275,-0.9396319537828385,-1.5130686396510689,1.0,0.0,0.0,0
1.6906820433581398,1.1429870001043958,2.506663541238042,-2.099017428544939,-0.8553731940596881,0.0,0.0,1.0,0
-0.9060320804941122,-0.8144466995412062,0.4259271380610695,-0.6297961803550356,-1.4347715627949522,1.0,0.0,0.0,0
-1.3554633711608377,-0.8819444133221049,-0.33978385830805635,0.7594674488857571,-0.15069950235463722,0.0,0.0,1.0,0
1.091440322469163,1.1429870001043958,-1.1609811587619014,1.459096614690473,0.7262277584338706,1.0,0.0,0.0,0
-0.856095270420019,-0.8819444133221049,0.7089072888931378,-1.1395260011556145,-1.4034527320525054,0.0,1.0,0.0,0
1.6906820433581398,1.5479732827897112,-0.33423522789958443,0.2797217351910944,-0.24465599458197734,1.0,0.0,0.0,0
-0.5065375999014515,-0.4094604168559291,1.213832656064083,-1.4293723698461398,-0.6204819634913378,1.0,0.0,0.0,0
0.24251455120977664,0.7380007174191187,-1.3496345926499471,2.128741673389272,1.4778796962525915,0.0,1.0,0.0,1
-0.756221650271861,-0.6119535581985485,-0.3619783799419441,0.12980119966151243,1.274307296426688,1.0,0.0,0.0,0
0.39232498143202793,0.9404938587617381,-0.47849961851985456,0.4596263778265932,-1.0902644246280384,0.0,0.0,1.0,0
0.3423881713579347,-0.3419627030750304,0.2927600082577433,-1.0995471916810593,-1.4191121474237287,1.0,0.0,0.0,0
0.3423881713579347,-0.2744649892941317,-0.217713989321674,0.4096528659833992,0.22512646655472324,1.0,0.0,0.0,0
0.14264093106161854,0.805498431199979,-0.8780010079298333,2.518535065766186,0.44435828175185016,0.0,1.0,0.0,1
-0.8061584603459542,-0.5444558444176881,0.620129202357587,-1.1495207035242534,0.522655358607967,1.0,0.0,0.0,0
0.29245136128386984,0.7380007174191187,-0.4840482489283265,0.019859473606486232,-1.246858578340272,0.0,0.0,1.0,0
2.1401133340248935,2.4254435619412025,-0.7226393564926193,1.599022447851416,-1.3877933166812821,1.0,0.0,0.0,0
0.09270412098752531,-0.20696727551327135,0.6478723543999466,-0.5698279661432034,0.19380763581227653,1.0,0.0,0.0,0
-0.057106309234725997,-0.07197184795151232,0.5535456374559239,0.20975881861062326,0.8045248352899873,0.0,1.0,0.0,0
0.6420090318024373,0.19801900717204413,0.4814134421457888,-0.869669037202367,1.1333725580856777,1.0,0.0,0.0,0
1.7406188534322329,1.6154709965705716,-0.8280633342535859,0.7294833417798403,0.8828219121461041,1.0,0.0,0.0,0
-1.0059057006422703,-0.4094604168559291,-1.4606072008193856,2.5884979823466576,-0.9023514401733582,0.0,1.0,0.0,0
-0.7062848401977677,0.13052129339114543,0.7144559193016098,-0.8496796324650895,-1.5757063011359624,0.0,1.0,0.0,0
-0.6563480301237028,-0.20696727551327135,1.824182000995995,-1.6192717148502769,0.16248880506982982,0.0,1.0,0.0,0
0.04276731091346047,1.0079915725426367,-0.6505071611824843,0.6195416157248141,0.4130394510094035,0.0,0.0,1.0,0
-0.7062848401977677,-0.2744649892941317,-0.2676516629979213,-0.3099657045585945,1.321285542540358,1.0,0.0,0.0,0
0.19257774113568338,-0.4094604168559291,1.8630224138552987,-1.6092770124816382,0.7418871738050938,0.0,1.0,0.0,0
-2.1045155222720657,-2.366894116501531,-0.140033163603067,-0.23000808560948371,-0.7457572864611246,0.0,1.0,0.0,0
1.840492473580391,1.8854618516941282,-0.2842975542233371,0.2797217351910944,-0.8397137786884648,0.0,0.0,1.0,0
-0.5065375999014515,-0.8819444133221049,-0.5006941401537423,-0.11007165718581856,-1.4034527320525054,1.0,0.0,0.0,0
1.5408716131359168,0.805498431199979,-0.5783749658723493,0.009864771237847294,1.7440897575633885,1.0,0.0,0.0,0
-0.6064112200496096,-0.20696727551327135,-0.3453324887165283,0.8494197702035061,0.4756771124942969,0.0,1.0,0.0,0
0.6420090318024373,0.67050300363822,-1.061105811409407,0.44963167545795424,-0.46388780977910427,1.0,0.0,0.0,0
1.7406188534322329,1.8854618516941282,0.3759894643848222,-0.16004516902901256,-0.24465599458197734,1.0,0.0,0.0,0
1.091440322469163,0.9404938587617381,-0.7892229213942824,1.299181376792252,-1.4191121474237287,1.0,0.0,0.0,0
-0.5065375999014515,0.0630235796102851,-0.04570644665904424,-0.39991802587634356,-0.7927355325747947,1.0,0.0,0.0,0
-0.25685354953104217,-0.6119535581985485,-0.20661672850473012,0.4596263778265932,-1.4817498089086223,1.0,0.0,0.0,0
1.840492473580391,1.9529595654749885,-0.43411057525207913,1.0093350081017272,-1.1998803322266018,1.0,0.0,0.0,0
0.19257774113568338,-0.20696727551327135,-0.40081879280124755,-0.3099657045585945,0.3660612048957334,1.0,0.0,0.0,0
-1.2056529409385865,-0.6794512719794472,-0.06235233788446003,-0.6198014779863974,-1.340815070567612,1.0,0.0,0.0,0
-0.4566007898273583,0.0630235796102851,1.9684463916162651,-1.5792929053757216,-1.340815070567612,1.0,0.0,0.0,0
0.9915667023210047,0.33301443473380316,-1.5327393961295206,2.0587787568088007,-0.2759748253244241,1.0,0.0,0.0,1
-0.9060320804941122,-1.0844375546647627,-0.4840482489283265,0.34968465177156627,0.7888654199187639,1.0,0.0,0.0,0
1.4909348030618235,1.6829687103514703,-0.08454685951834773,0.20975881861062326,-0.495206640521551,0.0,1.0,0.0,0
-1.2056529409385865,-0.8819444133221049,-0.6671530524079,0.1697800091360682,-0.41690956366543425,0.0,1.0,0.0,0
-1.305526561086773,-0.8819444133221049,-0.5894722266892931,0.33968994940292735,0.13116997432738312,1.0,0.0,0.0,0
-0.856095270420019,-1.3544284097882808,-0.977876355282328,1.0093350081017272,-0.18201833309708393,1.0,0.0,0.0,0
0.8417562720987535,-0.13946956173237265,-0.7836742909858105,0.5995522109875362,0.021554066728819647,1.0,0.0,0.0,0
0.24251455120977664,-0.47695813063678943,1.89631419630613,-1.4493617745834173,-0.15069950235463722,0.0,1.0,0.0,0
0.39232498143202793,1.2779824276661549,-0.295394815040281,0.5095998896697872,-1.2155397475978251,1.0,0.0,0.0,0
1.141377132543256,1.0754892863235355,-1.277502397339812,1.7589376857496368,-0.47954722515032766,1.0,0.0,0.0,0
1.7406188534322329,1.6154709965705716,0.37044083397635025,-0.8296902277278119,-1.340815070567612,0.0,1.0,0.0,0
0.3423881713579347,0.13052129339114543,1.4857155460792075,-1.5792929053757216,-0.47954722515032766,1.0,0.0,0.0,0
1.3411243728395723,0.33301443473380316,1.0307278525845096,-1.0995471916810593,1.587495603851155,1.0,0.0,0.0,0
-0.5564744099755448,-1.016939840883864,-0.6116667483231808,1.509070126533667,0.5069959432367436,1.0,0.0,0.0,0
1.2412507526914143,0.26551672095290446,0.3648922035678783,-0.39991802587634356,-0.6048225481201145,0.0,1.0,0.0,0
-2.2543259524943173,-2.704382685405948,0.03752300946803466,-0.4099127282449825,0.9611189890022208,1.0,0.0,0.0,0
-0.856095270420019,-0.6794512719794472,-0.37862427116735986,0.8294303654662283,-0.2603154099532007,1.0,0.0,0.0,0
-0.6064112200496096,-0.20696727551327135,-0.8169660734366421,0.8694091749407841,0.39738003563818014,0.0,1.0,0.0,0
-1.2056529409385865,-0.2744649892941317,-0.05125507706751617,-0.26998689508403945,-1.5287280550222924,0.0,1.0,0.0,0
0.492198601580186,0.6030052898573213,0.08191205273581008,-0.7297432040414236,-0.761416701832348,0.0,1.0,0.0,0
-0.15697992938288408,-0.6119535581985485,-1.0666544418178787,1.529059531270944,0.49133652786552023,1.0,0.0,0.0,0
1.141377132543256,0.9404938587617381,-0.023511925025156536,0.17977471150470642,-0.47954722515032766,1.0,0.0,0.0,0
-1.2555897510126797,-1.2194329822265217,0.47031618132884495,-0.9096478466769223,1.2273290503130179,0.0,1.0,0.0,0
-1.2056529409385865,-0.20696727551327135,0.009779857425675026,-0.6297961803550356,0.8984813275173275,0.0,1.0,0.0,0
-0.5065375999014515,0.13052129339114543,1.1361518303454763,-0.8496796324650895,-1.6853222087345259,0.0,0.0,1.0,0
-0.15697992938288408,0.4005121485147019,0.4259271380610695,-0.4898703471940926,0.5383147739791903,1.0,0.0,0.0,0
-1.405400181234931,-1.286930696007382,0.08191205273581008,0.12980119966151243,0.616611850835307,0.0,1.0,0.0,0
-0.40666397975329344,0.13052129339114543,-0.4507564664774949,0.6994992346739242,1.1803508041993478,1.0,0.0,0.0,0
-0.9060320804941122,-1.3544284097882808,-0.7115420956756755,0.7194886394112021,0.9454595736309974,0.0,1.0,0.0,0
-0.6064112200496096,-0.9494421271029653,0.2983086386662152,-0.44989153771953755,1.0550754812295609,1.0,0.0,0.0,0
0.19257774113568338,-0.07197184795151232,0.7865881146117448,-1.1395260011556145,1.5405173577374849,1.0,0.0,0.0,0
1.141377132543256,0.7380007174191187,0.2761141170323275,-1.0095948703633104,0.522655358607967,1.0,0.0,0.0,0
0.8916930821728467,0.46800986229556224,-0.8669037471128894,0.5695681038816202,-0.9963079324006983,0.0,1.0,0.0,0
0.24251455120977664,-0.47695813063678943,-0.6782503132248439,1.1492608412626701,1.9320027420180688,1.0,0.0,0.0,1
0.24251455120977664,1.2104847138852945,0.31495452989163103,-0.5198544543000094,-0.3229530714380941,1.0,0.0,0.0,0
-0.10704311930879085,0.805498431199979,-0.03460918584210039,-0.4099127282449825,0.4600176971230735,1.0,0.0,0.0,0
-0.40666397975329344,-1.151935268445623,1.1971867648386674,-1.3594094532656682,-1.3877933166812821,0.0,1.0,0.0,0
-0.856095270420019,-1.4219261235691794,0.38708672520176607,-0.7597273111473404,0.6792495123202005,0.0,1.0,0.0,0
0.14264093106161854,0.9404938587617381,0.026425748651090805,0.15978530676742925,-0.1663589177258606,1.0,0.0,0.0,0
-1.2555897510126797,-1.2194329822265217,0.9641442876828464,-0.7797167158846176,-1.4191121474237287,0.0,1.0,0.0,0
-0.40666397975329344,0.33301443473380316,-0.4507564664774949,0.4096528659833992,-0.2603154099532007,1.0,0.0,0.0,0
-1.2056529409385865,-0.3419627030750304,0.16514150886288897,-0.37992862113906567,-0.6987790403474545,1.0,0.0,0.0,0
1.2412507526914143,0.26551672095290446,-0.289846184631809,0.1997641162419843,0.6949089276914238,1.0,0.0,0.0,0
0.9416298922469115,0.67050300363822,-1.3884750055092505,1.489080721796389,0.31908295878206333,1.0,0.0,0.0,0
1.840492473580391,1.6154709965705716,-0.750382508534979,0.6595204251993692,0.17814822044105316,1.0,0.0,0.0,0
-0.6064112200496096,0.0630235796102851,0.997436070133678,-1.1195365964183368,1.5405173577374849,0.0,1.0,0.0,0
0.9416298922469115,0.5355075760764609,2.035029956517928,-1.8291604645916917,-0.7144384557186779,1.0,0.0,0.0,0
1.2412507526914143,1.2779824276661549,-0.3231379670826406,0.28971643755973336,-0.8710326094309114,1.0,0.0,0.0,0
0.39232498143202793,1.4129778552279522,-0.15113042442001084,-0.2899762998213166,0.9611189890022208,1.0,0.0,0.0,0
-0.4566007898273583,0.0630235796102851,-0.6116667483231808,0.28971643755973336,-0.18201833309708393,0.0,0.0,1.0,0
-1.0558425107163636,-0.13946956173237265,-0.43411057525207913,1.0493138175762822,-1.0902644246280384,1.0,0.0,0.0,0
0.9915667023210047,0.46800986229556224,-0.47849961851985456,0.2697270328224562,-0.24465599458197734,1.0,0.0,0.0,0
0.29245136128386984,-0.4094604168559291,0.6367750935830028,-0.7197485016727854,-0.7927355325747947,1.0,0.0,0.0,0
-0.856095270420019,-1.286930696007382,0.25946822580691176,-0.44989153771953755,-1.6853222087345259,1.0,0.0,0.0,0
0.19257774113568338,-0.20696727551327135,-0.40636742320971947,-0.020119335868069525,1.196010219570571,0.0,1.0,0.0,0
-0.10704311930879085,0.7380007174191187,3.355603993734247,-2.2289485593372436,1.2899667117979112,1.0,0.0,0.0,0
0.39232498143202793,0.46800986229556224,1.9240573483484897,-1.8891286788035242,-0.9963079324006983,0.0,1.0,0.0,0
0.3423881713579347,-0.13946956173237265,-1.1609811587619014,1.439107209953195,0.9924378197446675,1.0,0.0,0.0,0
0.6420090318024373,0.4005121485147019,-0.8946468991552491,0.9393720915212552,1.0237566504871143,0.0,1.0,0.0,0
-0.15697992938288408,0.5355075760764609,-0.744833878126507,0.7594674488857571,1.321285542540358,0.0,1.0,0.0,0
0.04276731091346047,0.8729961449808777,-0.2454571413640336,0.09981709255559633,1.3369449579115813,0.0,1.0,0.0,0
1.6906820433581398,0.9404938587617381,-1.2885996581567558,1.39912840047864,-0.9963079324006983,0.0,1.0,0.0,1
-1.0059057006422703,-1.6244192649117988,-0.17332494605389856,0.17977471150470642,-0.2916342406956474,0.0,1.0,0.0,0
-1.2056529409385865,-1.9619078338162157,-0.37862427116735986,0.4896104849325093,-1.4660903935373988,0.0,1.0,0.0,0
0.4422617915060928,1.4129778552279522,-0.6449585307740123,0.019859473606486232,-0.6987790403474545,1.0,0.0,0.0,0
0.4422617915060928,0.26551672095290446,-0.6227640091401246,0.6994992346739242,-0.6674602096050078,1.0,0.0,0.0,0
0.9915667023210047,0.46800986229556224,-1.061105811409407,1.808911197592831,-0.3855907329229875,1.0,0.0,0.0,0
-0.15697992938288408,-0.7469489857603459,0.0652661615103943,-0.45988624008817647,-0.40125014829421085,0.0,1.0,0.0,0
0.39232498143202793,1.1429870001043958,-0.6948962044502597,0.8993932820467001,-1.5287280550222924,1.0,0.0,0.0,0
0.39232498143202793,-0.2744649892941317,0.03752300946803466,0.2297482233479004,1.2273290503130179,0.0,1.0,0.0,0
0.6919458418765022,0.46800986229556224,-0.6338612699570685,0.5095998896697872,-1.5757063011359624,1.0,0.0,0.0,0
1.141377132543256,0.67050300363822,-0.6560557915909562,0.12980119966151243,1.1646913888281245,0.0,1.0,0.0,0
1.141377132543256,1.1429870001043958,-0.6449585307740123,0.4596263778265932,-0.228996579210754,0.0,1.0,0.0,0
-0.10704311930879085,0.19801900717204413,0.8198798970625764,-0.9596213585201163,-1.1685615014841553,1.0,0.0,0.0,0
0.492198601580186,0.8729961449808777,-0.4729509881113826,0.14979060439879033,-0.7927355325747947,0.0,1.0,0.0,0
-0.9559688905681771,-1.3544284097882808,0.8143312666541044,-1.069563084575143,-1.1372426707417085,0.0,1.0,0.0,0
-0.40666397975329344,-0.8144466995412062,0.015328487834146953,-0.08008755007990175,1.1177131427144544,1.0,0.0,0.0,0
1.3910611829136654,1.5479732827897112,-1.5382880265379926,3.048254291304042,1.9789809881317388,0.0,1.0,0.0,1
1.6906820433581398,1.2779824276661549,-0.04570644665904424,-0.21001868087220654,1.4935391116238148,1.0,0.0,0.0,0
-0.057106309234725997,-0.3419627030750304,0.23727370417302404,-0.18003457376628973,0.8201842506612106,0.0,1.0,0.0,0
0.39232498143202793,0.19801900717204413,-0.25100577177250555,0.21975352097926218,-1.1372426707417085,0.0,1.0,0.0,0
0.8417562720987535,0.8729961449808777,-1.061105811409407,1.099287329419476,-0.3229530714380941,1.0,0.0,0.0,0
-1.3554633711608377,-1.016939840883864,-0.06235233788446003,0.44963167545795424,0.5069959432367436,1.0,0.0,0.0,0
0.14264093106161854,-0.2744649892941317,0.32050316030010295,-0.819695525359173,-0.542184886635221,1.0,0.0,0.0,0
1.141377132543256,0.7380007174191187,0.03752300946803466,-0.6897643945668686,0.7575465891763172,1.0,0.0,0.0,0
0.09270412098752531,0.9404938587617381,-1.2220160932550928,1.459096614690473,-1.4504309781661755,0.0,0.0,1.0,0
-1.505273801383089,-1.4219261235691794,0.16514150886288897,-0.6697749898295914,0.522655358607967,0.0,1.0,0.0,0
-0.856095270420019,-0.6794512719794472,-0.8890982687467771,0.3197005446656502,-1.6853222087345259,0.0,0.0,1.0,0
-2.1045155222720657,-2.5018895440632902,-1.6881010475667346,3.6179523263164532,-0.2916342406956474,0.0,1.0,0.0,1
0.09270412098752531,-0.13946956173237265,-0.9168414207891368,0.7694621512543961,-1.560046885764739,0.0,0.0,1.0,0
1.191313942617321,1.3454801414470536,-0.4563050968859668,0.5495786991443422,1.5405173577374849,1.0,0.0,0.0,0
0.8417562720987535,0.7380007174191187,0.21507918253913633,0.049843580712402344,1.0394160658583376,0.0,1.0,0.0,0
-1.405400181234931,-1.016939840883864,-0.972327724873856,1.5590436383768609,0.8671624967748807,0.0,1.0,0.0,0
1.7905556635063262,1.1429870001043958,-0.2676516629979213,-0.020119335868069525,-0.24465599458197734,1.0,0.0,0.0,0
0.19257774113568338,0.67050300363822,-0.5894722266892931,0.6095469133561752,1.4309014501389214,0.0,1.0,0.0,0
0.39232498143202793,0.6030052898573213,1.069568265443813,-1.4293723698461398,0.021554066728819647,1.0,0.0,0.0,0
1.840492473580391,1.750466424132369,0.9031093531896552,-1.0895524893124204,0.522655358607967,1.0,0.0,0.0,0
-1.405400181234931,-1.016939840883864,0.3593435731594064,-0.5098597519313705,1.4465608655101447,0.0,1.0,0.0,0
0.8417562720987535,0.6030052898573213,-0.5783749658723493,0.7994462583603121,-0.6518007942337846,0.0,1.0,0.0,0
-0.007169499160632764,-0.47695813063678943,-0.7892229213942824,1.119276734156754,1.0237566504871143,1.0,0.0,0.0,0
1.9903029038026423,2.155452706817646,-0.6837989436333158,0.5995522109875362,0.31908295878206333,1.0,0.0,0.0,0
0.9915667023210047,0.46800986229556224,0.8809148315557676,-1.1894995129988084,-1.0746050092568151,1.0,0.0,0.0,0
0.24251455120977664,0.9404938587617381,0.5701915286813396,-1.2894465366851964,-1.1059238399992617,1.0,0.0,0.0,0
-0.2069167394569489,-0.5444558444176881,-0.8114174430281702,0.7694621512543961,-1.246858578340272,0.0,1.0,0.0,0
1.7406188534322329,1.2104847138852945,2.2458779120398615,-1.6492558219561932,0.8045248352899873,1.0,0.0,0.0,0
1.6906820433581398,1.8854618516941282,-0.14558179401153892,-0.41990743061362146,-0.24465599458197734,1.0,0.0,0.0,0
0.4422617915060928,0.8729961449808777,-0.5006941401537423,0.019859473606486232,0.9454595736309974,1.0,0.0,0.0,0
1.2412507526914143,1.3454801414470536,0.22062781294760825,-0.42990213298225965,0.9298001582597741,0.0,0.0,1.0,0
-0.6064112200496096,-0.004474134170613608,0.7366504409354975,-0.9596213585201163,0.6635900969489771,1.0,0.0,0.0,0
1.191313942617321,1.2104847138852945,-0.47849961851985456,0.20975881861062326,-0.04108359475607377,0.0,1.0,0.0,0
2.0402397138767356,2.155452706817646,1.5800422630232303,-1.419377667477501,1.2273290503130179,1.0,0.0,0.0,0
-1.2555897510126797,-1.016939840883864,-0.5117914009706861,0.15978530676742925,0.16248880506982982,0.0,1.0,0.0,0
-0.6064112200496096,-0.004474134170613608,0.3981839860187099,-0.7597273111473404,1.1803508041993478,1.0,0.0,0.0,0
1.9903029038026423,2.087954993036786,0.6034833111321712,-0.42990213298225965,0.17814822044105316,1.0,0.0,0.0,0
-0.9559688905681771,-1.4894238373500397,-0.8613551167044174,0.36967405650884416,1.4465608655101447,0.0,1.0,0.0,0
-0.756221650271861,-0.4094604168559291,0.1873360304967767,-0.39991802587634356,-0.1663589177258606,0.0,0.0,1.0,0
-1.2555897510126797,-0.4094604168559291,-0.822514703845114,1.8189058999614698,-1.1529020861129318,0.0,1.0,0.0,0
-2.204389142420224,-2.636884971625049,0.7200045497100817,-1.0995471916810593,0.835843666032434,0.0,1.0,0.0,0
-0.8061584603459542,-1.3544284097882808,0.3648922035678783,-0.7597273111473404,0.7262277584338706,1.0,0.0,0.0,0
1.3411243728395723,1.4129778552279522,0.34269768193399064,-0.47987564482545364,-1.1998803322266018,1.0,0.0,0.0,0
0.14264093106161854,1.0079915725426367,-0.7559311389434509,2.0088052449656066,-0.7770761172035714,1.0,0.0,0.0,0
-0.15697992938288408,-0.2744649892941317,-1.2553078757059244,1.9988105425969678,1.2273290503130179,0.0,1.0,0.0,0
1.840492473580391,1.750466424132369,0.7311018105270255,-0.9496266561514775,0.8671624967748807,0.0,1.0,0.0,0
0.09270412098752531,0.19801900717204413,0.9142066140065991,-1.0795577869437818,-1.027626763143145,0.0,1.0,0.0,0
0.04276731091346047,0.8729961449808777,-0.33423522789958443,-0.05010344297398563,0.39738003563818014,1.0,0.0,0.0,0
-0.856095270420019,-0.7469489857603459,1.7908902185451636,-1.2994412390538352,1.0080972351158908,1.0,0.0,0.0,0
0.39232498143202793,0.9404938587617381,-0.017963294616684607,0.0898223901869574,-1.340815070567612,1.0,0.0,0.0,0
-0.756221650271861,-0.6119535581985485,2.8395813657463576,-2.099017428544939,1.196010219570571,0.0,0.0,1.0,0
-1.5552106114571824,-1.4894238373500397,-1.0777517026348227,1.449101912321834,1.0080972351158908,0.0,0.0,1.0,0
0.09270412098752531,0.19801900717204413,0.9142066140065991,-1.0595683822065043,1.7754085883058353,0.0,1.0,0.0,0
1.7406188534322329,2.0204572792558873,-0.31758933667416867,-0.1500504666603736,-0.40125014829421085,1.0,0.0,0.0,0
-0.9060320804941122,-1.4894238373500397,-0.5561804442384615,0.15978530676742925,-0.7144384557186779,1.0,0.0,0.0,0
-0.5564744099755448,-0.13946956173237265,-1.0333626593670473,1.3691442933727238,-0.5735037173776678,0.0,1.0,0.0,0
-1.305526561086773,-1.286930696007382,-0.5783749658723493,0.5695681038816202,0.037213482100043,1.0,0.0,0.0,0
0.5920722217283441,0.67050300363822,0.15404424804594513,-0.4898703471940926,-0.6831196249762312,1.0,0.0,0.0,0
0.8916930821728467,0.7380007174191187,-0.4230133144351353,1.0093350081017272,0.6479306815777538,0.0,0.0,1.0,0
-0.3567271696792002,-0.6794512719794472,1.3691943075012971,-1.6492558219561932,-0.11938067161219053,1.0,0.0,0.0,0
-1.405400181234931,-0.9494421271029653,-0.7004448348587317,0.9793509009958102,-1.4974092242798456,1.0,0.0,0.0,0
-0.9559688905681771,-1.151935268445623,-0.2454571413640336,-0.13006106192309574,1.2586478810554644,1.0,0.0,0.0,0
0.5421354116542793,0.8729961449808777,2.0516758477433443,-1.7292134409053037,-1.0902644246280384,0.0,1.0,0.0,0
-1.305526561086773,-1.3544284097882808,0.34269768193399064,-0.5398438590372866,1.149031973456901,0.0,1.0,0.0,0
-1.305526561086773,-0.8819444133221049,-0.7614797693519229,0.019859473606486232,0.09985114358493641,1.0,0.0,0.0,0
0.8417562720987535,0.0630235796102851,-0.600569487506237,0.39965816361476025,-0.7300978710899013,0.0,1.0,0.0,0
-0.9060320804941122,-1.4894238373500397,0.25391959539843983,-0.5398438590372866,-0.46388780977910427,1.0,0.0,0.0,0
-2.204389142420224,-2.569387257844189,1.5744936326147585,-1.419377667477501,-1.2311991629690486,1.0,0.0,0.0,0
0.19257774113568338,0.19801900717204413,-0.012414664208212682,-0.49986504956273153,-1.1685615014841553,0.0,1.0,0.0,0
1.191313942617321,1.2104847138852945,0.5812887894982834,-0.2799815974526777,1.368263788654028,0.0,1.0,0.0,0
-0.6064112200496096,-0.20696727551327135,0.2761141170323275,-0.46988094245681544,0.6479306815777538,0.0,1.0,0.0,0
-1.0059057006422703,-1.2194329822265217,-0.9223900511976086,1.119276734156754,1.681452096078495,0.0,1.0,0.0,0
1.091440322469163,0.805498431199979,0.6867127672592501,-1.0395789774692266,0.11551055895615976,0.0,1.0,0.0,0
-0.7062848401977677,-0.3419627030750304,0.1484956176374732,-0.19002927613492865,-0.2916342406956474,0.0,1.0,0.0,0
1.041503512395098,0.9404938587617381,-0.11783864196917929,-0.2599921927154005,-0.08806184086974382,1.0,0.0,0.0,0
-0.007169499160632764,0.67050300363822,0.54244837663898,-0.6397908827236746,1.149031973456901,1.0,0.0,0.0,0
0.7418826519505954,0.33301443473380316,0.2650168562153837,-0.6198014779863974,-0.7927355325747947,0.0,0.0,1.0,0
0.6919458418765022,0.33301443473380316,0.5979346807236993,-0.6697749898295914,-0.35427190218054083,1.0,0.0,0.0,0
0.6919458418765022,0.46800986229556224,-0.5728263354638773,1.409123102847279,-0.2759748253244241,1.0,0.0,0.0,0
-0.9060320804941122,-0.8144466995412062,1.6521744583333653,-1.1595154058928923,-1.1529020861129318,0.0,0.0,1.0,0
0.29245136128386984,1.1429870001043958,-0.5062427705622142,0.9093879844153391,1.5405173577374849,1.0,0.0,0.0,0
-1.0558425107163636,-0.6119535581985485,-0.4563050968859668,0.4396369730893153,-1.246858578340272,1.0,0.0,0.0,0
1.141377132543256,1.0754892863235355,0.6589696152168905,-0.7697220135159794,0.6635900969489771,1.0,0.0,0.0,0
1.141377132543256,0.5355075760764609,-0.5617290746469334,0.37966875887748236,0.17814822044105316,0.0,0.0,1.0,0
-1.0558425107163636,-0.6119535581985485,0.10410657436969778,-0.08008755007990175,-0.761416701832348,0.0,1.0,0.0,0
-1.0059057006422703,-0.07197184795151232,0.14294698722900126,-0.6098067756177584,-1.0589455938855916,0.0,1.0,0.0,0
0.5920722217283441,0.4005121485147019,0.7255531801185536,-0.9996001679946714,-1.0589455938855916,1.0,0.0,0.0,0
-1.7050210416794052,-1.7594146924735963,1.3913888291351848,-1.419377667477501,-0.5578443020064444,0.0,1.0,0.0,0
0.39232498143202793,0.4005121485147019,-0.4119160536181914,0.4096528659833992,0.44435828175185016,0.0,0.0,1.0,0
-0.25685354953104217,-0.47695813063678943,2.0128354348840407,-1.5992823101129994,0.6792495123202005,0.0,1.0,0.0,0
0.8417562720987535,0.4005121485147019,0.47031618132884495,-0.5498385614059255,1.6971115114497184,1.0,0.0,0.0,0
0.492198601580186,0.46800986229556224,-0.46740235770291066,0.6095469133561752,-0.07240242549852047,0.0,1.0,0.0,0
-0.5065375999014515,0.0630235796102851,0.692261397667722,-1.029584275100588,-0.2916342406956474,1.0,0.0,0.0,0
0.29245136128386984,-0.3419627030750304,2.6953169751260875,-1.859144571697608,-0.6831196249762312,1.0,0.0,0.0,0
0.8916930821728467,0.5355075760764609,-0.18997083727931435,0.11980649729287421,-1.1685615014841553,1.0,0.0,0.0,0
-1.3554633711608377,-1.0844375546647627,-0.04570644665904424,-0.4398968353508986,-1.4347715627949522,0.0,0.0,1.0,0
-0.10704311930879085,-0.20696727551327135,0.9197552444150711,-1.1495207035242534,-0.07240242549852047,0.0,1.0,0.0,0
0.6919458418765022,0.5355075760764609,1.3469997858674094,-1.3494147508970293,-1.5913657165071857,0.0,1.0,0.0,0
-1.0558425107163636,-0.6119535581985485,0.44257302928648534,-0.5298491566686476,-1.1685615014841553,1.0,0.0,0.0,0
-0.7062848401977677,-0.2744649892941317,-0.0789982291098758,0.23974292571653935,-1.654003377992079,0.0,1.0,0.0,0
-1.2555897510126797,-1.151935268445623,-0.445207836069023,0.5195945920384261,-1.1529020861129318,0.0,1.0,0.0,0
-0.856095270420019,-1.016939840883864,-0.47849961851985456,0.28971643755973336,-0.2916342406956474,1.0,0.0,0.0,0
1.141377132543256,0.6030052898573213,-0.8890982687467771,0.9293773891526163,-1.1529020861129318,1.0,0.0,0.0,1
0.8417562720987535,0.46800986229556224,1.7853415881366916,-1.8191657622230528,-0.36993131755176417,0.0,1.0,0.0,0
-1.305526561086773,-0.6794512719794472,1.6299799366994776,-1.7392081432739424,0.835843666032434,1.0,0.0,0.0,0
1.2412507526914143,0.6030052898573213,0.47031618132884495,-0.5598332637745644,0.6009524354640837,1.0,0.0,0.0,0
-0.10704311930879085,-0.13946956173237265,-0.6227640091401246,0.5195945920384261,-0.02542417938485041,0.0,1.0,0.0,0
0.04276731091346047,0.26551672095290446,0.08191205273581008,-0.06009814534262457,0.11551055895615976,1.0,0.0,0.0,0
-1.0059057006422703,-1.3544284097882808,0.087460683144282,-0.2999710021899556,0.052872897471266354,0.0,1.0,0.0,0
-1.505273801383089,-1.4219261235691794,-0.5062427705622142,0.5595734015129812,1.0080972351158908,0.0,0.0,1.0,0
0.5421354116542793,0.6030052898573213,-1.4273154183685541,2.7883920297194336,-1.5287280550222924,1.0,0.0,0.0,1
0.09270412098752531,0.13052129339114543,-0.5617290746469334,1.1492608412626701,-1.5757063011359624,0.0,1.0,0.0,0
-0.856095270420019,-0.4094604168559291,0.5091565941881484,-1.0195895727319488,-1.6853222087345259,0.0,0.0,1.0,0
0.29245136128386984,-0.13946956173237265,-0.46740235770291066,0.7994462583603121,0.2721047126683933,1.0,0.0,0.0,0
-1.7050210416794052,-1.7594146924735963,-0.4119160536181914,0.7794568536230343,1.2429884656842412,1.0,0.0,0.0,0
0.24251455120977664,1.2779824276661549,0.9474983964574307,-1.1595154058928923,0.7888654199187639,1.0,0.0,0.0,0
-0.5065375999014515,-1.2194329822265217,0.6811641368507781,-0.9596213585201163,-0.8240543633172414,0.0,0.0,1.0,0
0.29245136128386984,-0.4094604168559291,0.009779857425675026,-0.47987564482545364,-0.04108359475607377,0.0,1.0,0.0,0
1.091440322469163,0.8729961449808777,0.08191205273581008,0.019859473606486232,0.16248880506982982,1.0,0.0,0.0,0
0.3423881713579347,1.2104847138852945,-0.5339859226045738,0.36967405650884416,1.7127709268209417,1.0,0.0,0.0,0
-0.5564744099755448,0.26551672095290446,1.6188826758825339,-1.4593564769520562,-0.41690956366543425,1.0,0.0,0.0,0
-0.007169499160632764,0.8729961449808777,0.9086579835981272,-0.9596213585201163,-0.35427190218054083,1.0,0.0,0.0,0
-1.1057793207904283,-0.20696727551327135,-0.8058688126196982,0.28971643755973336,1.5405173577374849,1.0,0.0,0.0,0
-1.0059057006422703,-0.8144466995412062,0.2317250737645521,-0.3899233235077046,-0.542184886635221,1.0,0.0,0.0,0
0.492198601580186,0.26551672095290446,1.4080347203606005,-1.4993352864266114,0.5383147739791903,0.0,1.0,0.0,0
1.2911875627655074,0.67050300363822,0.44812165969495726,-0.37992862113906567,0.49133652786552023,1.0,0.0,0.0,0
-0.756221650271861,-0.4094604168559291,0.04862027028497851,-0.23000808560948371,-1.0119673477719215,1.0,0.0,0.0,0
-0.40666397975329344,0.5355075760764609,-0.20661672850473012,-0.020119335868069525,1.0863943119720076,0.0,1.0,0.0,0
-1.505273801383089,-1.4894238373500397,-0.6948962044502597,0.7494727465171181,0.9454595736309974,1.0,0.0,0.0,0
0.7918194620246887,-0.07197184795151232,1.14724909116242,-0.8896584419396445,-0.3855907329229875,0.0,1.0,0.0,0
-1.3554633711608377,-1.286930696007382,0.4203785076525976,-0.45988624008817647,1.7127709268209417,1.0,0.0,0.0,1
-0.3567271696792002,-1.016939840883864,-0.7004448348587317,-0.1500504666603736,-0.7927355325747947,1.0,0.0,0.0,0
-1.405400181234931,-1.0844375546647627,1.7964388489536356,-1.3993882627402232,0.037213482100043,0.0,1.0,0.0,0
1.141377132543256,1.1429870001043958,-0.47849961851985456,0.11980649729287421,0.616611850835307,1.0,0.0,0.0,0
-0.3067903596051354,-0.5444558444176881,-0.14558179401153892,-0.3899233235077046,1.634473849964825,0.0,0.0,1.0,0
-1.455336991308996,-1.0844375546647627,-0.6560557915909562,0.1997641162419843,0.8984813275173275,0.0,1.0,0.0,0
0.09270412098752531,0.0630235796102851,-0.3009434454487529,0.049843580712402344,1.2586478810554644,0.0,1.0,0.0,0
1.191313942617321,0.0630235796102851,-1.0056195073246876,1.459096614690473,-0.7300978710899013,0.0,1.0,0.0,1
1.2412507526914143,0.26551672095290446,-0.289846184631809,0.019859473606486232,-0.9336702709158049,1.0,0.0,0.0,0
-0.4566007898273583,-1.2194329822265217,-0.49514550974527033,0.6095469133561752,0.0685323128424897,0.0,0.0,1.0,0
0.39232498143202793,-0.2744649892941317,-0.750382508534979,-0.13006106192309574,-0.9963079324006983,0.0,1.0,0.0,0
-0.7062848401977677,-0.3419627030750304,-0.9112927903806648,0.09981709255559633,-1.0746050092568151,0.0,0.0,1.0,0
0.6420090318024373,-0.004474134170613608,-0.04015781625057232,-0.3699339187704274,-1.654003377992079,0.0,0.0,1.0,0
-1.6051474215312471,-1.4894238373500397,0.0652661615103943,-0.11007165718581856,0.0685323128424897,0.0,1.0,0.0,0
0.5421354116542793,0.4005121485147019,-0.8391605950705298,1.848890007067386,-0.6204819634913378,0.0,0.0,1.0,0
2.0901765239508006,2.0204572792558873,-0.5395345530130458,0.0898223901869574,-1.3251556551963888,0.0,0.0,1.0,0
-1.305526561086773,-0.9494421271029653,-0.25100577177250555,0.2597323304538172,0.835843666032434,1.0,0.0,0.0,0
-1.0059057006422703,-1.5569215511309384,-0.7337366173095632,0.38966346124612133,1.5248579423662616,1.0,0.0,0.0,0
1.3910611829136654,1.4804755690088125,-0.3897215319843037,-0.3099657045585945,0.5539741893504136,0.0,1.0,0.0,0
1.7406188534322329,1.6829687103514703,-1.0333626593670473,1.099287329419476,1.0080972351158908,0.0,1.0,0.0,0
-0.4566007898273583,-1.151935268445623,0.34269768193399064,-0.8596743348337283,0.20946705118349987,1.0,0.0,0.0,0
-0.057106309234725997,-0.5444558444176881,0.04862027028497851,-0.42990213298225965,-0.1663589177258606,0.0,1.0,0.0,0
1.6407452332840748,1.750466424132369,1.5966881542486462,-1.5792929053757216,0.38172062026695674,0.0,0.0,1.0,0
-0.4566007898273583,0.0630235796102851,-0.7059934652672035,0.4396369730893153,-1.3094962398251653,0.0,1.0,0.0,0
1.141377132543256,0.13052129339114543,0.04862027028497851,-0.46988094245681544,0.9767784043734442,1.0,0.0,0.0,0
-0.8061584603459542,-0.47695813063678943,-0.04570644665904424,-0.2599921927154005,-1.4347715627949522,1.0,0.0,0.0,0
2.0402397138767356,2.222950420598545,-0.4840482489283265,0.38966346124612133,1.1646913888281245,1.0,0.0,0.0,0
-1.0059057006422703,-1.4894238373500397,-0.31204070626569674,1.0892926270508372,-1.2781774090827187,0.0,1.0,0.0,0
-0.2069167394569489,-0.7469489857603459,0.15959287845441705,-0.46988094245681544,-0.47954722515032766,0.0,1.0,0.0,0
1.6407452332840748,1.750466424132369,-0.4230133144351353,0.39965816361476025,0.5069959432367436,1.0,0.0,0.0,0
-0.6064112200496096,-0.07197184795151232,0.05971753110192237,-0.1200663595544575,-0.8553731940596881,1.0,0.0,0.0,0
-0.2069167394569489,-0.47695813063678943,0.2095305521306644,-0.020119335868069525,-0.9336702709158049,0.0,1.0,0.0,0
0.24251455120977664,1.2779824276661549,0.7255531801185536,-1.3694041556343068,-0.2916342406956474,0.0,1.0,0.0,0
-0.9559688905681771,-0.8144466995412062,3.6996190790595063,-2.3688743924981868,1.368263788654028,0.0,1.0,0.0,0
-0.856095270420019,-0.6794512719794472,-0.11229001156070736,-0.00012993113079164646,-0.18201833309708393,1.0,0.0,0.0,0
-1.0558425107163636,-0.6794512719794472,-0.46185372729443874,0.6495257228307302,-0.8710326094309114,1.0,0.0,0.0,0
-0.4566007898273583,-1.151935268445623,1.9573491307993214,-1.4793458816893337,-1.1529020861129318,1.0,0.0,0.0,0
1.840492473580391,1.8854618516941282,-0.5062427705622142,0.44963167545795424,-0.8240543633172414,1.0,0.0,0.0,0
-0.9060320804941122,-1.151935268445623,0.2761141170323275,-0.6797696921982296,-0.21333716383953064,1.0,0.0,0.0,0
-0.5564744099755448,-0.47695813063678943,0.697810028076194,-0.7497326087787015,-0.228996579210754,1.0,0.0,0.0,0
-1.0059057006422703,-1.4894238373500397,0.15404424804594513,-0.3599392164017885,0.021554066728819647,1.0,0.0,0.0,0
0.5920722217283441,-0.07197184795151232,0.5757401590898116,-0.7097537993041464,0.9924378197446675,1.0,0.0,0.0,0
0.6919458418765022,0.46800986229556224,0.847623049104936,-0.7697220135159794,-1.607025131878409,0.0,1.0,0.0,0
1.8904292836544843,1.8179641379132294,-0.217713989321674,0.1697800091360682,0.2721047126683933,0.0,1.0,0.0,0
0.8916930821728467,0.6030052898573213,0.38708672520176607,-0.8296902277278119,1.4778796962525915,1.0,0.0,0.0,0
0.5920722217283441,0.19801900717204413,-0.8890982687467771,0.3197005446656502,-0.8083949479460181,0.0,1.0,0.0,0
-1.5552106114571824,-1.4219261235691794,-0.9556818336484403,0.7094939370425631,1.509198526995038,1.0,0.0,0.0,0
-0.6563480301237028,-1.016939840883864,-0.3286865974911125,0.21975352097926218,-0.7770761172035714,1.0,0.0,0.0,0
0.29245136128386984,-0.3419627030750304,0.05971753110192237,0.019859473606486232,-0.18201833309708393,0.0,1.0,0.0,0
-0.6064112200496096,-0.13946956173237265,-0.4230133144351353,-0.00012993113079164646,-0.2759748253244241,1.0,0.0,0.0,0
-1.305526561086773,-0.7469489857603459,-1.199821571621205,1.72895357864372,0.8671624967748807,0.0,1.0,0.0,0
-0.3567271696792002,-0.6794512719794472,1.069568265443813,-1.029584275100588,0.522655358607967,0.0,0.0,1.0,0
0.5421354116542793,0.5355075760764609,0.38153809479329415,-0.7097537993041464,0.17814822044105316,1.0,0.0,0.0,0
-1.2555897510126797,-0.4094604168559291,-0.5339859226045738,0.5395839967757032,-0.5891631327488911,1.0,0.0,0.0,0
-0.756221650271861,-0.5444558444176881,0.15959287845441705,0.059838283081041284,-1.0746050092568151,0.0,0.0,1.0,0
1.2911875627655074,1.1429870001043958,-1.582677069805768,1.409123102847279,-1.3877933166812821,1.0,0.0,0.0,0
-0.057106309234725997,-0.3419627030750304,2.917262191464965,-2.188969749862688,-0.7144384557186779,0.0,1.0,0.0,0
0.8417562720987535,0.33301443473380316,-0.8391605950705298,1.0493138175762822,1.0707348966007844,0.0,0.0,1.0,0
-0.10704311930879085,-0.4094604168559291,0.5036079637796765,-0.7597273111473404,-0.8553731940596881,1.0,0.0,0.0,0
-0.7062848401977677,-0.3419627030750304,0.15959287845441705,-0.3299551092958717,1.1646913888281245,0.0,1.0,0.0,0
0.3423881713579347,0.46800986229556224,-0.6837989436333158,0.039848878343763404,1.6657926807072716,1.0,0.0,0.0,0
-0.8061584603459542,-0.7469489857603459,1.3469997858674094,-1.6092770124816382,-1.3094962398251653,0.0,0.0,1.0,0
-1.2056529409385865,-1.151935268445623,0.43147576846954144,-0.8296902277278119,-1.0746050092568151,1.0,0.0,0.0,0
-1.305526561086773,-1.151935268445623,0.9142066140065991,-1.2694571319479189,-0.6674602096050078,1.0,0.0,0.0,0
0.24251455120977664,0.4005121485147019,0.004231227017203099,0.6695151275680081,1.5405173577374849,1.0,0.0,0.0,0
-1.2056529409385865,-0.8819444133221049,0.6645182456253624,-0.7897114182532565,-0.9180108555445815,0.0,0.0,1.0,0
1.840492473580391,1.8179641379132294,-0.3897215319843037,0.8494197702035061,0.616611850835307,0.0,1.0,0.0,0
-0.9060320804941122,-1.4894238373500397,0.4869620725542607,-0.8496796324650895,-0.6831196249762312,1.0,0.0,0.0,0
-0.9559688905681771,-0.4094604168559291,-0.9834249856907998,0.7594674488857571,-0.5891631327488911,0.0,1.0,0.0,0
-0.40666397975329344,0.26551672095290446,0.3981839860187099,-0.3599392164017885,-1.1842209168553786,1.0,0.0,0.0,0
0.19257774113568338,0.0630235796102851,-0.4563050968859668,-0.4898703471940926,1.3369449579115813,0.0,1.0,0.0,0
1.7406188534322329,1.5479732827897112,0.7865881146117448,-1.0195895727319488,-1.293836824453942,1.0,0.0,0.0,0
0.492198601580186,0.0630235796102851,1.2027353952471393,-0.9296372514142,-1.654003377992079,0.0,0.0,1.0,0
-0.2069167394569489,-0.4094604168559291,-1.1554325283534297,0.6395310204620913,-1.4347715627949522,1.0,0.0,0.0,0
0.4422617915060928,0.67050300363822,0.15404424804594513,-0.5698279661432034,0.35040178952451007,0.0,1.0,0.0,0
-0.5564744099755448,-1.016939840883864,-0.40081879280124755,0.46962108019523213,0.44435828175185016,1.0,0.0,0.0,0
-0.3567271696792002,-0.8819444133221049,-0.017963294616684607,-0.11007165718581856,-0.21333716383953064,1.0,0.0,0.0,0
-1.3554633711608377,-1.016939840883864,-0.5783749658723493,1.499075424165028,-0.056743010127297114,0.0,0.0,1.0,0
1.2911875627655074,1.2104847138852945,-0.6227640091401246,1.0093350081017272,-1.3564744859388354,1.0,0.0,0.0,0
-0.5065375999014515,0.13052129339114543,-0.25100577177250555,0.059838283081041284,-0.6361413788625612,1.0,0.0,0.0,0
1.6906820433581398,1.0754892863235355,0.9585956572743746,-0.9896054656260325,1.1646913888281245,1.0,0.0,0.0,0
-1.3554633711608377,-0.8144466995412062,0.13739835682052934,-0.2000239785035676,1.3056261271691345,0.0,0.0,1.0,0
-1.405400181234931,-1.4219261235691794,1.5855908934317022,-1.5393140959011664,0.5383147739791903,1.0,0.0,0.0,0
0.9416298922469115,-0.13946956173237265,1.0251792221760376,-1.2494677272106414,0.28776412803961665,0.0,0.0,1.0,0
1.7406188534322329,1.8179641379132294,-0.6616044219994281,0.9093879844153391,-1.027626763143145,0.0,1.0,0.0,0
-1.0059057006422703,-1.016939840883864,-0.8003201822112262,0.6195416157248141,0.22512646655472324,1.0,0.0,0.0,0
-0.856095270420019,-1.3544284097882808,0.07636342232733814,0.09981709255559633,-0.8710326094309114,0.0,0.0,1.0,0
0.29245136128386984,0.13052129339114543,-1.0999462242687104,1.259202567317697,-1.3564744859388354,1.0,0.0,0.0,0
0.29245136128386984,1.1429870001043958,-0.2842975542233371,0.7694621512543961,-1.340815070567612,1.0,0.0,0.0,0
-0.10704311930879085,-0.4094604168559291,-0.6449585307740123,0.28971643755973336,0.2564452972971699,0.0,1.0,0.0,0
-0.9060320804941122,-1.2194329822265217,2.4900176500126263,-1.859144571697608,-1.0432861785143683,1.0,0.0,0.0,0
1.840492473580391,1.8179641379132294,-0.7947715518027544,0.7294833417798403,0.7888654199187639,0.0,1.0,0.0,0
-0.25685354953104217,-0.47695813063678943,2.4012395634770756,-2.0690333214390226,1.0863943119720076,1.0,0.0,0.0,0
0.19257774113568338,1.2104847138852945,-1.2164674628466208,1.788921792855553,0.9454595736309974,1.0,0.0,0.0,0
-1.6550842316053405,-1.4219261235691794,-0.6394099003655405,1.3791389957413622,0.39738003563818014,0.0,0.0,1.0,0
1.091440322469163,1.0754892863235355,0.6589696152168905,-0.8596743348337283,-0.2916342406956474,1.0,0.0,0.0,0
-0.5564744099755448,-1.016939840883864,0.087460683144282,-0.24000278797812266,0.5383147739791903,0.0,1.0,0.0,0
-1.6051474215312471,-1.6919169786926975,0.8642689403303517,-0.9996001679946714,-1.1685615014841553,0.0,0.0,1.0,0
1.3411243728395723,1.4804755690088125,-1.050008550592463,1.8588847094360248,-1.654003377992079,0.0,1.0,0.0,0
-0.6563480301237028,-0.07197184795151232,0.43147576846954144,-0.6997590969355075,1.4935391116238148,1.0,0.0,0.0,0
-1.2555897510126797,-1.0844375546647627,1.152797721570892,-0.8996531443082835,-0.980648517029475,1.0,0.0,0.0,0
0.4422617915060928,0.67050300363822,-1.2386619844805085,1.64899595969461,0.19380763581227653,1.0,0.0,0.0,0
0.6420090318024373,0.26551672095290446,-0.17887357646237048,-0.09008225244854068,1.3526043732828046,1.0,0.0,0.0,0
0.8417562720987535,0.4005121485147019,-0.6782503132248439,0.5195945920384261,1.2116696349417944,0.0,1.0,0.0,0
0.24251455120977664,0.6030052898573213,-0.5117914009706861,0.6495257228307302,0.4600176971230735,0.0,0.0,1.0,0
0.8417562720987535,0.33301443473380316,-0.7781256605773386,1.31917078152953,1.0394160658583376,1.0,0.0,0.0,0
1.041503512395098,0.5355075760764609,-0.7226393564926193,0.12980119966151243,-1.0746050092568151,0.0,1.0,0.0,0
-1.3554633711608377,-0.9494421271029653,0.8254285274710482,-1.0595683822065043,0.9141407428885507,0.0,0.0,1.0,0
-0.10704311930879085,-0.4094604168559291,0.38708672520176607,-0.7497326087787015,-1.2625179937114952,1.0,0.0,0.0,0
0.19257774113568338,-0.3419627030750304,-0.5117914009706861,-0.07009284771126352,0.037213482100043,1.0,0.0,0.0,0
-2.3042627625684107,-2.839378112967707,-0.07344959870140388,-0.18003457376628973,1.149031973456901,0.0,1.0,0.0,0
-0.7062848401977677,-0.13946956173237265,-0.23435988054708976,0.15978530676742925,0.16248880506982982,1.0,0.0,0.0,0
0.492198601580186,0.26551672095290446,3.6885218182425628,-2.33889028539227,1.0550754812295609,1.0,0.0,0.0,0
2.0402397138767356,2.087954993036786,2.38459367225166,-1.9191127859094408,-0.761416701832348,1.0,0.0,0.0,0
-0.007169499160632764,-0.6119535581985485,-0.3619783799419441,0.5195945920384261,0.6949089276914238,0.0,1.0,0.0,0
0.39232498143202793,0.805498431199979,-0.9057441599721929,0.8094409607289511,1.0080972351158908,1.0,0.0,0.0,0
-0.5065375999014515,-0.20696727551327135,-0.672701682816372,0.46962108019523213,1.587495603851155,0.0,1.0,0.0,0
0.3423881713579347,1.2779824276661549,-0.4285619448436072,-0.030114038236707757,1.149031973456901,1.0,0.0,0.0,0
-1.3554633711608377,-0.8819444133221049,0.6423237239914746,-0.5898173708804806,-1.3564744859388354,0.0,1.0,0.0,0
-1.0059057006422703,-0.8819444133221049,-0.900195529563721,0.8494197702035061,1.149031973456901,0.0,1.0,0.0,0
0.9416298922469115,0.4005121485147019,0.392635355610238,-0.6597802874609524,-0.3229530714380941,1.0,0.0,0.0,0
0.4422617915060928,0.19801900717204413,-0.5506318138299896,0.7594674488857571,0.5069959432367436,1.0,0.0,0.0,0
1.4909348030618235,1.6829687103514703,0.34824631234246256,-0.6297961803550356,0.4286988663806268,0.0,1.0,0.0,0
-0.40666397975329344,0.26551672095290446,-0.8890982687467771,0.6795098299366463,-1.0746050092568151,1.0,0.0,0.0,0
1.8904292836544843,2.087954993036786,-1.5715798089888242,1.8688794118046639,1.6501332653360483,1.0,0.0,0.0,1
-1.3554633711608377,-0.8819444133221049,0.015328487834146953,-0.2999710021899556,1.196010219570571,0.0,1.0,0.0,0
-1.505273801383089,-1.286930696007382,5.55286163548913,-2.6687154635573505,-0.15069950235463722,0.0,0.0,1.0,0
0.6420090318024373,0.4005121485147019,0.3648922035678783,-0.7497326087787015,-0.761416701832348,0.0,0.0,1.0,0
0.8417562720987535,0.46800986229556224,2.684219714309144,-1.9091180835408021,-1.607025131878409,1.0,0.0,0.0,0
0.492198601580186,1.4129778552279522,0.25391959539843983,-0.7697220135159794,-0.9023514401733582,1.0,0.0,0.0,0
-0.3567271696792002,-0.5444558444176881,-0.4119160536181914,0.14979060439879033,0.30342354341084,1.0,0.0,0.0,0
1.2412507526914143,1.0079915725426367,2.4733717587872106,-2.1190068332822167,1.2899667117979112,1.0,0.0,0.0,0
-0.3067903596051354,0.46800986229556224,-0.2621030325894494,0.5695681038816202,1.7440897575633885,0.0,1.0,0.0,0
0.8916930821728467,0.5355075760764609,1.0917627870777007,-1.3494147508970293,-0.8083949479460181,1.0,0.0,0.0,0
2.0402397138767356,2.222950420598545,-0.445207836069023,1.0293244128390042,-1.0746050092568151,1.0,0.0,0.0,0
-1.505273801383089,-1.286930696007382,-0.12338727237765122,0.13979590203015138,1.7910680036770585,0.0,0.0,1.0,0
0.9915667023210047,0.33301443473380316,1.4968128068961515,-1.2894465366851964,1.0550754812295609,1.0,0.0,0.0,0
0.39232498143202793,0.7380007174191187,-0.16777631564542664,-0.6597802874609524,1.0080972351158908,1.0,0.0,0.0,0
1.9903029038026423,1.9529595654749885,-1.2553078757059244,1.389133698110001,1.4778796962525915,1.0,0.0,0.0,0
0.8916930821728467,0.7380007174191187,-0.7781256605773386,0.17977471150470642,0.2721047126683933,0.0,1.0,0.0,0
-1.8548314719016565,-1.8269124062544566,-0.5284372921961019,0.8993932820467001,-1.4817498089086223,1.0,0.0,0.0,0
0.04276731091346047,1.0079915725426367,-0.37862427116735986,0.7194886394112021,1.462220280881368,1.0,0.0,0.0,0
1.091440322469163,0.5355075760764609,-0.5617290746469334,0.13979590203015138,-0.6518007942337846,1.0,0.0,0.0,0
0.14264093106161854,1.0079915725426367,-0.06235233788446003,0.0898223901869574,-0.495206640521551,0.0,1.0,0.0,0
1.3411243728395723,1.6154709965705716,-0.5284372921961019,0.8694091749407841,-1.5443874703935156,1.0,0.0,0.0,0
-1.2056529409385865,-0.3419627030750304,0.05416890069345044,-0.5098597519313705,-0.6204819634913378,1.0,0.0,0.0,0
0.24251455120977664,1.0079915725426367,-0.8946468991552491,0.8194356630975901,-0.40125014829421085,0.0,1.0,0.0,0
-0.9559688905681771,-1.5569215511309384,-0.8391605950705298,0.029854175975124464,0.021554066728819647,1.0,0.0,0.0,0
0.14264093106161854,1.1429870001043958,0.5313511158220362,-0.819695525359173,0.7575465891763172,1.0,0.0,0.0,0
0.9915667023210047,0.8729961449808777,0.15404424804594513,0.10981179492423528,-1.2781774090827187,1.0,0.0,0.0,0
-0.6064112200496096,-0.8819444133221049,-0.49514550974527033,0.33968994940292735,-0.6518007942337846,1.0,0.0,0.0,0
0.6919458418765022,0.0630235796102851,-0.20661672850473012,0.6595204251993692,-1.1059238399992617,1.0,0.0,0.0,0
1.2412507526914143,1.4804755690088125,1.3081593730081058,-1.2094889177360864,-0.8083949479460181,1.0,0.0,0.0,0
1.9903029038026423,2.155452706817646,-0.217713989321674,0.059838283081041284,0.2564452972971699,0.0,1.0,0.0,0
0.14264093106161854,1.0079915725426367,-0.5228886617876299,0.7294833417798403,-1.0589455938855916,0.0,1.0,0.0,0
0.29245136128386984,-0.2744649892941317,-1.3829263751007785,1.738948281012359,0.17814822044105316,1.0,0.0,0.0,0
1.2911875627655074,1.5479732827897112,0.08191205273581008,0.1997641162419843,-0.7770761172035714,1.0,0.0,0.0,0
1.191313942617321,0.13052129339114543,-0.5783749658723493,0.4896104849325093,0.30342354341084,0.0,0.0,1.0,0
-1.1557161308645216,-0.47695813063678943,1.9628977612077934,-1.5393140959011664,-1.4504309781661755,1.0,0.0,0.0,0
-0.4566007898273583,-1.016939840883864,0.7588449625693852,-0.8996531443082835,-0.6048225481201145,1.0,0.0,0.0,0
0.9416298922469115,0.26551672095290446,1.9407032395739057,-1.8491498693289692,-0.24465599458197734,1.0,0.0,0.0,0
-1.5552106114571824,-1.151935268445623,-0.14558179401153892,-0.1200663595544575,1.274307296426688,1.0,0.0,0.0,0
-0.9060320804941122,-1.2194329822265217,-0.40636742320971947,0.23974292571653935,0.8828219121461041,1.0,0.0,0.0,0
-0.9060320804941122,-1.5569215511309384,2.290266955307637,-1.8391551669603303,-0.228996579210754,0.0,1.0,0.0,0
-1.405400181234931,-1.4219261235691794,-0.05125507706751617,-0.4099127282449825,1.3995826193964747,0.0,1.0,0.0,0
1.840492473580391,2.0204572792558873,-0.3897215319843037,-0.010124633499430586,0.4600176971230735,0.0,1.0,0.0,0
1.141377132543256,0.805498431199979,-0.8502578558874736,1.0293244128390042,0.037213482100043,1.0,0.0,0.0,0
-2.154452332346159,-2.569387257844189,4.05473142520171,-2.538784332765046,0.6479306815777538,1.0,0.0,0.0,1
0.8417562720987535,0.4005121485147019,1.1306031999370043,-1.3793988580029457,-0.5735037173776678,1.0,0.0,0.0,0
0.19257774113568338,-0.20696727551327135,-0.5506318138299896,0.2797217351910944,-0.056743010127297114,0.0,1.0,0.0,0
1.2911875627655074,1.0079915725426367,1.918508717940018,-1.2494677272106414,0.616611850835307,1.0,0.0,0.0,0
-0.40666397975329344,-0.9494421271029653,-0.8780010079298333,0.9993403057330881,1.3369449579115813,1.0,0.0,0.0,0
-0.7062848401977677,-0.20696727551327135,0.7532963321609132,-1.1595154058928923,0.11551055895615976,0.0,1.0,0.0,0
-1.0558425107163636,-1.7594146924735963,-0.5783749658723493,0.28971643755973336,-1.4034527320525054,0.0,1.0,0.0,0
2.0402397138767356,2.222950420598545,1.907411457123074,-1.5493087982698053,1.2899667117979112,1.0,0.0,0.0,0
-0.10704311930879085,-0.5444558444176881,-0.5783749658723493,0.2597323304538172,0.052872897471266354,0.0,0.0,1.0,0
-0.5564744099755448,-0.6119535581985485,-0.8669037471128894,1.489080721796389,0.5852930200928603,1.0,0.0,0.0,0
0.8417562720987535,0.805498431199979,0.13184972641205742,-0.5498385614059255,0.49133652786552023,0.0,1.0,0.0,0
-0.6064112200496096,0.0630235796102851,-0.8835496383383052,0.39965816361476025,-0.8083949479460181,0.0,0.0,1.0,0
-0.4566007898273583,0.33301443473380316,-1.1665297891703734,1.489080721796389,-0.7770761172035714,1.0,0.0,0.0,0
-0.4566007898273583,-0.9494421271029653,-0.7281879869010912,0.6695151275680081,1.3839232040252514,1.0,0.0,0.0,0
0.39232498143202793,0.33301443473380316,0.8698175707388237,-1.029584275100588,0.8515030814036574,0.0,1.0,0.0,0
0.04276731091346047,-0.5444558444176881,-0.4729509881113826,0.4396369730893153,-1.3877933166812821,0.0,1.0,0.0,0
0.5920722217283441,0.5355075760764609,-0.8169660734366421,1.259202567317697,-1.3251556551963888,1.0,0.0,0.0,0
0.09270412098752531,-0.47695813063678943,-0.04015781625057232,0.3197005446656502,-0.8553731940596881,1.0,0.0,0.0,0
-1.1557161308645216,-1.9619078338162157,0.9752415484997903,-0.9796107632573939,-1.6853222087345259,1.0,0.0,0.0,0
0.9915667023210047,0.4005121485147019,-0.5617290746469334,0.3197005446656502,-1.4974092242798456,0.0,0.0,1.0,0
1.091440322469163,0.9404938587617381,-0.001317403391268828,-0.4898703471940926,-1.3094962398251653,0.0,1.0,0.0,0
0.8417562720987535,0.67050300363822,-0.16222768523695472,0.7794568536230343,-1.2625179937114952,0.0,1.0,0.0,0
1.840492473580391,1.6829687103514703,-0.4285619448436072,0.6195416157248141,0.8984813275173275,1.0,0.0,0.0,0
0.492198601580186,0.6030052898573213,2.057224478151816,-1.8091710598544142,-1.1059238399992617,0.0,1.0,0.0,0
-1.5552106114571824,-1.3544284097882808,-0.140033163603067,0.09981709255559633,0.19380763581227653,1.0,0.0,0.0,0
-0.2069167394569489,0.6030052898573213,0.6589696152168905,-1.1994942153674473,-0.495206640521551,1.0,0.0,0.0,0
-1.1057793207904283,-1.4894238373500397,1.230478547289499,-1.1095418940496984,0.31908295878206333,1.0,0.0,0.0,0
-0.856095270420019,-0.7469489857603459,-0.977876355282328,0.6095469133561752,-1.607025131878409,0.0,1.0,0.0,0
-0.007169499160632764,-0.3419627030750304,1.0473737438099253,-1.3993882627402232,-1.1059238399992617,1.0,0.0,0.0,0
-0.6563480301237028,-0.5444558444176881,-0.7947715518027544,0.47961578256387033,1.102053727343231,1.0,0.0,0.0,0
1.4409979929877303,1.4804755690088125,0.764393592977857,-0.9496266561514775,-0.9649891016582516,1.0,0.0,0.0,0
-1.2555897510126797,-0.8144466995412062,-0.03460918584210039,0.14979060439879033,1.8067274190482818,1.0,0.0,0.0,0
0.9915667023210047,-0.13946956173237265,-1.4384126791854979,1.72895357864372,0.616611850835307,0.0,0.0,1.0,1
-1.0558425107163636,-0.004474134170613608,-0.5561804442384615,0.1697800091360682,1.2116696349417944,0.0,1.0,0.0,0
-2.204389142420224,-2.704382685405948,-0.6671530524079,1.1092820317881151,-1.5757063011359624,1.0,0.0,0.0,0
-0.007169499160632764,-0.5444558444176881,1.219381286472555,-1.2094889177360864,-1.607025131878409,1.0,0.0,0.0,0
0.7418826519505954,0.4005121485147019,2.5455039540973456,-1.9790810001212737,1.6031550192223782,1.0,0.0,0.0,0
-1.505273801383089,-1.2194329822265217,0.2095305521306644,-1.0595683822065043,0.35040178952451007,1.0,0.0,0.0,0
-1.0558425107163636,-1.3544284097882808,-1.3496345926499471,2.288656911287493,-1.0432861785143683,1.0,0.0,0.0,0
0.09270412098752531,-0.5444558444176881,0.7089072888931378,-1.0095948703633104,-0.5108660558927743,1.0,0.0,0.0,0
0.9915667023210047,0.4005121485147019,-1.0056195073246876,1.309176079160891,1.3526043732828046,1.0,0.0,0.0,0
0.04276731091346047,0.9404938587617381,0.18178740008830477,-0.37992862113906567,1.4309014501389214,1.0,0.0,0.0,0
0.39232498143202793,-0.13946956173237265,0.6534209848084186,-0.8896584419396445,0.6792495123202005,1.0,0.0,0.0,0
0.5421354116542793,0.67050300363822,-0.7004448348587317,0.6595204251993692,-1.2155397475978251,0.0,1.0,0.0,0
-0.007169499160632764,1.0079915725426367,-0.5228886617876299,0.15978530676742925,-0.41690956366543425,1.0,0.0,0.0,0
-0.3567271696792002,-0.7469489857603459,0.2095305521306644,-0.5098597519313705,0.8201842506612106,0.0,1.0,0.0,0
0.3423881713579347,1.2779824276661549,0.8753662011472956,-1.1795048106301698,1.3056261271691345,0.0,1.0,0.0,0
1.3411243728395723,1.2779824276661549,-0.8336119646620579,0.6495257228307302,-1.4504309781661755,1.0,0.0,0.0,0
1.9903029038026423,2.087954993036786,-0.4119160536181914,0.09981709255559633,-0.6048225481201145,1.0,0.0,0.0,0
0.9416298922469115,0.805498431199979,-0.3619783799419441,0.17977471150470642,-1.4034527320525054,0.0,0.0,1.0,0
0.3423881713579347,0.4005121485147019,0.5091565941881484,-0.7397379064100625,-1.0119673477719215,0.0,0.0,1.0,0
-1.2056529409385865,-1.151935268445623,-0.006866033799740755,0.019859473606486232,-1.6853222087345259,0.0,1.0,0.0,0
0.14264093106161854,1.1429870001043958,-0.5228886617876299,0.7294833417798403,-1.4504309781661755,1.0,0.0,0.0,0
0.24251455120977664,-0.13946956173237265,-0.6172153787316527,0.37966875887748236,0.17814822044105316,1.0,0.0,0.0,0
-1.505273801383089,-1.4894238373500397,0.07636342232733814,-0.6697749898295914,0.7418871738050938,1.0,0.0,0.0,0
1.3411243728395723,0.46800986229556224,-0.9445845728314964,0.7494727465171181,-1.5130686396510689,1.0,0.0,0.0,1
-0.2069167394569489,0.13052129339114543,0.2705654866238556,-0.5898173708804806,-1.0902644246280384,1.0,0.0,0.0,0
-0.5564744099755448,0.46800986229556224,0.5479970070474519,-0.6397908827236746,1.7284303421921652,0.0,1.0,0.0,0
-0.856095270420019,-1.4219261235691794,-0.7781256605773386,0.7794568536230343,-0.13504008698341388,1.0,0.0,0.0,0
0.39232498143202793,-0.20696727551327135,-0.672701682816372,0.6595204251993692,-1.4974092242798456,1.0,0.0,0.0,0
-0.5065375999014515,-0.8819444133221049,-0.7281879869010912,0.8494197702035061,-1.293836824453942,0.0,0.0,1.0,0
-1.5552106114571824,-1.4219261235691794,-0.023511925025156536,-0.08008755007990175,0.39738003563818014,1.0,0.0,0.0,0
0.3423881713579347,1.2779824276661549,-0.295394815040281,-0.41990743061362146,-1.1842209168553786,1.0,0.0,0.0,0
-0.9559688905681771,-1.0844375546647627,0.2927600082577433,-0.18003457376628973,1.6188144345936015,1.0,0.0,0.0,0
-0.9559688905681771,-1.4894238373500397,0.38153809479329415,-0.7397379064100625,-0.7927355325747947,0.0,1.0,0.0,0
0.9416298922469115,0.67050300363822,-0.8613551167044174,0.7394780441484793,0.20946705118349987,0.0,1.0,0.0,0
-1.0558425107163636,-0.07197184795151232,0.015328487834146953,-0.6198014779863974,-1.1685615014841553,1.0,0.0,0.0,0
-0.5065375999014515,0.19801900717204413,0.6589696152168905,-1.2394730248420025,-0.6048225481201145,0.0,0.0,1.0,0
0.9915667023210047,0.0630235796102851,-0.9889736160992718,0.5395839967757032,1.0394160658583376,1.0,0.0,0.0,1
0.29245136128386984,-0.2744649892941317,-0.7115420956756755,0.15978530676742925,0.5069959432367436,1.0,0.0,0.0,0
-0.5065375999014515,-0.6119535581985485,0.2927600082577433,-0.49986504956273153,1.4465608655101447,1.0,0.0,0.0,0
1.141377132543256,1.1429870001043958,0.5535456374559239,-0.3399498116645106,0.20946705118349987,0.0,1.0,0.0,0
-1.1057793207904283,-1.4219261235691794,0.3371490515255187,-0.6497855850923135,-1.4817498089086223,0.0,0.0,1.0,0
0.6919458418765022,0.4005121485147019,0.087460683144282,0.3296952470342884,1.634473849964825,1.0,0.0,0.0,0
-0.5564744099755448,-0.9494421271029653,-0.7004448348587317,0.6495257228307302,0.22512646655472324,1.0,0.0,0.0,0
-1.6051474215312471,-1.4219261235691794,-0.7004448348587317,0.6495257228307302,0.20946705118349987,1.0,0.0,0.0,0
0.492198601580186,0.33301443473380316,-1.6159688522565996,2.1387363757579108,-0.47954722515032766,1.0,0.0,0.0,0
0.09270412098752531,1.0079915725426367,-0.595020857097765,0.3596793541402052,0.30342354341084,0.0,0.0,1.0,0
0.29245136128386984,-0.4094604168559291,0.2317250737645521,-0.42990213298225965,0.14682938969860648,0.0,1.0,0.0,0
-1.305526561086773,-0.4094604168559291,-0.367527010350416,0.5495786991443422,-0.21333716383953064,1.0,0.0,0.0,0
-1.305526561086773,-1.3544284097882808,-1.0222653985501033,1.509070126533667,-0.6987790403474545,0.0,1.0,0.0,0
0.24251455120977664,1.1429870001043958,0.44257302928648534,-0.7297432040414236,-0.35427190218054083,1.0,0.0,0.0,0
0.24251455120977664,-0.13946956173237265,-0.7170907260841474,0.4396369730893153,0.052872897471266354,0.0,1.0,0.0,0
0.9915667023210047,0.67050300363822,1.8075361097705793,-1.7292134409053037,-0.9336702709158049,1.0,0.0,0.0,0
-1.2555897510126797,-1.016939840883864,0.842074418696464,-0.6897643945668686,-1.5443874703935156,1.0,0.0,0.0,0
0.04276731091346047,0.9404938587617381,-0.5617290746469334,0.21975352097926218,0.49133652786552023,1.0,0.0,0.0,0
0.4422617915060928,-0.20696727551327135,4.526365009921824,-2.558773737502324,1.462220280881368,1.0,0.0,0.0,0
1.5908084232099817,0.9404938587617381,0.3759894643848222,-0.3399498116645106,-1.0119673477719215,0.0,0.0,1.0,0
0.6420090318024373,0.0630235796102851,0.6811641368507781,-0.8996531443082835,-1.1059238399992617,1.0,0.0,0.0,0
-0.3067903596051354,-0.47695813063678943,0.847623049104936,-1.1595154058928923,1.462220280881368,0.0,1.0,0.0,0
0.4422617915060928,1.0079915725426367,0.9142066140065991,-0.869669037202367,0.8045248352899873,0.0,1.0,0.0,0
0.6919458418765022,0.33301443473380316,0.5202538550050922,-0.05010344297398563,-1.6853222087345259,1.0,0.0,0.0,0
1.3411243728395723,1.6154709965705716,2.301364216124581,-1.519324691163889,-1.4817498089086223,1.0,0.0,0.0,0
1.3910611829136654,0.6030052898573213,0.9364011356404868,-1.0195895727319488,-1.027626763143145,1.0,0.0,0.0,0
0.14264093106161854,1.2779824276661549,0.38708672520176607,-0.5998120732491196,1.0863943119720076,1.0,0.0,0.0,0
0.492198601580186,1.0754892863235355,-0.5062427705622142,0.38966346124612133,0.5852930200928603,0.0,1.0,0.0,0
1.840492473580391,1.4804755690088125,0.15959287845441705,-0.6198014779863974,-0.18201833309708393,1.0,0.0,0.0,0
0.7918194620246887,0.26551672095290446,0.3316004211170468,0.1697800091360682,0.13116997432738312,1.0,0.0,0.0,0
-1.1557161308645216,-1.0844375546647627,1.1028600478946446,-1.2294783224733639,-0.18201833309708393,0.0,0.0,1.0,0
0.492198601580186,0.6030052898573213,1.602236784657118,-1.4893405840579723,0.9141407428885507,1.0,0.0,0.0,0
-0.5065375999014515,-0.004474134170613608,-0.3064920758572248,-0.04010874060534669,1.634473849964825,1.0,0.0,0.0,0
-0.6064112200496096,-0.13946956173237265,1.1860895040217234,-1.2494677272106414,0.35040178952451007,1.0,0.0,0.0,0
0.8417562720987535,-0.3419627030750304,-1.3385373318330032,2.5485191728721017,1.900683911275622,1.0,0.0,0.0,1
-0.756221650271861,-1.286930696007382,-0.21216535891320204,-0.08008755007990175,0.30342354341084,0.0,1.0,0.0,0
0.4422617915060928,0.6030052898573213,2.52885806287193,-1.9790810001212737,-0.04108359475607377,1.0,0.0,0.0,0
-0.5564744099755448,-0.8819444133221049,1.0418251134014533,-1.0595683822065043,0.13116997432738312,1.0,0.0,0.0,0
-0.9559688905681771,-1.6244192649117988,2.279169694490693,-1.9690862977526347,1.4778796962525915,1.0,0.0,0.0,0
-1.1057793207904283,-1.7594146924735963,-0.15113042442001084,0.07982768781831845,0.4600176971230735,1.0,0.0,0.0,0
-0.8061584603459542,-1.4219261235691794,0.026425748651090805,-0.4099127282449825,0.38172062026695674,1.0,0.0,0.0,0
-1.1057793207904283,-1.6919169786926975,0.5091565941881484,-0.869669037202367,0.2564452972971699,0.0,0.0,1.0,0
-1.2056529409385865,-0.9494421271029653,-1.0222653985501033,0.6395310204620913,-1.4817498089086223,1.0,0.0,0.0,0
-0.3067903596051354,-0.6119535581985485,-1.1831756803957894,2.198704589969744,0.5383147739791903,0.0,1.0,0.0,0
1.7905556635063262,1.2104847138852945,0.4148298772441257,-0.6797696921982296,0.7418871738050938,1.0,0.0,0.0,0
0.7418826519505954,0.46800986229556224,0.15959287845441705,-0.6897643945668686,-1.0902644246280384,1.0,0.0,0.0,0
-0.057106309234725997,-0.4094604168559291,-0.16777631564542664,0.2797217351910944,1.2899667117979112,0.0,1.0,0.0,0
1.191313942617321,0.13052129339114543,3.799494426412001,-2.398858499604103,0.7262277584338706,1.0,0.0,0.0,0
0.9915667023210047,0.8729961449808777,-0.16777631564542664,-0.010124633499430586,-1.293836824453942,1.0,0.0,0.0,0
-1.405400181234931,-1.3544284097882808,-0.33978385830805635,0.2497376280851783,-0.8083949479460181,0.0,1.0,0.0,0
-0.856095270420019,-0.4094604168559291,0.15959287845441705,-0.41990743061362146,0.5069959432367436,1.0,0.0,0.0,0
-1.0059057006422703,-1.286930696007382,-0.4729509881113826,-0.2899762998213166,-1.1372426707417085,1.0,0.0,0.0,0
0.5920722217283441,1.6154709965705716,-0.8003201822112262,0.7794568536230343,-0.2759748253244241,0.0,0.0,1.0,0
0.4422617915060928,0.7380007174191187,0.03752300946803466,-0.23000808560948371,0.39738003563818014,0.0,1.0,0.0,0
-0.8061584603459542,-0.9494421271029653,-0.5894722266892931,0.7094939370425631,-0.10372125624096717,1.0,0.0,0.0,0
-1.3554633711608377,-0.8819444133221049,-0.1844222068708424,-0.07009284771126352,1.2429884656842412,1.0,0.0,0.0,0
-0.007169499160632764,-0.3419627030750304,0.5646428982728677,-0.9896054656260325,-1.1372426707417085,1.0,0.0,0.0,0
1.8904292836544843,1.750466424132369,-0.739285247718035,0.7094939370425631,0.8515030814036574,0.0,1.0,0.0,0
0.19257774113568338,-0.13946956173237265,-0.5062427705622142,-0.030114038236707757,-0.009764764013627058,0.0,0.0,1.0,0
-0.25685354953104217,0.5355075760764609,0.3371490515255187,-0.7597273111473404,-0.6361413788625612,0.0,0.0,1.0,0
1.141377132543256,1.0079915725426367,0.7477477017524413,-0.9996001679946714,-1.4974092242798456,0.0,1.0,0.0,0
0.492198601580186,-0.20696727551327135,-0.3952701623927756,0.1997641162419843,0.522655358607967,1.0,0.0,0.0,0
0.19257774113568338,0.33301443473380316,-0.217713989321674,0.2997111399283723,-1.5443874703935156,0.0,1.0,0.0,0
0.3423881713579347,0.67050300363822,1.1139573087115884,-1.4393670722147784,1.0707348966007844,0.0,1.0,0.0,0
-0.2069167394569489,-0.5444558444176881,0.34269768193399064,-0.6697749898295914,-1.1685615014841553,1.0,0.0,0.0,0
0.09270412098752531,-0.6119535581985485,-0.739285247718035,0.21975352097926218,-1.0589455938855916,0.0,1.0,0.0,0
-0.4566007898273583,0.19801900717204413,-1.6991983083836784,1.8988635189105798,-0.41690956366543425,0.0,1.0,0.0,0
-0.856095270420019,-0.2744649892941317,-0.06790096829293195,-0.9096478466769223,1.274307296426688,1.0,0.0,0.0,0
-1.0059057006422703,-0.8144466995412062,1.3913888291351848,-1.2794518343165577,1.3369449579115813,1.0,0.0,0.0,0
-0.856095270420019,-0.6119535581985485,0.5147052245966204,-0.7297432040414236,-1.6853222087345259,0.0,1.0,0.0,0
-0.6563480301237028,-0.3419627030750304,-0.5173400313791581,-0.00012993113079164646,0.8201842506612106,1.0,0.0,0.0,0
-0.5065375999014515,-0.8819444133221049,3.943758817032271,-2.33889028539227,1.5718361884799317,1.0,0.0,0.0,0
-0.9060320804941122,-1.3544284097882808,-0.7115420956756755,0.23974292571653935,-0.9336702709158049,1.0,0.0,0.0,0
-1.0558425107163636,-1.6244192649117988,-1.0833003330432946,1.429112507584556,0.6792495123202005,1.0,0.0,0.0,0
-0.856095270420019,-0.6119535581985485,0.2983086386662152,0.009864771237847294,-1.4034527320525054,1.0,0.0,0.0,0
-1.8548314719016565,-1.7594146924735963,-0.4119160536181914,0.7094939370425631,1.681452096078495,1.0,0.0,0.0,0
1.041503512395098,0.7380007174191187,-0.49514550974527033,1.159255543631309,-0.3386124868093175,0.0,1.0,0.0,0
-0.40666397975329344,-1.151935268445623,-0.7170907260841474,0.2997111399283723,-1.2781774090827187,1.0,0.0,0.0,0
-0.7062848401977677,-0.2744649892941317,0.004231227017203099,-0.41990743061362146,-1.607025131878409,1.0,0.0,0.0,0
-0.8061584603459542,-0.47695813063678943,-0.15113042442001084,-0.41990743061362146,-1.4034527320525054,1.0,0.0,0.0,0
-0.057106309234725997,-0.5444558444176881,-0.2676516629979213,0.42964227072067634,1.6657926807072716,1.0,0.0,0.0,0
0.19257774113568338,0.26551672095290446,-1.3385373318330032,2.1387363757579108,-1.3877933166812821,1.0,0.0,0.0,0
1.141377132543256,0.7380007174191187,-0.46740235770291066,0.029854175975124464,0.5852930200928603,0.0,0.0,1.0,0
-1.1057793207904283,-0.8144466995412062,0.10965520477816972,-0.47987564482545364,-0.6518007942337846,1.0,0.0,0.0,0
1.3411243728395723,1.3454801414470536,-0.21216535891320204,-0.2999710021899556,-0.47954722515032766,1.0,0.0,0.0,0
1.141377132543256,1.1429870001043958,0.6034833111321712,-0.7897114182532565,1.3995826193964747,1.0,0.0,0.0,0
1.4409979929877303,1.5479732827897112,1.9407032395739057,-1.7192187385366648,0.6322712662065304,1.0,0.0,0.0,0
-0.10704311930879085,0.19801900717204413,1.4746182852622638,-1.6292664172189157,1.415242034767698,0.0,1.0,0.0,0
1.5908084232099817,0.805498431199979,0.8254285274710482,-0.8097008229905344,-1.1685615014841553,0.0,1.0,0.0,0
-0.5564744099755448,-1.2194329822265217,2.6786710839006718,-1.9990704048585513,-1.3251556551963888,0.0,1.0,0.0,0
-1.2555897510126797,-1.016939840883864,-0.4285619448436072,1.2292184602117802,0.6322712662065304,1.0,0.0,0.0,0
0.3423881713579347,0.7380007174191187,5.20884655016387,-2.658720761188712,0.9767784043734442,1.0,0.0,0.0,1
1.091440322469163,0.8729961449808777,-0.3564297495334722,0.8594144725721451,-0.056743010127297114,1.0,0.0,0.0,0
-0.4566007898273583,0.26551672095290446,-0.08454685951834773,1.139266138894031,-0.6518007942337846,0.0,1.0,0.0,0
0.09270412098752531,-0.004474134170613608,0.692261397667722,-0.9296372514142,1.1177131427144544,0.0,1.0,0.0,0
0.14264093106161854,-0.6119535581985485,0.8864634619642394,-0.969616060888755,1.102053727343231,1.0,0.0,0.0,0
1.3411243728395723,0.26551672095290446,-1.2996969189736998,1.5190648289023059,-1.3721339013100589,0.0,0.0,1.0,1
-0.3567271696792002,-0.6794512719794472,-0.1566790548284828,0.7794568536230343,0.6322712662065304,1.0,0.0,0.0,0
-0.2069167394569489,-0.5444558444176881,0.10965520477816972,-0.09008225244854068,0.037213482100043,1.0,0.0,0.0,0
1.141377132543256,1.3454801414470536,1.14724909116242,-1.1894995129988084,0.9298001582597741,1.0,0.0,0.0,0
-0.057106309234725997,-0.3419627030750304,0.15404424804594513,-0.44989153771953755,0.9924378197446675,1.0,0.0,0.0,0
-1.2056529409385865,-0.9494421271029653,-0.8669037471128894,0.7494727465171181,-0.5108660558927743,1.0,0.0,0.0,0
0.9915667023210047,0.5355075760764609,2.2680724336737494,-2.0290545119644676,-0.6518007942337846,1.0,0.0,0.0,0
0.5920722217283441,0.19801900717204413,-1.0111681377331596,1.449101912321834,-0.9180108555445815,0.0,1.0,0.0,0
-0.40666397975329344,0.4005121485147019,0.15404424804594513,-0.16004516902901256,1.0080972351158908,1.0,0.0,0.0,0
-1.505273801383089,-1.2194329822265217,0.9031093531896552,-0.9296372514142,0.2564452972971699,0.0,1.0,0.0,0
-1.2056529409385865,-0.9494421271029653,0.30940589948315905,-0.3099657045585945,-1.293836824453942,0.0,1.0,0.0,0
-1.0558425107163636,-1.4219261235691794,-0.3508811191250002,0.5195945920384261,-0.2603154099532007,1.0,0.0,0.0,0
-1.3554633711608377,-1.151935268445623,-0.6061181179147088,0.18976941387334537,-0.1976777484683073,1.0,0.0,0.0,0
-1.0558425107163636,-1.6244192649117988,2.4289827155194352,-1.9790810001212737,1.1646913888281245,1.0,0.0,0.0,0
-1.405400181234931,-1.4219261235691794,-1.1831756803957894,3.5379947073673432,1.0080972351158908,1.0,0.0,0.0,1
0.3423881713579347,0.4005121485147019,-0.10674138115223544,0.5895575086188972,0.6009524354640837,1.0,0.0,0.0,0
-0.3567271696792002,-0.47695813063678943,-0.09009548992681966,-0.21001868087220654,1.509198526995038,0.0,1.0,0.0,0
-0.4566007898273583,-0.9494421271029653,-0.5672777050554054,0.15978530676742925,1.1803508041993478,1.0,0.0,0.0,0
0.29245136128386984,-0.004474134170613608,-0.1566790548284828,-0.3099657045585945,-0.04108359475607377,1.0,0.0,0.0,0
0.3423881713579347,-0.3419627030750304,-0.33423522789958443,-0.5498385614059255,1.3995826193964747,1.0,0.0,0.0,0
-0.25685354953104217,0.6030052898573213,-0.8946468991552491,0.8694091749407841,0.17814822044105316,0.0,1.0,0.0,0
0.39232498143202793,0.6030052898573213,-0.4563050968859668,0.7694621512543961,-0.40125014829421085,1.0,0.0,0.0,0
-1.1057793207904283,-1.016939840883864,-0.2842975542233371,0.18976941387334537,1.3839232040252514,0.0,1.0,0.0,0
-0.6064112200496096,-0.8819444133221049,-0.5173400313791581,0.5495786991443422,-0.9180108555445815,0.0,1.0,0.0,0
-1.1557161308645216,-1.2194329822265217,-0.07344959870140388,0.009864771237847294,0.8984813275173275,0.0,0.0,1.0,0
0.29245136128386984,-0.2744649892941317,0.8032340058371605,-0.7197485016727854,-0.8553731940596881,1.0,0.0,0.0,0
-1.1057793207904283,-1.4219261235691794,-0.5117914009706861,0.8594144725721451,-0.9649891016582516,1.0,0.0,0.0,0
1.9903029038026423,2.087954993036786,0.8587203099218799,-0.8596743348337283,0.13116997432738312,0.0,1.0,0.0,0
-0.3567271696792002,-0.5444558444176881,-0.5506318138299896,-0.24999749034676158,0.052872897471266354,0.0,1.0,0.0,0
1.141377132543256,0.5355075760764609,-0.900195529563721,0.7294833417798403,-1.340815070567612,1.0,0.0,0.0,1
-0.5564744099755448,-1.2194329822265217,0.8143312666541044,-0.9596213585201163,-0.8553731940596881,1.0,0.0,0.0,0
1.4409979929877303,1.6154709965705716,-1.1387866371280138,1.0892926270508372,-1.607025131878409,0.0,1.0,0.0,0
0.8916930821728467,0.0630235796102851,4.6206917268658465,-2.608747249345518,1.5248579423662616,0.0,1.0,0.0,1
1.5908084232099817,1.0079915725426367,-1.12768937631107,1.8189058999614698,-1.654003377992079,0.0,1.0,0.0,1
1.2412507526914143,0.7380007174191187,-0.25655440218097747,-0.10007695481717963,0.4600176971230735,1.0,0.0,0.0,0
0.5421354116542793,0.8729961449808777,-1.504996244087161,1.9988105425969678,-0.8553731940596881,1.0,0.0,0.0,0
0.14264093106161854,1.2779824276661549,-0.6116667483231808,0.15978530676742925,1.196010219570571,0.0,1.0,0.0,0
1.191313942617321,0.13052129339114543,-0.001317403391268828,-0.23000808560948371,-1.2311991629690486,1.0,0.0,0.0,0
0.6919458418765022,0.19801900717204413,-0.9168414207891368,0.7594674488857571,1.0707348966007844,1.0,0.0,0.0,0
0.8916930821728467,-0.004474134170613608,1.3414511554589374,-1.6092770124816382,1.415242034767698,0.0,1.0,0.0,0
0.4422617915060928,-0.004474134170613608,-0.6837989436333158,0.6595204251993692,1.462220280881368,0.0,1.0,0.0,0
-0.7062848401977677,-0.4094604168559291,-0.7337366173095632,0.5095998896697872,1.0707348966007844,0.0,1.0,0.0,0
-1.2555897510126797,-0.8819444133221049,-0.5173400313791581,1.299181376792252,0.9454595736309974,0.0,1.0,0.0,0
0.6919458418765022,0.6030052898573213,0.09855794396122586,-0.07009284771126352,1.0394160658583376,0.0,1.0,0.0,0
0.29245136128386984,0.19801900717204413,2.1127107822365354,-1.7691922503798587,1.8067274190482818,1.0,0.0,0.0,0
0.19257774113568338,-0.20696727551327135,0.8087826362456325,-0.869669037202367,0.6949089276914238,1.0,0.0,0.0,0
0.3423881713579347,1.2104847138852945,-0.5450831834215176,-0.19002927613492865,-1.1529020861129318,1.0,0.0,0.0,0
0.24251455120977664,1.0754892863235355,-0.16777631564542664,0.7194886394112021,1.4778796962525915,1.0,0.0,0.0,0
-0.756221650271861,-0.2744649892941317,-0.5617290746469334,0.44963167545795424,0.2564452972971699,0.0,1.0,0.0,0
0.4422617915060928,1.2104847138852945,1.685466240784197,-1.5493087982698053,-1.293836824453942,0.0,1.0,0.0,0
-1.1057793207904283,-0.13946956173237265,0.7588449625693852,-1.0995471916810593,1.102053727343231,0.0,1.0,0.0,0
1.091440322469163,1.0079915725426367,-0.9945222465077438,1.299181376792252,-1.1215832553704852,0.0,1.0,0.0,0
0.8916930821728467,0.805498431199979,1.6688203495587812,-1.3394200485283905,1.4778796962525915,1.0,0.0,0.0,0
0.09270412098752531,0.26551672095290446,-0.11783864196917929,0.17977471150470642,-1.607025131878409,1.0,0.0,0.0,0
-1.2555897510126797,-1.016939840883864,0.03752300946803466,0.039848878343763404,0.3347423741532867,1.0,0.0,0.0,0
1.4409979929877303,1.6829687103514703,0.0652661615103943,-0.00012993113079164646,-1.3721339013100589,0.0,1.0,0.0,0
1.041503512395098,0.805498431199979,0.4259271380610695,-0.4898703471940926,-0.7927355325747947,0.0,1.0,0.0,0
0.09270412098752531,1.2104847138852945,-0.7170907260841474,1.139266138894031,1.274307296426688,1.0,0.0,0.0,0
0.7918194620246887,0.46800986229556224,-0.4563050968859668,0.039848878343763404,1.6501332653360483,1.0,0.0,0.0,0
-1.505273801383089,-1.4894238373500397,-0.750382508534979,0.06983298544968022,1.196010219570571,0.0,0.0,1.0,0
0.09270412098752531,1.0754892863235355,1.1749922432047797,-1.1994942153674473,0.8515030814036574,0.0,1.0,0.0,0
-0.057106309234725997,-0.6119535581985485,-0.7059934652672035,0.8294303654662283,1.415242034767698,1.0,0.0,0.0,0
-0.856095270420019,-0.6119535581985485,-0.7559311389434509,0.5095998896697872,0.4756771124942969,1.0,0.0,0.0,0
1.091440322469163,0.6030052898573213,0.3593435731594064,0.049843580712402344,-0.6204819634913378,1.0,0.0,0.0,0
1.2412507526914143,0.13052129339114543,0.9807901789082623,-1.0095948703633104,0.7575465891763172,1.0,0.0,0.0,0
0.3423881713579347,-0.2744649892941317,-0.0789982291098758,-0.3499445140331496,-0.5735037173776678,0.0,1.0,0.0,0
2.1401133340248935,2.3579458481603037,0.28166274744079944,-1.0195895727319488,-1.4191121474237287,1.0,0.0,0.0,0
-0.4566007898273583,0.19801900717204413,-0.37307564075888794,0.6595204251993692,0.7732060045475406,1.0,0.0,0.0,0
-0.40666397975329344,-0.8144466995412062,-0.744833878126507,1.139266138894031,1.1803508041993478,1.0,0.0,0.0,0
0.492198601580186,0.46800986229556224,0.6534209848084186,-1.0095948703633104,0.6322712662065304,0.0,1.0,0.0,0
-1.0558425107163636,-0.7469489857603459,0.1484956176374732,0.18976941387334537,-0.9023514401733582,1.0,0.0,0.0,0
1.141377132543256,0.805498431199979,-0.595020857097765,0.2697270328224562,-0.6204819634913378,0.0,1.0,0.0,0
0.3423881713579347,0.5355075760764609,-0.33423522789958443,0.9093879844153391,-0.5735037173776678,1.0,0.0,0.0,0
-1.1557161308645216,-0.7469489857603459,-0.05125507706751617,-0.09008225244854068,0.0058946513575962945,0.0,1.0,0.0,0
0.09270412098752531,1.0079915725426367,-0.13448453319459508,-0.31996040692723343,-1.2625179937114952,0.0,0.0,1.0,0
-0.6064112200496096,-0.13946956173237265,-0.5672777050554054,0.2797217351910944,-1.3251556551963888,1.0,0.0,0.0,0
0.19257774113568338,0.7380007174191187,-0.7892229213942824,1.0792979246821983,1.274307296426688,1.0,0.0,0.0,0
-1.455336991308996,-0.8819444133221049,-0.3619783799419441,0.2297482233479004,-0.6831196249762312,1.0,0.0,0.0,0
0.24251455120977664,0.8729961449808777,-0.27320029340639324,0.17977471150470642,-1.0746050092568151,1.0,0.0,0.0,0
-0.40666397975329344,-1.0844375546647627,-0.6893475740417878,0.34968465177156627,-0.8553731940596881,0.0,1.0,0.0,0
1.2412507526914143,0.13052129339114543,-0.3453324887165283,0.15978530676742925,-1.4347715627949522,1.0,0.0,0.0,0
-1.405400181234931,-0.9494421271029653,0.6256778327660589,-0.7897114182532565,-0.8710326094309114,1.0,0.0,0.0,0
-0.4566007898273583,0.46800986229556224,-1.277502397339812,1.1092820317881151,1.2586478810554644,1.0,0.0,0.0,0
-1.505273801383089,-1.6244192649117988,0.19843329131372053,-0.2599921927154005,-0.15069950235463722,1.0,0.0,0.0,0
-1.1557161308645216,-0.6794512719794472,-0.04570644665904424,0.23974292571653935,-1.0902644246280384,0.0,1.0,0.0,0
0.9915667023210047,0.4005121485147019,-0.001317403391268828,-0.2599921927154005,-0.18201833309708393,0.0,1.0,0.0,0
1.3411243728395723,1.5479732827897112,-1.0722030722263507,2.118746971020634,0.9767784043734442,1.0,0.0,0.0,0
1.141377132543256,0.805498431199979,-0.744833878126507,0.7694621512543961,-0.30729365606687076,0.0,1.0,0.0,0
-0.9060320804941122,-1.4894238373500397,-0.9112927903806648,0.6595204251993692,1.2586478810554644,1.0,0.0,0.0,0
-0.856095270420019,-0.004474134170613608,1.768695696911276,-1.6092770124816382,0.09985114358493641,1.0,0.0,0.0,0
-0.15697992938288408,-0.4094604168559291,-0.9834249856907998,1.1892396507372252,0.14682938969860648,1.0,0.0,0.0,0
0.492198601580186,0.7380007174191187,0.4203785076525976,-0.4398968353508986,0.7888654199187639,1.0,0.0,0.0,0
-0.5564744099755448,-0.8144466995412062,-1.432864048777026,1.389133698110001,-0.47954722515032766,1.0,0.0,0.0,0
0.14264093106161854,1.1429870001043958,-0.4840482489283265,0.14979060439879033,1.0080972351158908,1.0,0.0,0.0,0
-0.9060320804941122,-0.8819444133221049,0.3316004211170468,-0.37992862113906567,-1.246858578340272,0.0,1.0,0.0,0
-0.5564744099755448,-0.07197184795151232,-0.12338727237765122,-0.3399498116645106,0.14682938969860648,1.0,0.0,0.0,0
-0.6064112200496096,-0.13946956173237265,0.5258024854135642,-0.6397908827236746,-1.2625179937114952,1.0,0.0,0.0,0
-1.1057793207904283,-1.8944101200353554,-0.22881125013861783,-0.19002927613492865,1.2586478810554644,1.0,0.0,0.0,0
0.6919458418765022,0.4005121485147019,0.5258024854135642,-0.8896584419396445,0.9924378197446675,1.0,0.0,0.0,0
0.3423881713579347,0.67050300363822,0.9253038748235429,-1.4993352864266114,0.7105683430626472,0.0,1.0,0.0,0
-1.9547050920498146,-1.9619078338162157,0.620129202357587,-0.42990213298225965,0.9298001582597741,1.0,0.0,0.0,0
1.191313942617321,1.2104847138852945,-0.17332494605389856,0.5695681038816202,0.0058946513575962945,1.0,0.0,0.0,0
-1.305526561086773,-1.4219261235691794,-0.8280633342535859,0.7694621512543961,0.7575465891763172,1.0,0.0,0.0,0
-1.2056529409385865,-0.47695813063678943,0.392635355610238,-0.49986504956273153,-1.5913657165071857,1.0,0.0,0.0,0
-1.305526561086773,-1.2194329822265217,-0.05125507706751617,-0.7397379064100625,-1.340815070567612,0.0,1.0,0.0,0
0.29245136128386984,0.46800986229556224,-0.46740235770291066,0.059838283081041284,-0.40125014829421085,1.0,0.0,0.0,0
-1.405400181234931,-1.4219261235691794,0.004231227017203099,-0.2899762998213166,0.8828219121461041,1.0,0.0,0.0,0
0.3423881713579347,0.67050300363822,-1.2608565061143961,1.209229055474503,-0.009764764013627058,1.0,0.0,0.0,0
-0.6563480301237028,-0.20696727551327135,-0.16222768523695472,0.059838283081041284,0.8515030814036574,1.0,0.0,0.0,0
1.3411243728395723,1.6829687103514703,-0.06790096829293195,-0.3599392164017885,-1.2781774090827187,0.0,0.0,1.0,0
-1.0059057006422703,-1.016939840883864,-0.6116667483231808,-0.23000808560948371,1.7597491729346117,1.0,0.0,0.0,1
-0.9060320804941122,-1.151935268445623,-0.09564412033529159,0.9093879844153391,-1.340815070567612,0.0,1.0,0.0,0
0.04276731091346047,0.33301443473380316,-1.0167167681416314,0.5795628062502584,0.28776412803961665,1.0,0.0,0.0,0
-1.5552106114571824,-1.3544284097882808,-0.6837989436333158,0.6895045323052853,-0.04108359475607377,0.0,0.0,1.0,0
0.7918194620246887,0.4005121485147019,1.5633963717978145,-1.3793988580029457,0.9924378197446675,0.0,0.0,1.0,0
-0.10704311930879085,-0.13946956173237265,1.1638949823878357,-0.6597802874609524,0.7105683430626472,1.0,0.0,0.0,0
-0.756221650271861,-0.4094604168559291,0.14294698722900126,-0.6297961803550356,0.6635900969489771,0.0,1.0,0.0,0
-1.305526561086773,-1.0844375546647627,-0.9334873120145526,1.738948281012359,-0.8710326094309114,1.0,0.0,0.0,0
0.04276731091346047,-0.4094604168559291,3.338958102508831,-2.2089591545999663,-1.1685615014841553,1.0,0.0,0.0,0
-1.1057793207904283,-1.5569215511309384,-0.8114174430281702,-0.2000239785035676,-1.2311991629690486,1.0,0.0,0.0,0
-1.2056529409385865,-1.151935268445623,-0.20661672850473012,0.3197005446656502,0.49133652786552023,1.0,0.0,0.0,0
2.0402397138767356,2.3579458481603037,-0.3897215319843037,0.4596263778265932,0.08419172821371305,1.0,0.0,0.0,0
-0.10704311930879085,0.805498431199979,0.692261397667722,-1.169510108261531,1.0237566504871143,1.0,0.0,0.0,0
-1.2056529409385865,-0.5444558444176881,-0.8280633342535859,0.3296952470342884,1.7754085883058353,1.0,0.0,0.0,0
0.5920722217283441,0.0630235796102851,-0.33423522789958443,0.5495786991443422,-0.9963079324006983,0.0,1.0,0.0,0
0.04276731091346047,-0.20696727551327135,-0.9834249856907998,0.9093879844153391,-1.3251556551963888,1.0,0.0,0.0,0
-0.2069167394569489,0.5355075760764609,0.5812887894982834,-0.9096478466769223,0.09985114358493641,1.0,0.0,0.0,0
-1.2555897510126797,-0.5444558444176881,-1.0666544418178787,1.5790330431141382,1.2586478810554644,0.0,1.0,0.0,0
0.29245136128386984,0.19801900717204413,-0.3064920758572248,0.09981709255559633,1.6501332653360483,1.0,0.0,0.0,0
1.6906820433581398,1.3454801414470536,-0.10119275074376351,-0.4099127282449825,1.681452096078495,1.0,0.0,0.0,1
0.19257774113568338,0.67050300363822,0.30940589948315905,-0.45988624008817647,-1.4504309781661755,0.0,1.0,0.0,0
-0.5564744099755448,0.19801900717204413,-1.6437120042989593,2.2986516136561317,0.8671624967748807,0.0,0.0,1.0,0
-0.3067903596051354,-0.8819444133221049,-0.289846184631809,1.259202567317697,1.5248579423662616,0.0,1.0,0.0,0
0.7418826519505954,0.4005121485147019,-0.15113042442001084,-0.10007695481717963,0.5539741893504136,0.0,0.0,1.0,0
0.3423881713579347,1.1429870001043958,0.5313511158220362,-0.7597273111473404,1.6501332653360483,1.0,0.0,0.0,0
1.840492473580391,2.087954993036786,-0.739285247718035,0.8594144725721451,1.1803508041993478,1.0,0.0,0.0,0
-0.3567271696792002,-0.9494421271029653,-0.5062427705622142,1.209229055474503,-0.5735037173776678,0.0,1.0,0.0,0
0.8916930821728467,0.5355075760764609,0.44257302928648534,-0.8996531443082835,-0.495206640521551,0.0,1.0,0.0,0
0.24251455120977664,-0.20696727551327135,0.2761141170323275,-0.9496266561514775,1.415242034767698,1.0,0.0,0.0,0
-0.5065375999014515,0.19801900717204413,-0.10674138115223544,0.4996051873011482,0.9924378197446675,1.0,0.0,0.0,0
-1.405400181234931,-1.0844375546647627,-0.4285619448436072,1.119276734156754,-0.08806184086974382,1.0,0.0,0.0,0
-0.8061584603459542,-0.47695813063678943,1.4801669156707356,-1.2394730248420025,-0.6831196249762312,1.0,0.0,0.0,0
-0.856095270420019,-1.286930696007382,0.5036079637796765,-0.7297432040414236,-0.3855907329229875,0.0,1.0,0.0,0
-0.6064112200496096,-0.6119535581985485,0.10965520477816972,-0.5298491566686476,-0.1976777484683073,0.0,1.0,0.0,0
-1.1057793207904283,-0.20696727551327135,0.8920120923727114,-0.869669037202367,1.4465608655101447,0.0,1.0,0.0,0
-0.9060320804941122,-0.8144466995412062,-0.22881125013861783,-0.39991802587634356,-1.0746050092568151,1.0,0.0,0.0,0
0.6420090318024373,0.0630235796102851,-0.04570644665904424,0.15978530676742925,-1.5443874703935156,1.0,0.0,0.0,0
0.8417562720987535,0.5355075760764609,-0.12893590278612316,0.039848878343763404,-0.9336702709158049,0.0,1.0,0.0,0
0.8417562720987535,0.6030052898573213,-0.744833878126507,0.6395310204620913,1.5561767731087082,1.0,0.0,0.0,1
-0.5564744099755448,0.0630235796102851,-0.4840482489283265,0.9893456033644492,1.2429884656842412,0.0,0.0,1.0,0
-0.9060320804941122,-1.5569215511309384,0.8254285274710482,-0.7597273111473404,-0.2603154099532007,1.0,0.0,0.0,0
1.3411243728395723,1.6154709965705716,-0.47849961851985456,0.7294833417798403,-0.7144384557186779,1.0,0.0,0.0,0
-1.3554633711608377,-1.286930696007382,-0.4507564664774949,0.5695681038816202,1.4778796962525915,1.0,0.0,0.0,0
0.04276731091346047,-0.4094604168559291,0.13184972641205742,0.07982768781831845,-1.246858578340272,0.0,0.0,1.0,0
-0.3067903596051354,-0.47695813063678943,-0.5062427705622142,0.8594144725721451,-0.9963079324006983,1.0,0.0,0.0,0
1.091440322469163,0.8729961449808777,-0.10119275074376351,0.059838283081041284,-0.8710326094309114,0.0,1.0,0.0,0
2.0901765239508006,2.290448134379405,-0.6560557915909562,0.33968994940292735,-0.8083949479460181,1.0,0.0,0.0,0
0.29245136128386984,-0.47695813063678943,-0.7226393564926193,-0.13006106192309574,0.11551055895615976,1.0,0.0,0.0,0
-1.3554633711608377,-0.8819444133221049,-0.5117914009706861,0.44963167545795424,-0.04108359475607377,0.0,1.0,0.0,0
0.29245136128386984,0.4005121485147019,-0.5062427705622142,0.46962108019523213,-0.8240543633172414,0.0,0.0,1.0,0
1.7406188534322329,1.6154709965705716,-1.2275647236635647,1.419117805215918,1.0863943119720076,0.0,1.0,0.0,0
-0.5065375999014515,0.19801900717204413,0.07081479191886622,-0.010124633499430586,0.09985114358493641,1.0,0.0,0.0,0
1.091440322469163,1.0079915725426367,0.04862027028497851,-0.7597273111473404,-0.41690956366543425,1.0,0.0,0.0,0
0.29245136128386984,0.33301443473380316,3.42218755863591,-2.198964452231327,-1.4347715627949522,0.0,1.0,0.0,0
-0.6064112200496096,0.4005121485147019,0.620129202357587,-0.6697749898295914,-1.6853222087345259,1.0,0.0,0.0,0
-1.0059057006422703,-1.3544284097882808,0.4203785076525976,-1.0495736798378654,-1.4504309781661755,1.0,0.0,0.0,0
0.09270412098752531,-0.4094604168559291,-0.5894722266892931,0.8794038773094223,1.3056261271691345,0.0,1.0,0.0,0
-0.856095270420019,-0.6119535581985485,-0.8447092254790017,1.2292184602117802,0.8201842506612106,1.0,0.0,0.0,0
0.492198601580186,0.6030052898573213,-0.750382508534979,0.17977471150470642,-0.5735037173776678,1.0,0.0,0.0,0
1.6407452332840748,1.2104847138852945,-1.2442106148889804,2.198704589969744,-1.027626763143145,1.0,0.0,0.0,1
0.7918194620246887,0.46800986229556224,-0.6394099003655405,1.0493138175762822,1.6657926807072716,1.0,0.0,0.0,0
-0.40666397975329344,-0.8819444133221049,-1.188724310804261,1.099287329419476,0.9924378197446675,1.0,0.0,0.0,0
-0.2069167394569489,0.6030052898573213,-0.05125507706751617,-0.1200663595544575,1.415242034767698,0.0,1.0,0.0,0
1.5908084232099817,1.0079915725426367,-0.17887357646237048,-0.08008755007990175,1.8380462497907286,1.0,0.0,0.0,0
-0.10704311930879085,-0.5444558444176881,0.18178740008830477,-0.45988624008817647,0.7888654199187639,1.0,0.0,0.0,0
0.24251455120977664,-0.07197184795151232,-0.6449585307740123,0.7894515559916733,0.09985114358493641,1.0,0.0,0.0,0
-2.154452332346159,-2.569387257844189,3.4499307106782697,-2.348884987760909,-0.04108359475607377,0.0,0.0,1.0,0
1.2412507526914143,0.19801900717204413,0.24837096498996789,-0.44989153771953755,0.7888654199187639,1.0,0.0,0.0,0
0.29245136128386984,1.0079915725426367,-0.6671530524079,-0.14005576429173466,-1.1998803322266018,1.0,0.0,0.0,0
0.3423881713579347,0.5355075760764609,0.38153809479329415,-0.05010344297398563,1.4778796962525915,1.0,0.0,0.0,0
0.5920722217283441,0.26551672095290446,-0.8780010079298333,0.9793509009958102,0.11551055895615976,1.0,0.0,0.0,0
0.39232498143202793,0.0630235796102851,-0.744833878126507,2.118746971020634,1.274307296426688,1.0,0.0,0.0,1
0.04276731091346047,0.9404938587617381,-0.6061181179147088,0.0898223901869574,-0.228996579210754,1.0,0.0,0.0,0
-0.25685354953104217,-0.6119535581985485,1.7354039144604443,-1.7392081432739424,-0.47954722515032766,1.0,0.0,0.0,0
0.04276731091346047,0.0630235796102851,-0.6283126395485966,0.2697270328224562,-0.6831196249762312,0.0,0.0,1.0,0
1.840492473580391,1.8854618516941282,-0.9612304640569121,0.7294833417798403,-0.9180108555445815,0.0,1.0,0.0,0
-0.40666397975329344,-1.0844375546647627,1.757598436094332,-1.7292134409053037,-0.3386124868093175,0.0,1.0,0.0,0
-0.7062848401977677,-0.13946956173237265,0.9142066140065991,-1.169510108261531,-0.6831196249762312,1.0,0.0,0.0,0
1.091440322469163,1.0079915725426367,-0.6227640091401246,0.37966875887748236,-0.30729365606687076,1.0,0.0,0.0,0
0.5421354116542793,0.7380007174191187,-0.5728263354638773,0.17977471150470642,0.7575465891763172,0.0,1.0,0.0,0
-0.5564744099755448,-0.004474134170613608,0.10965520477816972,-0.6597802874609524,-0.7770761172035714,1.0,0.0,0.0,0
-1.405400181234931,-1.151935268445623,1.4746182852622638,-1.4393670722147784,-0.07240242549852047,1.0,0.0,0.0,0
1.5408716131359168,1.8854618516941282,4.3821006193015535,-2.4888108209218522,0.08419172821371305,1.0,0.0,0.0,0
1.3411243728395723,1.6829687103514703,-0.6782503132248439,1.1492608412626701,-1.3877933166812821,0.0,1.0,0.0,0
0.4422617915060928,0.4005121485147019,-1.050008550592463,1.3791389957413622,0.3660612048957334,1.0,0.0,0.0,0
1.9403660937285492,2.087954993036786,1.3913888291351848,-1.3294253461597518,-1.4191121474237287,0.0,0.0,1.0,0
0.9915667023210047,0.6030052898573213,0.6867127672592501,-0.8496796324650895,-0.41690956366543425,1.0,0.0,0.0,0
-0.2069167394569489,-0.6794512719794472,0.6034833111321712,-0.6397908827236746,-0.5891631327488911,1.0,0.0,0.0,0
-1.305526561086773,-1.0844375546647627,0.17623876967983285,-0.06009814534262457,-1.6853222087345259,1.0,0.0,0.0,0
-0.7062848401977677,-0.07197184795151232,1.5467504805723988,-1.5093299887952503,-1.5443874703935156,0.0,1.0,0.0,0
1.4409979929877303,1.5479732827897112,1.1916381344301954,-1.3094359414224743,1.587495603851155,0.0,0.0,1.0,0
-0.6563480301237028,0.13052129339114543,0.9863388093167341,-1.2694571319479189,-1.2781774090827187,1.0,0.0,0.0,0
-1.5552106114571824,-1.3544284097882808,-1.1498838979449577,1.389133698110001,-1.5757063011359624,1.0,0.0,0.0,0
-1.0059057006422703,-1.0844375546647627,-0.595020857097765,0.6195416157248141,-1.5130686396510689,1.0,0.0,0.0,0
-0.3567271696792002,-0.8819444133221049,1.4579723940368479,-1.3993882627402232,0.35040178952451007,1.0,0.0,0.0,0
-1.3554633711608377,-1.2194329822265217,1.7021121320096126,-1.5493087982698053,-1.0432861785143683,0.0,1.0,0.0,0
0.7418826519505954,0.33301443473380316,-0.023511925025156536,-0.10007695481717963,1.509198526995038,1.0,0.0,0.0,0
-0.057106309234725997,-0.47695813063678943,-0.4840482489283265,0.18976941387334537,-0.02542417938485041,0.0,1.0,0.0,0
-0.9060320804941122,-0.8144466995412062,0.37044083397635025,-0.010124633499430586,-0.8553731940596881,0.0,0.0,1.0,0
-1.0059057006422703,-0.3419627030750304,-0.23990851095556168,0.5795628062502584,-0.9649891016582516,1.0,0.0,0.0,0
1.041503512395098,0.33301443473380316,0.8698175707388237,-0.9096478466769223,-0.009764764013627058,1.0,0.0,0.0,0
1.6407452332840748,1.6829687103514703,-1.1720784195788454,0.9793509009958102,0.19380763581227653,0.0,0.0,1.0,0
-0.7062848401977677,-1.0844375546647627,0.1263010960035855,-0.5598332637745644,-1.293836824453942,1.0,0.0,0.0,0
-0.756221650271861,-0.47695813063678943,-0.15113042442001084,-0.19002927613492865,0.9767784043734442,0.0,1.0,0.0,0
0.29245136128386984,0.0630235796102851,0.009779857425675026,0.1997641162419843,-1.3251556551963888,1.0,0.0,0.0,0
-1.2555897510126797,-1.151935268445623,0.25391959539843983,-0.7097537993041464,-1.1842209168553786,1.0,0.0,0.0,0
0.6420090318024373,0.0630235796102851,-1.4994476136786892,1.6789800668005261,1.368263788654028,1.0,0.0,0.0,1
0.6919458418765022,0.67050300363822,1.075116895852285,-1.4293723698461398,1.1646913888281245,1.0,0.0,0.0,0
1.6407452332840748,0.805498431199979,0.3759894643848222,-0.8296902277278119,-1.1529020861129318,0.0,0.0,1.0,0
0.14264093106161854,1.0754892863235355,-1.2608565061143961,1.339160186266807,0.6792495123202005,0.0,1.0,0.0,0
0.09270412098752531,1.1429870001043958,0.087460683144282,-0.2599921927154005,0.9611189890022208,0.0,1.0,0.0,0
0.6420090318024373,0.26551672095290446,0.8642689403303517,-0.9096478466769223,0.0058946513575962945,1.0,0.0,0.0,0
0.29245136128386984,1.4804755690088125,3.5220629059884048,-2.148990940388133,-0.1976777484683073,0.0,1.0,0.0,0
-0.5065375999014515,0.0630235796102851,0.24282233458149596,-0.41990743061362146,0.5383147739791903,1.0,0.0,0.0,0
0.492198601580186,0.805498431199979,0.34824631234246256,-0.7297432040414236,-1.3877933166812821,0.0,0.0,1.0,0
0.3423881713579347,-0.3419627030750304,1.7243066536435003,-1.5493087982698053,-1.3877933166812821,1.0,0.0,0.0,0
1.2412507526914143,0.26551672095290446,-0.2842975542233371,0.8394250678348673,0.4130394510094035,1.0,0.0,0.0,0
-0.4566007898273583,-0.8819444133221049,-0.22881125013861783,-0.11007165718581856,1.149031973456901,1.0,0.0,0.0,0
0.7418826519505954,0.46800986229556224,-0.40636742320971947,0.3596793541402052,-0.8083949479460181,1.0,0.0,0.0,0
-0.057106309234725997,-0.4094604168559291,-0.31204070626569674,-0.19002927613492865,1.3369449579115813,0.0,1.0,0.0,0
0.5421354116542793,0.7380007174191187,-0.49514550974527033,0.3296952470342884,0.9454595736309974,1.0,0.0,0.0,0
-0.3567271696792002,-0.6119535581985485,-0.367527010350416,0.029854175975124464,0.2721047126683933,1.0,0.0,0.0,0
1.2412507526914143,0.7380007174191187,-0.006866033799740755,-0.31996040692723343,1.5718361884799317,1.0,0.0,0.0,0
0.4422617915060928,1.0754892863235355,0.7311018105270255,-0.6497855850923135,0.6322712662065304,1.0,0.0,0.0,0
-0.15697992938288408,0.67050300363822,-0.5783749658723493,1.0093350081017272,0.9454595736309974,0.0,1.0,0.0,0
-0.756221650271861,-0.47695813063678943,0.28166274744079944,-0.6098067756177584,-0.009764764013627058,1.0,0.0,0.0,0
1.4909348030618235,1.6154709965705716,-0.07344959870140388,-0.3899233235077046,0.5383147739791903,0.0,1.0,0.0,0
1.840492473580391,1.6154709965705716,0.5091565941881484,-1.1495207035242534,0.38172062026695674,0.0,1.0,0.0,0
0.7418826519505954,0.67050300363822,-0.25100577177250555,0.5295892944070644,-0.13504008698341388,1.0,0.0,0.0,0
-0.5564744099755448,-0.07197184795151232,0.5868374199067554,-0.8596743348337283,-0.3386124868093175,0.0,1.0,0.0,0
0.39232498143202793,0.33301443473380316,-1.1609811587619014,1.8988635189105798,1.2899667117979112,0.0,1.0,0.0,0
-0.3067903596051354,-0.6794512719794472,-0.5728263354638773,0.7894515559916733,-0.5108660558927743,1.0,0.0,0.0,0
-0.8061584603459542,0.0630235796102851,2.146002564687367,-1.6292664172189157,-0.3855907329229875,1.0,0.0,0.0,0
1.8904292836544843,2.155452706817646,-0.0789982291098758,0.18976941387334537,0.5852930200928603,1.0,0.0,0.0,0
0.7418826519505954,0.46800986229556224,0.3316004211170468,0.039848878343763404,-0.5578443020064444,0.0,0.0,1.0,0
-0.7062848401977677,-0.3419627030750304,-0.31204070626569674,0.3197005446656502,-0.24465599458197734,1.0,0.0,0.0,0
0.24251455120977664,-0.07197184795151232,-0.7892229213942824,0.5895575086188972,1.6031550192223782,0.0,0.0,1.0,1
-0.057106309234725997,-0.13946956173237265,0.4758648117373169,0.11980649729287421,0.021554066728819647,0.0,1.0,0.0,0
0.9416298922469115,0.67050300363822,0.7200045497100817,-0.7797167158846176,1.3056261271691345,1.0,0.0,0.0,0
-1.0059057006422703,-1.286930696007382,1.5522991109808708,-1.659250524324832,-0.46388780977910427,1.0,0.0,0.0,0
0.3423881713579347,0.13052129339114543,-1.4051208967346662,2.4885509586602694,0.8201842506612106,1.0,0.0,0.0,0
-0.10704311930879085,-0.5444558444176881,-0.33423522789958443,0.4396369730893153,1.6657926807072716,1.0,0.0,0.0,0
-0.6064112200496096,-0.07197184795151232,-0.6893475740417878,1.31917078152953,1.3526043732828046,0.0,1.0,0.0,0
1.2412507526914143,1.2104847138852945,0.1484956176374732,-0.24000278797812266,-0.8397137786884648,0.0,1.0,0.0,0
0.09270412098752531,0.8729961449808777,-0.2676516629979213,-0.26998689508403945,-0.08806184086974382,0.0,1.0,0.0,0
0.3423881713579347,1.2779824276661549,0.6534209848084186,-0.9096478466769223,0.13116997432738312,0.0,1.0,0.0,0
-0.5564744099755448,0.0630235796102851,1.5744936326147585,-1.3893935603715843,0.3660612048957334,1.0,0.0,0.0,0
-0.5065375999014515,-0.13946956173237265,3.8882725129475517,-2.408853201972742,0.569633604721637,0.0,1.0,0.0,0
1.6906820433581398,1.9529595654749885,-1.2885996581567558,1.429112507584556,-0.6204819634913378,0.0,1.0,0.0,0
-1.1057793207904283,-1.0844375546647627,1.0973114174861727,-1.2494677272106414,0.6009524354640837,1.0,0.0,0.0,0
-0.9060320804941122,-0.8819444133221049,0.3648922035678783,-1.0595683822065043,-0.9493296862870282,1.0,0.0,0.0,0
1.191313942617321,0.0630235796102851,2.6065388885905367,-2.109012130913578,-0.761416701832348,1.0,0.0,0.0,0
-1.305526561086773,-1.151935268445623,0.12075246559511356,-0.1700398713976515,-1.6853222087345259,1.0,0.0,0.0,0
0.09270412098752531,0.9404938587617381,2.3346559985754123,-1.9091180835408021,-1.3721339013100589,0.0,1.0,0.0,0
0.3423881713579347,1.5479732827897112,-0.6061181179147088,0.7194886394112021,0.3660612048957334,0.0,1.0,0.0,0
-1.5552106114571824,-1.4219261235691794,-0.5450831834215176,0.7594674488857571,-0.7457572864611246,0.0,1.0,0.0,0
1.191313942617321,0.19801900717204413,-0.3286865974911125,0.5795628062502584,0.24078588192594658,1.0,0.0,0.0,0
-0.4566007898273583,-0.7469489857603459,0.8143312666541044,-1.0395789774692266,0.0058946513575962945,1.0,0.0,0.0,0
0.9915667023210047,0.805498431199979,-0.7725770301688667,0.9493667938898941,-1.3721339013100589,0.0,1.0,0.0,0
0.9915667023210047,0.26551672095290446,-0.49514550974527033,0.6595204251993692,0.8984813275173275,1.0,0.0,0.0,0
-0.10704311930879085,-0.47695813063678943,-0.3841729015758318,0.2697270328224562,0.17814822044105316,0.0,1.0,0.0,0
1.8904292836544843,1.9529595654749885,0.44257302928648534,-0.42990213298225965,1.1646913888281245,1.0,0.0,0.0,0
0.5920722217283441,0.4005121485147019,-0.7226393564926193,1.0892926270508372,-0.6518007942337846,1.0,0.0,0.0,0
-0.9559688905681771,-1.3544284097882808,0.8753662011472956,-0.8996531443082835,0.8828219121461041,1.0,0.0,0.0,0
-0.6064112200496096,-0.20696727551327135,-0.43411057525207913,1.509070126533667,0.16248880506982982,0.0,0.0,1.0,0
0.39232498143202793,1.5479732827897112,-0.023511925025156536,0.029854175975124464,-0.5735037173776678,0.0,1.0,0.0,0
0.6420090318024373,0.67050300363822,0.5646428982728677,-0.6997590969355075,0.5852930200928603,0.0,1.0,0.0,0
-1.305526561086773,-1.016939840883864,-0.7059934652672035,0.5495786991443422,-0.9180108555445815,0.0,1.0,0.0,0
-0.5564744099755448,0.0630235796102851,-1.194272941212733,1.459096614690473,1.2116696349417944,0.0,0.0,1.0,0
-1.0059057006422703,-1.6244192649117988,1.4024860899521288,-1.3993882627402232,0.17814822044105316,0.0,1.0,0.0,0
0.3423881713579347,0.13052129339114543,0.5701915286813396,-0.7397379064100625,-1.2781774090827187,1.0,0.0,0.0,0
0.09270412098752531,1.2104847138852945,-0.5728263354638773,0.8194356630975901,1.0550754812295609,1.0,0.0,0.0,0
0.492198601580186,0.5355075760764609,-0.9112927903806648,1.7189588762750818,-1.3721339013100589,1.0,0.0,0.0,0
1.840492473580391,1.4129778552279522,-0.5339859226045738,0.5895575086188972,-0.5265254712639977,1.0,0.0,0.0,0
-1.1057793207904283,-0.5444558444176881,-1.355183223058419,2.118746971020634,-1.4974092242798456,0.0,1.0,0.0,0
0.24251455120977664,1.2779824276661549,1.8630224138552987,-1.7891816551171362,-0.11938067161219053,0.0,1.0,0.0,0
-1.405400181234931,-1.0844375546647627,0.3648922035678783,-0.9996001679946714,1.1803508041993478,1.0,0.0,0.0,0
-0.25685354953104217,-0.8819444133221049,5.602799309165377,-2.698699570663267,1.1177131427144544,1.0,0.0,0.0,1
-1.1557161308645216,-0.5444558444176881,0.8920120923727114,-1.2594624295792802,1.0707348966007844,0.0,1.0,0.0,0
0.6420090318024373,0.5355075760764609,-0.16777631564542664,0.009864771237847294,-1.293836824453942,0.0,1.0,0.0,0
1.840492473580391,1.3454801414470536,6.235343175731177,-2.8586148085614878,-0.5735037173776678,0.0,1.0,0.0,1
-0.9060320804941122,-0.4094604168559291,-0.5339859226045738,0.5395839967757032,1.2429884656842412,1.0,0.0,0.0,0
1.091440322469163,0.9404938587617381,-0.006866033799740755,-0.2599921927154005,-1.1059238399992617,0.0,1.0,0.0,0
-1.405400181234931,-1.016939840883864,1.2582216993318587,-1.419377667477501,-1.5757063011359624,1.0,0.0,0.0,0
0.29245136128386984,1.2104847138852945,-0.001317403391268828,-0.2999710021899556,1.2429884656842412,1.0,0.0,0.0,0
-0.057106309234725997,-0.5444558444176881,0.7976853754286887,-0.9496266561514775,-1.4817498089086223,0.0,1.0,0.0,0
1.141377132543256,0.67050300363822,-0.49514550974527033,0.5695681038816202,1.0550754812295609,0.0,1.0,0.0,0
0.6919458418765022,0.46800986229556224,0.3648922035678783,-0.5798226685118416,-0.21333716383953064,1.0,0.0,0.0,0
-0.9559688905681771,-1.3544284097882808,-0.46185372729443874,0.23974292571653935,-0.761416701832348,1.0,0.0,0.0,0
-1.6051474215312471,-1.4219261235691794,0.7976853754286887,-0.819695525359173,-0.495206640521551,0.0,1.0,0.0,0
-1.7050210416794052,-1.7594146924735963,0.5091565941881484,-0.49986504956273153,0.9454595736309974,1.0,0.0,0.0,0
0.3423881713579347,0.5355075760764609,-0.11229001156070736,0.38966346124612133,-0.8240543633172414,1.0,0.0,0.0,0
0.4422617915060928,0.5355075760764609,-0.7614797693519229,0.8094409607289511,-1.340815070567612,0.0,1.0,0.0,0
-0.5065375999014515,0.26551672095290446,-0.9667790944653841,0.9093879844153391,1.853705665161952,1.0,0.0,0.0,1
1.8904292836544843,2.087954993036786,-1.277502397339812,1.5790330431141382,1.3369449579115813,1.0,0.0,0.0,0
1.8904292836544843,1.750466424132369,1.2693189601488024,-1.6092770124816382,0.6479306815777538,0.0,1.0,0.0,0
-0.10704311930879085,0.26551672095290446,0.8587203099218799,-0.969616060888755,1.509198526995038,1.0,0.0,0.0,0
-1.2056529409385865,-0.8819444133221049,-0.9057441599721929,1.988815840228329,-0.5265254712639977,0.0,1.0,0.0,0
-0.9559688905681771,-1.4219261235691794,3.4499307106782697,-2.2489379640745213,-1.607025131878409,1.0,0.0,0.0,0
-1.9047682819757499,-1.8944101200353554,-0.5228886617876299,0.17977471150470642,-1.3721339013100589,1.0,0.0,0.0,0
0.09270412098752531,0.9404938587617381,1.9518005003908494,-1.7392081432739424,-0.3386124868093175,1.0,0.0,0.0,0
-0.856095270420019,-1.286930696007382,0.7366504409354975,0.12980119966151243,-1.6853222087345259,1.0,0.0,0.0,0
-1.2555897510126797,-1.016939840883864,-1.2941482885652278,1.06930322231356,-1.0902644246280384,1.0,0.0,0.0,0
-1.8548314719016565,-1.8269124062544566,-0.5561804442384615,0.14979060439879033,1.5718361884799317,1.0,0.0,0.0,0
-1.2555897510126797,-0.3419627030750304,-0.5062427705622142,0.36967405650884416,-0.9649891016582516,0.0,1.0,0.0,0
-1.1057793207904283,-0.6794512719794472,-1.1054948546771823,1.688974769169165,-1.5913657165071857,1.0,0.0,0.0,0
-0.856095270420019,-0.5444558444176881,-1.0000708769162157,1.139266138894031,-1.3564744859388354,0.0,1.0,0.0,0
-1.1557161308645216,-1.8944101200353554,-0.11783864196917929,-0.41990743061362146,1.368263788654028,1.0,0.0,0.0,0
2.1401133340248935,2.3579458481603037,3.9160156649899114,-2.4888108209218522,1.0080972351158908,0.0,1.0,0.0,0
-0.7062848401977677,-0.07197184795151232,0.5036079637796765,-0.9396319537828385,-1.654003377992079,1.0,0.0,0.0,0
-0.6064112200496096,-0.07197184795151232,-0.07344959870140388,0.20975881861062326,-1.2155397475978251,0.0,0.0,1.0,0
0.24251455120977664,1.3454801414470536,-0.6893475740417878,0.4596263778265932,-1.3251556551963888,1.0,0.0,0.0,0
-0.8061584603459542,-1.016939840883864,-0.7836742909858105,0.7094939370425631,0.22512646655472324,0.0,0.0,1.0,0
0.9416298922469115,0.19801900717204413,2.4012395634770756,-1.8691392740662467,-0.6361413788625612,1.0,0.0,0.0,0
-1.3554633711608377,-1.286930696007382,-0.9390359424230245,1.878874114173302,1.4309014501389214,0.0,1.0,0.0,0
-0.9559688905681771,-1.0844375546647627,-0.13448453319459508,0.37966875887748236,-1.5913657165071857,0.0,0.0,1.0,0
-1.9047682819757499,-2.0294055475971144,-0.12893590278612316,-0.24000278797812266,-1.293836824453942,0.0,1.0,0.0,0
0.29245136128386984,-0.004474134170613608,-0.295394815040281,0.11980649729287421,0.30342354341084,0.0,1.0,0.0,0
0.19257774113568338,1.0079915725426367,-0.5450831834215176,0.4596263778265932,-0.18201833309708393,1.0,0.0,0.0,0
0.5421354116542793,0.7380007174191187,-0.3841729015758318,0.0898223901869574,0.2721047126683933,1.0,0.0,0.0,0
-0.9559688905681771,-1.5569215511309384,-0.2454571413640336,0.8094409607289511,0.052872897471266354,1.0,0.0,0.0,0
-0.9060320804941122,-0.8819444133221049,-0.10674138115223544,-0.42990213298225965,-1.0589455938855916,0.0,0.0,1.0,0
0.14264093106161854,1.0079915725426367,-0.5173400313791581,0.4996051873011482,-0.40125014829421085,1.0,0.0,0.0,0
-2.1045155222720657,-2.366894116501531,-0.25655440218097747,0.049843580712402344,-0.2759748253244241,1.0,0.0,0.0,0
0.3423881713579347,0.5355075760764609,1.5245559589385111,-1.859144571697608,-0.761416701832348,1.0,0.0,0.0,0
-0.9559688905681771,-0.5444558444176881,1.4579723940368479,-1.3094359414224743,-0.3855907329229875,1.0,0.0,0.0,0
0.39232498143202793,0.805498431199979,-0.6061181179147088,1.439107209953195,-0.35427190218054083,1.0,0.0,0.0,0
-0.15697992938288408,-0.2744649892941317,1.00298470054215,-1.2894465366851964,0.6009524354640837,1.0,0.0,0.0,0
0.4422617915060928,0.805498431199979,-0.37307564075888794,-0.00012993113079164646,-0.228996579210754,0.0,1.0,0.0,0
-0.9559688905681771,-1.0844375546647627,-0.5617290746469334,0.5595734015129812,-0.04108359475607377,1.0,0.0,0.0,0
0.7418826519505954,0.33301443473380316,-0.8336119646620579,1.489080721796389,1.2429884656842412,1.0,0.0,0.0,0
0.24251455120977664,1.0754892863235355,0.009779857425675026,0.7794568536230343,0.7575465891763172,1.0,0.0,0.0,0
-1.9047682819757499,-1.9619078338162157,-0.7004448348587317,1.339160186266807,1.4935391116238148,1.0,0.0,0.0,0
1.141377132543256,0.6030052898573213,0.44812165969495726,-0.969616060888755,0.0685323128424897,1.0,0.0,0.0,0
0.4422617915060928,0.46800986229556224,-0.8336119646620579,0.9993403057330881,1.6657926807072716,1.0,0.0,0.0,0
0.9416298922469115,0.67050300363822,-0.9057441599721929,0.4896104849325093,1.2273290503130179,1.0,0.0,0.0,0
-1.7549578517534985,-1.8944101200353554,-0.3231379670826406,-0.18003457376628973,0.8201842506612106,1.0,0.0,0.0,0
0.9915667023210047,0.6030052898573213,0.03752300946803466,-0.5598332637745644,-1.5757063011359624,1.0,0.0,0.0,0
-0.9559688905681771,-0.004474134170613608,-0.8114174430281702,0.3097058422970112,-0.6674602096050078,0.0,1.0,0.0,0
1.7905556635063262,1.4129778552279522,0.4869620725542607,-0.7497326087787015,-1.5757063011359624,0.0,1.0,0.0,0
-1.3554633711608377,-1.151935268445623,-1.0999462242687104,1.1892396507372252,-0.8866920248021348,0.0,1.0,0.0,0
0.19257774113568338,1.0754892863235355,0.7477477017524413,-0.6997590969355075,1.0080972351158908,1.0,0.0,0.0,0
0.3423881713579347,-0.2744649892941317,-0.367527010350416,0.8094409607289511,-0.3229530714380941,0.0,1.0,0.0,0
0.9915667023210047,0.4005121485147019,-0.9612304640569121,0.7694621512543961,1.5405173577374849,1.0,0.0,0.0,0
-0.5564744099755448,-0.8819444133221049,0.10410657436969778,0.11980649729287421,0.037213482100043,1.0,0.0,0.0,0
-0.9060320804941122,-1.286930696007382,0.4370243988780134,-0.5298491566686476,-1.0746050092568151,1.0,0.0,0.0,0
0.04276731091346047,-0.47695813063678943,1.6743689799672532,-1.6992293337993873,0.2721047126683933,1.0,0.0,0.0,0
0.3423881713579347,0.5355075760764609,0.8309771578795202,-1.1095418940496984,-0.11938067161219053,1.0,0.0,0.0,0
0.19257774113568338,0.7380007174191187,2.6287334102244246,-1.9890757024899122,1.368263788654028,1.0,0.0,0.0,0
0.39232498143202793,0.46800986229556224,0.2761141170323275,-0.5698279661432034,0.569633604721637,1.0,0.0,0.0,0
0.8916930821728467,-0.07197184795151232,-0.672701682816372,1.1292714365253922,0.13116997432738312,0.0,0.0,1.0,0
-0.6064112200496096,0.19801900717204413,-0.06235233788446003,-0.2899762998213166,-0.13504008698341388,0.0,1.0,0.0,0
-0.007169499160632764,-0.2744649892941317,-0.3453324887165283,-0.19002927613492865,-1.4817498089086223,0.0,1.0,0.0,0
0.04276731091346047,1.0079915725426367,-0.5839235962808211,0.07982768781831845,-0.4325689790366576,1.0,0.0,0.0,0
1.5408716131359168,1.750466424132369,-0.140033163603067,0.20975881861062326,0.4756771124942969,1.0,0.0,0.0,0
0.492198601580186,0.805498431199979,-0.10119275074376351,-0.41990743061362146,-1.4817498089086223,0.0,1.0,0.0,0
0.39232498143202793,0.8729961449808777,-0.4119160536181914,0.3197005446656502,0.08419172821371305,0.0,1.0,0.0,0
1.840492473580391,1.750466424132369,-0.40636742320971947,0.2497376280851783,1.1803508041993478,1.0,0.0,0.0,0
1.041503512395098,0.8729961449808777,0.5258024854135642,-0.9396319537828385,-0.9023514401733582,1.0,0.0,0.0,0
-0.756221650271861,-0.4094604168559291,0.7311018105270255,-0.819695525359173,0.0058946513575962945,0.0,0.0,1.0,0
-0.7062848401977677,-1.0844375546647627,0.10965520477816972,-0.3399498116645106,1.2586478810554644,1.0,0.0,0.0,0
0.09270412098752531,0.4005121485147019,-0.600569487506237,0.2297482233479004,0.08419172821371305,1.0,0.0,0.0,0
-0.5564744099755448,-1.2194329822265217,-0.7115420956756755,1.1292714365253922,-1.0119673477719215,0.0,1.0,0.0,0
0.24251455120977664,1.2779824276661549,-0.1566790548284828,0.44963167545795424,-1.2155397475978251,0.0,1.0,0.0,0
0.39232498143202793,1.3454801414470536,-0.5339859226045738,1.3291654838981681,0.6792495123202005,0.0,1.0,0.0,0
0.14264093106161854,0.67050300363822,0.40928124683565376,-0.5298491566686476,0.5383147739791903,1.0,0.0,0.0,0
-0.15697992938288408,0.13052129339114543,-0.3897215319843037,-0.05010344297398563,-1.2781774090827187,1.0,0.0,0.0,0
0.492198601580186,0.6030052898573213,-0.16222768523695472,0.44963167545795424,-0.6518007942337846,0.0,1.0,0.0,0
-1.2555897510126797,-1.016939840883864,-1.133238006719542,0.7994462583603121,0.3660612048957334,1.0,0.0,0.0,0
1.7905556635063262,2.0204572792558873,-0.7947715518027544,-0.18003457376628973,0.14682938969860648,0.0,1.0,0.0,0
-0.3067903596051354,-0.5444558444176881,-0.27874892381486516,0.2297482233479004,0.09985114358493641,1.0,0.0,0.0,0
0.3423881713579347,0.4005121485147019,-0.7337366173095632,0.049843580712402344,-0.3229530714380941,1.0,0.0,0.0,0
-1.9047682819757499,-2.0294055475971144,-0.6948962044502597,0.8294303654662283,0.8515030814036574,1.0,0.0,0.0,0
-0.6064112200496096,-1.016939840883864,-0.5284372921961019,0.21975352097926218,-0.3855907329229875,1.0,0.0,0.0,0
-0.8061584603459542,-0.9494421271029653,-0.2676516629979213,0.1997641162419843,0.19380763581227653,1.0,0.0,0.0,0
0.04276731091346047,-0.20696727551327135,0.7810394842032728,-0.6198014779863974,0.5069959432367436,1.0,0.0,0.0,0
1.191313942617321,1.2104847138852945,1.0418251134014533,-1.3494147508970293,1.6501332653360483,1.0,0.0,0.0,0
0.8417562720987535,0.5355075760764609,-0.20661672850473012,-0.5598332637745644,0.7732060045475406,0.0,1.0,0.0,0
0.9915667023210047,0.67050300363822,0.8143312666541044,-0.7497326087787015,-1.293836824453942,1.0,0.0,0.0,0
0.39232498143202793,1.2104847138852945,-1.199821571621205,2.108752268651995,1.102053727343231,1.0,0.0,0.0,0
0.4422617915060928,0.6030052898573213,0.4203785076525976,-0.7997061206218955,1.1803508041993478,1.0,0.0,0.0,0
0.14264093106161854,-0.5444558444176881,0.18178740008830477,-0.7997061206218955,1.0237566504871143,1.0,0.0,0.0,0
1.5408716131359168,0.805498431199979,-0.7781256605773386,0.919382686783978,0.052872897471266354,1.0,0.0,0.0,0
-0.7062848401977677,-1.2194329822265217,-1.188724310804261,1.39912840047864,-1.0432861785143683,1.0,0.0,0.0,0
-0.8061584603459542,-1.4219261235691794,0.3648922035678783,-0.8996531443082835,-1.4034527320525054,0.0,0.0,1.0,0
-0.40666397975329344,-1.016939840883864,-0.9612304640569121,0.969356198627172,-0.5265254712639977,1.0,0.0,0.0,0
-0.5065375999014515,0.0630235796102851,-0.5117914009706861,0.2797217351910944,-0.056743010127297114,1.0,0.0,0.0,0
0.9416298922469115,0.67050300363822,-1.0167167681416314,0.5695681038816202,0.17814822044105316,1.0,0.0,0.0,0
0.492198601580186,0.805498431199979,-0.40081879280124755,0.5395839967757032,-1.1215832553704852,1.0,0.0,0.0,0
-1.3554633711608377,-1.4219261235691794,-0.43411057525207913,-0.24999749034676158,0.835843666032434,0.0,0.0,1.0,0
-0.3067903596051354,-0.8819444133221049,0.7865881146117448,-0.919642549045561,0.9924378197446675,1.0,0.0,0.0,0
-0.5564744099755448,0.0630235796102851,-0.3064920758572248,-0.21001868087220654,-0.542184886635221,0.0,1.0,0.0,0
0.24251455120977664,-0.13946956173237265,0.6867127672592501,-1.0895524893124204,0.5852930200928603,1.0,0.0,0.0,1
0.19257774113568338,1.1429870001043958,-0.7836742909858105,0.2597323304538172,1.0707348966007844,0.0,1.0,0.0,0
1.7905556635063262,1.750466424132369,0.004231227017203099,-0.020119335868069525,-1.3564744859388354,1.0,0.0,0.0,0
0.6420090318024373,0.19801900717204413,0.087460683144282,0.11980649729287421,0.3660612048957334,1.0,0.0,0.0,0
0.24251455120977664,-0.07197184795151232,-0.8724523775213614,0.6495257228307302,0.4130394510094035,1.0,0.0,0.0,0
-1.2555897510126797,-1.4219261235691794,0.026425748651090805,-0.21001868087220654,0.44435828175185016,0.0,1.0,0.0,0
0.29245136128386984,-0.07197184795151232,-0.3286865974911125,0.36967405650884416,0.7105683430626472,1.0,0.0,0.0,0
1.7406188534322329,1.9529595654749885,-0.5617290746469334,0.2797217351910944,-0.02542417938485041,0.0,1.0,0.0,0
1.3910611829136654,1.6154709965705716,-0.0568037074759881,-0.31996040692723343,2.0259592342454087,1.0,0.0,0.0,0
-1.6051474215312471,-1.3544284097882808,-1.2664051365228681,1.8588847094360248,-1.3877933166812821,0.0,0.0,1.0,0
-1.2555897510126797,-1.016939840883864,-0.5062427705622142,1.429112507584556,-0.3855907329229875,1.0,0.0,0.0,0
1.7406188534322329,1.3454801414470536,-0.5450831834215176,1.6789800668005261,-0.30729365606687076,1.0,0.0,0.0,0
1.041503512395098,0.67050300363822,1.1139573087115884,-0.919642549045561,1.1646913888281245,1.0,0.0,0.0,0
-0.2069167394569489,-0.6794512719794472,-1.6326147434820153,2.39859863734252,0.19380763581227653,0.0,1.0,0.0,0
-1.0558425107163636,-1.286930696007382,-0.8114174430281702,1.0293244128390042,1.3369449579115813,1.0,0.0,0.0,0
1.7406188534322329,1.4129778552279522,-0.09564412033529159,-0.3599392164017885,-0.009764764013627058,1.0,0.0,0.0,0
-1.5552106114571824,-1.4219261235691794,2.612087518999009,-2.109012130913578,-0.3386124868093175,0.0,1.0,0.0,0
1.141377132543256,0.5355075760764609,0.6145805719491151,-0.7597273111473404,-1.2781774090827187,1.0,0.0,0.0,0
0.6420090318024373,0.46800986229556224,-0.19551946768778627,0.7194886394112021,-0.5265254712639977,1.0,0.0,0.0,0
-1.2056529409385865,-0.9494421271029653,-1.044459920183991,1.099287329419476,-1.1059238399992617,1.0,0.0,0.0,0
1.8904292836544843,2.0204572792558873,-0.4840482489283265,-0.14005576429173466,-0.5578443020064444,1.0,0.0,0.0,0
-2.154452332346159,-2.569387257844189,-0.4507564664774949,0.059838283081041284,-0.07240242549852047,1.0,0.0,0.0,0
0.5421354116542793,1.0754892863235355,-1.5160935049041049,1.549048936008222,1.6031550192223782,0.0,1.0,0.0,0
0.24251455120977664,-0.13946956173237265,-1.2996969189736998,1.1692502459999479,1.4778796962525915,1.0,0.0,0.0,0
0.3423881713579347,-0.3419627030750304,-0.8114174430281702,0.38966346124612133,-0.41690956366543425,0.0,1.0,0.0,0
-0.8061584603459542,-1.2194329822265217,0.392635355610238,-0.49986504956273153,-1.3094962398251653,0.0,1.0,0.0,0
-1.0558425107163636,-0.9494421271029653,-0.3952701623927756,-0.39991802587634356,0.9454595736309974,1.0,0.0,0.0,0
-1.0558425107163636,-1.3544284097882808,-0.21216535891320204,-0.3299551092958717,-1.6226845472496323,1.0,0.0,0.0,0
-0.10704311930879085,0.7380007174191187,0.1263010960035855,-0.42990213298225965,0.9767784043734442,0.0,1.0,0.0,0
2.0402397138767356,2.155452706817646,0.16514150886288897,-0.41990743061362146,0.6009524354640837,1.0,0.0,0.0,0
-1.305526561086773,-1.0844375546647627,0.13739835682052934,-0.49986504956273153,-0.04108359475607377,0.0,1.0,0.0,0
-1.0059057006422703,-1.5569215511309384,-0.6505071611824843,0.5595734015129812,0.5069959432367436,1.0,0.0,0.0,0
-0.9559688905681771,-1.5569215511309384,-0.22881125013861783,-0.1700398713976515,-0.41690956366543425,0.0,1.0,0.0,0
-1.0059057006422703,-1.4894238373500397,0.46476755092037303,-1.0095948703633104,-1.3094962398251653,1.0,0.0,0.0,0
0.9416298922469115,0.33301443473380316,-1.1054948546771823,1.5690383407455,1.509198526995038,1.0,0.0,0.0,1
0.7918194620246887,0.26551672095290446,-0.12338727237765122,0.10981179492423528,0.9298001582597741,1.0,0.0,0.0,0
-0.5065375999014515,0.13052129339114543,-1.3385373318330032,1.7189588762750818,-1.5287280550222924,0.0,1.0,0.0,0
0.14264093106161854,0.9404938587617381,-1.0888489634517664,1.768932388118276,0.5383147739791903,1.0,0.0,0.0,0
-1.3554633711608377,-1.0844375546647627,-0.5450831834215176,0.33968994940292735,-1.4660903935373988,1.0,0.0,0.0,0
-0.25685354953104217,0.0630235796102851,0.6645182456253624,-0.8496796324650895,-0.9963079324006983,0.0,1.0,0.0,0
0.04276731091346047,-0.4094604168559291,-1.055557181000935,1.6190118525886938,0.30342354341084,0.0,1.0,0.0,0
-1.0059057006422703,-1.286930696007382,1.3192566338250498,-1.5692982030070828,1.4465608655101447,1.0,0.0,0.0,0
1.3411243728395723,1.5479732827897112,-0.6560557915909562,0.8494197702035061,-1.6853222087345259,1.0,0.0,0.0,0
-0.6064112200496096,-0.20696727551327135,-1.743587351651454,2.3386304231306867,-1.1059238399992617,1.0,0.0,0.0,0
1.4409979929877303,0.67050300363822,0.09300931355275392,-0.3499445140331496,-0.9963079324006983,0.0,1.0,0.0,0
0.09270412098752531,-0.47695813063678943,-0.1844222068708424,-0.4398968353508986,-0.6987790403474545,0.0,0.0,1.0,0
0.19257774113568338,-0.20696727551327135,-0.02906055543362846,0.2497376280851783,0.30342354341084,1.0,0.0,0.0,0
-1.305526561086773,-1.4219261235691794,0.4869620725542607,-0.5698279661432034,0.9141407428885507,0.0,1.0,0.0,0
-2.204389142420224,-2.569387257844189,-0.5173400313791581,0.9893456033644492,0.39738003563818014,1.0,0.0,0.0,0
-1.3554633711608377,-1.2194329822265217,-0.4840482489283265,-0.18003457376628973,-0.9963079324006983,0.0,1.0,0.0,0
0.7418826519505954,0.26551672095290446,6.102176045927851,-2.798646594349655,-1.3564744859388354,0.0,1.0,0.0,1
-1.305526561086773,-0.8819444133221049,0.46476755092037303,-0.6198014779863974,0.30342354341084,0.0,0.0,1.0,0
0.6919458418765022,0.46800986229556224,2.495566280421098,-1.8191657622230528,-1.3877933166812821,1.0,0.0,0.0,0
0.29245136128386984,0.26551672095290446,-0.33423522789958443,-0.4398968353508986,0.6635900969489771,0.0,0.0,1.0,0
0.04276731091346047,0.8729961449808777,5.769258221419535,-2.748673082506461,-0.6831196249762312,1.0,0.0,0.0,1
-0.8061584603459542,-1.4219261235691794,4.670629400542094,-2.5787631422396013,0.8828219121461041,1.0,0.0,0.0,0
-0.007169499160632764,-0.3419627030750304,0.7532963321609132,-0.9796107632573939,-1.5130686396510689,1.0,0.0,0.0,0
-0.057106309234725997,0.805498431199979,-0.972327724873856,0.9593614962585331,-0.9023514401733582,0.0,0.0,1.0,0
-1.6051474215312471,-1.3544284097882808,-0.47849961851985456,1.099287329419476,-1.3094962398251653,0.0,0.0,1.0,0
-0.9060320804941122,-0.6119535581985485,0.620129202357587,-1.1195365964183368,1.2273290503130179,0.0,1.0,0.0,0
-1.0059057006422703,-1.4894238373500397,-1.2497592452974524,0.7794568536230343,-1.3877933166812821,0.0,0.0,1.0,0
-1.305526561086773,-1.151935268445623,0.04862027028497851,0.6595204251993692,-1.5757063011359624,1.0,0.0,0.0,0
-1.1057793207904283,-0.7469489857603459,0.6145805719491151,-0.7797167158846176,1.368263788654028,0.0,0.0,1.0,0
-0.756221650271861,-1.286930696007382,0.13739835682052934,-0.8896584419396445,-1.1529020861129318,1.0,0.0,0.0,0
0.492198601580186,0.67050300363822,0.5590942678643958,-0.24000278797812266,0.16248880506982982,0.0,0.0,1.0,0
-0.10704311930879085,0.7380007174191187,-0.40636742320971947,0.6095469133561752,-0.7770761172035714,1.0,0.0,0.0,0
1.191313942617321,0.13052129339114543,-0.2010680980962582,-0.37992862113906567,0.9141407428885507,1.0,0.0,0.0,0
0.492198601580186,0.6030052898573213,-1.0000708769162157,1.339160186266807,1.1333725580856777,0.0,1.0,0.0,0
-0.5564744099755448,-0.9494421271029653,-0.3231379670826406,0.06983298544968022,0.2564452972971699,1.0,0.0,0.0,0
-1.8548314719016565,-1.8944101200353554,-1.3773777446923068,1.8588847094360248,-1.2311991629690486,1.0,0.0,0.0,0
2.0402397138767356,2.4254435619412025,0.3981839860187099,-0.8596743348337283,0.569633604721637,1.0,0.0,0.0,0
-0.5065375999014515,0.33301443473380316,-1.12768937631107,1.6789800668005261,0.44435828175185016,0.0,0.0,1.0,0
0.3423881713579347,0.7380007174191187,-0.6283126395485966,0.6195416157248141,-0.1663589177258606,1.0,0.0,0.0,0
-1.2555897510126797,-0.9494421271029653,-0.6116667483231808,1.0493138175762822,0.3347423741532867,0.0,1.0,0.0,0
0.19257774113568338,-0.20696727551327135,-1.2497592452974524,1.019329710470366,1.1177131427144544,1.0,0.0,0.0,0
-0.6064112200496096,-0.13946956173237265,1.973995022024737,-1.7991763574857753,0.4130394510094035,1.0,0.0,0.0,0
0.09270412098752531,1.1429870001043958,0.32050316030010295,-0.05010344297398563,-0.6204819634913378,0.0,1.0,0.0,0
0.6919458418765022,0.67050300363822,-0.6227640091401246,0.3197005446656502,-1.4817498089086223,0.0,1.0,0.0,0
-1.0059057006422703,-1.2194329822265217,-0.40636742320971947,0.2597323304538172,-1.654003377992079,0.0,1.0,0.0,0
1.191313942617321,1.2104847138852945,-1.2164674628466208,1.6390012573259711,-0.11938067161219053,1.0,0.0,0.0,0
1.3411243728395723,0.33301443473380316,1.8907655658976583,-1.7292134409053037,1.5561767731087082,0.0,1.0,0.0,0
-0.057106309234725997,-0.5444558444176881,0.1928846609052486,-0.3499445140331496,1.0863943119720076,0.0,1.0,0.0,0
0.8916930821728467,0.7380007174191187,0.5979346807236993,-0.8396849300964505,-1.5913657165071857,0.0,1.0,0.0,0
0.492198601580186,0.7380007174191187,-1.6825524171582626,2.4385774468170753,1.0863943119720076,1.0,0.0,0.0,1
-0.9060320804941122,-0.7469489857603459,-1.1498838979449577,0.4396369730893153,-0.11938067161219053,1.0,0.0,0.0,0
0.24251455120977664,1.0754892863235355,-1.044459920183991,1.349154888635446,-0.46388780977910427,0.0,0.0,1.0,0
1.141377132543256,0.9404938587617381,-0.1566790548284828,-0.5298491566686476,-0.5108660558927743,1.0,0.0,0.0,0
0.24251455120977664,-0.13946956173237265,0.1484956176374732,-0.4099127282449825,1.509198526995038,0.0,1.0,0.0,0
0.8417562720987535,0.6030052898573213,0.9197552444150711,-0.879663739571006,0.6009524354640837,1.0,0.0,0.0,0
-1.2056529409385865,-0.9494421271029653,0.07636342232733814,0.049843580712402344,0.4286988663806268,1.0,0.0,0.0,0
-0.10704311930879085,-0.4094604168559291,-0.3564297495334722,0.33968994940292735,-0.8866920248021348,1.0,0.0,0.0,0
0.6919458418765022,0.46800986229556224,0.7421990713439693,-1.219483620104725,1.149031973456901,1.0,0.0,0.0,0
-0.4566007898273583,-1.2194329822265217,-0.7226393564926193,0.6395310204620913,-1.4974092242798456,1.0,0.0,0.0,0
-0.15697992938288408,0.4005121485147019,0.7532963321609132,-0.869669037202367,0.3347423741532867,1.0,0.0,0.0,0
0.9915667023210047,-0.004474134170613608,0.692261397667722,-1.1395260011556145,1.2899667117979112,1.0,0.0,0.0,0
-0.5065375999014515,0.19801900717204413,-0.17887357646237048,-0.3299551092958717,1.0237566504871143,1.0,0.0,0.0,0
-1.2555897510126797,-0.8819444133221049,-0.977876355282328,1.359149591004085,1.3526043732828046,0.0,1.0,0.0,0
0.3423881713579347,0.4005121485147019,-0.2676516629979213,0.3197005446656502,1.2429884656842412,1.0,0.0,0.0,0
-1.6550842316053405,-1.4894238373500397,-1.4051208967346662,2.0487840544401617,-1.6853222087345259,0.0,1.0,0.0,0
-1.7050210416794052,-1.7594146924735963,-0.5728263354638773,0.2797217351910944,0.7575465891763172,1.0,0.0,0.0,0
-1.305526561086773,-0.9494421271029653,0.5313511158220362,-0.9496266561514775,0.8045248352899873,1.0,0.0,0.0,0
1.2911875627655074,1.0754892863235355,2.295815585716109,-1.75919754801122,1.1333725580856777,1.0,0.0,0.0,0
1.2911875627655074,0.33301443473380316,-0.1566790548284828,-0.2799815974526777,1.3995826193964747,1.0,0.0,0.0,0
-1.9047682819757499,-2.1644009751588733,0.6423237239914746,-0.8896584419396445,0.44435828175185016,1.0,0.0,0.0,0
-0.6064112200496096,-0.13946956173237265,-0.17332494605389856,-0.3699339187704274,-0.6048225481201145,1.0,0.0,0.0,0
0.3423881713579347,1.2779824276661549,-1.133238006719542,1.708964173906443,1.3526043732828046,1.0,0.0,0.0,1
-0.856095270420019,-0.7469489857603459,0.9253038748235429,-0.819695525359173,-1.560046885764739,0.0,0.0,1.0,0
0.6420090318024373,0.19801900717204413,-0.7725770301688667,0.42964227072067634,-0.9493296862870282,1.0,0.0,0.0,0
1.5408716131359168,0.805498431199979,-0.27874892381486516,0.44963167545795424,-1.2625179937114952,0.0,1.0,0.0,0
0.04276731091346047,0.7380007174191187,0.4259271380610695,-0.47987564482545364,1.1803508041993478,0.0,1.0,0.0,0
-1.305526561086773,-1.2194329822265217,-0.017963294616684607,-0.5398438590372866,-1.6226845472496323,0.0,1.0,0.0,0
-1.405400181234931,-1.286930696007382,-0.5173400313791581,-0.1500504666603736,0.8828219121461041,1.0,0.0,0.0,0
0.8417562720987535,0.67050300363822,-1.0888489634517664,0.919382686783978,-1.293836824453942,1.0,0.0,0.0,0
1.2412507526914143,1.3454801414470536,0.28721137784927137,-1.0595683822065043,1.321285542540358,0.0,1.0,0.0,0
-0.756221650271861,-1.2194329822265217,0.13739835682052934,-0.24999749034676158,-1.4504309781661755,0.0,1.0,0.0,0
0.29245136128386984,1.2779824276661549,0.3593435731594064,-0.9496266561514775,-0.980648517029475,0.0,0.0,1.0,0
-1.405400181234931,-1.151935268445623,0.3593435731594064,-0.06009814534262457,-1.5443874703935156,0.0,1.0,0.0,0
0.09270412098752531,1.0754892863235355,-0.5173400313791581,0.7294833417798403,-0.6518007942337846,1.0,0.0,0.0,0
0.29245136128386984,0.0630235796102851,0.6478723543999466,-0.7297432040414236,-0.9963079324006983,1.0,0.0,0.0,0
0.04276731091346047,0.33301443473380316,-1.1665297891703734,1.738948281012359,-0.13504008698341388,0.0,1.0,0.0,0
1.8904292836544843,1.8179641379132294,0.31495452989163103,-0.3399498116645106,0.4130394510094035,1.0,0.0,0.0,0
-0.40666397975329344,-1.0844375546647627,-0.5228886617876299,0.34968465177156627,1.822386834419505,1.0,0.0,0.0,0
1.191313942617321,0.0630235796102851,0.9419497660489587,-0.819695525359173,-0.11938067161219053,1.0,0.0,0.0,0
1.2911875627655074,1.4804755690088125,0.8642689403303517,-1.2894465366851964,-1.1842209168553786,1.0,0.0,0.0,0
0.8417562720987535,0.5355075760764609,-0.08454685951834773,0.12980119966151243,0.616611850835307,0.0,1.0,0.0,0
-0.5564744099755448,-0.8819444133221049,0.18178740008830477,-0.5898173708804806,-0.4325689790366576,1.0,0.0,0.0,0
-0.756221650271861,-1.151935268445623,-0.4507564664774949,0.39965816361476025,-0.9963079324006983,1.0,0.0,0.0,0
-0.8061584603459542,-0.4094604168559291,-0.15113042442001084,-0.46988094245681544,-0.8866920248021348,0.0,0.0,1.0,0
-0.9060320804941122,-1.3544284097882808,0.28721137784927137,-0.6297961803550356,-1.1842209168553786,0.0,1.0,0.0,0
1.041503512395098,0.9404938587617381,1.9407032395739057,-1.7292134409053037,1.3526043732828046,1.0,0.0,0.0,0
-0.856095270420019,-0.2744649892941317,0.03752300946803466,-0.37992862113906567,1.0863943119720076,0.0,0.0,1.0,0
0.5920722217283441,0.4005121485147019,0.20398192172219246,-0.04010874060534669,0.021554066728819647,0.0,1.0,0.0,0
-0.3567271696792002,-1.016939840883864,-0.3009434454487529,0.46962108019523213,-0.46388780977910427,1.0,0.0,0.0,0
-1.5552106114571824,-1.5569215511309384,0.6478723543999466,-0.919642549045561,1.149031973456901,0.0,0.0,1.0,0
-1.6550842316053405,-1.3544284097882808,-0.023511925025156536,-0.31996040692723343,1.6031550192223782,1.0,0.0,0.0,0
1.8904292836544843,1.750466424132369,1.5079100677130952,-1.5093299887952503,1.1803508041993478,0.0,0.0,1.0,0
-0.10704311930879085,-0.3419627030750304,-0.6616044219994281,0.6695151275680081,0.44435828175185016,0.0,0.0,1.0,0
1.3411243728395723,0.33301443473380316,-0.10674138115223544,-0.07009284771126352,-0.542184886635221,1.0,0.0,0.0,0
-0.15697992938288408,0.26551672095290446,-0.7170907260841474,0.44963167545795424,-0.04108359475607377,0.0,1.0,0.0,0
-1.6550842316053405,-1.4894238373500397,-0.8724523775213614,0.7494727465171181,-1.1059238399992617,1.0,0.0,0.0,0
-1.0558425107163636,-0.6119535581985485,0.02087711824261888,-0.3399498116645106,-1.3721339013100589,1.0,0.0,0.0,0
-1.455336991308996,-1.286930696007382,1.5744936326147585,-1.5692982030070828,1.7440897575633885,0.0,1.0,0.0,0
1.2911875627655074,0.33301443473380316,-0.43411057525207913,0.5395839967757032,-1.6853222087345259,1.0,0.0,0.0,0
-1.455336991308996,-1.0844375546647627,0.02087711824261888,-0.04010874060534669,1.5248579423662616,1.0,0.0,0.0,0
0.6919458418765022,0.4005121485147019,0.6034833111321712,-0.9296372514142,-0.2759748253244241,1.0,0.0,0.0,0
-0.10704311930879085,-0.004474134170613608,0.8753662011472956,-0.39991802587634356,1.0550754812295609,1.0,0.0,0.0,0
0.5421354116542793,0.7380007174191187,1.9407032395739057,-1.6192717148502769,0.9767784043734442,1.0,0.0,0.0,0
1.9403660937285492,2.155452706817646,0.004231227017203099,0.4396369730893153,0.17814822044105316,1.0,0.0,0.0,0
-0.057106309234725997,-0.5444558444176881,-0.0789982291098758,-0.6797696921982296,-1.6853222087345259,0.0,0.0,1.0,0
0.24251455120977664,0.8729961449808777,-0.17887357646237048,0.33968994940292735,-1.0432861785143683,0.0,1.0,0.0,0
-1.455336991308996,-1.0844375546647627,-0.6505071611824843,0.20975881861062326,0.6322712662065304,1.0,0.0,0.0,0
0.04276731091346047,-0.5444558444176881,1.069568265443813,-0.6297961803550356,1.7284303421921652,0.0,1.0,0.0,0
0.14264093106161854,-0.3419627030750304,-1.2164674628466208,2.2186939947070217,0.5383147739791903,0.0,1.0,0.0,0
0.492198601580186,0.805498431199979,-0.8058688126196982,0.12980119966151243,-1.4347715627949522,0.0,1.0,0.0,0
-0.9559688905681771,-0.6794512719794472,1.374742937909769,-1.2394730248420025,-0.9493296862870282,1.0,0.0,0.0,0
0.24251455120977664,0.4005121485147019,-0.8946468991552491,1.1492608412626701,0.9141407428885507,0.0,0.0,1.0,0
-1.405400181234931,-0.9494421271029653,2.0960648910111197,-1.5892876077443603,-0.8397137786884648,1.0,0.0,0.0,0
1.041503512395098,0.9404938587617381,-0.6671530524079,-0.37992862113906567,-0.9493296862870282,0.0,1.0,0.0,0
-0.5564744099755448,0.0630235796102851,-0.14558179401153892,0.14979060439879033,-0.4325689790366576,0.0,1.0,0.0,0
-1.2056529409385865,-0.3419627030750304,-0.9223900511976086,1.059308519944921,-0.8240543633172414,1.0,0.0,0.0,0
-0.9559688905681771,-1.5569215511309384,-0.5783749658723493,0.0898223901869574,0.616611850835307,0.0,1.0,0.0,0
0.24251455120977664,-0.47695813063678943,-0.001317403391268828,-0.09008225244854068,1.6971115114497184,0.0,1.0,0.0,0
-0.10704311930879085,-0.3419627030750304,-0.3508811191250002,0.4396369730893153,-1.4660903935373988,1.0,0.0,0.0,0
0.24251455120977664,0.9404938587617381,2.9561026043242684,-2.1190068332822167,-0.5108660558927743,0.0,1.0,0.0,0
-1.1557161308645216,-0.8144466995412062,-1.0278140289585753,1.019329710470366,-0.07240242549852047,1.0,0.0,0.0,0
-1.0059057006422703,-1.6919169786926975,1.4024860899521288,-1.2094889177360864,1.7127709268209417,1.0,0.0,0.0,0
-0.3067903596051354,-0.9494421271029653,-0.46740235770291066,0.2697270328224562,1.1803508041993478,0.0,1.0,0.0,0
0.4422617915060928,0.5355075760764609,0.8642689403303517,-0.9796107632573939,1.2586478810554644,0.0,1.0,0.0,0
-1.9547050920498146,-2.096903261378013,2.284718324899165,-1.6692452266934708,-1.0902644246280384,0.0,1.0,0.0,0
-1.405400181234931,-1.4219261235691794,-0.3897215319843037,0.8194356630975901,0.569633604721637,1.0,0.0,0.0,0
1.2911875627655074,0.13052129339114543,1.8519251530383547,-1.8691392740662467,-0.3229530714380941,0.0,0.0,1.0,0
1.2911875627655074,1.1429870001043958,-0.37862427116735986,0.8294303654662283,-1.293836824453942,0.0,0.0,1.0,0
0.09270412098752531,-0.5444558444176881,-0.6061181179147088,0.33968994940292735,-1.3094962398251653,1.0,0.0,0.0,0
0.39232498143202793,1.750466424132369,-0.6505071611824843,0.9993403057330881,0.14682938969860648,1.0,0.0,0.0,0
-1.0059057006422703,-1.2194329822265217,-0.9667790944653841,1.2891866744236131,1.7284303421921652,1.0,0.0,0.0,1
-1.6550842316053405,-1.7594146924735963,0.004231227017203099,-0.13006106192309574,-0.980648517029475,0.0,1.0,0.0,0
-0.2069167394569489,-0.3419627030750304,0.1706901392713609,-0.44989153771953755,1.274307296426688,1.0,0.0,0.0,0
-0.5065375999014515,-0.8144466995412062,-0.2454571413640336,-0.16004516902901256,-0.5108660558927743,1.0,0.0,0.0,0
0.7918194620246887,0.6030052898573213,0.19843329131372053,0.009864771237847294,0.49133652786552023,0.0,1.0,0.0,0
-0.7062848401977677,-0.5444558444176881,0.015328487834146953,0.8394250678348673,-1.027626763143145,1.0,0.0,0.0,0
-0.9060320804941122,-0.6794512719794472,-0.900195529563721,1.778927090486914,-1.560046885764739,1.0,0.0,0.0,0
-0.756221650271861,-1.3544284097882808,0.9641442876828464,-1.419377667477501,0.7262277584338706,0.0,1.0,0.0,0
-1.3554633711608377,-1.3544284097882808,-0.6616044219994281,0.6495257228307302,-0.542184886635221,1.0,0.0,0.0,0
1.9403660937285492,2.087954993036786,0.5535456374559239,-1.0995471916810593,-0.1976777484683073,1.0,0.0,0.0,0
-0.856095270420019,-1.151935268445623,0.32050316030010295,-0.7597273111473404,-0.6048225481201145,1.0,0.0,0.0,0
0.7918194620246887,0.0630235796102851,-0.9834249856907998,1.5790330431141382,-0.5891631327488911,1.0,0.0,0.0,1
1.2911875627655074,0.26551672095290446,-0.7226393564926193,1.3291654838981681,-0.8710326094309114,0.0,0.0,1.0,0
-1.5552106114571824,-1.3544284097882808,-1.0888489634517664,0.44963167545795424,-1.4504309781661755,1.0,0.0,0.0,0
-2.204389142420224,-2.569387257844189,0.16514150886288897,-0.4898703471940926,0.5069959432367436,1.0,0.0,0.0,0
-0.3567271696792002,-0.6119535581985485,-0.8558064862959456,0.5595734015129812,-1.1529020861129318,0.0,1.0,0.0,0
0.04276731091346047,0.9404938587617381,-0.5173400313791581,0.059838283081041284,0.616611850835307,1.0,0.0,0.0,0
-0.2069167394569489,0.4005121485147019,0.5701915286813396,-0.4898703471940926,0.6479306815777538,1.0,0.0,0.0,0
0.39232498143202793,0.26551672095290446,0.1706901392713609,-0.47987564482545364,-1.3251556551963888,1.0,0.0,0.0,0
1.4909348030618235,1.6154709965705716,0.5868374199067554,-1.0395789774692266,0.3347423741532867,0.0,1.0,0.0,0
0.39232498143202793,-0.20696727551327135,-0.43411057525207913,0.42964227072067634,0.7888654199187639,1.0,0.0,0.0,0
0.4422617915060928,0.5355075760764609,2.4900176500126263,-2.0290545119644676,0.44435828175185016,0.0,1.0,0.0,0
-0.6563480301237028,0.0630235796102851,-0.7670283997603947,0.5295892944070644,-0.6361413788625612,1.0,0.0,0.0,0
-0.6064112200496096,-0.6794512719794472,1.60778541506559,-1.7092240361680262,1.0080972351158908,1.0,0.0,0.0,0
-0.856095270420019,-0.6794512719794472,1.4579723940368479,-1.2494677272106414,-0.5735037173776678,0.0,1.0,0.0,0
0.6420090318024373,0.46800986229556224,-1.3274400710160594,1.828900602330108,-0.24465599458197734,0.0,1.0,0.0,0
0.5920722217283441,0.6030052898573213,-0.40081879280124755,-0.2899762998213166,0.7105683430626472,1.0,0.0,0.0,0
0.9416298922469115,0.67050300363822,-1.3773777446923068,2.358619827867965,0.4600176971230735,0.0,0.0,1.0,0
0.24251455120977664,-0.3419627030750304,0.6312264631745308,-1.2394730248420025,-0.7144384557186779,1.0,0.0,0.0,0
-1.1557161308645216,-0.7469489857603459,-1.1776270499873174,2.3686145302366035,-1.3564744859388354,0.0,1.0,0.0,0
0.29245136128386984,0.33301443473380316,0.5701915286813396,-1.0095948703633104,-0.11938067161219053,1.0,0.0,0.0,0
-0.4566007898273583,-0.004474134170613608,0.6534209848084186,-0.6897643945668686,1.2429884656842412,0.0,0.0,1.0,0
-0.9559688905681771,-1.0844375546647627,-1.133238006719542,0.019859473606486232,0.021554066728819647,1.0,0.0,0.0,0
1.041503512395098,0.7380007174191187,-0.6449585307740123,-0.31996040692723343,-0.4325689790366576,0.0,1.0,0.0,0
-1.1057793207904283,-1.0844375546647627,-0.33423522789958443,0.34968465177156627,0.5539741893504136,0.0,1.0,0.0,0
0.3423881713579347,-0.2744649892941317,-1.1665297891703734,1.429112507584556,-0.4325689790366576,1.0,0.0,0.0,0
0.4422617915060928,0.46800986229556224,0.8698175707388237,-1.2694571319479189,-0.495206640521551,0.0,1.0,0.0,0
-0.5065375999014515,0.33301443473380316,1.1971867648386674,-1.2094889177360864,-0.8083949479460181,1.0,0.0,0.0,0
-1.7549578517534985,-1.6919169786926975,-1.1054948546771823,1.908858221279219,-0.2916342406956474,1.0,0.0,0.0,0
1.7406188534322329,2.0204572792558873,2.0128354348840407,-1.8391551669603303,-0.7457572864611246,0.0,1.0,0.0,0
1.141377132543256,1.2104847138852945,-0.289846184631809,0.3197005446656502,1.5405173577374849,1.0,0.0,0.0,0
-1.0059057006422703,-1.286930696007382,1.8741196746722424,-1.5692982030070828,-1.6853222087345259,1.0,0.0,0.0,0
2.1401133340248935,2.3579458481603037,6.124370567561739,-2.7286836777691836,-1.3564744859388354,1.0,0.0,0.0,0
0.7418826519505954,0.6030052898573213,0.7311018105270255,-0.8896584419396445,0.9767784043734442,1.0,0.0,0.0,0
0.5421354116542793,0.7380007174191187,0.4370243988780134,-1.0495736798378654,0.8201842506612106,0.0,0.0,1.0,0
-0.756221650271861,-0.2744649892941317,-0.972327724873856,1.8688794118046639,0.24078588192594658,0.0,1.0,0.0,0
-1.0059057006422703,-0.8819444133221049,0.4148298772441257,-0.9296372514142,-0.02542417938485041,0.0,1.0,0.0,0
0.29245136128386984,0.0630235796102851,-0.2454571413640336,0.2297482233479004,0.38172062026695674,1.0,0.0,0.0,0
-1.305526561086773,-1.151935268445623,0.17623876967983285,-0.23000808560948371,0.8515030814036574,1.0,0.0,0.0,0
-1.505273801383089,-1.4894238373500397,-0.10119275074376351,0.019859473606486232,1.2899667117979112,1.0,0.0,0.0,0
-1.1557161308645216,-0.4094604168559291,-0.8169660734366421,0.4096528659833992,0.5069959432367436,1.0,0.0,0.0,0
-0.4566007898273583,0.0630235796102851,-1.12768937631107,2.128741673389272,-0.21333716383953064,1.0,0.0,0.0,0
-0.4566007898273583,0.0630235796102851,0.6090319415406431,-0.8396849300964505,-1.0432861785143683,0.0,1.0,0.0,0
1.6906820433581398,1.5479732827897112,-0.20661672850473012,-0.39991802587634356,-0.6048225481201145,1.0,0.0,0.0,0
-1.3554633711608377,-1.2194329822265217,-0.5173400313791581,1.349154888635446,-1.5757063011359624,1.0,0.0,0.0,0
0.6919458418765022,0.33301443473380316,-1.7879763949192293,2.0587787568088007,-0.07240242549852047,0.0,1.0,0.0,0
-1.9547050920498146,-1.9619078338162157,-0.5894722266892931,-0.1500504666603736,-1.4660903935373988,0.0,1.0,0.0,0
-0.9559688905681771,-0.7469489857603459,-1.199821571621205,1.1692502459999479,-0.30729365606687076,0.0,1.0,0.0,0
1.2412507526914143,1.0079915725426367,0.764393592977857,-1.0795577869437818,-0.9180108555445815,1.0,0.0,0.0,0
0.14264093106161854,0.9404938587617381,-1.0722030722263507,1.1092820317881151,0.616611850835307,1.0,0.0,0.0,0
-0.5564744099755448,-1.016939840883864,-0.46185372729443874,0.9993403057330881,0.7575465891763172,0.0,1.0,0.0,0
-0.15697992938288408,0.7380007174191187,0.08191205273581008,0.09981709255559633,1.321285542540358,1.0,0.0,0.0,0
0.09270412098752531,-0.4094604168559291,-0.46185372729443874,0.8794038773094223,1.5248579423662616,0.0,1.0,0.0,0
-1.305526561086773,-0.7469489857603459,-0.9057441599721929,-0.10007695481717963,1.149031973456901,0.0,1.0,0.0,0
0.29245136128386984,-0.20696727551327135,0.5535456374559239,-0.9596213585201163,0.20946705118349987,1.0,0.0,0.0,0
-1.2555897510126797,-0.8819444133221049,-0.46185372729443874,0.46962108019523213,-1.2311991629690486,1.0,0.0,0.0,0
-1.5552106114571824,-1.4894238373500397,-0.7725770301688667,1.708964173906443,1.4778796962525915,1.0,0.0,0.0,1
-2.2543259524943173,-2.704382685405948,0.5646428982728677,-0.3399498116645106,-1.3564744859388354,0.0,1.0,0.0,0
0.7418826519505954,0.7380007174191187,0.34824631234246256,-0.5698279661432034,-0.11938067161219053,1.0,0.0,0.0,0
1.4909348030618235,1.4804755690088125,0.47031618132884495,-1.1195365964183368,0.14682938969860648,0.0,0.0,1.0,0
-0.4566007898273583,0.33301443473380316,-0.5672777050554054,0.3097058422970112,-1.0589455938855916,1.0,0.0,0.0,0
-0.25685354953104217,0.46800986229556224,0.2761141170323275,-0.6497855850923135,-1.607025131878409,1.0,0.0,0.0,0
-0.3067903596051354,-0.8819444133221049,-0.0789982291098758,-0.10007695481717963,-0.2759748253244241,1.0,0.0,0.0,0
-1.1057793207904283,-1.4894238373500397,-0.4840482489283265,-0.020119335868069525,-1.3564744859388354,1.0,0.0,0.0,0
0.8417562720987535,0.4005121485147019,-0.18997083727931435,0.44963167545795424,0.6009524354640837,0.0,1.0,0.0,0
0.492198601580186,1.0754892863235355,-0.4729509881113826,-0.00012993113079164646,0.5069959432367436,0.0,1.0,0.0,0
-0.8061584603459542,-0.5444558444176881,3.2113396031139767,-2.2289485593372436,1.6031550192223782,1.0,0.0,0.0,0
-1.1557161308645216,-0.7469489857603459,0.7865881146117448,-1.169510108261531,0.13116997432738312,0.0,1.0,0.0,0
1.191313942617321,0.13052129339114543,-0.5228886617876299,0.6395310204620913,0.2721047126683933,1.0,0.0,0.0,0
-0.057106309234725997,-0.004474134170613608,-0.3064920758572248,0.20975881861062326,1.1646913888281245,0.0,1.0,0.0,0
-0.8061584603459542,-0.47695813063678943,2.467823128378739,-2.0790280238076617,0.38172062026695674,0.0,0.0,1.0,0
0.39232498143202793,1.6154709965705716,-0.25655440218097747,-0.09008225244854068,-0.4482283944078809,1.0,0.0,0.0,0
-1.7050210416794052,-1.3544284097882808,2.434531345927907,-1.7691922503798587,1.5718361884799317,1.0,0.0,0.0,0
0.6919458418765022,0.26551672095290446,0.22062781294760825,-0.3099657045585945,0.39738003563818014,1.0,0.0,0.0,0
1.3910611829136654,1.4804755690088125,-0.4840482489283265,1.0293244128390042,-0.7457572864611246,0.0,1.0,0.0,0
-0.25685354953104217,-0.7469489857603459,-0.10674138115223544,-0.1700398713976515,0.22512646655472324,1.0,0.0,0.0,0
-1.0059057006422703,-1.3544284097882808,0.44812165969495726,-1.0595683822065043,-0.5108660558927743,0.0,1.0,0.0,0
0.29245136128386984,0.13052129339114543,0.6034833111321712,-0.8296902277278119,-0.9649891016582516,1.0,0.0,0.0,0
-1.305526561086773,-1.016939840883864,0.16514150886288897,-0.5798226685118416,-0.5578443020064444,1.0,0.0,0.0,0
0.7418826519505954,0.5355075760764609,-0.217713989321674,0.09981709255559633,0.16248880506982982,1.0,0.0,0.0,0
1.6906820433581398,1.2104847138852945,-0.2232626197301459,0.4996051873011482,-1.4347715627949522,1.0,0.0,0.0,0
-1.2056529409385865,-0.8819444133221049,-0.8169660734366421,0.11980649729287421,1.102053727343231,0.0,1.0,0.0,0
0.24251455120977664,1.2779824276661549,-0.7559311389434509,0.5695681038816202,-0.8397137786884648,1.0,0.0,0.0,0
-0.6563480301237028,-0.5444558444176881,-0.6449585307740123,0.8893985796780612,1.2429884656842412,0.0,1.0,0.0,0
-1.505273801383089,-1.4219261235691794,-1.3496345926499471,2.9083284581430977,0.7105683430626472,1.0,0.0,0.0,1
0.09270412098752531,0.9404938587617381,-0.1844222068708424,-0.3899233235077046,0.522655358607967,0.0,0.0,1.0,0
-1.305526561086773,-1.151935268445623,-0.3564297495334722,0.049843580712402344,1.7910680036770585,1.0,0.0,0.0,1
0.8916930821728467,-0.004474134170613608,-0.25655440218097747,0.029854175975124464,1.2116696349417944,1.0,0.0,0.0,0
-1.2555897510126797,-1.2194329822265217,-0.6671530524079,0.8494197702035061,0.0058946513575962945,1.0,0.0,0.0,0
0.9915667023210047,-0.13946956173237265,0.6090319415406431,-0.8996531443082835,0.6949089276914238,1.0,0.0,0.0,0
-0.7062848401977677,-0.6119535581985485,-1.1110434850856543,1.1092820317881151,-1.1529020861129318,0.0,1.0,0.0,0
-1.2056529409385865,-1.286930696007382,-0.5672777050554054,0.6295363180934523,0.6479306815777538,1.0,0.0,0.0,0
0.19257774113568338,-0.5444558444176881,-0.06235233788446003,-0.2799815974526777,1.8850244959043987,0.0,1.0,0.0,0
-1.6051474215312471,-1.3544284097882808,0.24837096498996789,0.039848878343763404,1.8693650805331752,1.0,0.0,0.0,0
-0.6064112200496096,0.0630235796102851,0.25391959539843983,-0.869669037202367,0.616611850835307,0.0,1.0,0.0,0
-0.007169499160632764,-0.2744649892941317,0.4370243988780134,-1.129531298786976,-0.8553731940596881,1.0,0.0,0.0,0
-1.3554633711608377,-1.4219261235691794,-0.6782503132248439,0.17977471150470642,1.2273290503130179,1.0,0.0,0.0,0
0.14264093106161854,-0.07197184795151232,-0.16777631564542664,0.6595204251993692,0.2721047126683933,0.0,0.0,1.0,0
-1.2056529409385865,-0.9494421271029653,4.687275291767509,-2.558773737502324,0.9924378197446675,1.0,0.0,0.0,0
1.8904292836544843,1.8179641379132294,0.087460683144282,-0.6597802874609524,0.31908295878206333,0.0,1.0,0.0,0
-0.5065375999014515,-0.8819444133221049,2.223683390405974,-2.00906510722719,-0.15069950235463722,0.0,0.0,1.0,0
0.5920722217283441,0.0630235796102851,0.10410657436969778,-0.7397379064100625,-1.1529020861129318,0.0,1.0,0.0,0
0.39232498143202793,0.19801900717204413,-0.4507564664774949,0.33968994940292735,-1.6853222087345259,0.0,1.0,0.0,0
1.7406188534322329,1.5479732827897112,0.24837096498996789,-0.47987564482545364,-0.5265254712639977,1.0,0.0,0.0,0
-0.4566007898273583,-0.7469489857603459,-1.188724310804261,0.8394250678348673,1.7597491729346117,0.0,1.0,0.0,0
-0.057106309234725997,0.13052129339114543,-0.33423522789958443,0.6295363180934523,1.0237566504871143,1.0,0.0,0.0,0
0.9416298922469115,0.46800986229556224,-0.6116667483231808,1.099287329419476,-0.495206640521551,1.0,0.0,0.0,0
0.9416298922469115,0.805498431199979,-0.5783749658723493,0.41964756835203815,-1.4347715627949522,1.0,0.0,0.0,0
1.4909348030618235,0.67050300363822,-0.7226393564926193,0.1697800091360682,0.19380763581227653,0.0,1.0,0.0,0
-0.007169499160632764,-0.2744649892941317,-0.2676516629979213,0.1997641162419843,-1.2311991629690486,0.0,1.0,0.0,0
-0.8061584603459542,-0.6119535581985485,-0.9834249856907998,0.6095469133561752,-1.1059238399992617,1.0,0.0,0.0,0
0.5421354116542793,0.8729961449808777,-0.22881125013861783,-0.24000278797812266,-1.5130686396510689,1.0,0.0,0.0,0
-0.9060320804941122,-0.8144466995412062,-0.9834249856907998,1.72895357864372,-1.246858578340272,1.0,0.0,0.0,0
1.141377132543256,0.9404938587617381,-0.5839235962808211,0.029854175975124464,0.39738003563818014,1.0,0.0,0.0,0
-1.5552106114571824,-1.4894238373500397,0.6312264631745308,-1.029584275100588,0.4600176971230735,1.0,0.0,0.0,0
0.04276731091346047,1.0079915725426367,-0.2232626197301459,0.33968994940292735,-0.6674602096050078,1.0,0.0,0.0,0
-0.2069167394569489,0.6030052898573213,-0.289846184631809,0.2497376280851783,0.8828219121461041,1.0,0.0,0.0,0
-1.5552106114571824,-1.6244192649117988,-0.4840482489283265,0.5695681038816202,0.22512646655472324,1.0,0.0,0.0,0
2.0901765239508006,2.3579458481603037,-0.8280633342535859,0.7794568536230343,-0.3855907329229875,0.0,1.0,0.0,0
-1.305526561086773,-1.4219261235691794,-1.116592115494126,0.8494197702035061,0.7888654199187639,0.0,1.0,0.0,0
1.9903029038026423,2.290448134379405,-0.8336119646620579,0.5795628062502584,0.24078588192594658,0.0,1.0,0.0,0
-1.1557161308645216,-1.2194329822265217,-0.9390359424230245,1.339160186266807,0.8515030814036574,0.0,1.0,0.0,0
-0.40666397975329344,-0.8144466995412062,0.8920120923727114,-0.6497855850923135,1.2116696349417944,0.0,1.0,0.0,0
0.4422617915060928,0.8729961449808777,0.3537949427509345,-0.819695525359173,1.2899667117979112,0.0,1.0,0.0,0
-0.9559688905681771,-1.2194329822265217,-0.31758933667416867,-0.21001868087220654,-1.4191121474237287,1.0,0.0,0.0,0
1.6906820433581398,1.4804755690088125,2.4012395634770756,-1.6492558219561932,-0.761416701832348,0.0,1.0,0.0,0
-0.9060320804941122,-1.151935268445623,-0.7725770301688667,0.8694091749407841,1.3526043732828046,1.0,0.0,0.0,0
0.4422617915060928,0.805498431199979,1.3858401987267128,-1.4493617745834173,0.09985114358493641,1.0,0.0,0.0,0
-1.8048946618275916,-1.8944101200353554,2.950553973915796,-2.059038619070384,1.1803508041993478,0.0,1.0,0.0,0
1.4409979929877303,1.5479732827897112,-0.13448453319459508,0.07982768781831845,1.1803508041993478,1.0,0.0,0.0,0
1.091440322469163,0.8729961449808777,1.213832656064083,-1.3594094532656682,-1.6226845472496323,0.0,0.0,1.0,0
1.6407452332840748,1.750466424132369,-0.31758933667416867,0.4396369730893153,-0.542184886635221,0.0,1.0,0.0,0
-1.2555897510126797,-1.151935268445623,-0.8391605950705298,0.8594144725721451,-1.2625179937114952,1.0,0.0,0.0,0
-0.5065375999014515,-0.07197184795151232,-0.9223900511976086,1.5690383407455,1.462220280881368,1.0,0.0,0.0,1
0.8417562720987535,0.7380007174191187,-0.1844222068708424,-0.05010344297398563,0.7888654199187639,0.0,1.0,0.0,0
0.7918194620246887,0.805498431199979,-0.8003201822112262,0.6795098299366463,-0.1976777484683073,0.0,0.0,1.0,0
-1.6051474215312471,-1.6244192649117988,-0.5839235962808211,0.8294303654662283,0.4756771124942969,1.0,0.0,0.0,0
-0.2069167394569489,-0.5444558444176881,-0.49514550974527033,0.3097058422970112,0.8201842506612106,1.0,0.0,0.0,0
0.492198601580186,0.6030052898573213,-0.49514550974527033,0.5895575086188972,-1.1372426707417085,1.0,0.0,0.0,0
-0.5564744099755448,-0.8819444133221049,0.13739835682052934,-0.5898173708804806,-0.13504008698341388,1.0,0.0,0.0,0
-1.6051474215312471,-1.4894238373500397,-0.9223900511976086,0.28971643755973336,-0.5265254712639977,1.0,0.0,0.0,0
1.4409979929877303,1.6829687103514703,0.7976853754286887,-0.7897114182532565,-0.35427190218054083,1.0,0.0,0.0,0
-0.756221650271861,-0.8144466995412062,0.09855794396122586,-0.39991802587634356,-1.3564744859388354,0.0,1.0,0.0,0
1.4909348030618235,1.6829687103514703,-0.17887357646237048,-0.21001868087220654,0.8671624967748807,0.0,0.0,1.0,0
-0.5564744099755448,-1.016939840883864,0.22617644335608017,-0.09008225244854068,0.17814822044105316,1.0,0.0,0.0,0
0.29245136128386984,-0.2744649892941317,-0.2010680980962582,-0.16004516902901256,-0.6204819634913378,0.0,1.0,0.0,0
-0.3567271696792002,0.4005121485147019,0.38708672520176607,-0.8596743348337283,-0.13504008698341388,0.0,1.0,0.0,0
1.840492473580391,1.6829687103514703,0.7255531801185536,-1.3893935603715843,0.49133652786552023,1.0,0.0,0.0,0
-0.6064112200496096,0.0630235796102851,0.3759894643848222,-0.05010344297398563,-0.04108359475607377,1.0,0.0,0.0,0
-1.305526561086773,-1.0844375546647627,0.2705654866238556,-0.7497326087787015,1.5561767731087082,1.0,0.0,0.0,0
-0.856095270420019,-1.3544284097882808,-0.4230133144351353,0.2497376280851783,1.2899667117979112,0.0,1.0,0.0,0
-0.4566007898273583,-0.9494421271029653,-0.5450831834215176,-0.37992862113906567,0.9611189890022208,0.0,1.0,0.0,0
0.19257774113568338,-0.07197184795151232,-0.6893475740417878,-0.819695525359173,1.321285542540358,0.0,1.0,0.0,0
-0.4566007898273583,0.0630235796102851,-0.9223900511976086,1.5590436383768609,0.0058946513575962945,1.0,0.0,0.0,0
-0.25685354953104217,-0.47695813063678943,-0.10674138115223544,0.2297482233479004,0.6479306815777538,1.0,0.0,0.0,0
0.39232498143202793,0.13052129339114543,-1.3052455493821717,1.2492078649490581,0.7732060045475406,0.0,1.0,0.0,0
0.24251455120977664,1.3454801414470536,0.10410657436969778,-0.3299551092958717,0.08419172821371305,1.0,0.0,0.0,0
0.39232498143202793,-0.4094604168559291,-1.0943975938602384,2.238683399444299,0.08419172821371305,0.0,1.0,0.0,1
0.29245136128386984,0.26551672095290446,0.38153809479329415,-0.08008755007990175,1.7754085883058353,1.0,0.0,0.0,0
0.04276731091346047,0.19801900717204413,-1.050008550592463,0.8794038773094223,-0.9023514401733582,0.0,1.0,0.0,0
-0.7062848401977677,-0.20696727551327135,-1.2497592452974524,0.969356198627172,0.44435828175185016,0.0,1.0,0.0,0
0.8916930821728467,0.67050300363822,1.6632717191503092,-1.6392611195875544,-1.2155397475978251,0.0,1.0,0.0,0
-1.405400181234931,-0.9494421271029653,-0.14558179401153892,-0.10007695481717963,-0.46388780977910427,0.0,1.0,0.0,0
-1.305526561086773,-1.0844375546647627,-0.8946468991552491,-0.010124633499430586,-0.6987790403474545,1.0,0.0,0.0,0
-0.756221650271861,-0.13946956173237265,0.2983086386662152,-0.4898703471940926,1.4935391116238148,1.0,0.0,0.0,0
1.840492473580391,1.8179641379132294,0.004231227017203099,0.47961578256387033,1.3839232040252514,1.0,0.0,0.0,0
1.840492473580391,1.6829687103514703,-0.7892229213942824,0.5695681038816202,1.2429884656842412,1.0,0.0,0.0,0
0.4422617915060928,0.46800986229556224,0.1873360304967767,-0.879663739571006,-1.654003377992079,1.0,0.0,0.0,0
1.7905556635063262,1.4804755690088125,0.8698175707388237,-0.9296372514142,-1.607025131878409,1.0,0.0,0.0,0
0.8417562720987535,0.8729961449808777,0.9364011356404868,-0.9496266561514775,-0.47954722515032766,1.0,0.0,0.0,0
0.7918194620246887,0.4005121485147019,0.3316004211170468,-0.3899233235077046,1.5718361884799317,0.0,1.0,0.0,0
1.041503512395098,0.9404938587617381,-0.5173400313791581,-0.030114038236707757,-0.1976777484683073,1.0,0.0,0.0,0
1.3411243728395723,0.7380007174191187,1.0584710046268693,-1.1894995129988084,0.4286988663806268,1.0,0.0,0.0,0
-0.40666397975329344,-0.6119535581985485,-1.0777517026348227,2.06877345917744,1.3056261271691345,1.0,0.0,0.0,1
0.7918194620246887,-0.07197184795151232,-0.6449585307740123,1.359149591004085,-0.1976777484683073,0.0,0.0,1.0,0
2.0402397138767356,2.222950420598545,0.7810394842032728,-1.069563084575143,0.7888654199187639,0.0,1.0,0.0,0
-1.1057793207904283,-1.0844375546647627,3.2723745376071682,-2.0790280238076617,0.6322712662065304,1.0,0.0,0.0,0
-0.6563480301237028,-0.2744649892941317,0.697810028076194,-0.8896584419396445,1.102053727343231,1.0,0.0,0.0,0
0.3423881713579347,0.67050300363822,-1.12768937631107,1.3291654838981681,-0.6204819634913378,1.0,0.0,0.0,0
1.9403660937285492,2.155452706817646,0.5036079637796765,-1.069563084575143,-0.056743010127297114,0.0,1.0,0.0,0
1.4909348030618235,1.6154709965705716,0.4869620725542607,-0.2899762998213166,0.9454595736309974,0.0,0.0,1.0,0
1.7406188534322329,1.8179641379132294,-0.8114174430281702,0.9293773891526163,-0.40125014829421085,1.0,0.0,0.0,0
-1.305526561086773,-1.016939840883864,-0.23990851095556168,-0.3599392164017885,0.28776412803961665,1.0,0.0,0.0,0
1.091440322469163,1.1429870001043958,0.09300931355275392,-0.14005576429173466,0.5852930200928603,1.0,0.0,0.0,0
1.840492473580391,1.5479732827897112,-0.9112927903806648,0.6195416157248141,-0.15069950235463722,1.0,0.0,0.0,0
1.7406188534322329,1.2779824276661549,-0.744833878126507,0.5595734015129812,-1.5287280550222924,1.0,0.0,0.0,0
-0.856095270420019,-1.4219261235691794,1.2582216993318587,-1.3494147508970293,0.5852930200928603,1.0,0.0,0.0,0
0.8916930821728467,0.6030052898573213,1.89631419630613,-1.9091180835408021,-1.3251556551963888,0.0,1.0,0.0,0
-0.9559688905681771,-0.47695813063678943,1.1805408736132517,-1.4793458816893337,-0.47954722515032766,0.0,1.0,0.0,0
1.9903029038026423,2.155452706817646,0.24837096498996789,-0.13006106192309574,-0.056743010127297114,1.0,0.0,0.0,0
0.24251455120977664,0.4005121485147019,0.4536702901034292,-0.7997061206218955,1.196010219570571,0.0,1.0,0.0,0
0.19257774113568338,0.805498431199979,-0.37307564075888794,-0.26998689508403945,1.2429884656842412,1.0,0.0,0.0,0
0.6420090318024373,0.8729961449808777,-0.3619783799419441,1.06930322231356,-1.5287280550222924,1.0,0.0,0.0,0
1.4909348030618235,0.805498431199979,-0.11229001156070736,-0.2000239785035676,0.49133652786552023,0.0,1.0,0.0,0
0.24251455120977664,0.33301443473380316,0.13739835682052934,-0.18003457376628973,1.4309014501389214,1.0,0.0,0.0,0
-0.7062848401977677,-0.8144466995412062,0.1484956176374732,-0.09008225244854068,-1.1215832553704852,0.0,0.0,1.0,0
0.9915667023210047,-0.004474134170613608,-0.5006941401537423,0.8794038773094223,1.149031973456901,1.0,0.0,0.0,0
1.4409979929877303,1.4804755690088125,-1.1054948546771823,1.778927090486914,-0.2759748253244241,1.0,0.0,0.0,0
-1.405400181234931,-1.151935268445623,0.8531716795134079,-1.1994942153674473,1.2586478810554644,1.0,0.0,0.0,0
1.141377132543256,0.67050300363822,-1.1665297891703734,1.1492608412626701,0.7262277584338706,1.0,0.0,0.0,0
0.4422617915060928,0.9404938587617381,-0.04015781625057232,0.14979060439879033,0.28776412803961665,0.0,1.0,0.0,0
-1.8048946618275916,-1.7594146924735963,0.25946822580691176,-0.44989153771953755,-1.6853222087345259,0.0,0.0,1.0,0
0.29245136128386984,-0.004474134170613608,-1.3163428101991155,2.288656911287493,-0.3229530714380941,0.0,1.0,0.0,0
-1.3554633711608377,-1.0844375546647627,-0.2842975542233371,-0.2599921927154005,-0.6048225481201145,1.0,0.0,0.0,0
-0.7062848401977677,-0.13946956173237265,4.060280055610182,-2.3788690948668254,1.7284303421921652,1.0,0.0,0.0,1
0.39232498143202793,0.46800986229556224,-0.8502578558874736,0.20975881861062326,0.9767784043734442,0.0,1.0,0.0,0
0.09270412098752531,0.13052129339114543,-0.5506318138299896,0.28971643755973336,1.3056261271691345,1.0,0.0,0.0,0
-0.7062848401977677,-0.004474134170613608,0.7865881146117448,-0.44989153771953755,-0.9963079324006983,0.0,1.0,0.0,0
0.04276731091346047,-0.13946956173237265,-0.1844222068708424,-0.47987564482545364,-1.3564744859388354,1.0,0.0,0.0,0
0.9416298922469115,0.6030052898573213,0.32050316030010295,-0.3099657045585945,-0.9023514401733582,1.0,0.0,0.0,0
1.4409979929877303,0.7380007174191187,0.09300931355275392,0.5295892944070644,0.4286988663806268,1.0,0.0,0.0,0
-0.057106309234725997,-0.13946956173237265,-0.3453324887165283,0.7694621512543961,0.0685323128424897,1.0,0.0,0.0,0
-0.40666397975329344,-1.016939840883864,0.30385726907468713,-0.41990743061362146,0.8201842506612106,0.0,1.0,0.0,0
-2.204389142420224,-2.569387257844189,-0.6948962044502597,0.2497376280851783,-0.6048225481201145,0.0,0.0,1.0,0
-1.6051474215312471,-1.286930696007382,1.685466240784197,-1.5792929053757216,1.634473849964825,0.0,1.0,0.0,0
1.041503512395098,0.9404938587617381,-0.822514703845114,0.919382686783978,-0.8710326094309114,1.0,0.0,0.0,0
-1.7549578517534985,-1.7594146924735963,-1.3718291142838348,1.2492078649490581,-0.7144384557186779,1.0,0.0,0.0,0
1.2412507526914143,1.2779824276661549,-0.7670283997603947,0.4896104849325093,1.4935391116238148,1.0,0.0,0.0,0
0.24251455120977664,0.9404938587617381,0.9419497660489587,-0.7697220135159794,-0.6831196249762312,1.0,0.0,0.0,0
-1.305526561086773,-1.016939840883864,-0.23435988054708976,-0.3599392164017885,-0.8083949479460181,0.0,1.0,0.0,0
2.0901765239508006,2.155452706817646,-0.8835496383383052,0.8694091749407841,-1.4191121474237287,0.0,1.0,0.0,0
-0.9559688905681771,-0.9494421271029653,0.9807901789082623,-0.9296372514142,0.17814822044105316,0.0,1.0,0.0,0
-1.2555897510126797,-1.3544284097882808,-0.6061181179147088,0.44963167545795424,1.102053727343231,0.0,1.0,0.0,0
-0.6563480301237028,-1.151935268445623,-1.055557181000935,0.6595204251993692,-0.5265254712639977,0.0,1.0,0.0,0
1.191313942617321,1.0754892863235355,0.4592189205119011,-0.49986504956273153,-0.6204819634913378,1.0,0.0,0.0,0
-1.1057793207904283,-1.8944101200353554,1.8907655658976583,-1.6992293337993873,1.0707348966007844,1.0,0.0,0.0,0
-0.6064112200496096,-0.20696727551327135,0.23727370417302404,0.4996051873011482,-1.5130686396510689,1.0,0.0,0.0,0
0.492198601580186,1.4804755690088125,-0.2232626197301459,0.14979060439879033,0.5069959432367436,0.0,1.0,0.0,0
1.6407452332840748,1.2104847138852945,0.04862027028497851,-0.6497855850923135,-0.5108660558927743,0.0,1.0,0.0,0
0.24251455120977664,0.805498431199979,-0.7892229213942824,0.5195945920384261,-1.654003377992079,0.0,0.0,1.0,0
0.04276731091346047,-0.5444558444176881,-0.8558064862959456,0.6095469133561752,0.19380763581227653,0.0,1.0,0.0,0
0.19257774113568338,0.0630235796102851,0.026425748651090805,0.18976941387334537,1.196010219570571,1.0,0.0,0.0,0
-0.3067903596051354,-0.6119535581985485,-0.217713989321674,0.3296952470342884,-1.5287280550222924,0.0,1.0,0.0,0
1.091440322469163,1.2104847138852945,2.4511772371533227,-1.8191657622230528,-1.1215832553704852,1.0,0.0,0.0,0
-1.8548314719016565,-1.9619078338162157,0.6811641368507781,-0.7097537993041464,1.2899667117979112,1.0,0.0,0.0,0
0.6420090318024373,0.6030052898573213,1.224929916881027,-1.6092770124816382,-0.495206640521551,1.0,0.0,0.0,0
0.7418826519505954,0.46800986229556224,1.3913888291351848,-1.3793988580029457,-1.560046885764739,0.0,0.0,1.0,0
-0.9559688905681771,-1.6919169786926975,0.8032340058371605,-0.6897643945668686,1.4465608655101447,1.0,0.0,0.0,0
-0.3067903596051354,-0.5444558444176881,-0.5284372921961019,0.8194356630975901,-1.3094962398251653,1.0,0.0,0.0,0
-0.40666397975329344,-0.6119535581985485,-0.8447092254790017,0.8694091749407841,-1.6226845472496323,1.0,0.0,0.0,0
1.141377132543256,1.0079915725426367,-0.5228886617876299,0.47961578256387033,-0.6674602096050078,0.0,1.0,0.0,0
0.04276731091346047,-0.2744649892941317,0.009779857425675026,-0.2999710021899556,-0.18201833309708393,1.0,0.0,0.0,0
0.7418826519505954,0.0630235796102851,0.5535456374559239,-0.6597802874609524,-0.9493296862870282,1.0,0.0,0.0,0
1.041503512395098,0.805498431199979,-0.2621030325894494,0.4996051873011482,0.8515030814036574,1.0,0.0,0.0,0
0.7418826519505954,0.4005121485147019,0.21507918253913633,-0.5898173708804806,0.19380763581227653,1.0,0.0,0.0,0
1.041503512395098,0.8729961449808777,-0.10119275074376351,-0.8496796324650895,1.4778796962525915,1.0,0.0,0.0,0
0.09270412098752531,1.0754892863235355,-0.03460918584210039,0.6395310204620913,-1.3094962398251653,0.0,1.0,0.0,0
-0.40666397975329344,0.13052129339114543,0.8753662011472956,-0.9396319537828385,-1.4974092242798456,1.0,0.0,0.0,0
0.6420090318024373,0.26551672095290446,0.2095305521306644,0.8294303654662283,-0.46388780977910427,0.0,1.0,0.0,0
1.141377132543256,1.1429870001043958,-0.023511925025156536,-0.1700398713976515,-1.607025131878409,0.0,1.0,0.0,0
0.7918194620246887,0.6030052898573213,0.10965520477816972,0.019859473606486232,1.3056261271691345,1.0,0.0,0.0,0
-0.9060320804941122,-0.6119535581985485,-0.40081879280124755,0.44963167545795424,-0.4325689790366576,1.0,0.0,0.0,0
-0.5564744099755448,-0.8144466995412062,-0.0568037074759881,-0.7297432040414236,-0.8553731940596881,1.0,0.0,0.0,0
-1.1057793207904283,-1.151935268445623,0.15404424804594513,-0.4398968353508986,0.3660612048957334,0.0,1.0,0.0,0
-2.2543259524943173,-2.7718803991868466,-0.11783864196917929,0.4096528659833992,1.3526043732828046,0.0,1.0,0.0,0
0.29245136128386984,1.0754892863235355,0.5036079637796765,-0.819695525359173,-0.8710326094309114,0.0,1.0,0.0,0
-0.2069167394569489,-0.3419627030750304,-0.47849961851985456,0.13979590203015138,0.9454595736309974,1.0,0.0,0.0,0
-0.057106309234725997,-0.2744649892941317,-0.7170907260841474,1.119276734156754,-0.15069950235463722,0.0,0.0,1.0,0
-0.6064112200496096,-0.07197184795151232,-0.31758933667416867,-0.09008225244854068,-0.980648517029475,1.0,0.0,0.0,0
0.7418826519505954,0.4005121485147019,-0.11229001156070736,0.06983298544968022,1.5718361884799317,1.0,0.0,0.0,0
0.09270412098752531,-0.4094604168559291,2.4511772371533227,-1.859144571697608,-0.9963079324006983,1.0,0.0,0.0,0
-0.756221650271861,-0.47695813063678943,-0.6560557915909562,1.0293244128390042,0.2564452972971699,0.0,0.0,1.0,0
-0.10704311930879085,-0.4094604168559291,3.977050599483103,-2.408853201972742,1.462220280881368,1.0,0.0,0.0,0
-0.057106309234725997,0.33301443473380316,0.20398192172219246,-0.06009814534262457,1.1803508041993478,0.0,1.0,0.0,0
-1.455336991308996,-1.0844375546647627,0.05971753110192237,-0.2999710021899556,0.9298001582597741,1.0,0.0,0.0,0
-1.0059057006422703,-1.2194329822265217,-0.445207836069023,0.20975881861062326,0.6009524354640837,1.0,0.0,0.0,0
0.5920722217283441,0.67050300363822,-0.6394099003655405,0.13979590203015138,0.3660612048957334,0.0,1.0,0.0,0
0.19257774113568338,-0.07197184795151232,5.680480134883984,-2.7186889754005445,-0.41690956366543425,0.0,0.0,1.0,1
0.14264093106161854,0.19801900717204413,-0.9834249856907998,2.028794649702884,1.5405173577374849,1.0,0.0,0.0,1
0.29245136128386984,-0.4094604168559291,-0.10119275074376351,-0.2799815974526777,-0.2759748253244241,0.0,1.0,0.0,0
0.6420090318024373,0.67050300363822,-0.7170907260841474,1.2691972696863358,0.835843666032434,0.0,1.0,0.0,0
2.0901765239508006,2.3579458481603037,-0.04015781625057232,0.12980119966151243,0.835843666032434,0.0,1.0,0.0,0
0.39232498143202793,0.4005121485147019,-0.6837989436333158,0.21975352097926218,1.8380462497907286,1.0,0.0,0.0,0
0.3423881713579347,1.6154709965705716,0.28166274744079944,-0.21001868087220654,-0.15069950235463722,1.0,0.0,0.0,0
0.29245136128386984,-0.4094604168559291,-0.3952701623927756,0.4096528659833992,-0.495206640521551,1.0,0.0,0.0,0
1.7406188534322329,1.5479732827897112,-0.8502578558874736,0.8993932820467001,-1.1372426707417085,0.0,0.0,1.0,0
-0.057106309234725997,0.805498431199979,-0.2454571413640336,-0.41990743061362146,1.0550754812295609,0.0,0.0,1.0,0
-0.5065375999014515,-0.4094604168559291,0.12075246559511356,-0.26998689508403945,-0.5891631327488911,0.0,1.0,0.0,0
-1.455336991308996,-1.0844375546647627,0.2705654866238556,-0.6597802874609524,1.509198526995038,0.0,1.0,0.0,0
-0.6563480301237028,-0.2744649892941317,-0.20661672850473012,0.6695151275680081,1.415242034767698,1.0,0.0,0.0,0
1.141377132543256,0.8729961449808777,-1.194272941212733,0.7794568536230343,0.3660612048957334,1.0,0.0,0.0,0
-1.0558425107163636,-0.7469489857603459,-0.6837989436333158,-0.04010874060534669,-0.980648517029475,0.0,0.0,1.0,0
-0.756221650271861,-0.2744649892941317,-0.2621030325894494,0.1697800091360682,-0.11938067161219053,0.0,1.0,0.0,0
-1.2555897510126797,-0.4094604168559291,-1.2275647236635647,1.8189058999614698,0.6009524354640837,1.0,0.0,0.0,0
-0.3067903596051354,-0.07197184795151232,0.15404424804594513,0.059838283081041284,-0.3229530714380941,0.0,1.0,0.0,0
-0.6064112200496096,-0.9494421271029653,0.7810394842032728,-1.0595683822065043,-0.1976777484683073,1.0,0.0,0.0,0
-1.455336991308996,-1.016939840883864,0.9585956572743746,-0.7897114182532565,-0.9336702709158049,1.0,0.0,0.0,0
-1.405400181234931,-0.8819444133221049,-0.16777631564542664,-0.07009284771126352,-0.6518007942337846,1.0,0.0,0.0,0
-1.8548314719016565,-1.8944101200353554,-1.2220160932550928,2.8283708391939877,-1.3094962398251653,0.0,1.0,0.0,1
-1.505273801383089,-1.4219261235691794,0.5313511158220362,-0.8396849300964505,0.616611850835307,1.0,0.0,0.0,0
-0.40666397975329344,-0.8819444133221049,0.6145805719491151,-0.9496266561514775,-0.228996579210754,1.0,0.0,0.0,0
0.24251455120977664,-0.13946956173237265,-0.8890982687467771,1.419117805215918,1.5561767731087082,1.0,0.0,0.0,1
1.5408716131359168,1.6154709965705716,-0.8946468991552491,1.0093350081017272,-0.056743010127297114,0.0,1.0,0.0,0
1.3411243728395723,1.0079915725426367,-0.25100577177250555,0.13979590203015138,0.6479306815777538,1.0,0.0,0.0,0
0.09270412098752531,-0.20696727551327135,0.769942223386329,-0.9496266561514775,0.5383147739791903,1.0,0.0,0.0,0
0.7918194620246887,0.4005121485147019,3.128110146986898,-2.0290545119644676,-1.4974092242798456,1.0,0.0,0.0,0
-0.8061584603459542,-0.47695813063678943,0.015328487834146953,-0.45988624008817647,1.5718361884799317,1.0,0.0,0.0,0
-0.9060320804941122,-0.47695813063678943,-1.0222653985501033,0.37966875887748236,0.5383147739791903,1.0,0.0,0.0,0
-0.6064112200496096,-0.5444558444176881,-1.2941482885652278,1.449101912321834,-0.9023514401733582,0.0,0.0,1.0,0
1.2412507526914143,0.26551672095290446,-0.4895968793367984,1.359149591004085,1.3526043732828046,0.0,1.0,0.0,0
0.3423881713579347,0.5355075760764609,-0.3564297495334722,0.1997641162419843,0.616611850835307,1.0,0.0,0.0,0
0.24251455120977664,1.2779824276661549,1.1694436127963077,-1.169510108261531,1.5561767731087082,1.0,0.0,0.0,0
0.24251455120977664,1.0754892863235355,1.1361518303454763,-1.319430643791113,-0.21333716383953064,1.0,0.0,0.0,0
-0.40666397975329344,-1.0844375546647627,0.22617644335608017,-0.7397379064100625,0.5383147739791903,1.0,0.0,0.0,0
1.840492473580391,1.8179641379132294,-0.04015781625057232,0.2697270328224562,1.3526043732828046,0.0,1.0,0.0,0
1.7406188534322329,1.6154709965705716,-0.2010680980962582,-0.3499445140331496,1.3056261271691345,1.0,0.0,0.0,0
-0.9559688905681771,-0.8144466995412062,-0.5894722266892931,0.8194356630975901,-0.7144384557186779,0.0,1.0,0.0,0
0.09270412098752531,1.0079915725426367,-0.2454571413640336,-0.1500504666603736,-0.6048225481201145,1.0,0.0,0.0,0
-0.10704311930879085,-0.004474134170613608,-0.43965920566055106,-0.2899762998213166,0.9611189890022208,0.0,1.0,0.0,0
-1.5552106114571824,-1.3544284097882808,-0.7226393564926193,1.06930322231356,-1.0119673477719215,0.0,1.0,0.0,0
-0.7062848401977677,0.0630235796102851,0.31495452989163103,-0.6997590969355075,-1.4504309781661755,0.0,1.0,0.0,0
-1.0059057006422703,-1.6244192649117988,-0.6616044219994281,0.5795628062502584,0.6635900969489771,0.0,0.0,1.0,0
-1.3554633711608377,-0.9494421271029653,-0.600569487506237,1.299181376792252,0.8201842506612106,0.0,1.0,0.0,0
-0.15697992938288408,-0.5444558444176881,-0.33978385830805635,-0.1200663595544575,1.4309014501389214,1.0,0.0,0.0,0
-0.15697992938288408,-0.5444558444176881,0.08191205273581008,0.15978530676742925,-0.7144384557186779,0.0,0.0,1.0,0
-0.057106309234725997,-0.6119535581985485,-0.14558179401153892,0.37966875887748236,1.2586478810554644,0.0,1.0,0.0,0
-0.6563480301237028,-1.016939840883864,0.026425748651090805,-0.47987564482545364,0.8045248352899873,1.0,0.0,0.0,0
-1.0059057006422703,-1.2194329822265217,-1.0111681377331596,0.8194356630975901,-1.5757063011359624,1.0,0.0,0.0,0
1.6906820433581398,1.0754892863235355,-0.6338612699570685,0.5395839967757032,1.196010219570571,0.0,1.0,0.0,0
0.3423881713579347,-0.3419627030750304,-0.43411057525207913,0.9893456033644492,-1.6853222087345259,1.0,0.0,0.0,0
-0.3567271696792002,-1.016939840883864,-0.8502578558874736,0.21975352097926218,-1.2155397475978251,0.0,1.0,0.0,0
0.7418826519505954,0.33301443473380316,-0.47849961851985456,0.41964756835203815,0.3347423741532867,1.0,0.0,0.0,0
-0.5564744099755448,-0.2744649892941317,0.03752300946803466,-0.46988094245681544,1.2899667117979112,0.0,0.0,1.0,0
-0.5564744099755448,-0.8819444133221049,0.03752300946803466,0.33968994940292735,0.09985114358493641,1.0,0.0,0.0,0
2.1900501440989584,2.4254435619412025,0.25391959539843983,-0.11007165718581856,-1.5443874703935156,1.0,0.0,0.0,0
-1.9047682819757499,-1.8944101200353554,-0.8724523775213614,1.199234353105864,1.462220280881368,1.0,0.0,0.0,0
0.19257774113568338,0.9404938587617381,-1.0222653985501033,1.6190118525886938,0.22512646655472324,0.0,1.0,0.0,0
-1.305526561086773,-0.8144466995412062,-0.006866033799740755,0.11980649729287421,0.28776412803961665,1.0,0.0,0.0,0
0.4422617915060928,0.26551672095290446,-0.017963294616684607,-0.5798226685118416,-0.980648517029475,1.0,0.0,0.0,0
0.29245136128386984,-0.4094604168559291,-0.3619783799419441,0.06983298544968022,-0.3229530714380941,1.0,0.0,0.0,0
-0.5065375999014515,0.13052129339114543,0.8365257882879922,-0.9296372514142,2.135575141843972,1.0,0.0,0.0,0
-1.7549578517534985,-1.6244192649117988,-0.15113042442001084,0.3596793541402052,-0.24465599458197734,1.0,0.0,0.0,0
0.24251455120977664,0.26551672095290446,1.230478547289499,-1.3494147508970293,-1.4974092242798456,1.0,0.0,0.0,0
-0.9060320804941122,-0.6794512719794472,-0.9945222465077438,1.6789800668005261,-0.009764764013627058,0.0,0.0,1.0,0
-0.7062848401977677,-1.2194329822265217,-0.2842975542233371,0.39965816361476025,-1.0119673477719215,0.0,1.0,0.0,0
1.141377132543256,1.1429870001043958,-0.12338727237765122,-0.24000278797812266,0.2564452972971699,0.0,1.0,0.0,0
-0.25685354953104217,-0.6794512719794472,-0.7781256605773386,0.969356198627172,1.5561767731087082,0.0,1.0,0.0,0
-0.15697992938288408,-0.5444558444176881,1.3414511554589374,-1.0395789774692266,1.462220280881368,1.0,0.0,0.0,0
-1.0059057006422703,-0.07197184795151232,-0.7559311389434509,0.7694621512543961,-1.0119673477719215,1.0,0.0,0.0,0
1.7905556635063262,1.6154709965705716,-0.8391605950705298,0.18976941387334537,1.7754085883058353,1.0,0.0,0.0,0
0.492198601580186,0.46800986229556224,1.0418251134014533,-0.5498385614059255,0.30342354341084,1.0,0.0,0.0,0
-1.9547050920498146,-2.231898688939772,-0.7226393564926193,0.2797217351910944,0.4130394510094035,1.0,0.0,0.0,0
1.3411243728395723,0.7380007174191187,-0.5506318138299896,-0.05010344297398563,0.6009524354640837,1.0,0.0,0.0,0
0.14264093106161854,1.0079915725426367,-0.41746468402666337,0.09981709255559633,-1.2311991629690486,0.0,0.0,1.0,0
0.8417562720987535,0.805498431199979,-0.12338727237765122,0.23974292571653935,0.08419172821371305,1.0,0.0,0.0,0
-0.6563480301237028,-0.20696727551327135,-0.4285619448436072,0.6795098299366463,-1.6226845472496323,1.0,0.0,0.0,0
