reading_id,timestamp,sensor_id,metric_type,unit,machine_id,line_id,shift,status,value,anomaly_flag,alert_message
1,2024-01-01 00:00:00,1,vibration,mm_s,CNC-04,machining-a,night,nominal,2.676,False,Supervisory alert generated after three consecutive threshold breaches.
2,2024-01-01 00:05:00,2,temperature,celsius,FURN-02,heat-treat,night,nominal,63.526,False,Humidity excursion near finishing booth during coating run.
3,2024-01-01 00:10:00,3,pressure,bar,HYD-07,press-line,night,nominal,8.725,False,Hydraulic line pressure oscillation detected under load.
4,2024-01-01 00:15:00,4,humidity,percent,PAINT-01,finishing,night,nominal,54.543,False,Sensor 3 drift suspected after cross-check with manual gauge.
5,2024-01-01 00:20:00,1,vibration,mm_s,CNC-04,machining-a,night,nominal,2.181,False,Unbalanced load introduced cyclical pressure ripple.
6,2024-01-01 00:25:00,2,temperature,celsius,FURN-02,heat-treat,night,warning,66.808,False,Coolant loop adjustment reduced chamber temperature spread.
7,2024-01-01 00:30:00,3,pressure,bar,HYD-07,press-line,night,nominal,8.047,False,Humidity readings track seasonal rise across late spring.
8,2024-01-01 00:35:00,4,humidity,percent,PAINT-01,finishing,night,nominal,43.096,False,Edge collector replayed buffered events after network recovery.
9,2024-01-01 00:40:00,1,vibration,mm_s,CNC-04,machining-a,night,nominal,2.903,False,Hydraulic line pressure oscillation detected under load.
10,2024-01-01 00:45:00,2,temperature,celsius,FURN-02,heat-treat,night,nominal,66.625,False,Compressed air fluctuation introduced pressure noise for two cycles.
11,2024-01-01 00:50:00,3,pressure,bar,HYD-07,press-line,night,nominal,7.881,False,Pressure peak corresponds to oversized billet batch processing.
12,2024-01-01 00:55:00,4,humidity,percent,PAINT-01,finishing,night,warning,40.468,False,Press cycle dwell time lengthened during high-volume batch.
13,2024-01-01 01:00:00,1,vibration,mm_s,CNC-04,machining-a,night,nominal,2.744,False,Air handler maintenance reduced humidity variance on finishing line.
14,2024-01-01 01:05:00,2,temperature,celsius,FURN-02,heat-treat,night,warning,71.626,False,Sensor heartbeat delayed by one interval after gateway retry.
15,2024-01-01 01:10:00,3,pressure,bar,HYD-07,press-line,night,nominal,8.273,False,Maintenance crew confirmed lubrication interval was missed.
16,2024-01-01 01:15:00,4,humidity,percent,PAINT-01,finishing,night,nominal,48.025,False,Temperature remained elevated during unscheduled overtime run.
17,2024-01-01 01:20:00,1,vibration,mm_s,CNC-04,machining-a,night,nominal,2.53,False,Short-lived packet loss observed at edge gateway gw-02.
18,2024-01-01 01:25:00,2,temperature,celsius,FURN-02,heat-treat,night,warning,73.927,False,Telemetry quality flag downgraded during sensor self-test window.
19,2024-01-01 01:30:00,3,pressure,bar,HYD-07,press-line,night,nominal,7.157,False,Unbalanced load introduced cyclical pressure ripple.
20,2024-01-01 01:35:00,4,humidity,percent,PAINT-01,finishing,night,nominal,48.062,False,Thermal overshoot event coincided with recipe change on furnace.
21,2024-01-01 01:40:00,1,vibration,mm_s,CNC-04,machining-a,night,nominal,2.949,False,Reliability engineer tagged sample window for model retraining.
22,2024-01-01 01:45:00,2,temperature,celsius,FURN-02,heat-treat,night,nominal,65.187,False,Quality team requested trace review for lot 24-118B.
23,2024-01-01 01:50:00,3,pressure,bar,HYD-07,press-line,night,warning,7.921,False,Humidity readings track seasonal rise across late spring.
24,2024-01-01 01:55:00,4,humidity,percent,PAINT-01,finishing,night,nominal,47.85,False,Sensor heartbeat delayed by one interval after gateway retry.
25,2024-01-01 02:00:00,1,vibration,mm_s,CNC-04,machining-a,night,nominal,1.653,False,Coolant loop adjustment reduced chamber temperature spread.
26,2024-01-01 02:05:00,2,temperature,celsius,FURN-02,heat-treat,night,critical,79.497,False,Vibration baseline recovered after tool holder replacement.
27,2024-01-01 02:10:00,3,pressure,bar,HYD-07,press-line,night,nominal,9.323,False,Edge collector replayed buffered events after network recovery.
28,2024-01-01 02:15:00,4,humidity,percent,PAINT-01,finishing,night,nominal,49.988,False,Pressure settled back to nominal after valve reseat.
29,2024-01-01 02:20:00,1,vibration,mm_s,CNC-04,machining-a,night,nominal,2.353,False,Maintenance crew confirmed lubrication interval was missed.
30,2024-01-01 02:25:00,2,temperature,celsius,FURN-02,heat-treat,night,nominal,68.511,False,Quality team requested trace review for lot 24-118B.
31,2024-01-01 02:30:00,3,pressure,bar,HYD-07,press-line,night,nominal,7.835,False,Bearing temperature rising faster than baseline on spindle cell.
32,2024-01-01 02:35:00,4,humidity,percent,PAINT-01,finishing,night,warning,33.759,False,Pressure settled back to nominal after valve reseat.
33,2024-01-01 02:40:00,1,vibration,mm_s,CNC-04,machining-a,night,nominal,2.167,False,Coolant loop adjustment reduced chamber temperature spread.
34,2024-01-01 02:45:00,2,temperature,celsius,FURN-02,heat-treat,night,nominal,65.703,False,Humidity excursion near finishing booth during coating run.
35,2024-01-01 02:50:00,3,pressure,bar,HYD-07,press-line,night,nominal,8.04,False,Sensor 1 spike sequence matches historical bearing fault pattern.
36,2024-01-01 02:55:00,4,humidity,percent,PAINT-01,finishing,night,nominal,47.438,False,Shift handoff note referenced unusual noise near press enclosure.
37,2024-01-01 03:00:00,1,vibration,mm_s,CNC-04,machining-a,night,nominal,2.224,False,Sensor 3 drift suspected after cross-check with manual gauge.
38,2024-01-01 03:05:00,2,temperature,celsius,FURN-02,heat-treat,night,warning,74.683,False,Vibration harmonics broadened during extended production run.
39,2024-01-01 03:10:00,3,pressure,bar,HYD-07,press-line,night,nominal,7.918,False,Humidity readings track seasonal rise across late spring.
40,2024-01-01 03:15:00,4,humidity,percent,PAINT-01,finishing,night,nominal,43.669,False,Edge collector replayed buffered events after network recovery.
41,2024-01-01 03:20:00,1,vibration,mm_s,CNC-04,machining-a,night,nominal,2.565,False,Supervisory alert generated after three consecutive threshold breaches.
42,2024-01-01 03:25:00,2,temperature,celsius,FURN-02,heat-treat,night,nominal,68.89,False,Thermal ramp exceeded expected warmup curve before shift start.
43,2024-01-01 03:30:00,3,pressure,bar,HYD-07,press-line,night,nominal,9.027,False,Hydraulic accumulator recharge lag increased under repeated cycles.
44,2024-01-01 03:35:00,4,humidity,percent,PAINT-01,finishing,night,nominal,43.944,False,Humidity climbed during dock-door open period in afternoon shift.
45,2024-01-01 03:40:00,1,vibration,mm_s,CNC-04,machining-a,night,nominal,2.149,False,Thermal ramp exceeded expected warmup curve before shift start.
46,2024-01-01 03:45:00,2,temperature,celsius,FURN-02,heat-treat,night,nominal,66.567,False,Temporary gateway failover completed without data loss.
47,2024-01-01 03:50:00,3,pressure,bar,HYD-07,press-line,night,nominal,7.28,False,Condensation warning cleared after dehumidifier ramp-up.
48,2024-01-01 03:55:00,4,humidity,percent,PAINT-01,finishing,night,nominal,40.739,False,Night shift startup produced higher than normal vibration floor.
49,2024-01-01 04:00:00,1,vibration,mm_s,CNC-04,machining-a,night,nominal,3.572,False,Anomaly review flagged possible bearing wear progression.
50,2024-01-01 04:05:00,2,temperature,celsius,FURN-02,heat-treat,night,nominal,65.82,False,Humidity climbed during dock-door open period in afternoon shift.
51,2024-01-01 04:10:00,3,pressure,bar,HYD-07,press-line,night,nominal,8.489,False,Vibration baseline recovered after tool holder replacement.
52,2024-01-01 04:15:00,4,humidity,percent,PAINT-01,finishing,night,nominal,41.163,False,Temperature variance narrowed after coolant nozzle cleaning.
53,2024-01-01 04:20:00,1,vibration,mm_s,CNC-04,machining-a,night,nominal,2.898,False,Operator reset acknowledged after red-tag inspection.
54,2024-01-01 04:25:00,2,temperature,celsius,FURN-02,heat-treat,night,critical,77.722,False,Air handler maintenance reduced humidity variance on finishing line.
55,2024-01-01 04:30:00,3,pressure,bar,HYD-07,press-line,night,nominal,7.79,False,Short-lived packet loss observed at edge gateway gw-02.
56,2024-01-01 04:35:00,4,humidity,percent,PAINT-01,finishing,night,nominal,42.044,False,Press cycle dwell time lengthened during high-volume batch.
57,2024-01-01 04:40:00,1,vibration,mm_s,CNC-04,machining-a,night,nominal,2.213,False,Calibration check overdue by 11 days for press-line transducer.
58,2024-01-01 04:45:00,2,temperature,celsius,FURN-02,heat-treat,night,nominal,63.79,False,Humidity excursion near finishing booth during coating run.
59,2024-01-01 04:50:00,3,pressure,bar,HYD-07,press-line,night,nominal,7.628,False,Machine idle period extended during planned sanitation window.
60,2024-01-01 04:55:00,4,humidity,percent,PAINT-01,finishing,night,nominal,43.953,False,Humidity excursion near finishing booth during coating run.
61,2024-01-01 05:00:00,1,vibration,mm_s,CNC-04,machining-a,night,nominal,1.693,False,Machine throughput increase drove sustained pressure uplift.
62,2024-01-01 05:05:00,2,temperature,celsius,FURN-02,heat-treat,night,warning,73.33,False,Quality team requested trace review for lot 24-118B.
63,2024-01-01 05:10:00,3,pressure,bar,HYD-07,press-line,night,nominal,6.961,False,Maintenance crew confirmed lubrication interval was missed.
64,2024-01-01 05:15:00,4,humidity,percent,PAINT-01,finishing,night,nominal,32.288,False,Transient outlier matched forklift impact near cabinet wall.
65,2024-01-01 05:20:00,1,vibration,mm_s,CNC-04,machining-a,night,nominal,2.329,False,Air handler maintenance reduced humidity variance on finishing line.
66,2024-01-01 05:25:00,2,temperature,celsius,FURN-02,heat-treat,night,nominal,64.612,False,Sensor 3 drift suspected after cross-check with manual gauge.
67,2024-01-01 05:30:00,3,pressure,bar,HYD-07,press-line,night,nominal,9.164,False,Sensor heartbeat delayed by one interval after gateway retry.
68,2024-01-01 05:35:00,4,humidity,percent,PAINT-01,finishing,night,nominal,46.869,False,Coolant loop adjustment reduced chamber temperature spread.
69,2024-01-01 05:40:00,1,vibration,mm_s,CNC-04,machining-a,night,nominal,2.469,False,Sensor signal clipping observed during startup surge.
70,2024-01-01 05:45:00,2,temperature,celsius,FURN-02,heat-treat,night,nominal,65.463,False,Anomaly review flagged possible bearing wear progression.
71,2024-01-01 05:50:00,3,pressure,bar,HYD-07,press-line,night,nominal,8.52,False,Maintenance crew confirmed lubrication interval was missed.
72,2024-01-01 05:55:00,4,humidity,percent,PAINT-01,finishing,night,nominal,48.17,False,Bearing temperature rising faster than baseline on spindle cell.
73,2024-01-01 06:00:00,1,vibration,mm_s,CNC-04,machining-a,night,nominal,2.301,False,Maintenance note logged for coupling imbalance inspection.
74,2024-01-01 06:05:00,2,temperature,celsius,FURN-02,heat-treat,night,nominal,67.898,False,Hydraulic line pressure oscillation detected under load.
75,2024-01-01 06:10:00,3,pressure,bar,HYD-07,press-line,night,nominal,7.188,False,Pressure settled back to nominal after valve reseat.
76,2024-01-01 06:15:00,4,humidity,percent,PAINT-01,finishing,night,nominal,45.618,False,Sensor 3 drift suspected after cross-check with manual gauge.
77,2024-01-01 06:20:00,1,vibration,mm_s,CNC-04,machining-a,night,nominal,4.048,False,Coolant loop adjustment reduced chamber temperature spread.
78,2024-01-01 06:25:00,2,temperature,celsius,FURN-02,heat-treat,night,nominal,70.362,False,Machine idle period extended during planned sanitation window.
79,2024-01-01 06:30:00,3,pressure,bar,HYD-07,press-line,night,nominal,7.232,False,Humidity excursion near finishing booth during coating run.
80,2024-01-01 06:35:00,4,humidity,percent,PAINT-01,finishing,night,nominal,46.227,False,Vibration harmonics broadened during extended production run.
81,2024-01-01 06:40:00,1,vibration,mm_s,CNC-04,machining-a,night,nominal,1.74,False,SCADA backfill inserted two delayed telemetry points.
82,2024-01-01 06:45:00,2,temperature,celsius,FURN-02,heat-treat,night,nominal,60.867,False,Reliability engineer tagged sample window for model retraining.
83,2024-01-01 06:50:00,3,pressure,bar,HYD-07,press-line,night,nominal,7.63,False,Reliability engineer tagged sample window for model retraining.
84,2024-01-01 06:55:00,4,humidity,percent,PAINT-01,finishing,night,nominal,48.105,False,Temperature variance narrowed after coolant nozzle cleaning.
85,2024-01-01 07:00:00,1,vibration,mm_s,CNC-04,machining-a,night,nominal,2.678,False,Press cycle dwell time lengthened during high-volume batch.
86,2024-01-01 07:05:00,2,temperature,celsius,FURN-02,heat-treat,night,nominal,65.819,False,Condensation warning cleared after dehumidifier ramp-up.
87,2024-01-01 07:10:00,3,pressure,bar,HYD-07,press-line,night,nominal,8.375,False,Short-lived packet loss observed at edge gateway gw-02.
88,2024-01-01 07:15:00,4,humidity,percent,PAINT-01,finishing,night,nominal,44.456,False,Sensor 3 drift suspected after cross-check with manual gauge.
89,2024-01-01 07:20:00,1,vibration,mm_s,CNC-04,machining-a,night,nominal,2.579,False,Machine throughput increase drove sustained pressure uplift.
90,2024-01-01 07:25:00,2,temperature,celsius,FURN-02,heat-treat,night,warning,72.901,False,Maintenance note logged for coupling imbalance inspection.
91,2024-01-01 07:30:00,3,pressure,bar,HYD-07,press-line,night,nominal,7.967,False,Pressure line purge completed before restart authorization.
92,2024-01-01 07:35:00,4,humidity,percent,PAINT-01,finishing,night,nominal,54.204,False,Machine idle period extended during planned sanitation window.
93,2024-01-01 07:40:00,1,vibration,mm_s,CNC-04,machining-a,night,nominal,2.513,False,Air handler maintenance reduced humidity variance on finishing line.
94,2024-01-01 07:45:00,2,temperature,celsius,FURN-02,heat-treat,night,warning,72.882,False,Transient outlier matched forklift impact near cabinet wall.
95,2024-01-01 07:50:00,3,pressure,bar,HYD-07,press-line,night,nominal,7.456,False,Telemetry quality flag downgraded during sensor self-test window.
96,2024-01-01 07:55:00,4,humidity,percent,PAINT-01,finishing,night,nominal,43.295,False,Dust extraction fan offline for 18 minutes on line finishing.
97,2024-01-01 08:00:00,1,vibration,mm_s,CNC-04,machining-a,day,nominal,1.333,False,Machine idle period extended during planned sanitation window.
98,2024-01-01 08:05:00,2,temperature,celsius,FURN-02,heat-treat,day,nominal,66.715,False,Anomaly review flagged possible bearing wear progression.
99,2024-01-01 08:10:00,3,pressure,bar,HYD-07,press-line,day,nominal,7.748,False,Pressure peak corresponds to oversized billet batch processing.
100,2024-01-01 08:15:00,4,humidity,percent,PAINT-01,finishing,day,warning,47.907,False,Machine throughput increase drove sustained pressure uplift.
101,2024-01-01 08:20:00,1,vibration,mm_s,CNC-04,machining-a,day,nominal,2.376,False,Machine idle period extended during planned sanitation window.
102,2024-01-01 08:25:00,2,temperature,celsius,FURN-02,heat-treat,day,nominal,62.734,False,Maintenance scheduler deferred calibration due to spare shortage.
103,2024-01-01 08:30:00,3,pressure,bar,HYD-07,press-line,day,nominal,8.624,False,Temporary gateway failover completed without data loss.
104,2024-01-01 08:35:00,4,humidity,percent,PAINT-01,finishing,day,warning,38.559,False,Ambient temperature stabilized after HVAC stage-two engagement.
105,2024-01-01 08:40:00,1,vibration,mm_s,CNC-04,machining-a,day,nominal,2.499,False,Unbalanced load introduced cyclical pressure ripple.
106,2024-01-01 08:45:00,2,temperature,celsius,FURN-02,heat-treat,day,nominal,68.994,False,Calibration check overdue by 11 days for press-line transducer.
107,2024-01-01 08:50:00,3,pressure,bar,HYD-07,press-line,day,nominal,8.187,False,Temporary gateway failover completed without data loss.
108,2024-01-01 08:55:00,4,humidity,percent,PAINT-01,finishing,day,nominal,42.363,False,Maintenance crew confirmed lubrication interval was missed.
109,2024-01-01 09:00:00,1,vibration,mm_s,CNC-04,machining-a,day,nominal,2.79,False,Transient outlier matched forklift impact near cabinet wall.
110,2024-01-01 09:05:00,2,temperature,celsius,FURN-02,heat-treat,day,warning,71.776,False,Anomaly review flagged possible bearing wear progression.
111,2024-01-01 09:10:00,3,pressure,bar,HYD-07,press-line,day,nominal,6.626,False,Unbalanced load introduced cyclical pressure ripple.
112,2024-01-01 09:15:00,4,humidity,percent,PAINT-01,finishing,day,nominal,48.576,False,Vibration harmonics broadened during extended production run.
113,2024-01-01 09:20:00,1,vibration,mm_s,CNC-04,machining-a,day,nominal,2.666,False,Operator reported intermittent chatter on machine CNC-04.
114,2024-01-01 09:25:00,2,temperature,celsius,FURN-02,heat-treat,day,nominal,68.843,False,Operator reported intermittent chatter on machine CNC-04.
115,2024-01-01 09:30:00,3,pressure,bar,HYD-07,press-line,day,nominal,7.116,False,Sensor 3 drift suspected after cross-check with manual gauge.
116,2024-01-01 09:35:00,4,humidity,percent,PAINT-01,finishing,day,nominal,42.203,False,Pressure line purge completed before restart authorization.
117,2024-01-01 09:40:00,1,vibration,mm_s,CNC-04,machining-a,day,nominal,3.07,False,Supervisory alert generated after three consecutive threshold breaches.
118,2024-01-01 09:45:00,2,temperature,celsius,FURN-02,heat-treat,day,warning,74.351,False,Maintenance crew confirmed lubrication interval was missed.
119,2024-01-01 09:50:00,3,pressure,bar,HYD-07,press-line,day,nominal,7.715,False,Shift handoff note referenced unusual noise near press enclosure.
120,2024-01-01 09:55:00,4,humidity,percent,PAINT-01,finishing,day,nominal,40.234,False,Maintenance note logged for coupling imbalance inspection.
121,2024-01-01 10:00:00,1,vibration,mm_s,CNC-04,machining-a,day,nominal,1.275,False,Maintenance scheduler deferred calibration due to spare shortage.
122,2024-01-01 10:05:00,2,temperature,celsius,FURN-02,heat-treat,day,nominal,66.813,False,Maintenance note logged for coupling imbalance inspection.
123,2024-01-01 10:10:00,3,pressure,bar,HYD-07,press-line,day,nominal,7.887,False,Quality team requested trace review for lot 24-118B.
124,2024-01-01 10:15:00,4,humidity,percent,PAINT-01,finishing,day,nominal,44.753,False,Temperature variance narrowed after coolant nozzle cleaning.
125,2024-01-01 10:20:00,1,vibration,mm_s,CNC-04,machining-a,day,nominal,2.271,False,Maintenance note logged for coupling imbalance inspection.
126,2024-01-01 10:25:00,2,temperature,celsius,FURN-02,heat-treat,day,nominal,62.097,False,Quality hold reduced finishing booth activity for one shift.
127,2024-01-01 10:30:00,3,pressure,bar,HYD-07,press-line,day,nominal,8.651,False,Calibration check overdue by 11 days for press-line transducer.
128,2024-01-01 10:35:00,4,humidity,percent,PAINT-01,finishing,day,nominal,43.252,False,Maintenance note logged for coupling imbalance inspection.
129,2024-01-01 10:40:00,1,vibration,mm_s,CNC-04,machining-a,day,nominal,3.777,False,Condensation warning cleared after dehumidifier ramp-up.
130,2024-01-01 10:45:00,2,temperature,celsius,FURN-02,heat-treat,day,nominal,65.353,False,Operator reported intermittent chatter on machine CNC-04.
131,2024-01-01 10:50:00,3,pressure,bar,HYD-07,press-line,day,nominal,7.793,False,Ambient temperature stabilized after HVAC stage-two engagement.
132,2024-01-01 10:55:00,4,humidity,percent,PAINT-01,finishing,day,warning,38.401,False,Operator reset acknowledged after red-tag inspection.
133,2024-01-01 11:00:00,1,vibration,mm_s,CNC-04,machining-a,day,nominal,2.983,False,Pressure line purge completed before restart authorization.
134,2024-01-01 11:05:00,2,temperature,celsius,FURN-02,heat-treat,day,nominal,68.037,False,Hydraulic accumulator recharge lag increased under repeated cycles.
135,2024-01-01 11:10:00,3,pressure,bar,HYD-07,press-line,day,nominal,8.15,False,Operator reset acknowledged after red-tag inspection.
136,2024-01-01 11:15:00,4,humidity,percent,PAINT-01,finishing,day,nominal,41.125,False,Bearing temperature rising faster than baseline on spindle cell.
137,2024-01-01 11:20:00,1,vibration,mm_s,CNC-04,machining-a,day,warning,1.601,False,Short-lived packet loss observed at edge gateway gw-02.
138,2024-01-01 11:25:00,2,temperature,celsius,FURN-02,heat-treat,day,nominal,64.865,False,SCADA backfill inserted two delayed telemetry points.
139,2024-01-01 11:30:00,3,pressure,bar,HYD-07,press-line,day,nominal,6.378,False,Reliability engineer tagged sample window for model retraining.
140,2024-01-01 11:35:00,4,humidity,percent,PAINT-01,finishing,day,nominal,44.133,False,Compressed air fluctuation introduced pressure noise for two cycles.
141,2024-01-01 11:40:00,1,vibration,mm_s,CNC-04,machining-a,day,nominal,2.448,False,Sensor enclosure opened for manual calibration verification.
142,2024-01-01 11:45:00,2,temperature,celsius,FURN-02,heat-treat,day,nominal,65.694,False,Condensation warning cleared after dehumidifier ramp-up.
143,2024-01-01 11:50:00,3,pressure,bar,HYD-07,press-line,day,warning,7.542,False,Compressed air fluctuation introduced pressure noise for two cycles.
144,2024-01-01 11:55:00,4,humidity,percent,PAINT-01,finishing,day,nominal,30.908,False,Warning threshold updated for pilot predictive-maintenance model.
145,2024-01-01 12:00:00,1,vibration,mm_s,CNC-04,machining-a,day,nominal,1.824,False,Shift handoff note referenced unusual noise near press enclosure.
146,2024-01-01 12:05:00,2,temperature,celsius,FURN-02,heat-treat,day,warning,72.361,False,Vibration harmonics broadened during extended production run.
147,2024-01-01 12:10:00,3,pressure,bar,HYD-07,press-line,day,nominal,8.254,False,Bearing temperature rising faster than baseline on spindle cell.
148,2024-01-01 12:15:00,4,humidity,percent,PAINT-01,finishing,day,nominal,43.262,False,Condensation warning cleared after dehumidifier ramp-up.
149,2024-01-01 12:20:00,1,vibration,mm_s,CNC-04,machining-a,day,nominal,2.163,False,Pressure peak corresponds to oversized billet batch processing.
150,2024-01-01 12:25:00,2,temperature,celsius,FURN-02,heat-treat,day,nominal,64.378,False,Telemetry quality flag downgraded during sensor self-test window.
151,2024-01-01 12:30:00,3,pressure,bar,HYD-07,press-line,day,nominal,9.028,False,Thermal overshoot event coincided with recipe change on furnace.
152,2024-01-01 12:35:00,4,humidity,percent,PAINT-01,finishing,day,nominal,38.52,False,Sensor enclosure opened for manual calibration verification.
153,2024-01-01 12:40:00,1,vibration,mm_s,CNC-04,machining-a,day,nominal,3.5,False,Compressed air fluctuation introduced pressure noise for two cycles.
154,2024-01-01 12:45:00,2,temperature,celsius,FURN-02,heat-treat,day,nominal,62.036,False,Thermal ramp exceeded expected warmup curve before shift start.
155,2024-01-01 12:50:00,3,pressure,bar,HYD-07,press-line,day,nominal,6.929,False,Humidity readings track seasonal rise across late spring.
156,2024-01-01 12:55:00,4,humidity,percent,PAINT-01,finishing,day,nominal,41.745,False,Calibration check overdue by 11 days for press-line transducer.
157,2024-01-01 13:00:00,1,vibration,mm_s,CNC-04,machining-a,day,nominal,2.927,False,Hydraulic line pressure oscillation detected under load.
158,2024-01-01 13:05:00,2,temperature,celsius,FURN-02,heat-treat,day,warning,71.68,False,Sensor battery health remains nominal after firmware update.
159,2024-01-01 13:10:00,3,pressure,bar,HYD-07,press-line,day,nominal,7.688,False,Compressed air fluctuation introduced pressure noise for two cycles.
160,2024-01-01 13:15:00,4,humidity,percent,PAINT-01,finishing,day,nominal,36.694,False,Heat-treat furnace door cycling increased localized temperature spikes.
161,2024-01-01 13:20:00,1,vibration,mm_s,CNC-04,machining-a,day,nominal,1.564,False,Night shift startup produced higher than normal vibration floor.
162,2024-01-01 13:25:00,2,temperature,celsius,FURN-02,heat-treat,day,warning,70.941,False,Supervisory alert generated after three consecutive threshold breaches.
163,2024-01-01 13:30:00,3,pressure,bar,HYD-07,press-line,day,nominal,6.655,False,SCADA backfill inserted two delayed telemetry points.
164,2024-01-01 13:35:00,4,humidity,percent,PAINT-01,finishing,day,nominal,41.249,False,Supervisory alert generated after three consecutive threshold breaches.
165,2024-01-01 13:40:00,1,vibration,mm_s,CNC-04,machining-a,day,nominal,1.979,False,Reliability engineer tagged sample window for model retraining.
166,2024-01-01 13:45:00,2,temperature,celsius,FURN-02,heat-treat,day,nominal,63.37,False,Humidity climbed during dock-door open period in afternoon shift.
167,2024-01-01 13:50:00,3,pressure,bar,HYD-07,press-line,day,nominal,7.667,False,Short-lived packet loss observed at edge gateway gw-02.
168,2024-01-01 13:55:00,4,humidity,percent,PAINT-01,finishing,day,nominal,52.034,False,Sensor heartbeat delayed by one interval after gateway retry.
169,2024-01-01 14:00:00,1,vibration,mm_s,CNC-04,machining-a,day,nominal,2.4,False,Bearing temperature rising faster than baseline on spindle cell.
170,2024-01-01 14:05:00,2,temperature,celsius,FURN-02,heat-treat,day,warning,71.222,False,Vibration baseline recovered after tool holder replacement.
171,2024-01-01 14:10:00,3,pressure,bar,HYD-07,press-line,day,nominal,8.477,False,Maintenance scheduler deferred calibration due to spare shortage.
172,2024-01-01 14:15:00,4,humidity,percent,PAINT-01,finishing,day,nominal,37.952,False,Warning threshold updated for pilot predictive-maintenance model.
173,2024-01-01 14:20:00,1,vibration,mm_s,CNC-04,machining-a,day,nominal,2.255,False,Quality hold reduced finishing booth activity for one shift.
174,2024-01-01 14:25:00,2,temperature,celsius,FURN-02,heat-treat,day,warning,62.951,False,Sensor 3 drift suspected after cross-check with manual gauge.
175,2024-01-01 14:30:00,3,pressure,bar,HYD-07,press-line,day,nominal,8.4,False,Hydraulic accumulator recharge lag increased under repeated cycles.
176,2024-01-01 14:35:00,4,humidity,percent,PAINT-01,finishing,day,nominal,39.712,False,Sensor battery health remains nominal after firmware update.
177,2024-01-01 14:40:00,1,vibration,mm_s,CNC-04,machining-a,day,nominal,2.572,False,Compressed air fluctuation introduced pressure noise for two cycles.
178,2024-01-01 14:45:00,2,temperature,celsius,FURN-02,heat-treat,day,critical,64.784,False,Warning threshold updated for pilot predictive-maintenance model.
179,2024-01-01 14:50:00,3,pressure,bar,HYD-07,press-line,day,nominal,7.768,False,Humidity excursion near finishing booth during coating run.
180,2024-01-01 14:55:00,4,humidity,percent,PAINT-01,finishing,day,nominal,41.171,False,Temperature variance narrowed after coolant nozzle cleaning.
181,2024-01-01 15:00:00,1,vibration,mm_s,CNC-04,machining-a,day,nominal,1.974,False,Unexpected resonance band appeared near 42 Hz on spindle motor.
182,2024-01-01 15:05:00,2,temperature,celsius,FURN-02,heat-treat,day,nominal,63.071,False,Humidity readings track seasonal rise across late spring.
183,2024-01-01 15:10:00,3,pressure,bar,HYD-07,press-line,day,nominal,7.632,False,Pressure peak corresponds to oversized billet batch processing.
184,2024-01-01 15:15:00,4,humidity,percent,PAINT-01,finishing,day,nominal,32.382,False,Ambient temperature stabilized after HVAC stage-two engagement.
185,2024-01-01 15:20:00,1,vibration,mm_s,CNC-04,machining-a,day,nominal,2.199,False,Maintenance scheduler deferred calibration due to spare shortage.
186,2024-01-01 15:25:00,2,temperature,celsius,FURN-02,heat-treat,day,nominal,65.979,False,Hydraulic line pressure oscillation detected under load.
187,2024-01-01 15:30:00,3,pressure,bar,HYD-07,press-line,day,nominal,9.491,False,Ambient temperature stabilized after HVAC stage-two engagement.
188,2024-01-01 15:35:00,4,humidity,percent,PAINT-01,finishing,day,nominal,34.322,False,Quality hold reduced finishing booth activity for one shift.
189,2024-01-01 15:40:00,1,vibration,mm_s,CNC-04,machining-a,day,nominal,1.968,False,Maintenance scheduler deferred calibration due to spare shortage.
190,2024-01-01 15:45:00,2,temperature,celsius,FURN-02,heat-treat,day,nominal,70.581,False,Packaging line stop reduced adjacent vibration background.
191,2024-01-01 15:50:00,3,pressure,bar,HYD-07,press-line,day,warning,7.658,False,Pressure settled back to nominal after valve reseat.
192,2024-01-01 15:55:00,4,humidity,percent,PAINT-01,finishing,day,nominal,45.76,False,Packaging line stop reduced adjacent vibration background.
193,2024-01-01 16:00:00,1,vibration,mm_s,CNC-04,machining-a,swing,nominal,2.198,False,Humidity climbed during dock-door open period in afternoon shift.
194,2024-01-01 16:05:00,2,temperature,celsius,FURN-02,heat-treat,swing,nominal,69.258,False,Sensor signal clipping observed during startup surge.
195,2024-01-01 16:10:00,3,pressure,bar,HYD-07,press-line,swing,nominal,7.442,False,Ambient temperature stabilized after HVAC stage-two engagement.
196,2024-01-01 16:15:00,4,humidity,percent,PAINT-01,finishing,swing,nominal,40.043,False,Hydraulic line pressure oscillation detected under load.
197,2024-01-01 16:20:00,1,vibration,mm_s,CNC-04,machining-a,swing,nominal,2.787,False,Humidity climbed during dock-door open period in afternoon shift.
198,2024-01-01 16:25:00,2,temperature,celsius,FURN-02,heat-treat,swing,nominal,64.383,False,Sensor heartbeat delayed by one interval after gateway retry.
199,2024-01-01 16:30:00,3,pressure,bar,HYD-07,press-line,swing,nominal,7.434,False,Temperature variance narrowed after coolant nozzle cleaning.
200,2024-01-01 16:35:00,4,humidity,percent,PAINT-01,finishing,swing,nominal,51.992,False,Short-lived packet loss observed at edge gateway gw-02.
201,2024-01-01 16:40:00,1,vibration,mm_s,CNC-04,machining-a,swing,nominal,2.563,False,Sensor 1 spike sequence matches historical bearing fault pattern.
202,2024-01-01 16:45:00,2,temperature,celsius,FURN-02,heat-treat,swing,warning,68.898,False,Transient outlier matched forklift impact near cabinet wall.
203,2024-01-01 16:50:00,3,pressure,bar,HYD-07,press-line,swing,nominal,6.845,False,Temperature remained elevated during unscheduled overtime run.
204,2024-01-01 16:55:00,4,humidity,percent,PAINT-01,finishing,swing,nominal,38.314,False,Maintenance crew confirmed lubrication interval was missed.
205,2024-01-01 17:00:00,1,vibration,mm_s,CNC-04,machining-a,swing,nominal,2.014,False,Sensor heartbeat delayed by one interval after gateway retry.
206,2024-01-01 17:05:00,2,temperature,celsius,FURN-02,heat-treat,swing,nominal,69.766,False,Bearing temperature rising faster than baseline on spindle cell.
207,2024-01-01 17:10:00,3,pressure,bar,HYD-07,press-line,swing,nominal,8.085,False,Air handler maintenance reduced humidity variance on finishing line.
208,2024-01-01 17:15:00,4,humidity,percent,PAINT-01,finishing,swing,nominal,52.297,False,Pressure peak corresponds to oversized billet batch processing.
209,2024-01-01 17:20:00,1,vibration,mm_s,CNC-04,machining-a,swing,nominal,3.023,False,Sensor enclosure opened for manual calibration verification.
210,2024-01-01 17:25:00,2,temperature,celsius,FURN-02,heat-treat,swing,warning,72.347,False,Dust extraction fan offline for 18 minutes on line finishing.
211,2024-01-01 17:30:00,3,pressure,bar,HYD-07,press-line,swing,nominal,8.221,False,Machine idle period extended during planned sanitation window.
212,2024-01-01 17:35:00,4,humidity,percent,PAINT-01,finishing,swing,nominal,34.239,False,Sensor enclosure opened for manual calibration verification.
213,2024-01-01 17:40:00,1,vibration,mm_s,CNC-04,machining-a,swing,nominal,2.985,False,Reliability engineer tagged sample window for model retraining.
214,2024-01-01 17:45:00,2,temperature,celsius,FURN-02,heat-treat,swing,nominal,69.665,False,Quality team requested trace review for lot 24-118B.
215,2024-01-01 17:50:00,3,pressure,bar,HYD-07,press-line,swing,nominal,8.198,False,Air handler maintenance reduced humidity variance on finishing line.
216,2024-01-01 17:55:00,4,humidity,percent,PAINT-01,finishing,swing,nominal,42.189,False,Temperature remained elevated during unscheduled overtime run.
217,2024-01-01 18:00:00,1,vibration,mm_s,CNC-04,machining-a,swing,nominal,2.399,False,Press cycle dwell time lengthened during high-volume batch.
218,2024-01-01 18:05:00,2,temperature,celsius,FURN-02,heat-treat,swing,warning,71.369,False,Reliability engineer tagged sample window for model retraining.
219,2024-01-01 18:10:00,3,pressure,bar,HYD-07,press-line,swing,warning,8.303,False,Operator reset acknowledged after red-tag inspection.
220,2024-01-01 18:15:00,4,humidity,percent,PAINT-01,finishing,swing,nominal,38.504,False,Sensor heartbeat delayed by one interval after gateway retry.
221,2024-01-01 18:20:00,1,vibration,mm_s,CNC-04,machining-a,swing,nominal,2.258,False,Press cycle dwell time lengthened during high-volume batch.
222,2024-01-01 18:25:00,2,temperature,celsius,FURN-02,heat-treat,swing,nominal,68.342,False,Short-lived packet loss observed at edge gateway gw-02.
223,2024-01-01 18:30:00,3,pressure,bar,HYD-07,press-line,swing,nominal,7.412,False,Shift handoff note referenced unusual noise near press enclosure.
224,2024-01-01 18:35:00,4,humidity,percent,PAINT-01,finishing,swing,warning,46.821,False,Quality team requested trace review for lot 24-118B.
225,2024-01-01 18:40:00,1,vibration,mm_s,CNC-04,machining-a,swing,nominal,3.369,False,Sensor enclosure opened for manual calibration verification.
226,2024-01-01 18:45:00,2,temperature,celsius,FURN-02,heat-treat,swing,warning,64.384,False,Vibration harmonics broadened during extended production run.
227,2024-01-01 18:50:00,3,pressure,bar,HYD-07,press-line,swing,nominal,7.692,False,Sensor enclosure opened for manual calibration verification.
228,2024-01-01 18:55:00,4,humidity,percent,PAINT-01,finishing,swing,nominal,39.711,False,Humidity baseline improved after seal replacement.
229,2024-01-01 19:00:00,1,vibration,mm_s,CNC-04,machining-a,swing,nominal,3.284,False,Press cycle dwell time lengthened during high-volume batch.
230,2024-01-01 19:05:00,2,temperature,celsius,FURN-02,heat-treat,swing,nominal,68.78,False,Quality team requested trace review for lot 24-118B.
231,2024-01-01 19:10:00,3,pressure,bar,HYD-07,press-line,swing,nominal,8.548,False,Bearing temperature rising faster than baseline on spindle cell.
232,2024-01-01 19:15:00,4,humidity,percent,PAINT-01,finishing,swing,nominal,40.291,False,Warning threshold updated for pilot predictive-maintenance model.
233,2024-01-01 19:20:00,1,vibration,mm_s,CNC-04,machining-a,swing,warning,1.567,False,Pressure line purge completed before restart authorization.
234,2024-01-01 19:25:00,2,temperature,celsius,FURN-02,heat-treat,swing,warning,73.523,False,Heat-treat furnace door cycling increased localized temperature spikes.
235,2024-01-01 19:30:00,3,pressure,bar,HYD-07,press-line,swing,warning,7.493,False,Transient outlier matched forklift impact near cabinet wall.
236,2024-01-01 19:35:00,4,humidity,percent,PAINT-01,finishing,swing,nominal,42.483,False,Sensor 3 drift suspected after cross-check with manual gauge.
237,2024-01-01 19:40:00,1,vibration,mm_s,CNC-04,machining-a,swing,nominal,3.057,False,Maintenance crew confirmed lubrication interval was missed.
238,2024-01-01 19:45:00,2,temperature,celsius,FURN-02,heat-treat,swing,warning,73.759,False,Unexpected resonance band appeared near 42 Hz on spindle motor.
239,2024-01-01 19:50:00,3,pressure,bar,HYD-07,press-line,swing,nominal,7.434,False,Vibration harmonics broadened during extended production run.
240,2024-01-01 19:55:00,4,humidity,percent,PAINT-01,finishing,swing,nominal,55.787,False,Night shift startup produced higher than normal vibration floor.
241,2024-01-01 20:00:00,1,vibration,mm_s,CNC-04,machining-a,swing,nominal,3.348,False,Reliability engineer tagged sample window for model retraining.
242,2024-01-01 20:05:00,2,temperature,celsius,FURN-02,heat-treat,swing,nominal,56.438,False,Operator reset acknowledged after red-tag inspection.
243,2024-01-01 20:10:00,3,pressure,bar,HYD-07,press-line,swing,nominal,8.446,False,Condensation warning cleared after dehumidifier ramp-up.
244,2024-01-01 20:15:00,4,humidity,percent,PAINT-01,finishing,swing,nominal,49.91,False,Sensor signal clipping observed during startup surge.
245,2024-01-01 20:20:00,1,vibration,mm_s,CNC-04,machining-a,swing,nominal,2.761,False,Coolant loop adjustment reduced chamber temperature spread.
246,2024-01-01 20:25:00,2,temperature,celsius,FURN-02,heat-treat,swing,warning,70.886,False,Maintenance crew confirmed lubrication interval was missed.
247,2024-01-01 20:30:00,3,pressure,bar,HYD-07,press-line,swing,nominal,7.282,False,Vibration burst exceeds envelope during tool change cycle.
248,2024-01-01 20:35:00,4,humidity,percent,PAINT-01,finishing,swing,nominal,40.671,False,Machine throughput increase drove sustained pressure uplift.
249,2024-01-01 20:40:00,1,vibration,mm_s,CNC-04,machining-a,swing,nominal,2.143,False,Unbalanced load introduced cyclical pressure ripple.
250,2024-01-01 20:45:00,2,temperature,celsius,FURN-02,heat-treat,swing,nominal,65.832,False,Anomaly review flagged possible bearing wear progression.
251,2024-01-01 20:50:00,3,pressure,bar,HYD-07,press-line,swing,nominal,7.055,False,Maintenance crew confirmed lubrication interval was missed.
252,2024-01-01 20:55:00,4,humidity,percent,PAINT-01,finishing,swing,nominal,38.186,False,Maintenance note logged for coupling imbalance inspection.
253,2024-01-01 21:00:00,1,vibration,mm_s,CNC-04,machining-a,swing,nominal,2.21,False,Sensor 3 drift suspected after cross-check with manual gauge.
254,2024-01-01 21:05:00,2,temperature,celsius,FURN-02,heat-treat,swing,nominal,69.86,False,Operator reported intermittent chatter on machine CNC-04.
255,2024-01-01 21:10:00,3,pressure,bar,HYD-07,press-line,swing,nominal,7.117,False,Humidity climbed during dock-door open period in afternoon shift.
256,2024-01-01 21:15:00,4,humidity,percent,PAINT-01,finishing,swing,nominal,38.577,False,Bearing temperature rising faster than baseline on spindle cell.
257,2024-01-01 21:20:00,1,vibration,mm_s,CNC-04,machining-a,swing,nominal,3.341,False,Reliability engineer tagged sample window for model retraining.
258,2024-01-01 21:25:00,2,temperature,celsius,FURN-02,heat-treat,swing,nominal,61.912,False,Thermal overshoot event coincided with recipe change on furnace.
259,2024-01-01 21:30:00,3,pressure,bar,HYD-07,press-line,swing,nominal,9.556,False,Heat-treat furnace door cycling increased localized temperature spikes.
260,2024-01-01 21:35:00,4,humidity,percent,PAINT-01,finishing,swing,nominal,37.457,False,Maintenance crew confirmed lubrication interval was missed.
261,2024-01-01 21:40:00,1,vibration,mm_s,CNC-04,machining-a,swing,nominal,2.859,False,Bearing temperature rising faster than baseline on spindle cell.
262,2024-01-01 21:45:00,2,temperature,celsius,FURN-02,heat-treat,swing,nominal,66.123,False,Unexpected resonance band appeared near 42 Hz on spindle motor.
263,2024-01-01 21:50:00,3,pressure,bar,HYD-07,press-line,swing,nominal,8.453,False,Temporary gateway failover completed without data loss.
264,2024-01-01 21:55:00,4,humidity,percent,PAINT-01,finishing,swing,nominal,48.146,False,Ambient temperature stabilized after HVAC stage-two engagement.
265,2024-01-01 22:00:00,1,vibration,mm_s,CNC-04,machining-a,swing,warning,2.701,False,Unexpected resonance band appeared near 42 Hz on spindle motor.
266,2024-01-01 22:05:00,2,temperature,celsius,FURN-02,heat-treat,swing,nominal,60.841,False,Machine idle period extended during planned sanitation window.
267,2024-01-01 22:10:00,3,pressure,bar,HYD-07,press-line,swing,nominal,8.203,False,Sensor signal clipping observed during startup surge.
268,2024-01-01 22:15:00,4,humidity,percent,PAINT-01,finishing,swing,nominal,39.284,False,SCADA backfill inserted two delayed telemetry points.
269,2024-01-01 22:20:00,1,vibration,mm_s,CNC-04,machining-a,swing,nominal,3.683,False,Vibration baseline recovered after tool holder replacement.
270,2024-01-01 22:25:00,2,temperature,celsius,FURN-02,heat-treat,swing,nominal,66.114,False,Dust extraction fan offline for 18 minutes on line finishing.
271,2024-01-01 22:30:00,3,pressure,bar,HYD-07,press-line,swing,nominal,7.189,False,Condensation warning cleared after dehumidifier ramp-up.
272,2024-01-01 22:35:00,4,humidity,percent,PAINT-01,finishing,swing,nominal,49.041,False,Sensor signal clipping observed during startup surge.
273,2024-01-01 22:40:00,1,vibration,mm_s,CNC-04,machining-a,swing,nominal,1.846,False,Condensation warning cleared after dehumidifier ramp-up.
274,2024-01-01 22:45:00,2,temperature,celsius,FURN-02,heat-treat,swing,nominal,70.796,False,Supervisory alert generated after three consecutive threshold breaches.
275,2024-01-01 22:50:00,3,pressure,bar,HYD-07,press-line,swing,nominal,8.123,False,Thermal overshoot event coincided with recipe change on furnace.
276,2024-01-01 22:55:00,4,humidity,percent,PAINT-01,finishing,swing,nominal,49.001,False,Pressure line purge completed before restart authorization.
277,2024-01-01 23:00:00,1,vibration,mm_s,CNC-04,machining-a,swing,nominal,2.35,False,Hydraulic accumulator recharge lag increased under repeated cycles.
278,2024-01-01 23:05:00,2,temperature,celsius,FURN-02,heat-treat,swing,nominal,70.065,False,Sensor 3 drift suspected after cross-check with manual gauge.
279,2024-01-01 23:10:00,3,pressure,bar,HYD-07,press-line,swing,nominal,8.901,False,Thermal overshoot event coincided with recipe change on furnace.
280,2024-01-01 23:15:00,4,humidity,percent,PAINT-01,finishing,swing,nominal,42.228,False,Edge collector replayed buffered events after network recovery.
281,2024-01-01 23:20:00,1,vibration,mm_s,CNC-04,machining-a,swing,nominal,2.504,False,Quality team requested trace review for lot 24-118B.
282,2024-01-01 23:25:00,2,temperature,celsius,FURN-02,heat-treat,swing,critical,77.72,False,Shift handoff note referenced unusual noise near press enclosure.
283,2024-01-01 23:30:00,3,pressure,bar,HYD-07,press-line,swing,nominal,8.034,False,Anomaly review flagged possible bearing wear progression.
284,2024-01-01 23:35:00,4,humidity,percent,PAINT-01,finishing,swing,nominal,35.572,False,Temperature remained elevated during unscheduled overtime run.
285,2024-01-01 23:40:00,1,vibration,mm_s,CNC-04,machining-a,swing,nominal,2.284,False,Sensor enclosure opened for manual calibration verification.
286,2024-01-01 23:45:00,2,temperature,celsius,FURN-02,heat-treat,swing,nominal,65.747,False,Humidity readings track seasonal rise across late spring.
287,2024-01-01 23:50:00,3,pressure,bar,HYD-07,press-line,swing,nominal,7.081,False,Anomaly review flagged possible bearing wear progression.
288,2024-01-01 23:55:00,4,humidity,percent,PAINT-01,finishing,swing,nominal,46.904,False,Sensor battery health remains nominal after firmware update.
289,2024-01-02 00:00:00,1,vibration,mm_s,CNC-04,machining-a,night,nominal,1.638,False,Air handler maintenance reduced humidity variance on finishing line.
290,2024-01-02 00:05:00,2,temperature,celsius,FURN-02,heat-treat,night,nominal,64.363,False,Humidity climbed during dock-door open period in afternoon shift.
291,2024-01-02 00:10:00,3,pressure,bar,HYD-07,press-line,night,nominal,8.397,False,Sensor battery health remains nominal after firmware update.
292,2024-01-02 00:15:00,4,humidity,percent,PAINT-01,finishing,night,nominal,36.993,False,Packaging line stop reduced adjacent vibration background.
293,2024-01-02 00:20:00,1,vibration,mm_s,CNC-04,machining-a,night,warning,3.202,False,Thermal overshoot event coincided with recipe change on furnace.
294,2024-01-02 00:25:00,2,temperature,celsius,FURN-02,heat-treat,night,warning,74.553,False,Operator reset acknowledged after red-tag inspection.
295,2024-01-02 00:30:00,3,pressure,bar,HYD-07,press-line,night,nominal,7.946,False,Shift handoff note referenced unusual noise near press enclosure.
296,2024-01-02 00:35:00,4,humidity,percent,PAINT-01,finishing,night,nominal,43.318,False,Sensor 1 spike sequence matches historical bearing fault pattern.
297,2024-01-02 00:40:00,1,vibration,mm_s,CNC-04,machining-a,night,warning,2.237,False,Dust extraction fan offline for 18 minutes on line finishing.
298,2024-01-02 00:45:00,2,temperature,celsius,FURN-02,heat-treat,night,nominal,60.594,False,Short-lived packet loss observed at edge gateway gw-02.
299,2024-01-02 00:50:00,3,pressure,bar,HYD-07,press-line,night,nominal,8.139,False,Humidity excursion near finishing booth during coating run.
300,2024-01-02 00:55:00,4,humidity,percent,PAINT-01,finishing,night,nominal,50.837,False,Sensor heartbeat delayed by one interval after gateway retry.
301,2024-01-02 01:00:00,1,vibration,mm_s,CNC-04,machining-a,night,nominal,2.227,False,Bearing temperature rising faster than baseline on spindle cell.
302,2024-01-02 01:05:00,2,temperature,celsius,FURN-02,heat-treat,night,nominal,69.187,False,Short-lived packet loss observed at edge gateway gw-02.
303,2024-01-02 01:10:00,3,pressure,bar,HYD-07,press-line,night,nominal,7.422,False,Machine idle period extended during planned sanitation window.
304,2024-01-02 01:15:00,4,humidity,percent,PAINT-01,finishing,night,nominal,31.157,False,Quality hold reduced finishing booth activity for one shift.
305,2024-01-02 01:20:00,1,vibration,mm_s,CNC-04,machining-a,night,nominal,2.453,False,SCADA backfill inserted two delayed telemetry points.
306,2024-01-02 01:25:00,2,temperature,celsius,FURN-02,heat-treat,night,nominal,70.582,False,Maintenance crew confirmed lubrication interval was missed.
307,2024-01-02 01:30:00,3,pressure,bar,HYD-07,press-line,night,nominal,7.555,False,Condensation warning cleared after dehumidifier ramp-up.
308,2024-01-02 01:35:00,4,humidity,percent,PAINT-01,finishing,night,nominal,41.904,False,Sensor battery health remains nominal after firmware update.
309,2024-01-02 01:40:00,1,vibration,mm_s,CNC-04,machining-a,night,nominal,2.523,False,Telemetry quality flag downgraded during sensor self-test window.
310,2024-01-02 01:45:00,2,temperature,celsius,FURN-02,heat-treat,night,nominal,57.924,False,Operator reset acknowledged after red-tag inspection.
311,2024-01-02 01:50:00,3,pressure,bar,HYD-07,press-line,night,nominal,7.743,False,Vibration burst exceeds envelope during tool change cycle.
312,2024-01-02 01:55:00,4,humidity,percent,PAINT-01,finishing,night,nominal,40.056,False,Condensation warning cleared after dehumidifier ramp-up.
313,2024-01-02 02:00:00,1,vibration,mm_s,CNC-04,machining-a,night,nominal,2.583,False,Hydraulic line pressure oscillation detected under load.
314,2024-01-02 02:05:00,2,temperature,celsius,FURN-02,heat-treat,night,nominal,63.414,False,Pressure line purge completed before restart authorization.
315,2024-01-02 02:10:00,3,pressure,bar,HYD-07,press-line,night,nominal,7.544,False,Temperature variance narrowed after coolant nozzle cleaning.
316,2024-01-02 02:15:00,4,humidity,percent,PAINT-01,finishing,night,nominal,40.978,False,Pressure settled back to nominal after valve reseat.
317,2024-01-02 02:20:00,1,vibration,mm_s,CNC-04,machining-a,night,nominal,3.18,False,Unbalanced load introduced cyclical pressure ripple.
318,2024-01-02 02:25:00,2,temperature,celsius,FURN-02,heat-treat,night,nominal,62.178,False,Sensor signal clipping observed during startup surge.
319,2024-01-02 02:30:00,3,pressure,bar,HYD-07,press-line,night,nominal,8.012,False,Humidity climbed during dock-door open period in afternoon shift.
320,2024-01-02 02:35:00,4,humidity,percent,PAINT-01,finishing,night,warning,36.216,False,Operator reported intermittent chatter on machine CNC-04.
321,2024-01-02 02:40:00,1,vibration,mm_s,CNC-04,machining-a,night,nominal,3.293,False,Bearing temperature rising faster than baseline on spindle cell.
322,2024-01-02 02:45:00,2,temperature,celsius,FURN-02,heat-treat,night,warning,72.072,False,Maintenance note logged for coupling imbalance inspection.
323,2024-01-02 02:50:00,3,pressure,bar,HYD-07,press-line,night,nominal,7.605,False,Humidity climbed during dock-door open period in afternoon shift.
324,2024-01-02 02:55:00,4,humidity,percent,PAINT-01,finishing,night,nominal,53.72,False,Heat-treat furnace door cycling increased localized temperature spikes.
325,2024-01-02 03:00:00,1,vibration,mm_s,CNC-04,machining-a,night,nominal,2.507,False,Ambient temperature stabilized after HVAC stage-two engagement.
326,2024-01-02 03:05:00,2,temperature,celsius,FURN-02,heat-treat,night,nominal,65.432,False,Shift handoff note referenced unusual noise near press enclosure.
327,2024-01-02 03:10:00,3,pressure,bar,HYD-07,press-line,night,nominal,9.114,False,Machine idle period extended during planned sanitation window.
328,2024-01-02 03:15:00,4,humidity,percent,PAINT-01,finishing,night,nominal,44.161,False,Air handler maintenance reduced humidity variance on finishing line.
329,2024-01-02 03:20:00,1,vibration,mm_s,CNC-04,machining-a,night,nominal,2.321,False,Pressure peak corresponds to oversized billet batch processing.
330,2024-01-02 03:25:00,2,temperature,celsius,FURN-02,heat-treat,night,nominal,67.153,False,SCADA backfill inserted two delayed telemetry points.
331,2024-01-02 03:30:00,3,pressure,bar,HYD-07,press-line,night,nominal,8.37,False,Maintenance scheduler deferred calibration due to spare shortage.
332,2024-01-02 03:35:00,4,humidity,percent,PAINT-01,finishing,night,nominal,33.085,False,Sensor 1 spike sequence matches historical bearing fault pattern.
333,2024-01-02 03:40:00,1,vibration,mm_s,CNC-04,machining-a,night,nominal,2.579,False,Humidity baseline improved after seal replacement.
334,2024-01-02 03:45:00,2,temperature,celsius,FURN-02,heat-treat,night,nominal,61.064,False,Night shift startup produced higher than normal vibration floor.
335,2024-01-02 03:50:00,3,pressure,bar,HYD-07,press-line,night,nominal,8.543,False,Compressed air fluctuation introduced pressure noise for two cycles.
336,2024-01-02 03:55:00,4,humidity,percent,PAINT-01,finishing,night,nominal,45.187,False,Maintenance scheduler deferred calibration due to spare shortage.
337,2024-01-02 04:00:00,1,vibration,mm_s,CNC-04,machining-a,night,nominal,2.158,False,Anomaly review flagged possible bearing wear progression.
338,2024-01-02 04:05:00,2,temperature,celsius,FURN-02,heat-treat,night,nominal,64.682,False,Pressure line purge completed before restart authorization.
339,2024-01-02 04:10:00,3,pressure,bar,HYD-07,press-line,night,nominal,7.96,False,Vibration baseline recovered after tool holder replacement.
340,2024-01-02 04:15:00,4,humidity,percent,PAINT-01,finishing,night,warning,48.979,False,Short-lived packet loss observed at edge gateway gw-02.
341,2024-01-02 04:20:00,1,vibration,mm_s,CNC-04,machining-a,night,nominal,2.634,False,Calibration check overdue by 11 days for press-line transducer.
342,2024-01-02 04:25:00,2,temperature,celsius,FURN-02,heat-treat,night,warning,64.772,False,Vibration baseline recovered after tool holder replacement.
343,2024-01-02 04:30:00,3,pressure,bar,HYD-07,press-line,night,nominal,6.747,False,Thermal overshoot event coincided with recipe change on furnace.
344,2024-01-02 04:35:00,4,humidity,percent,PAINT-01,finishing,night,nominal,42.967,False,Reliability engineer tagged sample window for model retraining.
345,2024-01-02 04:40:00,1,vibration,mm_s,CNC-04,machining-a,night,nominal,2.13,False,Edge collector replayed buffered events after network recovery.
346,2024-01-02 04:45:00,2,temperature,celsius,FURN-02,heat-treat,night,nominal,67.346,False,Vibration baseline recovered after tool holder replacement.
347,2024-01-02 04:50:00,3,pressure,bar,HYD-07,press-line,night,warning,8.596,False,Warning threshold updated for pilot predictive-maintenance model.
348,2024-01-02 04:55:00,4,humidity,percent,PAINT-01,finishing,night,nominal,51.495,False,Humidity readings track seasonal rise across late spring.
349,2024-01-02 05:00:00,1,vibration,mm_s,CNC-04,machining-a,night,nominal,3.82,False,Quality hold reduced finishing booth activity for one shift.
350,2024-01-02 05:05:00,2,temperature,celsius,FURN-02,heat-treat,night,nominal,66.952,False,Thermal ramp exceeded expected warmup curve before shift start.
351,2024-01-02 05:10:00,3,pressure,bar,HYD-07,press-line,night,nominal,7.979,False,Pressure settled back to nominal after valve reseat.
352,2024-01-02 05:15:00,4,humidity,percent,PAINT-01,finishing,night,nominal,32.905,False,Thermal ramp exceeded expected warmup curve before shift start.
353,2024-01-02 05:20:00,1,vibration,mm_s,CNC-04,machining-a,night,nominal,2.72,False,Pressure settled back to nominal after valve reseat.
354,2024-01-02 05:25:00,2,temperature,celsius,FURN-02,heat-treat,night,warning,74.946,False,Quality hold reduced finishing booth activity for one shift.
355,2024-01-02 05:30:00,3,pressure,bar,HYD-07,press-line,night,nominal,8.321,False,Anomaly review flagged possible bearing wear progression.
356,2024-01-02 05:35:00,4,humidity,percent,PAINT-01,finishing,night,nominal,49.042,False,Supervisory alert generated after three consecutive threshold breaches.
357,2024-01-02 05:40:00,1,vibration,mm_s,CNC-04,machining-a,night,nominal,2.354,False,Condensation warning cleared after dehumidifier ramp-up.
358,2024-01-02 05:45:00,2,temperature,celsius,FURN-02,heat-treat,night,warning,71.443,False,Pressure line purge completed before restart authorization.
359,2024-01-02 05:50:00,3,pressure,bar,HYD-07,press-line,night,nominal,8.004,False,Vibration baseline recovered after tool holder replacement.
360,2024-01-02 05:55:00,4,humidity,percent,PAINT-01,finishing,night,nominal,42.08,False,Telemetry quality flag downgraded during sensor self-test window.
361,2024-01-02 06:00:00,1,vibration,mm_s,CNC-04,machining-a,night,warning,3.038,False,Coolant loop adjustment reduced chamber temperature spread.
362,2024-01-02 06:05:00,2,temperature,celsius,FURN-02,heat-treat,night,nominal,60.338,False,Telemetry quality flag downgraded during sensor self-test window.
363,2024-01-02 06:10:00,3,pressure,bar,HYD-07,press-line,night,nominal,6.603,False,Compressed air fluctuation introduced pressure noise for two cycles.
364,2024-01-02 06:15:00,4,humidity,percent,PAINT-01,finishing,night,nominal,38.86,False,Quality team requested trace review for lot 24-118B.
365,2024-01-02 06:20:00,1,vibration,mm_s,CNC-04,machining-a,night,nominal,1.972,False,Operator reset acknowledged after red-tag inspection.
366,2024-01-02 06:25:00,2,temperature,celsius,FURN-02,heat-treat,night,warning,72.911,False,Maintenance crew confirmed lubrication interval was missed.
367,2024-01-02 06:30:00,3,pressure,bar,HYD-07,press-line,night,nominal,7.77,False,Humidity excursion near finishing booth during coating run.
368,2024-01-02 06:35:00,4,humidity,percent,PAINT-01,finishing,night,nominal,47.312,False,Hydraulic accumulator recharge lag increased under repeated cycles.
369,2024-01-02 06:40:00,1,vibration,mm_s,CNC-04,machining-a,night,nominal,2.259,False,Ambient temperature stabilized after HVAC stage-two engagement.
370,2024-01-02 06:45:00,2,temperature,celsius,FURN-02,heat-treat,night,warning,72.294,False,Heat-treat furnace door cycling increased localized temperature spikes.
371,2024-01-02 06:50:00,3,pressure,bar,HYD-07,press-line,night,nominal,7.513,False,SCADA backfill inserted two delayed telemetry points.
372,2024-01-02 06:55:00,4,humidity,percent,PAINT-01,finishing,night,nominal,47.207,False,Sensor 3 drift suspected after cross-check with manual gauge.
373,2024-01-02 07:00:00,1,vibration,mm_s,CNC-04,machining-a,night,nominal,2.883,False,Reliability engineer tagged sample window for model retraining.
374,2024-01-02 07:05:00,2,temperature,celsius,FURN-02,heat-treat,night,nominal,68.641,False,Pressure settled back to nominal after valve reseat.
375,2024-01-02 07:10:00,3,pressure,bar,HYD-07,press-line,night,nominal,8.185,False,Vibration baseline recovered after tool holder replacement.
376,2024-01-02 07:15:00,4,humidity,percent,PAINT-01,finishing,night,nominal,50.932,False,Vibration burst exceeds envelope during tool change cycle.
377,2024-01-02 07:20:00,1,vibration,mm_s,CNC-04,machining-a,night,warning,2.724,False,Compressed air fluctuation introduced pressure noise for two cycles.
378,2024-01-02 07:25:00,2,temperature,celsius,FURN-02,heat-treat,night,warning,72.771,False,Temporary gateway failover completed without data loss.
379,2024-01-02 07:30:00,3,pressure,bar,HYD-07,press-line,night,nominal,8.348,False,Sensor signal clipping observed during startup surge.
380,2024-01-02 07:35:00,4,humidity,percent,PAINT-01,finishing,night,nominal,50.692,False,Compressed air fluctuation introduced pressure noise for two cycles.
381,2024-01-02 07:40:00,1,vibration,mm_s,CNC-04,machining-a,night,nominal,3.227,False,Temperature variance narrowed after coolant nozzle cleaning.
382,2024-01-02 07:45:00,2,temperature,celsius,FURN-02,heat-treat,night,warning,73.748,False,Humidity excursion near finishing booth during coating run.
383,2024-01-02 07:50:00,3,pressure,bar,HYD-07,press-line,night,nominal,9.451,False,Pressure line purge completed before restart authorization.
384,2024-01-02 07:55:00,4,humidity,percent,PAINT-01,finishing,night,nominal,43.718,False,Unexpected resonance band appeared near 42 Hz on spindle motor.
385,2024-01-02 08:00:00,1,vibration,mm_s,CNC-04,machining-a,day,nominal,0.899,False,Quality hold reduced finishing booth activity for one shift.
386,2024-01-02 08:05:00,2,temperature,celsius,FURN-02,heat-treat,day,critical,65.901,False,Dust extraction fan offline for 18 minutes on line finishing.
387,2024-01-02 08:10:00,3,pressure,bar,HYD-07,press-line,day,nominal,8.103,False,Telemetry quality flag downgraded during sensor self-test window.
388,2024-01-02 08:15:00,4,humidity,percent,PAINT-01,finishing,day,warning,35.053,False,Temperature variance narrowed after coolant nozzle cleaning.
389,2024-01-02 08:20:00,1,vibration,mm_s,CNC-04,machining-a,day,nominal,2.85,False,Edge collector replayed buffered events after network recovery.
390,2024-01-02 08:25:00,2,temperature,celsius,FURN-02,heat-treat,day,nominal,62.599,False,Transient outlier matched forklift impact near cabinet wall.
391,2024-01-02 08:30:00,3,pressure,bar,HYD-07,press-line,day,nominal,7.436,False,Anomaly review flagged possible bearing wear progression.
392,2024-01-02 08:35:00,4,humidity,percent,PAINT-01,finishing,day,nominal,33.994,False,SCADA backfill inserted two delayed telemetry points.
393,2024-01-02 08:40:00,1,vibration,mm_s,CNC-04,machining-a,day,nominal,2.101,False,Transient outlier matched forklift impact near cabinet wall.
394,2024-01-02 08:45:00,2,temperature,celsius,FURN-02,heat-treat,day,nominal,70.631,False,Bearing temperature rising faster than baseline on spindle cell.
395,2024-01-02 08:50:00,3,pressure,bar,HYD-07,press-line,day,nominal,7.525,False,Short-lived packet loss observed at edge gateway gw-02.
396,2024-01-02 08:55:00,4,humidity,percent,PAINT-01,finishing,day,nominal,34.475,False,Vibration burst exceeds envelope during tool change cycle.
397,2024-01-02 09:00:00,1,vibration,mm_s,CNC-04,machining-a,day,nominal,1.756,False,Condensation warning cleared after dehumidifier ramp-up.
398,2024-01-02 09:05:00,2,temperature,celsius,FURN-02,heat-treat,day,nominal,64.42,False,Sensor enclosure opened for manual calibration verification.
399,2024-01-02 09:10:00,3,pressure,bar,HYD-07,press-line,day,nominal,8.135,False,Sensor 1 spike sequence matches historical bearing fault pattern.
400,2024-01-02 09:15:00,4,humidity,percent,PAINT-01,finishing,day,nominal,40.932,False,Operator reported intermittent chatter on machine CNC-04.
401,2024-01-02 09:20:00,1,vibration,mm_s,CNC-04,machining-a,day,nominal,1.452,False,Hydraulic accumulator recharge lag increased under repeated cycles.
402,2024-01-02 09:25:00,2,temperature,celsius,FURN-02,heat-treat,day,nominal,69.28,False,Calibration check overdue by 11 days for press-line transducer.
403,2024-01-02 09:30:00,3,pressure,bar,HYD-07,press-line,day,nominal,8.349,False,Hydraulic accumulator recharge lag increased under repeated cycles.
404,2024-01-02 09:35:00,4,humidity,percent,PAINT-01,finishing,day,nominal,44.342,False,Hydraulic accumulator recharge lag increased under repeated cycles.
405,2024-01-02 09:40:00,1,vibration,mm_s,CNC-04,machining-a,day,critical,2.094,False,SCADA backfill inserted two delayed telemetry points.
406,2024-01-02 09:45:00,2,temperature,celsius,FURN-02,heat-treat,day,nominal,63.421,False,Shift handoff note referenced unusual noise near press enclosure.
407,2024-01-02 09:50:00,3,pressure,bar,HYD-07,press-line,day,nominal,6.99,False,Shift handoff note referenced unusual noise near press enclosure.
408,2024-01-02 09:55:00,4,humidity,percent,PAINT-01,finishing,day,nominal,45.869,False,Unbalanced load introduced cyclical pressure ripple.
409,2024-01-02 10:00:00,1,vibration,mm_s,CNC-04,machining-a,day,nominal,3.274,False,Operator reported intermittent chatter on machine CNC-04.
410,2024-01-02 10:05:00,2,temperature,celsius,FURN-02,heat-treat,day,warning,72.476,False,Packaging line stop reduced adjacent vibration background.
411,2024-01-02 10:10:00,3,pressure,bar,HYD-07,press-line,day,nominal,7.639,False,Air handler maintenance reduced humidity variance on finishing line.
412,2024-01-02 10:15:00,4,humidity,percent,PAINT-01,finishing,day,nominal,45.991,False,Quality team requested trace review for lot 24-118B.
413,2024-01-02 10:20:00,1,vibration,mm_s,CNC-04,machining-a,day,nominal,2.933,False,Quality team requested trace review for lot 24-118B.
414,2024-01-02 10:25:00,2,temperature,celsius,FURN-02,heat-treat,day,nominal,64.676,False,Unexpected resonance band appeared near 42 Hz on spindle motor.
415,2024-01-02 10:30:00,3,pressure,bar,HYD-07,press-line,day,nominal,7.699,False,Transient outlier matched forklift impact near cabinet wall.
416,2024-01-02 10:35:00,4,humidity,percent,PAINT-01,finishing,day,nominal,38.996,False,Telemetry quality flag downgraded during sensor self-test window.
417,2024-01-02 10:40:00,1,vibration,mm_s,CNC-04,machining-a,day,nominal,3.299,False,Temporary gateway failover completed without data loss.
418,2024-01-02 10:45:00,2,temperature,celsius,FURN-02,heat-treat,day,nominal,67.145,False,Short-lived packet loss observed at edge gateway gw-02.
419,2024-01-02 10:50:00,3,pressure,bar,HYD-07,press-line,day,nominal,6.75,False,Maintenance note logged for coupling imbalance inspection.
420,2024-01-02 10:55:00,4,humidity,percent,PAINT-01,finishing,day,nominal,49.972,False,Coolant loop adjustment reduced chamber temperature spread.
421,2024-01-02 11:00:00,1,vibration,mm_s,CNC-04,machining-a,day,nominal,2.337,False,Anomaly review flagged possible bearing wear progression.
422,2024-01-02 11:05:00,2,temperature,celsius,FURN-02,heat-treat,day,nominal,66.857,False,SCADA backfill inserted two delayed telemetry points.
423,2024-01-02 11:10:00,3,pressure,bar,HYD-07,press-line,day,nominal,8.268,False,Maintenance note logged for coupling imbalance inspection.
424,2024-01-02 11:15:00,4,humidity,percent,PAINT-01,finishing,day,nominal,51.162,False,Vibration harmonics broadened during extended production run.
425,2024-01-02 11:20:00,1,vibration,mm_s,CNC-04,machining-a,day,nominal,2.459,False,Operator reported intermittent chatter on machine CNC-04.
426,2024-01-02 11:25:00,2,temperature,celsius,FURN-02,heat-treat,day,nominal,61.723,False,Bearing temperature rising faster than baseline on spindle cell.
427,2024-01-02 11:30:00,3,pressure,bar,HYD-07,press-line,day,nominal,7.946,False,Machine idle period extended during planned sanitation window.
428,2024-01-02 11:35:00,4,humidity,percent,PAINT-01,finishing,day,nominal,38.055,False,Maintenance note logged for coupling imbalance inspection.
429,2024-01-02 11:40:00,1,vibration,mm_s,CNC-04,machining-a,day,nominal,1.531,False,Warning threshold updated for pilot predictive-maintenance model.
430,2024-01-02 11:45:00,2,temperature,celsius,FURN-02,heat-treat,day,warning,72.955,False,Dust extraction fan offline for 18 minutes on line finishing.
431,2024-01-02 11:50:00,3,pressure,bar,HYD-07,press-line,day,warning,7.672,False,Humidity readings track seasonal rise across late spring.
432,2024-01-02 11:55:00,4,humidity,percent,PAINT-01,finishing,day,nominal,42.585,False,Calibration check overdue by 11 days for press-line transducer.
433,2024-01-02 12:00:00,1,vibration,mm_s,CNC-04,machining-a,day,nominal,1.531,False,Machine throughput increase drove sustained pressure uplift.
434,2024-01-02 12:05:00,2,temperature,celsius,FURN-02,heat-treat,day,warning,73.881,False,Operator reset acknowledged after red-tag inspection.
435,2024-01-02 12:10:00,3,pressure,bar,HYD-07,press-line,day,nominal,7.958,False,Press cycle dwell time lengthened during high-volume batch.
436,2024-01-02 12:15:00,4,humidity,percent,PAINT-01,finishing,day,nominal,46.528,False,SCADA backfill inserted two delayed telemetry points.
437,2024-01-02 12:20:00,1,vibration,mm_s,CNC-04,machining-a,day,nominal,2.319,False,Quality team requested trace review for lot 24-118B.
438,2024-01-02 12:25:00,2,temperature,celsius,FURN-02,heat-treat,day,nominal,67.453,False,Anomaly review flagged possible bearing wear progression.
439,2024-01-02 12:30:00,3,pressure,bar,HYD-07,press-line,day,nominal,8.225,False,Machine throughput increase drove sustained pressure uplift.
440,2024-01-02 12:35:00,4,humidity,percent,PAINT-01,finishing,day,nominal,50.404,False,Maintenance note logged for coupling imbalance inspection.
441,2024-01-02 12:40:00,1,vibration,mm_s,CNC-04,machining-a,day,nominal,1.643,False,Quality team requested trace review for lot 24-118B.
442,2024-01-02 12:45:00,2,temperature,celsius,FURN-02,heat-treat,day,nominal,64.682,False,Telemetry quality flag downgraded during sensor self-test window.
443,2024-01-02 12:50:00,3,pressure,bar,HYD-07,press-line,day,nominal,9.057,False,Press cycle dwell time lengthened during high-volume batch.
444,2024-01-02 12:55:00,4,humidity,percent,PAINT-01,finishing,day,nominal,46.126,False,Shift handoff note referenced unusual noise near press enclosure.
445,2024-01-02 13:00:00,1,vibration,mm_s,CNC-04,machining-a,day,nominal,1.929,False,Packaging line stop reduced adjacent vibration background.
446,2024-01-02 13:05:00,2,temperature,celsius,FURN-02,heat-treat,day,nominal,67.048,False,Supervisory alert generated after three consecutive threshold breaches.
447,2024-01-02 13:10:00,3,pressure,bar,HYD-07,press-line,day,critical,8.226,False,Humidity readings track seasonal rise across late spring.
448,2024-01-02 13:15:00,4,humidity,percent,PAINT-01,finishing,day,nominal,40.131,False,Pressure settled back to nominal after valve reseat.
449,2024-01-02 13:20:00,1,vibration,mm_s,CNC-04,machining-a,day,nominal,2.424,False,Unexpected resonance band appeared near 42 Hz on spindle motor.
450,2024-01-02 13:25:00,2,temperature,celsius,FURN-02,heat-treat,day,nominal,65.824,False,Maintenance note logged for coupling imbalance inspection.
451,2024-01-02 13:30:00,3,pressure,bar,HYD-07,press-line,day,nominal,7.056,False,Vibration burst exceeds envelope during tool change cycle.
452,2024-01-02 13:35:00,4,humidity,percent,PAINT-01,finishing,day,nominal,37.989,False,Humidity climbed during dock-door open period in afternoon shift.
453,2024-01-02 13:40:00,1,vibration,mm_s,CNC-04,machining-a,day,nominal,3.1,False,Sensor enclosure opened for manual calibration verification.
454,2024-01-02 13:45:00,2,temperature,celsius,FURN-02,heat-treat,day,nominal,68.0,False,Vibration harmonics broadened during extended production run.
455,2024-01-02 13:50:00,3,pressure,bar,HYD-07,press-line,day,nominal,9.633,False,Operator reset acknowledged after red-tag inspection.
456,2024-01-02 13:55:00,4,humidity,percent,PAINT-01,finishing,day,nominal,37.714,False,Sensor heartbeat delayed by one interval after gateway retry.
457,2024-01-02 14:00:00,1,vibration,mm_s,CNC-04,machining-a,day,critical,2.405,False,Heat-treat furnace door cycling increased localized temperature spikes.
458,2024-01-02 14:05:00,2,temperature,celsius,FURN-02,heat-treat,day,nominal,66.701,False,Sensor 1 spike sequence matches historical bearing fault pattern.
459,2024-01-02 14:10:00,3,pressure,bar,HYD-07,press-line,day,nominal,7.07,False,Operator reported intermittent chatter on machine CNC-04.
460,2024-01-02 14:15:00,4,humidity,percent,PAINT-01,finishing,day,nominal,41.833,False,Short-lived packet loss observed at edge gateway gw-02.
461,2024-01-02 14:20:00,1,vibration,mm_s,CNC-04,machining-a,day,nominal,1.652,False,Temporary gateway failover completed without data loss.
462,2024-01-02 14:25:00,2,temperature,celsius,FURN-02,heat-treat,day,nominal,64.022,False,Sensor 1 spike sequence matches historical bearing fault pattern.
463,2024-01-02 14:30:00,3,pressure,bar,HYD-07,press-line,day,warning,8.053,False,Transient outlier matched forklift impact near cabinet wall.
464,2024-01-02 14:35:00,4,humidity,percent,PAINT-01,finishing,day,nominal,40.559,False,Maintenance crew confirmed lubrication interval was missed.
465,2024-01-02 14:40:00,1,vibration,mm_s,CNC-04,machining-a,day,nominal,1.398,False,Humidity readings track seasonal rise across late spring.
466,2024-01-02 14:45:00,2,temperature,celsius,FURN-02,heat-treat,day,warning,73.196,False,Humidity climbed during dock-door open period in afternoon shift.
467,2024-01-02 14:50:00,3,pressure,bar,HYD-07,press-line,day,nominal,7.666,False,Sensor battery health remains nominal after firmware update.
468,2024-01-02 14:55:00,4,humidity,percent,PAINT-01,finishing,day,warning,36.713,False,Condensation warning cleared after dehumidifier ramp-up.
469,2024-01-02 15:00:00,1,vibration,mm_s,CNC-04,machining-a,day,nominal,2.466,False,Sensor enclosure opened for manual calibration verification.
470,2024-01-02 15:05:00,2,temperature,celsius,FURN-02,heat-treat,day,nominal,67.143,False,Heat-treat furnace door cycling increased localized temperature spikes.
471,2024-01-02 15:10:00,3,pressure,bar,HYD-07,press-line,day,nominal,7.723,False,Sensor battery health remains nominal after firmware update.
472,2024-01-02 15:15:00,4,humidity,percent,PAINT-01,finishing,day,nominal,46.706,False,Quality team requested trace review for lot 24-118B.
473,2024-01-02 15:20:00,1,vibration,mm_s,CNC-04,machining-a,day,nominal,2.054,False,Transient outlier matched forklift impact near cabinet wall.
474,2024-01-02 15:25:00,2,temperature,celsius,FURN-02,heat-treat,day,critical,76.799,False,Heat-treat furnace door cycling increased localized temperature spikes.
475,2024-01-02 15:30:00,3,pressure,bar,HYD-07,press-line,day,nominal,8.046,False,Unbalanced load introduced cyclical pressure ripple.
476,2024-01-02 15:35:00,4,humidity,percent,PAINT-01,finishing,day,nominal,41.391,False,Unbalanced load introduced cyclical pressure ripple.
477,2024-01-02 15:40:00,1,vibration,mm_s,CNC-04,machining-a,day,nominal,2.464,False,Press cycle dwell time lengthened during high-volume batch.
478,2024-01-02 15:45:00,2,temperature,celsius,FURN-02,heat-treat,day,nominal,68.577,False,Condensation warning cleared after dehumidifier ramp-up.
479,2024-01-02 15:50:00,3,pressure,bar,HYD-07,press-line,day,nominal,8.096,False,Sensor signal clipping observed during startup surge.
480,2024-01-02 15:55:00,4,humidity,percent,PAINT-01,finishing,day,nominal,45.328,False,Machine throughput increase drove sustained pressure uplift.
481,2024-01-02 16:00:00,1,vibration,mm_s,CNC-04,machining-a,swing,nominal,2.288,False,Sensor heartbeat delayed by one interval after gateway retry.
482,2024-01-02 16:05:00,2,temperature,celsius,FURN-02,heat-treat,swing,nominal,66.287,False,Heat-treat furnace door cycling increased localized temperature spikes.
483,2024-01-02 16:10:00,3,pressure,bar,HYD-07,press-line,swing,nominal,8.697,False,Pressure peak corresponds to oversized billet batch processing.
484,2024-01-02 16:15:00,4,humidity,percent,PAINT-01,finishing,swing,nominal,36.645,False,Telemetry quality flag downgraded during sensor self-test window.
485,2024-01-02 16:20:00,1,vibration,mm_s,CNC-04,machining-a,swing,nominal,2.361,False,SCADA backfill inserted two delayed telemetry points.
486,2024-01-02 16:25:00,2,temperature,celsius,FURN-02,heat-treat,swing,nominal,66.84,False,Night shift startup produced higher than normal vibration floor.
487,2024-01-02 16:30:00,3,pressure,bar,HYD-07,press-line,swing,nominal,7.372,False,Humidity baseline improved after seal replacement.
488,2024-01-02 16:35:00,4,humidity,percent,PAINT-01,finishing,swing,nominal,48.196,False,Humidity baseline improved after seal replacement.
489,2024-01-02 16:40:00,1,vibration,mm_s,CNC-04,machining-a,swing,nominal,3.061,False,Unexpected resonance band appeared near 42 Hz on spindle motor.
490,2024-01-02 16:45:00,2,temperature,celsius,FURN-02,heat-treat,swing,nominal,66.458,False,Condensation warning cleared after dehumidifier ramp-up.
491,2024-01-02 16:50:00,3,pressure,bar,HYD-07,press-line,swing,nominal,8.06,False,Calibration check overdue by 11 days for press-line transducer.
492,2024-01-02 16:55:00,4,humidity,percent,PAINT-01,finishing,swing,nominal,47.299,False,Anomaly review flagged possible bearing wear progression.
493,2024-01-02 17:00:00,1,vibration,mm_s,CNC-04,machining-a,swing,nominal,2.979,False,Bearing temperature rising faster than baseline on spindle cell.
494,2024-01-02 17:05:00,2,temperature,celsius,FURN-02,heat-treat,swing,nominal,67.634,False,Anomaly review flagged possible bearing wear progression.
495,2024-01-02 17:10:00,3,pressure,bar,HYD-07,press-line,swing,nominal,8.195,False,Bearing temperature rising faster than baseline on spindle cell.
496,2024-01-02 17:15:00,4,humidity,percent,PAINT-01,finishing,swing,nominal,48.928,False,Temperature remained elevated during unscheduled overtime run.
497,2024-01-02 17:20:00,1,vibration,mm_s,CNC-04,machining-a,swing,nominal,2.603,False,Shift handoff note referenced unusual noise near press enclosure.
498,2024-01-02 17:25:00,2,temperature,celsius,FURN-02,heat-treat,swing,nominal,69.12,False,Pressure peak corresponds to oversized billet batch processing.
499,2024-01-02 17:30:00,3,pressure,bar,HYD-07,press-line,swing,nominal,9.33,False,Coolant loop adjustment reduced chamber temperature spread.
500,2024-01-02 17:35:00,4,humidity,percent,PAINT-01,finishing,swing,nominal,42.548,False,Temperature variance narrowed after coolant nozzle cleaning.
501,2024-01-02 17:40:00,1,vibration,mm_s,CNC-04,machining-a,swing,nominal,1.908,False,Quality team requested trace review for lot 24-118B.
502,2024-01-02 17:45:00,2,temperature,celsius,FURN-02,heat-treat,swing,nominal,63.064,False,Thermal overshoot event coincided with recipe change on furnace.
503,2024-01-02 17:50:00,3,pressure,bar,HYD-07,press-line,swing,warning,8.125,False,Temperature variance narrowed after coolant nozzle cleaning.
504,2024-01-02 17:55:00,4,humidity,percent,PAINT-01,finishing,swing,nominal,41.967,False,Operator reset acknowledged after red-tag inspection.
505,2024-01-02 18:00:00,1,vibration,mm_s,CNC-04,machining-a,swing,nominal,2.097,False,Maintenance note logged for coupling imbalance inspection.
506,2024-01-02 18:05:00,2,temperature,celsius,FURN-02,heat-treat,swing,nominal,63.518,False,Machine throughput increase drove sustained pressure uplift.
507,2024-01-02 18:10:00,3,pressure,bar,HYD-07,press-line,swing,nominal,7.052,False,Pressure peak corresponds to oversized billet batch processing.
508,2024-01-02 18:15:00,4,humidity,percent,PAINT-01,finishing,swing,nominal,46.283,False,Night shift startup produced higher than normal vibration floor.
509,2024-01-02 18:20:00,1,vibration,mm_s,CNC-04,machining-a,swing,nominal,2.82,False,Humidity excursion near finishing booth during coating run.
510,2024-01-02 18:25:00,2,temperature,celsius,FURN-02,heat-treat,swing,warning,71.626,False,Pressure settled back to nominal after valve reseat.
511,2024-01-02 18:30:00,3,pressure,bar,HYD-07,press-line,swing,nominal,8.693,False,Temporary gateway failover completed without data loss.
512,2024-01-02 18:35:00,4,humidity,percent,PAINT-01,finishing,swing,nominal,49.625,False,Pressure settled back to nominal after valve reseat.
513,2024-01-02 18:40:00,1,vibration,mm_s,CNC-04,machining-a,swing,nominal,3.116,False,Machine idle period extended during planned sanitation window.
514,2024-01-02 18:45:00,2,temperature,celsius,FURN-02,heat-treat,swing,nominal,70.423,False,Transient outlier matched forklift impact near cabinet wall.
515,2024-01-02 18:50:00,3,pressure,bar,HYD-07,press-line,swing,nominal,7.512,False,Anomaly review flagged possible bearing wear progression.
516,2024-01-02 18:55:00,4,humidity,percent,PAINT-01,finishing,swing,nominal,43.033,False,Temperature remained elevated during unscheduled overtime run.
517,2024-01-02 19:00:00,1,vibration,mm_s,CNC-04,machining-a,swing,nominal,1.699,False,Transient outlier matched forklift impact near cabinet wall.
518,2024-01-02 19:05:00,2,temperature,celsius,FURN-02,heat-treat,swing,nominal,61.029,False,Coolant loop adjustment reduced chamber temperature spread.
519,2024-01-02 19:10:00,3,pressure,bar,HYD-07,press-line,swing,nominal,7.24,False,Operator reported intermittent chatter on machine CNC-04.
520,2024-01-02 19:15:00,4,humidity,percent,PAINT-01,finishing,swing,nominal,35.336,False,Pressure settled back to nominal after valve reseat.
521,2024-01-02 19:20:00,1,vibration,mm_s,CNC-04,machining-a,swing,nominal,3.24,False,Machine throughput increase drove sustained pressure uplift.
522,2024-01-02 19:25:00,2,temperature,celsius,FURN-02,heat-treat,swing,nominal,70.469,False,Maintenance note logged for coupling imbalance inspection.
523,2024-01-02 19:30:00,3,pressure,bar,HYD-07,press-line,swing,nominal,8.662,False,Supervisory alert generated after three consecutive threshold breaches.
524,2024-01-02 19:35:00,4,humidity,percent,PAINT-01,finishing,swing,nominal,40.877,False,Hydraulic accumulator recharge lag increased under repeated cycles.
525,2024-01-02 19:40:00,1,vibration,mm_s,CNC-04,machining-a,swing,nominal,1.971,False,Machine throughput increase drove sustained pressure uplift.
526,2024-01-02 19:45:00,2,temperature,celsius,FURN-02,heat-treat,swing,warning,71.9,False,SCADA backfill inserted two delayed telemetry points.
527,2024-01-02 19:50:00,3,pressure,bar,HYD-07,press-line,swing,warning,7.886,False,Sensor heartbeat delayed by one interval after gateway retry.
528,2024-01-02 19:55:00,4,humidity,percent,PAINT-01,finishing,swing,critical,49.919,False,SCADA backfill inserted two delayed telemetry points.
529,2024-01-02 20:00:00,1,vibration,mm_s,CNC-04,machining-a,swing,nominal,2.768,False,Humidity readings track seasonal rise across late spring.
530,2024-01-02 20:05:00,2,temperature,celsius,FURN-02,heat-treat,swing,nominal,69.256,False,Humidity readings track seasonal rise across late spring.
531,2024-01-02 20:10:00,3,pressure,bar,HYD-07,press-line,swing,nominal,7.67,False,Transient outlier matched forklift impact near cabinet wall.
532,2024-01-02 20:15:00,4,humidity,percent,PAINT-01,finishing,swing,nominal,47.016,False,Vibration harmonics broadened during extended production run.
533,2024-01-02 20:20:00,1,vibration,mm_s,CNC-04,machining-a,swing,nominal,3.941,False,Hydraulic line pressure oscillation detected under load.
534,2024-01-02 20:25:00,2,temperature,celsius,FURN-02,heat-treat,swing,nominal,60.677,False,Thermal overshoot event coincided with recipe change on furnace.
535,2024-01-02 20:30:00,3,pressure,bar,HYD-07,press-line,swing,nominal,8.896,False,Operator reset acknowledged after red-tag inspection.
536,2024-01-02 20:35:00,4,humidity,percent,PAINT-01,finishing,swing,nominal,44.703,False,Vibration burst exceeds envelope during tool change cycle.
537,2024-01-02 20:40:00,1,vibration,mm_s,CNC-04,machining-a,swing,nominal,1.526,False,Unbalanced load introduced cyclical pressure ripple.
538,2024-01-02 20:45:00,2,temperature,celsius,FURN-02,heat-treat,swing,nominal,62.104,False,SCADA backfill inserted two delayed telemetry points.
539,2024-01-02 20:50:00,3,pressure,bar,HYD-07,press-line,swing,nominal,7.467,False,Maintenance scheduler deferred calibration due to spare shortage.
540,2024-01-02 20:55:00,4,humidity,percent,PAINT-01,finishing,swing,nominal,41.031,False,Edge collector replayed buffered events after network recovery.
541,2024-01-02 21:00:00,1,vibration,mm_s,CNC-04,machining-a,swing,critical,2.678,False,Humidity excursion near finishing booth during coating run.
542,2024-01-02 21:05:00,2,temperature,celsius,FURN-02,heat-treat,swing,nominal,67.911,False,Telemetry quality flag downgraded during sensor self-test window.
543,2024-01-02 21:10:00,3,pressure,bar,HYD-07,press-line,swing,nominal,7.462,False,Anomaly review flagged possible bearing wear progression.
544,2024-01-02 21:15:00,4,humidity,percent,PAINT-01,finishing,swing,critical,51.698,False,Humidity excursion near finishing booth during coating run.
545,2024-01-02 21:20:00,1,vibration,mm_s,CNC-04,machining-a,swing,nominal,2.227,False,Humidity excursion near finishing booth during coating run.
546,2024-01-02 21:25:00,2,temperature,celsius,FURN-02,heat-treat,swing,critical,76.594,False,Temporary gateway failover completed without data loss.
547,2024-01-02 21:30:00,3,pressure,bar,HYD-07,press-line,swing,nominal,8.123,False,Thermal ramp exceeded expected warmup curve before shift start.
548,2024-01-02 21:35:00,4,humidity,percent,PAINT-01,finishing,swing,nominal,37.998,False,Thermal ramp exceeded expected warmup curve before shift start.
549,2024-01-02 21:40:00,1,vibration,mm_s,CNC-04,machining-a,swing,nominal,2.646,False,Vibration harmonics broadened during extended production run.
550,2024-01-02 21:45:00,2,temperature,celsius,FURN-02,heat-treat,swing,nominal,65.701,False,Condensation warning cleared after dehumidifier ramp-up.
551,2024-01-02 21:50:00,3,pressure,bar,HYD-07,press-line,swing,nominal,6.333,False,Warning threshold updated for pilot predictive-maintenance model.
552,2024-01-02 21:55:00,4,humidity,percent,PAINT-01,finishing,swing,nominal,43.257,False,Anomaly review flagged possible bearing wear progression.
553,2024-01-02 22:00:00,1,vibration,mm_s,CNC-04,machining-a,swing,nominal,2.06,False,Edge collector replayed buffered events after network recovery.
554,2024-01-02 22:05:00,2,temperature,celsius,FURN-02,heat-treat,swing,nominal,70.85,False,Air handler maintenance reduced humidity variance on finishing line.
555,2024-01-02 22:10:00,3,pressure,bar,HYD-07,press-line,swing,nominal,7.905,False,Sensor battery health remains nominal after firmware update.
556,2024-01-02 22:15:00,4,humidity,percent,PAINT-01,finishing,swing,nominal,45.576,False,Reliability engineer tagged sample window for model retraining.
557,2024-01-02 22:20:00,1,vibration,mm_s,CNC-04,machining-a,swing,nominal,1.036,False,Thermal ramp exceeded expected warmup curve before shift start.
558,2024-01-02 22:25:00,2,temperature,celsius,FURN-02,heat-treat,swing,nominal,65.228,False,Anomaly review flagged possible bearing wear progression.
559,2024-01-02 22:30:00,3,pressure,bar,HYD-07,press-line,swing,nominal,7.852,False,Warning threshold updated for pilot predictive-maintenance model.
560,2024-01-02 22:35:00,4,humidity,percent,PAINT-01,finishing,swing,nominal,45.317,False,Sensor enclosure opened for manual calibration verification.
561,2024-01-02 22:40:00,1,vibration,mm_s,CNC-04,machining-a,swing,nominal,1.985,False,Compressed air fluctuation introduced pressure noise for two cycles.
562,2024-01-02 22:45:00,2,temperature,celsius,FURN-02,heat-treat,swing,warning,75.777,False,Dust extraction fan offline for 18 minutes on line finishing.
563,2024-01-02 22:50:00,3,pressure,bar,HYD-07,press-line,swing,nominal,7.245,False,Sensor 1 spike sequence matches historical bearing fault pattern.
564,2024-01-02 22:55:00,4,humidity,percent,PAINT-01,finishing,swing,nominal,39.212,False,Calibration check overdue by 11 days for press-line transducer.
565,2024-01-02 23:00:00,1,vibration,mm_s,CNC-04,machining-a,swing,nominal,2.591,False,Pressure peak corresponds to oversized billet batch processing.
566,2024-01-02 23:05:00,2,temperature,celsius,FURN-02,heat-treat,swing,nominal,68.314,False,Coolant loop adjustment reduced chamber temperature spread.
567,2024-01-02 23:10:00,3,pressure,bar,HYD-07,press-line,swing,nominal,7.789,False,Vibration baseline recovered after tool holder replacement.
568,2024-01-02 23:15:00,4,humidity,percent,PAINT-01,finishing,swing,nominal,47.321,False,Pressure peak corresponds to oversized billet batch processing.
569,2024-01-02 23:20:00,1,vibration,mm_s,CNC-04,machining-a,swing,nominal,3.142,False,Unexpected resonance band appeared near 42 Hz on spindle motor.
570,2024-01-02 23:25:00,2,temperature,celsius,FURN-02,heat-treat,swing,nominal,62.672,False,Calibration check overdue by 11 days for press-line transducer.
571,2024-01-02 23:30:00,3,pressure,bar,HYD-07,press-line,swing,nominal,7.969,False,Warning threshold updated for pilot predictive-maintenance model.
572,2024-01-02 23:35:00,4,humidity,percent,PAINT-01,finishing,swing,nominal,46.162,False,Quality team requested trace review for lot 24-118B.
573,2024-01-02 23:40:00,1,vibration,mm_s,CNC-04,machining-a,swing,nominal,2.623,False,Sensor enclosure opened for manual calibration verification.
574,2024-01-02 23:45:00,2,temperature,celsius,FURN-02,heat-treat,swing,nominal,64.46,False,Reliability engineer tagged sample window for model retraining.
575,2024-01-02 23:50:00,3,pressure,bar,HYD-07,press-line,swing,nominal,7.772,False,Pressure settled back to nominal after valve reseat.
576,2024-01-02 23:55:00,4,humidity,percent,PAINT-01,finishing,swing,nominal,44.099,False,Press cycle dwell time lengthened during high-volume batch.
577,2024-01-03 00:00:00,1,vibration,mm_s,CNC-04,machining-a,night,nominal,3.46,False,Warning threshold updated for pilot predictive-maintenance model.
578,2024-01-03 00:05:00,2,temperature,celsius,FURN-02,heat-treat,night,nominal,64.347,False,Sensor heartbeat delayed by one interval after gateway retry.
579,2024-01-03 00:10:00,3,pressure,bar,HYD-07,press-line,night,nominal,8.581,False,Humidity readings track seasonal rise across late spring.
580,2024-01-03 00:15:00,4,humidity,percent,PAINT-01,finishing,night,nominal,45.569,False,Warning threshold updated for pilot predictive-maintenance model.
581,2024-01-03 00:20:00,1,vibration,mm_s,CNC-04,machining-a,night,nominal,2.379,False,Pressure settled back to nominal after valve reseat.
582,2024-01-03 00:25:00,2,temperature,celsius,FURN-02,heat-treat,night,nominal,68.905,False,Hydraulic accumulator recharge lag increased under repeated cycles.
583,2024-01-03 00:30:00,3,pressure,bar,HYD-07,press-line,night,nominal,8.225,False,Temperature remained elevated during unscheduled overtime run.
584,2024-01-03 00:35:00,4,humidity,percent,PAINT-01,finishing,night,nominal,40.752,False,Coolant loop adjustment reduced chamber temperature spread.
585,2024-01-03 00:40:00,1,vibration,mm_s,CNC-04,machining-a,night,nominal,2.334,False,Hydraulic line pressure oscillation detected under load.
586,2024-01-03 00:45:00,2,temperature,celsius,FURN-02,heat-treat,night,nominal,65.249,False,Calibration check overdue by 11 days for press-line transducer.
587,2024-01-03 00:50:00,3,pressure,bar,HYD-07,press-line,night,nominal,7.94,False,Temperature variance narrowed after coolant nozzle cleaning.
588,2024-01-03 00:55:00,4,humidity,percent,PAINT-01,finishing,night,nominal,52.724,False,Transient outlier matched forklift impact near cabinet wall.
589,2024-01-03 01:00:00,1,vibration,mm_s,CNC-04,machining-a,night,nominal,2.839,False,Pressure line purge completed before restart authorization.
590,2024-01-03 01:05:00,2,temperature,celsius,FURN-02,heat-treat,night,nominal,66.155,False,Humidity readings track seasonal rise across late spring.
591,2024-01-03 01:10:00,3,pressure,bar,HYD-07,press-line,night,warning,8.506,False,Temporary gateway failover completed without data loss.
592,2024-01-03 01:15:00,4,humidity,percent,PAINT-01,finishing,night,nominal,50.213,False,Thermal ramp exceeded expected warmup curve before shift start.
593,2024-01-03 01:20:00,1,vibration,mm_s,CNC-04,machining-a,night,nominal,2.444,False,Edge collector replayed buffered events after network recovery.
594,2024-01-03 01:25:00,2,temperature,celsius,FURN-02,heat-treat,night,critical,77.142,False,Unexpected resonance band appeared near 42 Hz on spindle motor.
595,2024-01-03 01:30:00,3,pressure,bar,HYD-07,press-line,night,nominal,8.224,False,Maintenance note logged for coupling imbalance inspection.
596,2024-01-03 01:35:00,4,humidity,percent,PAINT-01,finishing,night,nominal,40.165,False,Shift handoff note referenced unusual noise near press enclosure.
597,2024-01-03 01:40:00,1,vibration,mm_s,CNC-04,machining-a,night,nominal,3.267,False,Calibration check overdue by 11 days for press-line transducer.
598,2024-01-03 01:45:00,2,temperature,celsius,FURN-02,heat-treat,night,nominal,65.746,False,Maintenance crew confirmed lubrication interval was missed.
599,2024-01-03 01:50:00,3,pressure,bar,HYD-07,press-line,night,critical,10.001,False,Unexpected resonance band appeared near 42 Hz on spindle motor.
600,2024-01-03 01:55:00,4,humidity,percent,PAINT-01,finishing,night,nominal,42.64,False,Quality hold reduced finishing booth activity for one shift.
601,2024-01-03 02:00:00,1,vibration,mm_s,CNC-04,machining-a,night,nominal,1.877,False,Supervisory alert generated after three consecutive threshold breaches.
602,2024-01-03 02:05:00,2,temperature,celsius,FURN-02,heat-treat,night,nominal,69.18,False,Unexpected resonance band appeared near 42 Hz on spindle motor.
603,2024-01-03 02:10:00,3,pressure,bar,HYD-07,press-line,night,nominal,8.715,False,Press cycle dwell time lengthened during high-volume batch.
604,2024-01-03 02:15:00,4,humidity,percent,PAINT-01,finishing,night,nominal,49.217,False,Coolant loop adjustment reduced chamber temperature spread.
605,2024-01-03 02:20:00,1,vibration,mm_s,CNC-04,machining-a,night,warning,3.124,False,Unbalanced load introduced cyclical pressure ripple.
606,2024-01-03 02:25:00,2,temperature,celsius,FURN-02,heat-treat,night,nominal,67.158,False,Dust extraction fan offline for 18 minutes on line finishing.
607,2024-01-03 02:30:00,3,pressure,bar,HYD-07,press-line,night,nominal,7.706,False,Bearing temperature rising faster than baseline on spindle cell.
608,2024-01-03 02:35:00,4,humidity,percent,PAINT-01,finishing,night,nominal,46.799,False,Short-lived packet loss observed at edge gateway gw-02.
609,2024-01-03 02:40:00,1,vibration,mm_s,CNC-04,machining-a,night,nominal,3.314,False,Reliability engineer tagged sample window for model retraining.
610,2024-01-03 02:45:00,2,temperature,celsius,FURN-02,heat-treat,night,nominal,68.166,False,Vibration baseline recovered after tool holder replacement.
611,2024-01-03 02:50:00,3,pressure,bar,HYD-07,press-line,night,nominal,6.932,False,Sensor battery health remains nominal after firmware update.
612,2024-01-03 02:55:00,4,humidity,percent,PAINT-01,finishing,night,nominal,44.133,False,Press cycle dwell time lengthened during high-volume batch.
613,2024-01-03 03:00:00,1,vibration,mm_s,CNC-04,machining-a,night,warning,2.851,False,Maintenance scheduler deferred calibration due to spare shortage.
614,2024-01-03 03:05:00,2,temperature,celsius,FURN-02,heat-treat,night,warning,71.389,False,Hydraulic accumulator recharge lag increased under repeated cycles.
615,2024-01-03 03:10:00,3,pressure,bar,HYD-07,press-line,night,nominal,7.609,False,Humidity readings track seasonal rise across late spring.
616,2024-01-03 03:15:00,4,humidity,percent,PAINT-01,finishing,night,nominal,38.589,False,Maintenance crew confirmed lubrication interval was missed.
617,2024-01-03 03:20:00,1,vibration,mm_s,CNC-04,machining-a,night,nominal,3.152,False,Pressure line purge completed before restart authorization.
618,2024-01-03 03:25:00,2,temperature,celsius,FURN-02,heat-treat,night,nominal,58.497,False,Vibration harmonics broadened during extended production run.
619,2024-01-03 03:30:00,3,pressure,bar,HYD-07,press-line,night,nominal,6.723,False,Compressed air fluctuation introduced pressure noise for two cycles.
620,2024-01-03 03:35:00,4,humidity,percent,PAINT-01,finishing,night,nominal,39.103,False,Telemetry quality flag downgraded during sensor self-test window.
621,2024-01-03 03:40:00,1,vibration,mm_s,CNC-04,machining-a,night,nominal,2.293,False,Sensor enclosure opened for manual calibration verification.
622,2024-01-03 03:45:00,2,temperature,celsius,FURN-02,heat-treat,night,nominal,69.067,False,Sensor heartbeat delayed by one interval after gateway retry.
623,2024-01-03 03:50:00,3,pressure,bar,HYD-07,press-line,night,critical,8.482,False,Thermal overshoot event coincided with recipe change on furnace.
624,2024-01-03 03:55:00,4,humidity,percent,PAINT-01,finishing,night,nominal,43.964,False,Air handler maintenance reduced humidity variance on finishing line.
625,2024-01-03 04:00:00,1,vibration,mm_s,CNC-04,machining-a,night,warning,2.193,False,Vibration baseline recovered after tool holder replacement.
626,2024-01-03 04:05:00,2,temperature,celsius,FURN-02,heat-treat,night,nominal,66.698,False,Unexpected resonance band appeared near 42 Hz on spindle motor.
627,2024-01-03 04:10:00,3,pressure,bar,HYD-07,press-line,night,nominal,7.861,False,Coolant loop adjustment reduced chamber temperature spread.
628,2024-01-03 04:15:00,4,humidity,percent,PAINT-01,finishing,night,nominal,51.95,False,Thermal ramp exceeded expected warmup curve before shift start.
629,2024-01-03 04:20:00,1,vibration,mm_s,CNC-04,machining-a,night,nominal,2.844,False,Edge collector replayed buffered events after network recovery.
630,2024-01-03 04:25:00,2,temperature,celsius,FURN-02,heat-treat,night,nominal,69.182,False,Ambient temperature stabilized after HVAC stage-two engagement.
631,2024-01-03 04:30:00,3,pressure,bar,HYD-07,press-line,night,warning,7.55,False,Warning threshold updated for pilot predictive-maintenance model.
632,2024-01-03 04:35:00,4,humidity,percent,PAINT-01,finishing,night,nominal,49.432,False,Short-lived packet loss observed at edge gateway gw-02.
633,2024-01-03 04:40:00,1,vibration,mm_s,CNC-04,machining-a,night,nominal,2.253,False,Night shift startup produced higher than normal vibration floor.
634,2024-01-03 04:45:00,2,temperature,celsius,FURN-02,heat-treat,night,nominal,67.478,False,Night shift startup produced higher than normal vibration floor.
635,2024-01-03 04:50:00,3,pressure,bar,HYD-07,press-line,night,nominal,8.439,False,Thermal overshoot event coincided with recipe change on furnace.
636,2024-01-03 04:55:00,4,humidity,percent,PAINT-01,finishing,night,nominal,46.75,False,Humidity climbed during dock-door open period in afternoon shift.
637,2024-01-03 05:00:00,1,vibration,mm_s,CNC-04,machining-a,night,nominal,2.815,False,Maintenance crew confirmed lubrication interval was missed.
638,2024-01-03 05:05:00,2,temperature,celsius,FURN-02,heat-treat,night,nominal,67.519,False,Humidity excursion near finishing booth during coating run.
639,2024-01-03 05:10:00,3,pressure,bar,HYD-07,press-line,night,nominal,7.81,False,Operator reported intermittent chatter on machine CNC-04.
640,2024-01-03 05:15:00,4,humidity,percent,PAINT-01,finishing,night,nominal,47.345,False,Compressed air fluctuation introduced pressure noise for two cycles.
641,2024-01-03 05:20:00,1,vibration,mm_s,CNC-04,machining-a,night,nominal,2.816,False,Thermal overshoot event coincided with recipe change on furnace.
642,2024-01-03 05:25:00,2,temperature,celsius,FURN-02,heat-treat,night,nominal,69.725,False,Unbalanced load introduced cyclical pressure ripple.
643,2024-01-03 05:30:00,3,pressure,bar,HYD-07,press-line,night,nominal,8.306,False,Air handler maintenance reduced humidity variance on finishing line.
644,2024-01-03 05:35:00,4,humidity,percent,PAINT-01,finishing,night,nominal,32.167,False,Quality hold reduced finishing booth activity for one shift.
645,2024-01-03 05:40:00,1,vibration,mm_s,CNC-04,machining-a,night,nominal,2.613,False,Sensor heartbeat delayed by one interval after gateway retry.
646,2024-01-03 05:45:00,2,temperature,celsius,FURN-02,heat-treat,night,nominal,65.92,False,Sensor battery health remains nominal after firmware update.
647,2024-01-03 05:50:00,3,pressure,bar,HYD-07,press-line,night,nominal,7.877,False,Vibration baseline recovered after tool holder replacement.
648,2024-01-03 05:55:00,4,humidity,percent,PAINT-01,finishing,night,nominal,45.174,False,Compressed air fluctuation introduced pressure noise for two cycles.
649,2024-01-03 06:00:00,1,vibration,mm_s,CNC-04,machining-a,night,nominal,2.805,False,Unbalanced load introduced cyclical pressure ripple.
650,2024-01-03 06:05:00,2,temperature,celsius,FURN-02,heat-treat,night,critical,77.249,False,Supervisory alert generated after three consecutive threshold breaches.
651,2024-01-03 06:10:00,3,pressure,bar,HYD-07,press-line,night,nominal,8.1,False,Sensor heartbeat delayed by one interval after gateway retry.
652,2024-01-03 06:15:00,4,humidity,percent,PAINT-01,finishing,night,nominal,45.13,False,Press cycle dwell time lengthened during high-volume batch.
653,2024-01-03 06:20:00,1,vibration,mm_s,CNC-04,machining-a,night,nominal,2.999,False,Hydraulic line pressure oscillation detected under load.
654,2024-01-03 06:25:00,2,temperature,celsius,FURN-02,heat-treat,night,nominal,64.068,False,Heat-treat furnace door cycling increased localized temperature spikes.
655,2024-01-03 06:30:00,3,pressure,bar,HYD-07,press-line,night,nominal,8.889,False,Anomaly review flagged possible bearing wear progression.
656,2024-01-03 06:35:00,4,humidity,percent,PAINT-01,finishing,night,nominal,36.264,False,Vibration baseline recovered after tool holder replacement.
657,2024-01-03 06:40:00,1,vibration,mm_s,CNC-04,machining-a,night,nominal,2.595,False,Thermal overshoot event coincided with recipe change on furnace.
658,2024-01-03 06:45:00,2,temperature,celsius,FURN-02,heat-treat,night,warning,74.875,False,Quality hold reduced finishing booth activity for one shift.
659,2024-01-03 06:50:00,3,pressure,bar,HYD-07,press-line,night,nominal,8.645,False,Unbalanced load introduced cyclical pressure ripple.
660,2024-01-03 06:55:00,4,humidity,percent,PAINT-01,finishing,night,nominal,54.782,False,Hydraulic accumulator recharge lag increased under repeated cycles.
661,2024-01-03 07:00:00,1,vibration,mm_s,CNC-04,machining-a,night,nominal,2.388,False,Thermal ramp exceeded expected warmup curve before shift start.
662,2024-01-03 07:05:00,2,temperature,celsius,FURN-02,heat-treat,night,nominal,62.814,False,Maintenance note logged for coupling imbalance inspection.
663,2024-01-03 07:10:00,3,pressure,bar,HYD-07,press-line,night,nominal,8.981,False,Operator reset acknowledged after red-tag inspection.
664,2024-01-03 07:15:00,4,humidity,percent,PAINT-01,finishing,night,nominal,45.957,False,Operator reset acknowledged after red-tag inspection.
665,2024-01-03 07:20:00,1,vibration,mm_s,CNC-04,machining-a,night,nominal,3.102,False,Calibration check overdue by 11 days for press-line transducer.
666,2024-01-03 07:25:00,2,temperature,celsius,FURN-02,heat-treat,night,nominal,67.214,False,Sensor signal clipping observed during startup surge.
667,2024-01-03 07:30:00,3,pressure,bar,HYD-07,press-line,night,nominal,8.274,False,Maintenance note logged for coupling imbalance inspection.
668,2024-01-03 07:35:00,4,humidity,percent,PAINT-01,finishing,night,critical,46.465,False,Machine throughput increase drove sustained pressure uplift.
669,2024-01-03 07:40:00,1,vibration,mm_s,CNC-04,machining-a,night,nominal,2.8,False,Vibration baseline recovered after tool holder replacement.
670,2024-01-03 07:45:00,2,temperature,celsius,FURN-02,heat-treat,night,nominal,69.8,False,Reliability engineer tagged sample window for model retraining.
671,2024-01-03 07:50:00,3,pressure,bar,HYD-07,press-line,night,nominal,6.874,False,Maintenance crew confirmed lubrication interval was missed.
672,2024-01-03 07:55:00,4,humidity,percent,PAINT-01,finishing,night,nominal,39.864,False,Packaging line stop reduced adjacent vibration background.
673,2024-01-03 08:00:00,1,vibration,mm_s,CNC-04,machining-a,day,critical,2.648,False,Sensor enclosure opened for manual calibration verification.
674,2024-01-03 08:05:00,2,temperature,celsius,FURN-02,heat-treat,day,nominal,63.954,False,Quality team requested trace review for lot 24-118B.
675,2024-01-03 08:10:00,3,pressure,bar,HYD-07,press-line,day,nominal,7.355,False,SCADA backfill inserted two delayed telemetry points.
676,2024-01-03 08:15:00,4,humidity,percent,PAINT-01,finishing,day,nominal,44.721,False,Temperature variance narrowed after coolant nozzle cleaning.
677,2024-01-03 08:20:00,1,vibration,mm_s,CNC-04,machining-a,day,nominal,2.72,False,Short-lived packet loss observed at edge gateway gw-02.
678,2024-01-03 08:25:00,2,temperature,celsius,FURN-02,heat-treat,day,nominal,63.645,False,Sensor 1 spike sequence matches historical bearing fault pattern.
679,2024-01-03 08:30:00,3,pressure,bar,HYD-07,press-line,day,nominal,6.75,False,Quality team requested trace review for lot 24-118B.
680,2024-01-03 08:35:00,4,humidity,percent,PAINT-01,finishing,day,nominal,44.16,False,Pressure line purge completed before restart authorization.
681,2024-01-03 08:40:00,1,vibration,mm_s,CNC-04,machining-a,day,nominal,2.482,False,Dust extraction fan offline for 18 minutes on line finishing.
682,2024-01-03 08:45:00,2,temperature,celsius,FURN-02,heat-treat,day,nominal,66.89,False,Maintenance crew confirmed lubrication interval was missed.
683,2024-01-03 08:50:00,3,pressure,bar,HYD-07,press-line,day,nominal,8.397,False,Press cycle dwell time lengthened during high-volume batch.
684,2024-01-03 08:55:00,4,humidity,percent,PAINT-01,finishing,day,nominal,53.016,False,Dust extraction fan offline for 18 minutes on line finishing.
685,2024-01-03 09:00:00,1,vibration,mm_s,CNC-04,machining-a,day,nominal,2.211,False,Shift handoff note referenced unusual noise near press enclosure.
686,2024-01-03 09:05:00,2,temperature,celsius,FURN-02,heat-treat,day,warning,72.186,False,Bearing temperature rising faster than baseline on spindle cell.
687,2024-01-03 09:10:00,3,pressure,bar,HYD-07,press-line,day,nominal,7.81,False,Edge collector replayed buffered events after network recovery.
688,2024-01-03 09:15:00,4,humidity,percent,PAINT-01,finishing,day,warning,48.215,False,Operator reset acknowledged after red-tag inspection.
689,2024-01-03 09:20:00,1,vibration,mm_s,CNC-04,machining-a,day,nominal,2.061,False,Bearing temperature rising faster than baseline on spindle cell.
690,2024-01-03 09:25:00,2,temperature,celsius,FURN-02,heat-treat,day,nominal,68.524,False,Pressure settled back to nominal after valve reseat.
691,2024-01-03 09:30:00,3,pressure,bar,HYD-07,press-line,day,nominal,8.619,False,Temperature remained elevated during unscheduled overtime run.
692,2024-01-03 09:35:00,4,humidity,percent,PAINT-01,finishing,day,nominal,44.393,False,Maintenance crew confirmed lubrication interval was missed.
693,2024-01-03 09:40:00,1,vibration,mm_s,CNC-04,machining-a,day,nominal,2.351,False,Condensation warning cleared after dehumidifier ramp-up.
694,2024-01-03 09:45:00,2,temperature,celsius,FURN-02,heat-treat,day,critical,76.683,False,Transient outlier matched forklift impact near cabinet wall.
695,2024-01-03 09:50:00,3,pressure,bar,HYD-07,press-line,day,nominal,8.475,False,Transient outlier matched forklift impact near cabinet wall.
696,2024-01-03 09:55:00,4,humidity,percent,PAINT-01,finishing,day,nominal,35.826,False,Pressure line purge completed before restart authorization.
697,2024-01-03 10:00:00,1,vibration,mm_s,CNC-04,machining-a,day,nominal,2.665,False,Night shift startup produced higher than normal vibration floor.
698,2024-01-03 10:05:00,2,temperature,celsius,FURN-02,heat-treat,day,nominal,70.698,False,Humidity climbed during dock-door open period in afternoon shift.
699,2024-01-03 10:10:00,3,pressure,bar,HYD-07,press-line,day,nominal,7.718,False,Pressure line purge completed before restart authorization.
700,2024-01-03 10:15:00,4,humidity,percent,PAINT-01,finishing,day,nominal,37.122,False,Quality hold reduced finishing booth activity for one shift.
701,2024-01-03 10:20:00,1,vibration,mm_s,CNC-04,machining-a,day,nominal,2.691,False,Warning threshold updated for pilot predictive-maintenance model.
702,2024-01-03 10:25:00,2,temperature,celsius,FURN-02,heat-treat,day,nominal,66.1,False,Air handler maintenance reduced humidity variance on finishing line.
703,2024-01-03 10:30:00,3,pressure,bar,HYD-07,press-line,day,nominal,8.935,False,Maintenance scheduler deferred calibration due to spare shortage.
704,2024-01-03 10:35:00,4,humidity,percent,PAINT-01,finishing,day,nominal,30.527,False,Sensor heartbeat delayed by one interval after gateway retry.
705,2024-01-03 10:40:00,1,vibration,mm_s,CNC-04,machining-a,day,nominal,2.479,False,Press cycle dwell time lengthened during high-volume batch.
706,2024-01-03 10:45:00,2,temperature,celsius,FURN-02,heat-treat,day,nominal,56.036,False,Maintenance scheduler deferred calibration due to spare shortage.
707,2024-01-03 10:50:00,3,pressure,bar,HYD-07,press-line,day,nominal,8.424,False,Humidity readings track seasonal rise across late spring.
708,2024-01-03 10:55:00,4,humidity,percent,PAINT-01,finishing,day,nominal,41.712,False,Calibration check overdue by 11 days for press-line transducer.
709,2024-01-03 11:00:00,1,vibration,mm_s,CNC-04,machining-a,day,nominal,2.594,False,Humidity excursion near finishing booth during coating run.
710,2024-01-03 11:05:00,2,temperature,celsius,FURN-02,heat-treat,day,nominal,61.181,False,Maintenance crew confirmed lubrication interval was missed.
711,2024-01-03 11:10:00,3,pressure,bar,HYD-07,press-line,day,critical,7.853,False,Operator reset acknowledged after red-tag inspection.
712,2024-01-03 11:15:00,4,humidity,percent,PAINT-01,finishing,day,nominal,45.967,False,Hydraulic line pressure oscillation detected under load.
713,2024-01-03 11:20:00,1,vibration,mm_s,CNC-04,machining-a,day,nominal,1.792,False,Coolant loop adjustment reduced chamber temperature spread.
714,2024-01-03 11:25:00,2,temperature,celsius,FURN-02,heat-treat,day,nominal,66.967,False,Transient outlier matched forklift impact near cabinet wall.
715,2024-01-03 11:30:00,3,pressure,bar,HYD-07,press-line,day,nominal,8.083,False,Thermal overshoot event coincided with recipe change on furnace.
716,2024-01-03 11:35:00,4,humidity,percent,PAINT-01,finishing,day,nominal,43.774,False,Coolant loop adjustment reduced chamber temperature spread.
717,2024-01-03 11:40:00,1,vibration,mm_s,CNC-04,machining-a,day,nominal,2.145,False,Operator reset acknowledged after red-tag inspection.
718,2024-01-03 11:45:00,2,temperature,celsius,FURN-02,heat-treat,day,nominal,61.12,False,SCADA backfill inserted two delayed telemetry points.
719,2024-01-03 11:50:00,3,pressure,bar,HYD-07,press-line,day,nominal,8.719,False,Humidity baseline improved after seal replacement.
720,2024-01-03 11:55:00,4,humidity,percent,PAINT-01,finishing,day,warning,46.611,False,Supervisory alert generated after three consecutive threshold breaches.
721,2024-01-03 12:00:00,1,vibration,mm_s,CNC-04,machining-a,day,nominal,2.769,False,Dust extraction fan offline for 18 minutes on line finishing.
722,2024-01-03 12:05:00,2,temperature,celsius,FURN-02,heat-treat,day,nominal,67.296,False,Unbalanced load introduced cyclical pressure ripple.
723,2024-01-03 12:10:00,3,pressure,bar,HYD-07,press-line,day,nominal,8.091,False,Operator reset acknowledged after red-tag inspection.
724,2024-01-03 12:15:00,4,humidity,percent,PAINT-01,finishing,day,warning,54.1,False,Thermal ramp exceeded expected warmup curve before shift start.
725,2024-01-03 12:20:00,1,vibration,mm_s,CNC-04,machining-a,day,nominal,1.942,False,Reliability engineer tagged sample window for model retraining.
726,2024-01-03 12:25:00,2,temperature,celsius,FURN-02,heat-treat,day,nominal,69.169,False,Night shift startup produced higher than normal vibration floor.
727,2024-01-03 12:30:00,3,pressure,bar,HYD-07,press-line,day,nominal,7.367,False,Anomaly review flagged possible bearing wear progression.
728,2024-01-03 12:35:00,4,humidity,percent,PAINT-01,finishing,day,nominal,38.635,False,Unexpected resonance band appeared near 42 Hz on spindle motor.
729,2024-01-03 12:40:00,1,vibration,mm_s,CNC-04,machining-a,day,nominal,2.478,False,Transient outlier matched forklift impact near cabinet wall.
730,2024-01-03 12:45:00,2,temperature,celsius,FURN-02,heat-treat,day,nominal,66.848,False,Sensor heartbeat delayed by one interval after gateway retry.
731,2024-01-03 12:50:00,3,pressure,bar,HYD-07,press-line,day,nominal,7.035,False,Dust extraction fan offline for 18 minutes on line finishing.
732,2024-01-03 12:55:00,4,humidity,percent,PAINT-01,finishing,day,nominal,38.606,False,Maintenance scheduler deferred calibration due to spare shortage.
733,2024-01-03 13:00:00,1,vibration,mm_s,CNC-04,machining-a,day,nominal,2.428,False,Temporary gateway failover completed without data loss.
734,2024-01-03 13:05:00,2,temperature,celsius,FURN-02,heat-treat,day,nominal,66.945,False,Calibration check overdue by 11 days for press-line transducer.
735,2024-01-03 13:10:00,3,pressure,bar,HYD-07,press-line,day,nominal,7.628,False,Heat-treat furnace door cycling increased localized temperature spikes.
736,2024-01-03 13:15:00,4,humidity,percent,PAINT-01,finishing,day,nominal,43.999,False,Condensation warning cleared after dehumidifier ramp-up.
737,2024-01-03 13:20:00,1,vibration,mm_s,CNC-04,machining-a,day,nominal,2.337,False,Sensor enclosure opened for manual calibration verification.
738,2024-01-03 13:25:00,2,temperature,celsius,FURN-02,heat-treat,day,critical,76.976,False,Operator reported intermittent chatter on machine CNC-04.
739,2024-01-03 13:30:00,3,pressure,bar,HYD-07,press-line,day,nominal,7.357,False,Operator reset acknowledged after red-tag inspection.
740,2024-01-03 13:35:00,4,humidity,percent,PAINT-01,finishing,day,nominal,35.553,False,Operator reported intermittent chatter on machine CNC-04.
741,2024-01-03 13:40:00,1,vibration,mm_s,CNC-04,machining-a,day,nominal,2.773,False,Maintenance crew confirmed lubrication interval was missed.
742,2024-01-03 13:45:00,2,temperature,celsius,FURN-02,heat-treat,day,nominal,68.463,False,Pressure peak corresponds to oversized billet batch processing.
743,2024-01-03 13:50:00,3,pressure,bar,HYD-07,press-line,day,nominal,7.933,False,Humidity readings track seasonal rise across late spring.
744,2024-01-03 13:55:00,4,humidity,percent,PAINT-01,finishing,day,nominal,43.068,False,Pressure settled back to nominal after valve reseat.
745,2024-01-03 14:00:00,1,vibration,mm_s,CNC-04,machining-a,day,nominal,2.525,False,Reliability engineer tagged sample window for model retraining.
746,2024-01-03 14:05:00,2,temperature,celsius,FURN-02,heat-treat,day,nominal,67.548,False,Humidity baseline improved after seal replacement.
747,2024-01-03 14:10:00,3,pressure,bar,HYD-07,press-line,day,nominal,7.465,False,Condensation warning cleared after dehumidifier ramp-up.
748,2024-01-03 14:15:00,4,humidity,percent,PAINT-01,finishing,day,nominal,41.081,False,Unbalanced load introduced cyclical pressure ripple.
749,2024-01-03 14:20:00,1,vibration,mm_s,CNC-04,machining-a,day,nominal,1.741,False,Quality team requested trace review for lot 24-118B.
750,2024-01-03 14:25:00,2,temperature,celsius,FURN-02,heat-treat,day,nominal,63.695,False,Machine idle period extended during planned sanitation window.
751,2024-01-03 14:30:00,3,pressure,bar,HYD-07,press-line,day,nominal,7.551,False,Humidity climbed during dock-door open period in afternoon shift.
752,2024-01-03 14:35:00,4,humidity,percent,PAINT-01,finishing,day,nominal,36.993,False,Short-lived packet loss observed at edge gateway gw-02.
753,2024-01-03 14:40:00,1,vibration,mm_s,CNC-04,machining-a,day,nominal,2.684,False,Quality team requested trace review for lot 24-118B.
754,2024-01-03 14:45:00,2,temperature,celsius,FURN-02,heat-treat,day,nominal,68.155,False,Night shift startup produced higher than normal vibration floor.
755,2024-01-03 14:50:00,3,pressure,bar,HYD-07,press-line,day,nominal,8.588,False,Pressure line purge completed before restart authorization.
756,2024-01-03 14:55:00,4,humidity,percent,PAINT-01,finishing,day,nominal,36.863,False,Sensor signal clipping observed during startup surge.
757,2024-01-03 15:00:00,1,vibration,mm_s,CNC-04,machining-a,day,nominal,2.121,False,Humidity excursion near finishing booth during coating run.
758,2024-01-03 15:05:00,2,temperature,celsius,FURN-02,heat-treat,day,warning,66.018,False,Quality team requested trace review for lot 24-118B.
759,2024-01-03 15:10:00,3,pressure,bar,HYD-07,press-line,day,nominal,8.876,False,Edge collector replayed buffered events after network recovery.
760,2024-01-03 15:15:00,4,humidity,percent,PAINT-01,finishing,day,nominal,40.728,False,Air handler maintenance reduced humidity variance on finishing line.
761,2024-01-03 15:20:00,1,vibration,mm_s,CNC-04,machining-a,day,nominal,1.65,False,Operator reported intermittent chatter on machine CNC-04.
762,2024-01-03 15:25:00,2,temperature,celsius,FURN-02,heat-treat,day,critical,76.28,False,Thermal ramp exceeded expected warmup curve before shift start.
763,2024-01-03 15:30:00,3,pressure,bar,HYD-07,press-line,day,nominal,7.295,False,Compressed air fluctuation introduced pressure noise for two cycles.
764,2024-01-03 15:35:00,4,humidity,percent,PAINT-01,finishing,day,nominal,39.896,False,Sensor 1 spike sequence matches historical bearing fault pattern.
765,2024-01-03 15:40:00,1,vibration,mm_s,CNC-04,machining-a,day,nominal,2.808,False,Thermal ramp exceeded expected warmup curve before shift start.
766,2024-01-03 15:45:00,2,temperature,celsius,FURN-02,heat-treat,day,nominal,70.735,False,Quality team requested trace review for lot 24-118B.
767,2024-01-03 15:50:00,3,pressure,bar,HYD-07,press-line,day,nominal,7.567,False,Heat-treat furnace door cycling increased localized temperature spikes.
768,2024-01-03 15:55:00,4,humidity,percent,PAINT-01,finishing,day,nominal,41.572,False,Ambient temperature stabilized after HVAC stage-two engagement.
769,2024-01-03 16:00:00,1,vibration,mm_s,CNC-04,machining-a,swing,nominal,1.748,False,Reliability engineer tagged sample window for model retraining.
770,2024-01-03 16:05:00,2,temperature,celsius,FURN-02,heat-treat,swing,warning,74.565,False,Operator reset acknowledged after red-tag inspection.
771,2024-01-03 16:10:00,3,pressure,bar,HYD-07,press-line,swing,nominal,7.651,False,Hydraulic line pressure oscillation detected under load.
772,2024-01-03 16:15:00,4,humidity,percent,PAINT-01,finishing,swing,nominal,50.081,False,Hydraulic accumulator recharge lag increased under repeated cycles.
773,2024-01-03 16:20:00,1,vibration,mm_s,CNC-04,machining-a,swing,nominal,2.205,False,Vibration baseline recovered after tool holder replacement.
774,2024-01-03 16:25:00,2,temperature,celsius,FURN-02,heat-treat,swing,nominal,69.113,False,Quality hold reduced finishing booth activity for one shift.
775,2024-01-03 16:30:00,3,pressure,bar,HYD-07,press-line,swing,nominal,8.004,False,Humidity readings track seasonal rise across late spring.
776,2024-01-03 16:35:00,4,humidity,percent,PAINT-01,finishing,swing,nominal,48.606,False,Vibration harmonics broadened during extended production run.
777,2024-01-03 16:40:00,1,vibration,mm_s,CNC-04,machining-a,swing,nominal,2.561,False,Press cycle dwell time lengthened during high-volume batch.
778,2024-01-03 16:45:00,2,temperature,celsius,FURN-02,heat-treat,swing,warning,73.782,False,Ambient temperature stabilized after HVAC stage-two engagement.
779,2024-01-03 16:50:00,3,pressure,bar,HYD-07,press-line,swing,nominal,8.024,False,Humidity readings track seasonal rise across late spring.
780,2024-01-03 16:55:00,4,humidity,percent,PAINT-01,finishing,swing,nominal,45.336,False,Coolant loop adjustment reduced chamber temperature spread.
781,2024-01-03 17:00:00,1,vibration,mm_s,CNC-04,machining-a,swing,nominal,2.36,False,Shift handoff note referenced unusual noise near press enclosure.
782,2024-01-03 17:05:00,2,temperature,celsius,FURN-02,heat-treat,swing,nominal,63.673,False,SCADA backfill inserted two delayed telemetry points.
783,2024-01-03 17:10:00,3,pressure,bar,HYD-07,press-line,swing,nominal,7.47,False,Sensor 1 spike sequence matches historical bearing fault pattern.
784,2024-01-03 17:15:00,4,humidity,percent,PAINT-01,finishing,swing,nominal,46.754,False,Vibration harmonics broadened during extended production run.
785,2024-01-03 17:20:00,1,vibration,mm_s,CNC-04,machining-a,swing,critical,2.057,False,Pressure settled back to nominal after valve reseat.
786,2024-01-03 17:25:00,2,temperature,celsius,FURN-02,heat-treat,swing,nominal,69.301,False,Supervisory alert generated after three consecutive threshold breaches.
787,2024-01-03 17:30:00,3,pressure,bar,HYD-07,press-line,swing,nominal,8.131,False,Temporary gateway failover completed without data loss.
788,2024-01-03 17:35:00,4,humidity,percent,PAINT-01,finishing,swing,nominal,38.268,False,Maintenance crew confirmed lubrication interval was missed.
789,2024-01-03 17:40:00,1,vibration,mm_s,CNC-04,machining-a,swing,nominal,1.853,False,Temperature remained elevated during unscheduled overtime run.
790,2024-01-03 17:45:00,2,temperature,celsius,FURN-02,heat-treat,swing,nominal,64.267,False,Calibration check overdue by 11 days for press-line transducer.
791,2024-01-03 17:50:00,3,pressure,bar,HYD-07,press-line,swing,nominal,7.5,False,Reliability engineer tagged sample window for model retraining.
792,2024-01-03 17:55:00,4,humidity,percent,PAINT-01,finishing,swing,nominal,46.456,False,Bearing temperature rising faster than baseline on spindle cell.
793,2024-01-03 18:00:00,1,vibration,mm_s,CNC-04,machining-a,swing,nominal,1.982,False,Packaging line stop reduced adjacent vibration background.
794,2024-01-03 18:05:00,2,temperature,celsius,FURN-02,heat-treat,swing,nominal,66.201,False,Maintenance note logged for coupling imbalance inspection.
795,2024-01-03 18:10:00,3,pressure,bar,HYD-07,press-line,swing,nominal,7.557,False,Sensor signal clipping observed during startup surge.
796,2024-01-03 18:15:00,4,humidity,percent,PAINT-01,finishing,swing,nominal,38.345,False,Quality team requested trace review for lot 24-118B.
797,2024-01-03 18:20:00,1,vibration,mm_s,CNC-04,machining-a,swing,nominal,1.807,False,Humidity excursion near finishing booth during coating run.
798,2024-01-03 18:25:00,2,temperature,celsius,FURN-02,heat-treat,swing,nominal,68.367,False,Maintenance crew confirmed lubrication interval was missed.
799,2024-01-03 18:30:00,3,pressure,bar,HYD-07,press-line,swing,nominal,7.209,False,Compressed air fluctuation introduced pressure noise for two cycles.
800,2024-01-03 18:35:00,4,humidity,percent,PAINT-01,finishing,swing,nominal,46.324,False,Vibration burst exceeds envelope during tool change cycle.
801,2024-01-03 18:40:00,1,vibration,mm_s,CNC-04,machining-a,swing,nominal,2.33,False,Heat-treat furnace door cycling increased localized temperature spikes.
802,2024-01-03 18:45:00,2,temperature,celsius,FURN-02,heat-treat,swing,nominal,63.874,False,Warning threshold updated for pilot predictive-maintenance model.
803,2024-01-03 18:50:00,3,pressure,bar,HYD-07,press-line,swing,nominal,8.473,False,Dust extraction fan offline for 18 minutes on line finishing.
804,2024-01-03 18:55:00,4,humidity,percent,PAINT-01,finishing,swing,nominal,52.517,False,Operator reported intermittent chatter on machine CNC-04.
805,2024-01-03 19:00:00,1,vibration,mm_s,CNC-04,machining-a,swing,nominal,2.1,False,Pressure line purge completed before restart authorization.
806,2024-01-03 19:05:00,2,temperature,celsius,FURN-02,heat-treat,swing,nominal,61.602,False,Maintenance scheduler deferred calibration due to spare shortage.
807,2024-01-03 19:10:00,3,pressure,bar,HYD-07,press-line,swing,nominal,8.391,False,Shift handoff note referenced unusual noise near press enclosure.
808,2024-01-03 19:15:00,4,humidity,percent,PAINT-01,finishing,swing,nominal,48.369,False,Shift handoff note referenced unusual noise near press enclosure.
809,2024-01-03 19:20:00,1,vibration,mm_s,CNC-04,machining-a,swing,nominal,1.642,False,Condensation warning cleared after dehumidifier ramp-up.
810,2024-01-03 19:25:00,2,temperature,celsius,FURN-02,heat-treat,swing,warning,72.609,False,Quality team requested trace review for lot 24-118B.
811,2024-01-03 19:30:00,3,pressure,bar,HYD-07,press-line,swing,nominal,8.025,False,Maintenance scheduler deferred calibration due to spare shortage.
812,2024-01-03 19:35:00,4,humidity,percent,PAINT-01,finishing,swing,nominal,47.833,False,Reliability engineer tagged sample window for model retraining.
813,2024-01-03 19:40:00,1,vibration,mm_s,CNC-04,machining-a,swing,critical,2.241,False,Pressure line purge completed before restart authorization.
814,2024-01-03 19:45:00,2,temperature,celsius,FURN-02,heat-treat,swing,nominal,60.621,False,Sensor signal clipping observed during startup surge.
815,2024-01-03 19:50:00,3,pressure,bar,HYD-07,press-line,swing,nominal,8.231,False,Machine throughput increase drove sustained pressure uplift.
816,2024-01-03 19:55:00,4,humidity,percent,PAINT-01,finishing,swing,nominal,38.058,False,Sensor heartbeat delayed by one interval after gateway retry.
817,2024-01-03 20:00:00,1,vibration,mm_s,CNC-04,machining-a,swing,nominal,2.046,False,Quality team requested trace review for lot 24-118B.
818,2024-01-03 20:05:00,2,temperature,celsius,FURN-02,heat-treat,swing,warning,75.79,False,Dust extraction fan offline for 18 minutes on line finishing.
819,2024-01-03 20:10:00,3,pressure,bar,HYD-07,press-line,swing,nominal,8.521,False,Temperature variance narrowed after coolant nozzle cleaning.
820,2024-01-03 20:15:00,4,humidity,percent,PAINT-01,finishing,swing,nominal,43.371,False,Quality team requested trace review for lot 24-118B.
821,2024-01-03 20:20:00,1,vibration,mm_s,CNC-04,machining-a,swing,nominal,2.547,False,Heat-treat furnace door cycling increased localized temperature spikes.
822,2024-01-03 20:25:00,2,temperature,celsius,FURN-02,heat-treat,swing,nominal,64.515,False,Sensor enclosure opened for manual calibration verification.
823,2024-01-03 20:30:00,3,pressure,bar,HYD-07,press-line,swing,nominal,8.289,False,Hydraulic line pressure oscillation detected under load.
824,2024-01-03 20:35:00,4,humidity,percent,PAINT-01,finishing,swing,nominal,44.849,False,Vibration harmonics broadened during extended production run.
825,2024-01-03 20:40:00,1,vibration,mm_s,CNC-04,machining-a,swing,nominal,2.599,False,Sensor heartbeat delayed by one interval after gateway retry.
826,2024-01-03 20:45:00,2,temperature,celsius,FURN-02,heat-treat,swing,nominal,70.736,False,Night shift startup produced higher than normal vibration floor.
827,2024-01-03 20:50:00,3,pressure,bar,HYD-07,press-line,swing,nominal,8.273,False,Humidity climbed during dock-door open period in afternoon shift.
828,2024-01-03 20:55:00,4,humidity,percent,PAINT-01,finishing,swing,nominal,48.695,False,Sensor heartbeat delayed by one interval after gateway retry.
829,2024-01-03 21:00:00,1,vibration,mm_s,CNC-04,machining-a,swing,nominal,3.138,False,Reliability engineer tagged sample window for model retraining.
830,2024-01-03 21:05:00,2,temperature,celsius,FURN-02,heat-treat,swing,warning,71.0,False,Quality hold reduced finishing booth activity for one shift.
831,2024-01-03 21:10:00,3,pressure,bar,HYD-07,press-line,swing,nominal,7.521,False,Press cycle dwell time lengthened during high-volume batch.
832,2024-01-03 21:15:00,4,humidity,percent,PAINT-01,finishing,swing,nominal,39.881,False,Maintenance crew confirmed lubrication interval was missed.
833,2024-01-03 21:20:00,1,vibration,mm_s,CNC-04,machining-a,swing,nominal,2.756,False,Vibration harmonics broadened during extended production run.
834,2024-01-03 21:25:00,2,temperature,celsius,FURN-02,heat-treat,swing,nominal,63.213,False,Maintenance crew confirmed lubrication interval was missed.
835,2024-01-03 21:30:00,3,pressure,bar,HYD-07,press-line,swing,nominal,6.823,False,Bearing temperature rising faster than baseline on spindle cell.
836,2024-01-03 21:35:00,4,humidity,percent,PAINT-01,finishing,swing,nominal,43.028,False,Unexpected resonance band appeared near 42 Hz on spindle motor.
837,2024-01-03 21:40:00,1,vibration,mm_s,CNC-04,machining-a,swing,nominal,1.801,False,Air handler maintenance reduced humidity variance on finishing line.
838,2024-01-03 21:45:00,2,temperature,celsius,FURN-02,heat-treat,swing,critical,70.259,False,Vibration baseline recovered after tool holder replacement.
839,2024-01-03 21:50:00,3,pressure,bar,HYD-07,press-line,swing,nominal,7.286,False,Warning threshold updated for pilot predictive-maintenance model.
840,2024-01-03 21:55:00,4,humidity,percent,PAINT-01,finishing,swing,nominal,51.64,False,Ambient temperature stabilized after HVAC stage-two engagement.
841,2024-01-03 22:00:00,1,vibration,mm_s,CNC-04,machining-a,swing,nominal,1.205,False,Machine throughput increase drove sustained pressure uplift.
842,2024-01-03 22:05:00,2,temperature,celsius,FURN-02,heat-treat,swing,nominal,68.962,False,Humidity readings track seasonal rise across late spring.
843,2024-01-03 22:10:00,3,pressure,bar,HYD-07,press-line,swing,nominal,9.227,False,Temporary gateway failover completed without data loss.
844,2024-01-03 22:15:00,4,humidity,percent,PAINT-01,finishing,swing,nominal,43.831,False,Operator reported intermittent chatter on machine CNC-04.
845,2024-01-03 22:20:00,1,vibration,mm_s,CNC-04,machining-a,swing,nominal,1.565,False,Sensor 1 spike sequence matches historical bearing fault pattern.
846,2024-01-03 22:25:00,2,temperature,celsius,FURN-02,heat-treat,swing,warning,71.031,False,Quality hold reduced finishing booth activity for one shift.
847,2024-01-03 22:30:00,3,pressure,bar,HYD-07,press-line,swing,nominal,7.646,False,Humidity baseline improved after seal replacement.
848,2024-01-03 22:35:00,4,humidity,percent,PAINT-01,finishing,swing,nominal,32.299,False,Supervisory alert generated after three consecutive threshold breaches.
849,2024-01-03 22:40:00,1,vibration,mm_s,CNC-04,machining-a,swing,nominal,2.124,False,Thermal ramp exceeded expected warmup curve before shift start.
850,2024-01-03 22:45:00,2,temperature,celsius,FURN-02,heat-treat,swing,warning,73.635,False,Hydraulic line pressure oscillation detected under load.
851,2024-01-03 22:50:00,3,pressure,bar,HYD-07,press-line,swing,nominal,8.84,False,Condensation warning cleared after dehumidifier ramp-up.
852,2024-01-03 22:55:00,4,humidity,percent,PAINT-01,finishing,swing,nominal,37.919,False,Warning threshold updated for pilot predictive-maintenance model.
853,2024-01-03 23:00:00,1,vibration,mm_s,CNC-04,machining-a,swing,nominal,1.516,False,Calibration check overdue by 11 days for press-line transducer.
854,2024-01-03 23:05:00,2,temperature,celsius,FURN-02,heat-treat,swing,warning,71.854,False,Humidity baseline improved after seal replacement.
855,2024-01-03 23:10:00,3,pressure,bar,HYD-07,press-line,swing,nominal,8.152,False,Packaging line stop reduced adjacent vibration background.
856,2024-01-03 23:15:00,4,humidity,percent,PAINT-01,finishing,swing,nominal,40.241,False,Calibration check overdue by 11 days for press-line transducer.
857,2024-01-03 23:20:00,1,vibration,mm_s,CNC-04,machining-a,swing,nominal,2.061,False,Warning threshold updated for pilot predictive-maintenance model.
858,2024-01-03 23:25:00,2,temperature,celsius,FURN-02,heat-treat,swing,nominal,64.286,False,Hydraulic line pressure oscillation detected under load.
859,2024-01-03 23:30:00,3,pressure,bar,HYD-07,press-line,swing,nominal,7.781,False,Pressure settled back to nominal after valve reseat.
860,2024-01-03 23:35:00,4,humidity,percent,PAINT-01,finishing,swing,nominal,38.513,False,Press cycle dwell time lengthened during high-volume batch.
861,2024-01-03 23:40:00,1,vibration,mm_s,CNC-04,machining-a,swing,nominal,2.418,False,Press cycle dwell time lengthened during high-volume batch.
862,2024-01-03 23:45:00,2,temperature,celsius,FURN-02,heat-treat,swing,nominal,67.582,False,Pressure peak corresponds to oversized billet batch processing.
863,2024-01-03 23:50:00,3,pressure,bar,HYD-07,press-line,swing,nominal,7.214,False,Dust extraction fan offline for 18 minutes on line finishing.
864,2024-01-03 23:55:00,4,humidity,percent,PAINT-01,finishing,swing,nominal,44.886,False,Sensor signal clipping observed during startup surge.
865,2024-01-04 00:00:00,1,vibration,mm_s,CNC-04,machining-a,night,nominal,2.34,False,Heat-treat furnace door cycling increased localized temperature spikes.
866,2024-01-04 00:05:00,2,temperature,celsius,FURN-02,heat-treat,night,nominal,64.737,False,Pressure line purge completed before restart authorization.
867,2024-01-04 00:10:00,3,pressure,bar,HYD-07,press-line,night,nominal,7.593,False,Calibration check overdue by 11 days for press-line transducer.
868,2024-01-04 00:15:00,4,humidity,percent,PAINT-01,finishing,night,nominal,49.591,False,Temperature variance narrowed after coolant nozzle cleaning.
869,2024-01-04 00:20:00,1,vibration,mm_s,CNC-04,machining-a,night,nominal,2.803,False,Operator reported intermittent chatter on machine CNC-04.
870,2024-01-04 00:25:00,2,temperature,celsius,FURN-02,heat-treat,night,nominal,65.855,False,Maintenance crew confirmed lubrication interval was missed.
871,2024-01-04 00:30:00,3,pressure,bar,HYD-07,press-line,night,nominal,7.964,False,Anomaly review flagged possible bearing wear progression.
872,2024-01-04 00:35:00,4,humidity,percent,PAINT-01,finishing,night,nominal,50.507,False,Maintenance crew confirmed lubrication interval was missed.
873,2024-01-04 00:40:00,1,vibration,mm_s,CNC-04,machining-a,night,warning,2.315,False,Edge collector replayed buffered events after network recovery.
874,2024-01-04 00:45:00,2,temperature,celsius,FURN-02,heat-treat,night,nominal,70.643,False,Shift handoff note referenced unusual noise near press enclosure.
875,2024-01-04 00:50:00,3,pressure,bar,HYD-07,press-line,night,nominal,7.963,False,Air handler maintenance reduced humidity variance on finishing line.
876,2024-01-04 00:55:00,4,humidity,percent,PAINT-01,finishing,night,nominal,50.86,False,Unexpected resonance band appeared near 42 Hz on spindle motor.
877,2024-01-04 01:00:00,1,vibration,mm_s,CNC-04,machining-a,night,nominal,2.231,False,Thermal overshoot event coincided with recipe change on furnace.
878,2024-01-04 01:05:00,2,temperature,celsius,FURN-02,heat-treat,night,warning,71.171,False,Unbalanced load introduced cyclical pressure ripple.
879,2024-01-04 01:10:00,3,pressure,bar,HYD-07,press-line,night,nominal,8.405,False,Telemetry quality flag downgraded during sensor self-test window.
880,2024-01-04 01:15:00,4,humidity,percent,PAINT-01,finishing,night,nominal,40.932,False,Sensor enclosure opened for manual calibration verification.
881,2024-01-04 01:20:00,1,vibration,mm_s,CNC-04,machining-a,night,nominal,3.589,False,Humidity excursion near finishing booth during coating run.
882,2024-01-04 01:25:00,2,temperature,celsius,FURN-02,heat-treat,night,warning,71.068,False,Vibration harmonics broadened during extended production run.
883,2024-01-04 01:30:00,3,pressure,bar,HYD-07,press-line,night,warning,7.609,False,Sensor 1 spike sequence matches historical bearing fault pattern.
884,2024-01-04 01:35:00,4,humidity,percent,PAINT-01,finishing,night,nominal,42.772,False,Humidity readings track seasonal rise across late spring.
885,2024-01-04 01:40:00,1,vibration,mm_s,CNC-04,machining-a,night,nominal,2.632,False,Warning threshold updated for pilot predictive-maintenance model.
886,2024-01-04 01:45:00,2,temperature,celsius,FURN-02,heat-treat,night,nominal,69.745,False,Sensor 1 spike sequence matches historical bearing fault pattern.
887,2024-01-04 01:50:00,3,pressure,bar,HYD-07,press-line,night,nominal,7.633,False,Packaging line stop reduced adjacent vibration background.
888,2024-01-04 01:55:00,4,humidity,percent,PAINT-01,finishing,night,nominal,43.428,False,Machine idle period extended during planned sanitation window.
889,2024-01-04 02:00:00,1,vibration,mm_s,CNC-04,machining-a,night,nominal,2.712,False,Press cycle dwell time lengthened during high-volume batch.
890,2024-01-04 02:05:00,2,temperature,celsius,FURN-02,heat-treat,night,nominal,70.434,False,Compressed air fluctuation introduced pressure noise for two cycles.
891,2024-01-04 02:10:00,3,pressure,bar,HYD-07,press-line,night,nominal,8.617,False,Maintenance crew confirmed lubrication interval was missed.
892,2024-01-04 02:15:00,4,humidity,percent,PAINT-01,finishing,night,warning,58.556,False,Bearing temperature rising faster than baseline on spindle cell.
893,2024-01-04 02:20:00,1,vibration,mm_s,CNC-04,machining-a,night,nominal,3.114,False,Sensor 3 drift suspected after cross-check with manual gauge.
894,2024-01-04 02:25:00,2,temperature,celsius,FURN-02,heat-treat,night,nominal,66.405,False,Maintenance scheduler deferred calibration due to spare shortage.
895,2024-01-04 02:30:00,3,pressure,bar,HYD-07,press-line,night,nominal,9.284,False,Humidity baseline improved after seal replacement.
896,2024-01-04 02:35:00,4,humidity,percent,PAINT-01,finishing,night,nominal,45.926,False,Thermal ramp exceeded expected warmup curve before shift start.
897,2024-01-04 02:40:00,1,vibration,mm_s,CNC-04,machining-a,night,nominal,3.132,False,Humidity readings track seasonal rise across late spring.
898,2024-01-04 02:45:00,2,temperature,celsius,FURN-02,heat-treat,night,warning,74.533,False,Maintenance scheduler deferred calibration due to spare shortage.
899,2024-01-04 02:50:00,3,pressure,bar,HYD-07,press-line,night,nominal,8.106,False,Temperature remained elevated during unscheduled overtime run.
900,2024-01-04 02:55:00,4,humidity,percent,PAINT-01,finishing,night,nominal,43.253,False,Compressed air fluctuation introduced pressure noise for two cycles.
901,2024-01-04 03:00:00,1,vibration,mm_s,CNC-04,machining-a,night,nominal,2.449,False,Operator reset acknowledged after red-tag inspection.
902,2024-01-04 03:05:00,2,temperature,celsius,FURN-02,heat-treat,night,warning,71.46,False,Anomaly review flagged possible bearing wear progression.
903,2024-01-04 03:10:00,3,pressure,bar,HYD-07,press-line,night,nominal,8.338,False,Maintenance note logged for coupling imbalance inspection.
904,2024-01-04 03:15:00,4,humidity,percent,PAINT-01,finishing,night,nominal,39.415,False,Maintenance note logged for coupling imbalance inspection.
905,2024-01-04 03:20:00,1,vibration,mm_s,CNC-04,machining-a,night,warning,3.225,False,Bearing temperature rising faster than baseline on spindle cell.
906,2024-01-04 03:25:00,2,temperature,celsius,FURN-02,heat-treat,night,nominal,68.36,False,Sensor signal clipping observed during startup surge.
907,2024-01-04 03:30:00,3,pressure,bar,HYD-07,press-line,night,nominal,7.955,False,Night shift startup produced higher than normal vibration floor.
908,2024-01-04 03:35:00,4,humidity,percent,PAINT-01,finishing,night,nominal,49.981,False,Operator reset acknowledged after red-tag inspection.
909,2024-01-04 03:40:00,1,vibration,mm_s,CNC-04,machining-a,night,nominal,2.403,False,Pressure line purge completed before restart authorization.
910,2024-01-04 03:45:00,2,temperature,celsius,FURN-02,heat-treat,night,warning,73.523,False,Anomaly review flagged possible bearing wear progression.
911,2024-01-04 03:50:00,3,pressure,bar,HYD-07,press-line,night,nominal,8.008,False,Quality hold reduced finishing booth activity for one shift.
912,2024-01-04 03:55:00,4,humidity,percent,PAINT-01,finishing,night,nominal,37.697,False,Anomaly review flagged possible bearing wear progression.
913,2024-01-04 04:00:00,1,vibration,mm_s,CNC-04,machining-a,night,nominal,3.209,False,Shift handoff note referenced unusual noise near press enclosure.
914,2024-01-04 04:05:00,2,temperature,celsius,FURN-02,heat-treat,night,critical,66.138,False,Sensor battery health remains nominal after firmware update.
915,2024-01-04 04:10:00,3,pressure,bar,HYD-07,press-line,night,critical,7.912,False,Thermal ramp exceeded expected warmup curve before shift start.
916,2024-01-04 04:15:00,4,humidity,percent,PAINT-01,finishing,night,warning,45.219,False,Hydraulic line pressure oscillation detected under load.
917,2024-01-04 04:20:00,1,vibration,mm_s,CNC-04,machining-a,night,nominal,1.971,False,Shift handoff note referenced unusual noise near press enclosure.
918,2024-01-04 04:25:00,2,temperature,celsius,FURN-02,heat-treat,night,nominal,68.995,False,Humidity excursion near finishing booth during coating run.
919,2024-01-04 04:30:00,3,pressure,bar,HYD-07,press-line,night,nominal,7.823,False,Telemetry quality flag downgraded during sensor self-test window.
920,2024-01-04 04:35:00,4,humidity,percent,PAINT-01,finishing,night,nominal,43.551,False,Humidity baseline improved after seal replacement.
921,2024-01-04 04:40:00,1,vibration,mm_s,CNC-04,machining-a,night,nominal,2.481,False,Supervisory alert generated after three consecutive threshold breaches.
922,2024-01-04 04:45:00,2,temperature,celsius,FURN-02,heat-treat,night,warning,72.485,False,Heat-treat furnace door cycling increased localized temperature spikes.
923,2024-01-04 04:50:00,3,pressure,bar,HYD-07,press-line,night,nominal,8.411,False,Sensor heartbeat delayed by one interval after gateway retry.
924,2024-01-04 04:55:00,4,humidity,percent,PAINT-01,finishing,night,nominal,42.246,False,Operator reset acknowledged after red-tag inspection.
925,2024-01-04 05:00:00,1,vibration,mm_s,CNC-04,machining-a,night,nominal,2.772,False,Calibration check overdue by 11 days for press-line transducer.
926,2024-01-04 05:05:00,2,temperature,celsius,FURN-02,heat-treat,night,nominal,62.977,False,Machine throughput increase drove sustained pressure uplift.
927,2024-01-04 05:10:00,3,pressure,bar,HYD-07,press-line,night,nominal,8.451,False,Machine throughput increase drove sustained pressure uplift.
928,2024-01-04 05:15:00,4,humidity,percent,PAINT-01,finishing,night,nominal,53.487,False,Sensor 1 spike sequence matches historical bearing fault pattern.
929,2024-01-04 05:20:00,1,vibration,mm_s,CNC-04,machining-a,night,nominal,2.848,False,Humidity climbed during dock-door open period in afternoon shift.
930,2024-01-04 05:25:00,2,temperature,celsius,FURN-02,heat-treat,night,critical,78.462,False,Sensor 3 drift suspected after cross-check with manual gauge.
931,2024-01-04 05:30:00,3,pressure,bar,HYD-07,press-line,night,nominal,7.891,False,Temporary gateway failover completed without data loss.
932,2024-01-04 05:35:00,4,humidity,percent,PAINT-01,finishing,night,nominal,46.671,False,Machine idle period extended during planned sanitation window.
933,2024-01-04 05:40:00,1,vibration,mm_s,CNC-04,machining-a,night,nominal,2.186,False,Temperature remained elevated during unscheduled overtime run.
934,2024-01-04 05:45:00,2,temperature,celsius,FURN-02,heat-treat,night,nominal,65.811,False,Packaging line stop reduced adjacent vibration background.
935,2024-01-04 05:50:00,3,pressure,bar,HYD-07,press-line,night,nominal,7.677,False,Night shift startup produced higher than normal vibration floor.
936,2024-01-04 05:55:00,4,humidity,percent,PAINT-01,finishing,night,nominal,49.071,False,Quality team requested trace review for lot 24-118B.
937,2024-01-04 06:00:00,1,vibration,mm_s,CNC-04,machining-a,night,warning,1.743,False,Maintenance scheduler deferred calibration due to spare shortage.
938,2024-01-04 06:05:00,2,temperature,celsius,FURN-02,heat-treat,night,nominal,66.425,False,Thermal overshoot event coincided with recipe change on furnace.
939,2024-01-04 06:10:00,3,pressure,bar,HYD-07,press-line,night,nominal,7.74,False,Compressed air fluctuation introduced pressure noise for two cycles.
940,2024-01-04 06:15:00,4,humidity,percent,PAINT-01,finishing,night,nominal,38.022,False,Edge collector replayed buffered events after network recovery.
941,2024-01-04 06:20:00,1,vibration,mm_s,CNC-04,machining-a,night,nominal,2.903,False,Unbalanced load introduced cyclical pressure ripple.
942,2024-01-04 06:25:00,2,temperature,celsius,FURN-02,heat-treat,night,nominal,68.553,False,Humidity baseline improved after seal replacement.
943,2024-01-04 06:30:00,3,pressure,bar,HYD-07,press-line,night,nominal,8.474,False,Hydraulic line pressure oscillation detected under load.
944,2024-01-04 06:35:00,4,humidity,percent,PAINT-01,finishing,night,nominal,49.092,False,Dust extraction fan offline for 18 minutes on line finishing.
945,2024-01-04 06:40:00,1,vibration,mm_s,CNC-04,machining-a,night,nominal,2.536,False,Quality hold reduced finishing booth activity for one shift.
946,2024-01-04 06:45:00,2,temperature,celsius,FURN-02,heat-treat,night,warning,71.793,False,Anomaly review flagged possible bearing wear progression.
947,2024-01-04 06:50:00,3,pressure,bar,HYD-07,press-line,night,nominal,7.528,False,Maintenance note logged for coupling imbalance inspection.
948,2024-01-04 06:55:00,4,humidity,percent,PAINT-01,finishing,night,nominal,50.862,False,Pressure settled back to nominal after valve reseat.
949,2024-01-04 07:00:00,1,vibration,mm_s,CNC-04,machining-a,night,nominal,2.435,False,Humidity baseline improved after seal replacement.
950,2024-01-04 07:05:00,2,temperature,celsius,FURN-02,heat-treat,night,warning,72.224,False,Heat-treat furnace door cycling increased localized temperature spikes.
951,2024-01-04 07:10:00,3,pressure,bar,HYD-07,press-line,night,nominal,7.389,False,Dust extraction fan offline for 18 minutes on line finishing.
952,2024-01-04 07:15:00,4,humidity,percent,PAINT-01,finishing,night,nominal,45.226,False,Short-lived packet loss observed at edge gateway gw-02.
953,2024-01-04 07:20:00,1,vibration,mm_s,CNC-04,machining-a,night,nominal,3.56,False,Pressure settled back to nominal after valve reseat.
954,2024-01-04 07:25:00,2,temperature,celsius,FURN-02,heat-treat,night,warning,75.211,False,Humidity excursion near finishing booth during coating run.
955,2024-01-04 07:30:00,3,pressure,bar,HYD-07,press-line,night,warning,8.234,False,Maintenance note logged for coupling imbalance inspection.
956,2024-01-04 07:35:00,4,humidity,percent,PAINT-01,finishing,night,nominal,41.614,False,Vibration burst exceeds envelope during tool change cycle.
957,2024-01-04 07:40:00,1,vibration,mm_s,CNC-04,machining-a,night,nominal,2.489,False,Vibration baseline recovered after tool holder replacement.
958,2024-01-04 07:45:00,2,temperature,celsius,FURN-02,heat-treat,night,nominal,68.179,False,Vibration baseline recovered after tool holder replacement.
959,2024-01-04 07:50:00,3,pressure,bar,HYD-07,press-line,night,nominal,8.007,False,Machine idle period extended during planned sanitation window.
960,2024-01-04 07:55:00,4,humidity,percent,PAINT-01,finishing,night,nominal,39.774,False,Hydraulic accumulator recharge lag increased under repeated cycles.
961,2024-01-04 08:00:00,1,vibration,mm_s,CNC-04,machining-a,day,nominal,2.116,False,Humidity readings track seasonal rise across late spring.
962,2024-01-04 08:05:00,2,temperature,celsius,FURN-02,heat-treat,day,nominal,69.702,False,Warning threshold updated for pilot predictive-maintenance model.
963,2024-01-04 08:10:00,3,pressure,bar,HYD-07,press-line,day,nominal,7.71,False,Vibration baseline recovered after tool holder replacement.
964,2024-01-04 08:15:00,4,humidity,percent,PAINT-01,finishing,day,nominal,43.681,False,Maintenance note logged for coupling imbalance inspection.
965,2024-01-04 08:20:00,1,vibration,mm_s,CNC-04,machining-a,day,warning,1.41,False,Hydraulic accumulator recharge lag increased under repeated cycles.
966,2024-01-04 08:25:00,2,temperature,celsius,FURN-02,heat-treat,day,nominal,61.296,False,Humidity baseline improved after seal replacement.
967,2024-01-04 08:30:00,3,pressure,bar,HYD-07,press-line,day,warning,8.342,False,Dust extraction fan offline for 18 minutes on line finishing.
968,2024-01-04 08:35:00,4,humidity,percent,PAINT-01,finishing,day,nominal,42.586,False,Sensor battery health remains nominal after firmware update.
969,2024-01-04 08:40:00,1,vibration,mm_s,CNC-04,machining-a,day,nominal,1.804,False,Reliability engineer tagged sample window for model retraining.
970,2024-01-04 08:45:00,2,temperature,celsius,FURN-02,heat-treat,day,nominal,63.4,False,Vibration baseline recovered after tool holder replacement.
971,2024-01-04 08:50:00,3,pressure,bar,HYD-07,press-line,day,nominal,7.766,False,Vibration harmonics broadened during extended production run.
972,2024-01-04 08:55:00,4,humidity,percent,PAINT-01,finishing,day,nominal,40.567,False,Short-lived packet loss observed at edge gateway gw-02.
973,2024-01-04 09:00:00,1,vibration,mm_s,CNC-04,machining-a,day,nominal,2.882,False,Hydraulic line pressure oscillation detected under load.
974,2024-01-04 09:05:00,2,temperature,celsius,FURN-02,heat-treat,day,nominal,67.809,False,Bearing temperature rising faster than baseline on spindle cell.
975,2024-01-04 09:10:00,3,pressure,bar,HYD-07,press-line,day,nominal,7.374,False,Unbalanced load introduced cyclical pressure ripple.
976,2024-01-04 09:15:00,4,humidity,percent,PAINT-01,finishing,day,nominal,45.946,False,Temporary gateway failover completed without data loss.
977,2024-01-04 09:20:00,1,vibration,mm_s,CNC-04,machining-a,day,nominal,2.001,False,Press cycle dwell time lengthened during high-volume batch.
978,2024-01-04 09:25:00,2,temperature,celsius,FURN-02,heat-treat,day,nominal,69.831,False,Temporary gateway failover completed without data loss.
979,2024-01-04 09:30:00,3,pressure,bar,HYD-07,press-line,day,nominal,7.911,False,Unexpected resonance band appeared near 42 Hz on spindle motor.
980,2024-01-04 09:35:00,4,humidity,percent,PAINT-01,finishing,day,nominal,44.578,False,Short-lived packet loss observed at edge gateway gw-02.
981,2024-01-04 09:40:00,1,vibration,mm_s,CNC-04,machining-a,day,critical,2.746,False,Edge collector replayed buffered events after network recovery.
982,2024-01-04 09:45:00,2,temperature,celsius,FURN-02,heat-treat,day,nominal,68.014,False,Thermal overshoot event coincided with recipe change on furnace.
983,2024-01-04 09:50:00,3,pressure,bar,HYD-07,press-line,day,nominal,7.376,False,Dust extraction fan offline for 18 minutes on line finishing.
984,2024-01-04 09:55:00,4,humidity,percent,PAINT-01,finishing,day,nominal,41.66,False,Sensor battery health remains nominal after firmware update.
985,2024-01-04 10:00:00,1,vibration,mm_s,CNC-04,machining-a,day,nominal,1.689,False,Humidity climbed during dock-door open period in afternoon shift.
986,2024-01-04 10:05:00,2,temperature,celsius,FURN-02,heat-treat,day,warning,70.581,False,Hydraulic accumulator recharge lag increased under repeated cycles.
987,2024-01-04 10:10:00,3,pressure,bar,HYD-07,press-line,day,nominal,8.375,False,Condensation warning cleared after dehumidifier ramp-up.
988,2024-01-04 10:15:00,4,humidity,percent,PAINT-01,finishing,day,nominal,41.745,False,Unbalanced load introduced cyclical pressure ripple.
989,2024-01-04 10:20:00,1,vibration,mm_s,CNC-04,machining-a,day,nominal,1.922,False,Press cycle dwell time lengthened during high-volume batch.
990,2024-01-04 10:25:00,2,temperature,celsius,FURN-02,heat-treat,day,nominal,67.968,False,Reliability engineer tagged sample window for model retraining.
991,2024-01-04 10:30:00,3,pressure,bar,HYD-07,press-line,day,nominal,7.815,False,Sensor heartbeat delayed by one interval after gateway retry.
992,2024-01-04 10:35:00,4,humidity,percent,PAINT-01,finishing,day,nominal,35.011,False,Maintenance crew confirmed lubrication interval was missed.
993,2024-01-04 10:40:00,1,vibration,mm_s,CNC-04,machining-a,day,nominal,1.908,False,Maintenance scheduler deferred calibration due to spare shortage.
994,2024-01-04 10:45:00,2,temperature,celsius,FURN-02,heat-treat,day,nominal,67.171,False,Reliability engineer tagged sample window for model retraining.
995,2024-01-04 10:50:00,3,pressure,bar,HYD-07,press-line,day,warning,7.131,False,Packaging line stop reduced adjacent vibration background.
996,2024-01-04 10:55:00,4,humidity,percent,PAINT-01,finishing,day,nominal,42.714,False,Sensor 3 drift suspected after cross-check with manual gauge.
997,2024-01-04 11:00:00,1,vibration,mm_s,CNC-04,machining-a,day,nominal,2.662,False,Humidity climbed during dock-door open period in afternoon shift.
998,2024-01-04 11:05:00,2,temperature,celsius,FURN-02,heat-treat,day,critical,79.026,False,Quality team requested trace review for lot 24-118B.
999,2024-01-04 11:10:00,3,pressure,bar,HYD-07,press-line,day,critical,7.901,False,Vibration baseline recovered after tool holder replacement.
1000,2024-01-04 11:15:00,4,humidity,percent,PAINT-01,finishing,day,nominal,37.321,False,Shift handoff note referenced unusual noise near press enclosure.
1001,2024-01-04 11:20:00,1,vibration,mm_s,CNC-04,machining-a,day,nominal,2.283,False,Bearing temperature rising faster than baseline on spindle cell.
1002,2024-01-04 11:25:00,2,temperature,celsius,FURN-02,heat-treat,day,nominal,67.041,False,Sensor battery health remains nominal after firmware update.
1003,2024-01-04 11:30:00,3,pressure,bar,HYD-07,press-line,day,nominal,7.283,False,Dust extraction fan offline for 18 minutes on line finishing.
1004,2024-01-04 11:35:00,4,humidity,percent,PAINT-01,finishing,day,nominal,41.592,False,Humidity excursion near finishing booth during coating run.
1005,2024-01-04 11:40:00,1,vibration,mm_s,CNC-04,machining-a,day,nominal,1.789,False,Temperature variance narrowed after coolant nozzle cleaning.
1006,2024-01-04 11:45:00,2,temperature,celsius,FURN-02,heat-treat,day,warning,72.783,False,Temperature remained elevated during unscheduled overtime run.
1007,2024-01-04 11:50:00,3,pressure,bar,HYD-07,press-line,day,warning,8.468,False,Unbalanced load introduced cyclical pressure ripple.
1008,2024-01-04 11:55:00,4,humidity,percent,PAINT-01,finishing,day,nominal,45.023,False,Machine throughput increase drove sustained pressure uplift.
1009,2024-01-04 12:00:00,1,vibration,mm_s,CNC-04,machining-a,day,nominal,2.793,False,Heat-treat furnace door cycling increased localized temperature spikes.
1010,2024-01-04 12:05:00,2,temperature,celsius,FURN-02,heat-treat,day,nominal,62.352,False,Supervisory alert generated after three consecutive threshold breaches.
1011,2024-01-04 12:10:00,3,pressure,bar,HYD-07,press-line,day,nominal,7.736,False,Reliability engineer tagged sample window for model retraining.
1012,2024-01-04 12:15:00,4,humidity,percent,PAINT-01,finishing,day,nominal,34.255,False,Edge collector replayed buffered events after network recovery.
1013,2024-01-04 12:20:00,1,vibration,mm_s,CNC-04,machining-a,day,nominal,2.672,False,Humidity baseline improved after seal replacement.
1014,2024-01-04 12:25:00,2,temperature,celsius,FURN-02,heat-treat,day,warning,68.783,False,Quality hold reduced finishing booth activity for one shift.
1015,2024-01-04 12:30:00,3,pressure,bar,HYD-07,press-line,day,nominal,8.209,False,Calibration check overdue by 11 days for press-line transducer.
1016,2024-01-04 12:35:00,4,humidity,percent,PAINT-01,finishing,day,nominal,42.062,False,Sensor signal clipping observed during startup surge.
1017,2024-01-04 12:40:00,1,vibration,mm_s,CNC-04,machining-a,day,nominal,2.587,False,Temporary gateway failover completed without data loss.
1018,2024-01-04 12:45:00,2,temperature,celsius,FURN-02,heat-treat,day,nominal,65.194,False,Sensor enclosure opened for manual calibration verification.
1019,2024-01-04 12:50:00,3,pressure,bar,HYD-07,press-line,day,nominal,7.398,False,Maintenance scheduler deferred calibration due to spare shortage.
1020,2024-01-04 12:55:00,4,humidity,percent,PAINT-01,finishing,day,nominal,45.225,False,Pressure settled back to nominal after valve reseat.
1021,2024-01-04 13:00:00,1,vibration,mm_s,CNC-04,machining-a,day,nominal,2.562,False,Edge collector replayed buffered events after network recovery.
1022,2024-01-04 13:05:00,2,temperature,celsius,FURN-02,heat-treat,day,critical,77.14,False,Shift handoff note referenced unusual noise near press enclosure.
1023,2024-01-04 13:10:00,3,pressure,bar,HYD-07,press-line,day,critical,7.674,False,Transient outlier matched forklift impact near cabinet wall.
1024,2024-01-04 13:15:00,4,humidity,percent,PAINT-01,finishing,day,nominal,35.786,False,Hydraulic accumulator recharge lag increased under repeated cycles.
1025,2024-01-04 13:20:00,1,vibration,mm_s,CNC-04,machining-a,day,nominal,1.93,False,Pressure peak corresponds to oversized billet batch processing.
1026,2024-01-04 13:25:00,2,temperature,celsius,FURN-02,heat-treat,day,nominal,65.722,False,Thermal ramp exceeded expected warmup curve before shift start.
1027,2024-01-04 13:30:00,3,pressure,bar,HYD-07,press-line,day,warning,8.069,False,Packaging line stop reduced adjacent vibration background.
1028,2024-01-04 13:35:00,4,humidity,percent,PAINT-01,finishing,day,nominal,40.381,False,Temperature remained elevated during unscheduled overtime run.
1029,2024-01-04 13:40:00,1,vibration,mm_s,CNC-04,machining-a,day,nominal,3.092,False,Temperature remained elevated during unscheduled overtime run.
1030,2024-01-04 13:45:00,2,temperature,celsius,FURN-02,heat-treat,day,nominal,68.093,False,Quality team requested trace review for lot 24-118B.
1031,2024-01-04 13:50:00,3,pressure,bar,HYD-07,press-line,day,nominal,7.698,False,Sensor 1 spike sequence matches historical bearing fault pattern.
1032,2024-01-04 13:55:00,4,humidity,percent,PAINT-01,finishing,day,nominal,36.754,False,Telemetry quality flag downgraded during sensor self-test window.
1033,2024-01-04 14:00:00,1,vibration,mm_s,CNC-04,machining-a,day,nominal,2.344,False,Sensor signal clipping observed during startup surge.
1034,2024-01-04 14:05:00,2,temperature,celsius,FURN-02,heat-treat,day,nominal,64.527,False,Calibration check overdue by 11 days for press-line transducer.
1035,2024-01-04 14:10:00,3,pressure,bar,HYD-07,press-line,day,nominal,7.22,False,Shift handoff note referenced unusual noise near press enclosure.
1036,2024-01-04 14:15:00,4,humidity,percent,PAINT-01,finishing,day,nominal,47.78,False,Maintenance scheduler deferred calibration due to spare shortage.
1037,2024-01-04 14:20:00,1,vibration,mm_s,CNC-04,machining-a,day,nominal,2.547,False,Air handler maintenance reduced humidity variance on finishing line.
1038,2024-01-04 14:25:00,2,temperature,celsius,FURN-02,heat-treat,day,nominal,64.257,False,Operator reported intermittent chatter on machine CNC-04.
1039,2024-01-04 14:30:00,3,pressure,bar,HYD-07,press-line,day,nominal,8.267,False,Compressed air fluctuation introduced pressure noise for two cycles.
1040,2024-01-04 14:35:00,4,humidity,percent,PAINT-01,finishing,day,nominal,40.252,False,Quality team requested trace review for lot 24-118B.
1041,2024-01-04 14:40:00,1,vibration,mm_s,CNC-04,machining-a,day,nominal,2.611,False,Maintenance scheduler deferred calibration due to spare shortage.
1042,2024-01-04 14:45:00,2,temperature,celsius,FURN-02,heat-treat,day,nominal,67.892,False,Maintenance scheduler deferred calibration due to spare shortage.
1043,2024-01-04 14:50:00,3,pressure,bar,HYD-07,press-line,day,nominal,7.984,False,Quality team requested trace review for lot 24-118B.
1044,2024-01-04 14:55:00,4,humidity,percent,PAINT-01,finishing,day,nominal,40.009,False,Quality hold reduced finishing booth activity for one shift.
1045,2024-01-04 15:00:00,1,vibration,mm_s,CNC-04,machining-a,day,nominal,1.88,False,Sensor 1 spike sequence matches historical bearing fault pattern.
1046,2024-01-04 15:05:00,2,temperature,celsius,FURN-02,heat-treat,day,nominal,69.867,False,Telemetry quality flag downgraded during sensor self-test window.
1047,2024-01-04 15:10:00,3,pressure,bar,HYD-07,press-line,day,nominal,7.101,False,Packaging line stop reduced adjacent vibration background.
1048,2024-01-04 15:15:00,4,humidity,percent,PAINT-01,finishing,day,nominal,47.67,False,Transient outlier matched forklift impact near cabinet wall.
1049,2024-01-04 15:20:00,1,vibration,mm_s,CNC-04,machining-a,day,nominal,3.443,False,Calibration check overdue by 11 days for press-line transducer.
1050,2024-01-04 15:25:00,2,temperature,celsius,FURN-02,heat-treat,day,warning,72.996,False,Operator reset acknowledged after red-tag inspection.
1051,2024-01-04 15:30:00,3,pressure,bar,HYD-07,press-line,day,nominal,7.564,False,Heat-treat furnace door cycling increased localized temperature spikes.
1052,2024-01-04 15:35:00,4,humidity,percent,PAINT-01,finishing,day,nominal,42.112,False,Shift handoff note referenced unusual noise near press enclosure.
1053,2024-01-04 15:40:00,1,vibration,mm_s,CNC-04,machining-a,day,nominal,2.385,False,Humidity climbed during dock-door open period in afternoon shift.
1054,2024-01-04 15:45:00,2,temperature,celsius,FURN-02,heat-treat,day,nominal,65.632,False,Temporary gateway failover completed without data loss.
1055,2024-01-04 15:50:00,3,pressure,bar,HYD-07,press-line,day,nominal,7.267,False,Ambient temperature stabilized after HVAC stage-two engagement.
1056,2024-01-04 15:55:00,4,humidity,percent,PAINT-01,finishing,day,nominal,52.431,False,Temporary gateway failover completed without data loss.
1057,2024-01-04 16:00:00,1,vibration,mm_s,CNC-04,machining-a,swing,nominal,2.418,False,Pressure settled back to nominal after valve reseat.
1058,2024-01-04 16:05:00,2,temperature,celsius,FURN-02,heat-treat,swing,nominal,65.557,False,SCADA backfill inserted two delayed telemetry points.
1059,2024-01-04 16:10:00,3,pressure,bar,HYD-07,press-line,swing,nominal,7.484,False,Operator reset acknowledged after red-tag inspection.
1060,2024-01-04 16:15:00,4,humidity,percent,PAINT-01,finishing,swing,nominal,46.038,False,Sensor 3 drift suspected after cross-check with manual gauge.
1061,2024-01-04 16:20:00,1,vibration,mm_s,CNC-04,machining-a,swing,warning,2.173,False,Air handler maintenance reduced humidity variance on finishing line.
1062,2024-01-04 16:25:00,2,temperature,celsius,FURN-02,heat-treat,swing,warning,74.022,False,Press cycle dwell time lengthened during high-volume batch.
1063,2024-01-04 16:30:00,3,pressure,bar,HYD-07,press-line,swing,nominal,7.506,False,Telemetry quality flag downgraded during sensor self-test window.
1064,2024-01-04 16:35:00,4,humidity,percent,PAINT-01,finishing,swing,nominal,45.65,False,Operator reset acknowledged after red-tag inspection.
1065,2024-01-04 16:40:00,1,vibration,mm_s,CNC-04,machining-a,swing,nominal,3.032,False,Packaging line stop reduced adjacent vibration background.
1066,2024-01-04 16:45:00,2,temperature,celsius,FURN-02,heat-treat,swing,warning,75.413,False,Reliability engineer tagged sample window for model retraining.
1067,2024-01-04 16:50:00,3,pressure,bar,HYD-07,press-line,swing,nominal,7.646,False,Anomaly review flagged possible bearing wear progression.
1068,2024-01-04 16:55:00,4,humidity,percent,PAINT-01,finishing,swing,nominal,45.814,False,Heat-treat furnace door cycling increased localized temperature spikes.
1069,2024-01-04 17:00:00,1,vibration,mm_s,CNC-04,machining-a,swing,nominal,3.056,False,Shift handoff note referenced unusual noise near press enclosure.
1070,2024-01-04 17:05:00,2,temperature,celsius,FURN-02,heat-treat,swing,nominal,67.862,False,Condensation warning cleared after dehumidifier ramp-up.
1071,2024-01-04 17:10:00,3,pressure,bar,HYD-07,press-line,swing,nominal,6.878,False,Transient outlier matched forklift impact near cabinet wall.
1072,2024-01-04 17:15:00,4,humidity,percent,PAINT-01,finishing,swing,nominal,49.862,False,Quality hold reduced finishing booth activity for one shift.
1073,2024-01-04 17:20:00,1,vibration,mm_s,CNC-04,machining-a,swing,nominal,2.487,False,Compressed air fluctuation introduced pressure noise for two cycles.
1074,2024-01-04 17:25:00,2,temperature,celsius,FURN-02,heat-treat,swing,warning,70.338,False,Warning threshold updated for pilot predictive-maintenance model.
1075,2024-01-04 17:30:00,3,pressure,bar,HYD-07,press-line,swing,nominal,7.53,False,SCADA backfill inserted two delayed telemetry points.
1076,2024-01-04 17:35:00,4,humidity,percent,PAINT-01,finishing,swing,nominal,27.823,False,Sensor enclosure opened for manual calibration verification.
1077,2024-01-04 17:40:00,1,vibration,mm_s,CNC-04,machining-a,swing,nominal,1.594,False,Packaging line stop reduced adjacent vibration background.
1078,2024-01-04 17:45:00,2,temperature,celsius,FURN-02,heat-treat,swing,warning,75.756,False,Machine idle period extended during planned sanitation window.
1079,2024-01-04 17:50:00,3,pressure,bar,HYD-07,press-line,swing,nominal,8.426,False,Shift handoff note referenced unusual noise near press enclosure.
1080,2024-01-04 17:55:00,4,humidity,percent,PAINT-01,finishing,swing,nominal,46.804,False,Warning threshold updated for pilot predictive-maintenance model.
1081,2024-01-04 18:00:00,1,vibration,mm_s,CNC-04,machining-a,swing,nominal,2.31,False,Temperature remained elevated during unscheduled overtime run.
1082,2024-01-04 18:05:00,2,temperature,celsius,FURN-02,heat-treat,swing,critical,80.163,False,Humidity excursion near finishing booth during coating run.
1083,2024-01-04 18:10:00,3,pressure,bar,HYD-07,press-line,swing,warning,8.921,False,Coolant loop adjustment reduced chamber temperature spread.
1084,2024-01-04 18:15:00,4,humidity,percent,PAINT-01,finishing,swing,nominal,39.253,False,Edge collector replayed buffered events after network recovery.
1085,2024-01-04 18:20:00,1,vibration,mm_s,CNC-04,machining-a,swing,warning,2.364,False,Machine throughput increase drove sustained pressure uplift.
1086,2024-01-04 18:25:00,2,temperature,celsius,FURN-02,heat-treat,swing,nominal,70.13,False,Temporary gateway failover completed without data loss.
1087,2024-01-04 18:30:00,3,pressure,bar,HYD-07,press-line,swing,nominal,7.059,False,Sensor battery health remains nominal after firmware update.
1088,2024-01-04 18:35:00,4,humidity,percent,PAINT-01,finishing,swing,nominal,37.416,False,Anomaly review flagged possible bearing wear progression.
1089,2024-01-04 18:40:00,1,vibration,mm_s,CNC-04,machining-a,swing,nominal,2.152,False,Quality hold reduced finishing booth activity for one shift.
1090,2024-01-04 18:45:00,2,temperature,celsius,FURN-02,heat-treat,swing,warning,71.635,False,Sensor enclosure opened for manual calibration verification.
1091,2024-01-04 18:50:00,3,pressure,bar,HYD-07,press-line,swing,nominal,8.501,False,Quality hold reduced finishing booth activity for one shift.
1092,2024-01-04 18:55:00,4,humidity,percent,PAINT-01,finishing,swing,nominal,42.633,False,Hydraulic accumulator recharge lag increased under repeated cycles.
1093,2024-01-04 19:00:00,1,vibration,mm_s,CNC-04,machining-a,swing,nominal,1.859,False,Humidity readings track seasonal rise across late spring.
1094,2024-01-04 19:05:00,2,temperature,celsius,FURN-02,heat-treat,swing,nominal,68.844,False,Ambient temperature stabilized after HVAC stage-two engagement.
1095,2024-01-04 19:10:00,3,pressure,bar,HYD-07,press-line,swing,nominal,9.253,False,Vibration baseline recovered after tool holder replacement.
1096,2024-01-04 19:15:00,4,humidity,percent,PAINT-01,finishing,swing,nominal,42.907,False,Heat-treat furnace door cycling increased localized temperature spikes.
1097,2024-01-04 19:20:00,1,vibration,mm_s,CNC-04,machining-a,swing,nominal,1.545,False,SCADA backfill inserted two delayed telemetry points.
1098,2024-01-04 19:25:00,2,temperature,celsius,FURN-02,heat-treat,swing,nominal,61.587,False,Thermal overshoot event coincided with recipe change on furnace.
1099,2024-01-04 19:30:00,3,pressure,bar,HYD-07,press-line,swing,nominal,7.672,False,Telemetry quality flag downgraded during sensor self-test window.
1100,2024-01-04 19:35:00,4,humidity,percent,PAINT-01,finishing,swing,nominal,34.578,False,Operator reported intermittent chatter on machine CNC-04.
1101,2024-01-04 19:40:00,1,vibration,mm_s,CNC-04,machining-a,swing,nominal,3.209,False,Edge collector replayed buffered events after network recovery.
1102,2024-01-04 19:45:00,2,temperature,celsius,FURN-02,heat-treat,swing,nominal,69.808,False,Quality hold reduced finishing booth activity for one shift.
1103,2024-01-04 19:50:00,3,pressure,bar,HYD-07,press-line,swing,nominal,8.132,False,Ambient temperature stabilized after HVAC stage-two engagement.
1104,2024-01-04 19:55:00,4,humidity,percent,PAINT-01,finishing,swing,nominal,37.393,False,Short-lived packet loss observed at edge gateway gw-02.
1105,2024-01-04 20:00:00,1,vibration,mm_s,CNC-04,machining-a,swing,nominal,2.808,False,Vibration burst exceeds envelope during tool change cycle.
1106,2024-01-04 20:05:00,2,temperature,celsius,FURN-02,heat-treat,swing,warning,74.419,False,Sensor enclosure opened for manual calibration verification.
1107,2024-01-04 20:10:00,3,pressure,bar,HYD-07,press-line,swing,nominal,8.46,False,Ambient temperature stabilized after HVAC stage-two engagement.
1108,2024-01-04 20:15:00,4,humidity,percent,PAINT-01,finishing,swing,nominal,36.269,False,Ambient temperature stabilized after HVAC stage-two engagement.
1109,2024-01-04 20:20:00,1,vibration,mm_s,CNC-04,machining-a,swing,critical,2.419,False,Humidity baseline improved after seal replacement.
1110,2024-01-04 20:25:00,2,temperature,celsius,FURN-02,heat-treat,swing,nominal,64.861,False,Quality hold reduced finishing booth activity for one shift.
1111,2024-01-04 20:30:00,3,pressure,bar,HYD-07,press-line,swing,nominal,7.517,False,Sensor battery health remains nominal after firmware update.
1112,2024-01-04 20:35:00,4,humidity,percent,PAINT-01,finishing,swing,nominal,39.131,False,Pressure settled back to nominal after valve reseat.
1113,2024-01-04 20:40:00,1,vibration,mm_s,CNC-04,machining-a,swing,nominal,2.043,False,Press cycle dwell time lengthened during high-volume batch.
1114,2024-01-04 20:45:00,2,temperature,celsius,FURN-02,heat-treat,swing,warning,59.906,False,Maintenance note logged for coupling imbalance inspection.
1115,2024-01-04 20:50:00,3,pressure,bar,HYD-07,press-line,swing,critical,8.418,False,Unbalanced load introduced cyclical pressure ripple.
1116,2024-01-04 20:55:00,4,humidity,percent,PAINT-01,finishing,swing,nominal,45.859,False,Calibration check overdue by 11 days for press-line transducer.
1117,2024-01-04 21:00:00,1,vibration,mm_s,CNC-04,machining-a,swing,nominal,2.598,False,Vibration burst exceeds envelope during tool change cycle.
1118,2024-01-04 21:05:00,2,temperature,celsius,FURN-02,heat-treat,swing,warning,70.911,False,Unbalanced load introduced cyclical pressure ripple.
1119,2024-01-04 21:10:00,3,pressure,bar,HYD-07,press-line,swing,nominal,7.676,False,Vibration harmonics broadened during extended production run.
1120,2024-01-04 21:15:00,4,humidity,percent,PAINT-01,finishing,swing,nominal,41.436,False,Anomaly review flagged possible bearing wear progression.
1121,2024-01-04 21:20:00,1,vibration,mm_s,CNC-04,machining-a,swing,nominal,2.512,False,Coolant loop adjustment reduced chamber temperature spread.
1122,2024-01-04 21:25:00,2,temperature,celsius,FURN-02,heat-treat,swing,nominal,60.349,False,Pressure line purge completed before restart authorization.
1123,2024-01-04 21:30:00,3,pressure,bar,HYD-07,press-line,swing,nominal,8.423,False,Coolant loop adjustment reduced chamber temperature spread.
1124,2024-01-04 21:35:00,4,humidity,percent,PAINT-01,finishing,swing,nominal,44.775,False,Shift handoff note referenced unusual noise near press enclosure.
1125,2024-01-04 21:40:00,1,vibration,mm_s,CNC-04,machining-a,swing,nominal,2.179,False,Vibration baseline recovered after tool holder replacement.
1126,2024-01-04 21:45:00,2,temperature,celsius,FURN-02,heat-treat,swing,nominal,61.179,False,Supervisory alert generated after three consecutive threshold breaches.
1127,2024-01-04 21:50:00,3,pressure,bar,HYD-07,press-line,swing,nominal,8.786,False,Vibration baseline recovered after tool holder replacement.
1128,2024-01-04 21:55:00,4,humidity,percent,PAINT-01,finishing,swing,nominal,39.38,False,Compressed air fluctuation introduced pressure noise for two cycles.
1129,2024-01-04 22:00:00,1,vibration,mm_s,CNC-04,machining-a,swing,nominal,2.614,False,Quality hold reduced finishing booth activity for one shift.
1130,2024-01-04 22:05:00,2,temperature,celsius,FURN-02,heat-treat,swing,critical,60.899,False,Machine idle period extended during planned sanitation window.
1131,2024-01-04 22:10:00,3,pressure,bar,HYD-07,press-line,swing,critical,8.618,False,Humidity climbed during dock-door open period in afternoon shift.
1132,2024-01-04 22:15:00,4,humidity,percent,PAINT-01,finishing,swing,nominal,50.161,False,Quality team requested trace review for lot 24-118B.
1133,2024-01-04 22:20:00,1,vibration,mm_s,CNC-04,machining-a,swing,nominal,2.682,False,Sensor enclosure opened for manual calibration verification.
1134,2024-01-04 22:25:00,2,temperature,celsius,FURN-02,heat-treat,swing,nominal,59.242,False,Pressure line purge completed before restart authorization.
1135,2024-01-04 22:30:00,3,pressure,bar,HYD-07,press-line,swing,warning,7.596,False,Sensor 3 drift suspected after cross-check with manual gauge.
1136,2024-01-04 22:35:00,4,humidity,percent,PAINT-01,finishing,swing,nominal,41.06,False,Machine idle period extended during planned sanitation window.
1137,2024-01-04 22:40:00,1,vibration,mm_s,CNC-04,machining-a,swing,nominal,2.778,False,Warning threshold updated for pilot predictive-maintenance model.
1138,2024-01-04 22:45:00,2,temperature,celsius,FURN-02,heat-treat,swing,warning,73.014,False,Hydraulic line pressure oscillation detected under load.
1139,2024-01-04 22:50:00,3,pressure,bar,HYD-07,press-line,swing,nominal,8.189,False,Night shift startup produced higher than normal vibration floor.
1140,2024-01-04 22:55:00,4,humidity,percent,PAINT-01,finishing,swing,nominal,47.82,False,Thermal ramp exceeded expected warmup curve before shift start.
1141,2024-01-04 23:00:00,1,vibration,mm_s,CNC-04,machining-a,swing,nominal,1.912,False,Maintenance crew confirmed lubrication interval was missed.
1142,2024-01-04 23:05:00,2,temperature,celsius,FURN-02,heat-treat,swing,nominal,68.88,False,Sensor heartbeat delayed by one interval after gateway retry.
1143,2024-01-04 23:10:00,3,pressure,bar,HYD-07,press-line,swing,nominal,7.495,False,Machine idle period extended during planned sanitation window.
1144,2024-01-04 23:15:00,4,humidity,percent,PAINT-01,finishing,swing,nominal,43.659,False,Reliability engineer tagged sample window for model retraining.
1145,2024-01-04 23:20:00,1,vibration,mm_s,CNC-04,machining-a,swing,nominal,2.637,False,Night shift startup produced higher than normal vibration floor.
1146,2024-01-04 23:25:00,2,temperature,celsius,FURN-02,heat-treat,swing,critical,77.513,False,Humidity baseline improved after seal replacement.
1147,2024-01-04 23:30:00,3,pressure,bar,HYD-07,press-line,swing,nominal,7.059,False,Machine idle period extended during planned sanitation window.
1148,2024-01-04 23:35:00,4,humidity,percent,PAINT-01,finishing,swing,nominal,39.458,False,Press cycle dwell time lengthened during high-volume batch.
1149,2024-01-04 23:40:00,1,vibration,mm_s,CNC-04,machining-a,swing,nominal,3.048,False,Short-lived packet loss observed at edge gateway gw-02.
1150,2024-01-04 23:45:00,2,temperature,celsius,FURN-02,heat-treat,swing,warning,71.565,False,Maintenance note logged for coupling imbalance inspection.
1151,2024-01-04 23:50:00,3,pressure,bar,HYD-07,press-line,swing,nominal,7.656,False,Temperature remained elevated during unscheduled overtime run.
1152,2024-01-04 23:55:00,4,humidity,percent,PAINT-01,finishing,swing,nominal,54.184,False,Anomaly review flagged possible bearing wear progression.
1153,2024-01-05 00:00:00,1,vibration,mm_s,CNC-04,machining-a,night,nominal,2.813,False,Night shift startup produced higher than normal vibration floor.
1154,2024-01-05 00:05:00,2,temperature,celsius,FURN-02,heat-treat,night,critical,77.786,False,Machine throughput increase drove sustained pressure uplift.
1155,2024-01-05 00:10:00,3,pressure,bar,HYD-07,press-line,night,nominal,8.582,False,Operator reported intermittent chatter on machine CNC-04.
1156,2024-01-05 00:15:00,4,humidity,percent,PAINT-01,finishing,night,nominal,49.778,False,Pressure line purge completed before restart authorization.
1157,2024-01-05 00:20:00,1,vibration,mm_s,CNC-04,machining-a,night,nominal,3.865,False,Humidity excursion near finishing booth during coating run.
1158,2024-01-05 00:25:00,2,temperature,celsius,FURN-02,heat-treat,night,nominal,65.613,False,Heat-treat furnace door cycling increased localized temperature spikes.
1159,2024-01-05 00:30:00,3,pressure,bar,HYD-07,press-line,night,nominal,7.873,False,Thermal ramp exceeded expected warmup curve before shift start.
1160,2024-01-05 00:35:00,4,humidity,percent,PAINT-01,finishing,night,nominal,42.529,False,Sensor enclosure opened for manual calibration verification.
1161,2024-01-05 00:40:00,1,vibration,mm_s,CNC-04,machining-a,night,nominal,2.551,False,Warning threshold updated for pilot predictive-maintenance model.
1162,2024-01-05 00:45:00,2,temperature,celsius,FURN-02,heat-treat,night,nominal,70.143,False,Anomaly review flagged possible bearing wear progression.
1163,2024-01-05 00:50:00,3,pressure,bar,HYD-07,press-line,night,nominal,8.996,False,Shift handoff note referenced unusual noise near press enclosure.
1164,2024-01-05 00:55:00,4,humidity,percent,PAINT-01,finishing,night,nominal,48.205,False,Sensor battery health remains nominal after firmware update.
1165,2024-01-05 01:00:00,1,vibration,mm_s,CNC-04,machining-a,night,nominal,1.705,False,Calibration check overdue by 11 days for press-line transducer.
1166,2024-01-05 01:05:00,2,temperature,celsius,FURN-02,heat-treat,night,nominal,62.779,False,Condensation warning cleared after dehumidifier ramp-up.
1167,2024-01-05 01:10:00,3,pressure,bar,HYD-07,press-line,night,nominal,8.1,False,Quality team requested trace review for lot 24-118B.
1168,2024-01-05 01:15:00,4,humidity,percent,PAINT-01,finishing,night,nominal,43.523,False,Humidity excursion near finishing booth during coating run.
1169,2024-01-05 01:20:00,1,vibration,mm_s,CNC-04,machining-a,night,nominal,2.183,False,Thermal ramp exceeded expected warmup curve before shift start.
1170,2024-01-05 01:25:00,2,temperature,celsius,FURN-02,heat-treat,night,nominal,67.266,False,Sensor battery health remains nominal after firmware update.
1171,2024-01-05 01:30:00,3,pressure,bar,HYD-07,press-line,night,nominal,7.354,False,Hydraulic line pressure oscillation detected under load.
1172,2024-01-05 01:35:00,4,humidity,percent,PAINT-01,finishing,night,nominal,42.24,False,Coolant loop adjustment reduced chamber temperature spread.
1173,2024-01-05 01:40:00,1,vibration,mm_s,CNC-04,machining-a,night,nominal,2.282,False,Vibration baseline recovered after tool holder replacement.
1174,2024-01-05 01:45:00,2,temperature,celsius,FURN-02,heat-treat,night,warning,74.97,False,Humidity excursion near finishing booth during coating run.
1175,2024-01-05 01:50:00,3,pressure,bar,HYD-07,press-line,night,nominal,7.872,False,Unexpected resonance band appeared near 42 Hz on spindle motor.
1176,2024-01-05 01:55:00,4,humidity,percent,PAINT-01,finishing,night,nominal,40.094,False,Humidity excursion near finishing booth during coating run.
1177,2024-01-05 02:00:00,1,vibration,mm_s,CNC-04,machining-a,night,nominal,2.957,False,Compressed air fluctuation introduced pressure noise for two cycles.
1178,2024-01-05 02:05:00,2,temperature,celsius,FURN-02,heat-treat,night,nominal,68.333,False,Operator reported intermittent chatter on machine CNC-04.
1179,2024-01-05 02:10:00,3,pressure,bar,HYD-07,press-line,night,nominal,7.634,False,Calibration check overdue by 11 days for press-line transducer.
1180,2024-01-05 02:15:00,4,humidity,percent,PAINT-01,finishing,night,nominal,43.549,False,Sensor heartbeat delayed by one interval after gateway retry.
1181,2024-01-05 02:20:00,1,vibration,mm_s,CNC-04,machining-a,night,nominal,3.108,False,Compressed air fluctuation introduced pressure noise for two cycles.
1182,2024-01-05 02:25:00,2,temperature,celsius,FURN-02,heat-treat,night,nominal,67.459,False,Humidity readings track seasonal rise across late spring.
1183,2024-01-05 02:30:00,3,pressure,bar,HYD-07,press-line,night,nominal,8.906,False,Machine idle period extended during planned sanitation window.
1184,2024-01-05 02:35:00,4,humidity,percent,PAINT-01,finishing,night,nominal,45.17,False,Unbalanced load introduced cyclical pressure ripple.
1185,2024-01-05 02:40:00,1,vibration,mm_s,CNC-04,machining-a,night,nominal,2.725,False,Dust extraction fan offline for 18 minutes on line finishing.
1186,2024-01-05 02:45:00,2,temperature,celsius,FURN-02,heat-treat,night,nominal,68.417,False,Operator reported intermittent chatter on machine CNC-04.
1187,2024-01-05 02:50:00,3,pressure,bar,HYD-07,press-line,night,nominal,8.378,False,Maintenance crew confirmed lubrication interval was missed.
1188,2024-01-05 02:55:00,4,humidity,percent,PAINT-01,finishing,night,critical,44.678,False,Pressure line purge completed before restart authorization.
1189,2024-01-05 03:00:00,1,vibration,mm_s,CNC-04,machining-a,night,nominal,2.811,False,Pressure peak corresponds to oversized billet batch processing.
1190,2024-01-05 03:05:00,2,temperature,celsius,FURN-02,heat-treat,night,nominal,69.164,False,Humidity climbed during dock-door open period in afternoon shift.
1191,2024-01-05 03:10:00,3,pressure,bar,HYD-07,press-line,night,nominal,8.01,False,Unbalanced load introduced cyclical pressure ripple.
1192,2024-01-05 03:15:00,4,humidity,percent,PAINT-01,finishing,night,nominal,46.512,False,Humidity readings track seasonal rise across late spring.
1193,2024-01-05 03:20:00,1,vibration,mm_s,CNC-04,machining-a,night,nominal,3.703,False,Pressure line purge completed before restart authorization.
1194,2024-01-05 03:25:00,2,temperature,celsius,FURN-02,heat-treat,night,warning,69.171,False,Machine idle period extended during planned sanitation window.
1195,2024-01-05 03:30:00,3,pressure,bar,HYD-07,press-line,night,nominal,8.534,False,Quality team requested trace review for lot 24-118B.
1196,2024-01-05 03:35:00,4,humidity,percent,PAINT-01,finishing,night,nominal,43.493,False,Operator reported intermittent chatter on machine CNC-04.
1197,2024-01-05 03:40:00,1,vibration,mm_s,CNC-04,machining-a,night,nominal,2.193,False,Compressed air fluctuation introduced pressure noise for two cycles.
1198,2024-01-05 03:45:00,2,temperature,celsius,FURN-02,heat-treat,night,warning,74.519,False,Sensor 3 drift suspected after cross-check with manual gauge.
1199,2024-01-05 03:50:00,3,pressure,bar,HYD-07,press-line,night,nominal,7.548,False,SCADA backfill inserted two delayed telemetry points.
1200,2024-01-05 03:55:00,4,humidity,percent,PAINT-01,finishing,night,nominal,37.097,False,Quality hold reduced finishing booth activity for one shift.
1201,2024-01-05 04:00:00,1,vibration,mm_s,CNC-04,machining-a,night,nominal,2.61,False,Ambient temperature stabilized after HVAC stage-two engagement.
1202,2024-01-05 04:05:00,2,temperature,celsius,FURN-02,heat-treat,night,nominal,65.276,False,Unbalanced load introduced cyclical pressure ripple.
1203,2024-01-05 04:10:00,3,pressure,bar,HYD-07,press-line,night,nominal,7.312,False,Warning threshold updated for pilot predictive-maintenance model.
1204,2024-01-05 04:15:00,4,humidity,percent,PAINT-01,finishing,night,nominal,45.611,False,Condensation warning cleared after dehumidifier ramp-up.
1205,2024-01-05 04:20:00,1,vibration,mm_s,CNC-04,machining-a,night,nominal,2.401,False,Vibration harmonics broadened during extended production run.
1206,2024-01-05 04:25:00,2,temperature,celsius,FURN-02,heat-treat,night,nominal,67.591,False,Humidity climbed during dock-door open period in afternoon shift.
1207,2024-01-05 04:30:00,3,pressure,bar,HYD-07,press-line,night,nominal,7.233,False,Machine idle period extended during planned sanitation window.
1208,2024-01-05 04:35:00,4,humidity,percent,PAINT-01,finishing,night,nominal,39.944,False,Air handler maintenance reduced humidity variance on finishing line.
1209,2024-01-05 04:40:00,1,vibration,mm_s,CNC-04,machining-a,night,nominal,2.004,False,Press cycle dwell time lengthened during high-volume batch.
1210,2024-01-05 04:45:00,2,temperature,celsius,FURN-02,heat-treat,night,nominal,68.963,False,Sensor 1 spike sequence matches historical bearing fault pattern.
1211,2024-01-05 04:50:00,3,pressure,bar,HYD-07,press-line,night,nominal,6.862,False,Humidity excursion near finishing booth during coating run.
1212,2024-01-05 04:55:00,4,humidity,percent,PAINT-01,finishing,night,nominal,35.237,False,Humidity climbed during dock-door open period in afternoon shift.
1213,2024-01-05 05:00:00,1,vibration,mm_s,CNC-04,machining-a,night,nominal,1.536,False,Vibration harmonics broadened during extended production run.
1214,2024-01-05 05:05:00,2,temperature,celsius,FURN-02,heat-treat,night,nominal,64.458,False,Pressure settled back to nominal after valve reseat.
1215,2024-01-05 05:10:00,3,pressure,bar,HYD-07,press-line,night,nominal,7.36,False,Machine throughput increase drove sustained pressure uplift.
1216,2024-01-05 05:15:00,4,humidity,percent,PAINT-01,finishing,night,nominal,42.32,False,Night shift startup produced higher than normal vibration floor.
1217,2024-01-05 05:20:00,1,vibration,mm_s,CNC-04,machining-a,night,nominal,3.363,False,Air handler maintenance reduced humidity variance on finishing line.
1218,2024-01-05 05:25:00,2,temperature,celsius,FURN-02,heat-treat,night,nominal,66.514,False,Heat-treat furnace door cycling increased localized temperature spikes.
1219,2024-01-05 05:30:00,3,pressure,bar,HYD-07,press-line,night,nominal,8.417,False,Quality hold reduced finishing booth activity for one shift.
1220,2024-01-05 05:35:00,4,humidity,percent,PAINT-01,finishing,night,nominal,40.819,False,Sensor signal clipping observed during startup surge.
1221,2024-01-05 05:40:00,1,vibration,mm_s,CNC-04,machining-a,night,nominal,2.23,False,Operator reset acknowledged after red-tag inspection.
1222,2024-01-05 05:45:00,2,temperature,celsius,FURN-02,heat-treat,night,warning,71.974,False,Operator reset acknowledged after red-tag inspection.
1223,2024-01-05 05:50:00,3,pressure,bar,HYD-07,press-line,night,nominal,8.525,False,Operator reset acknowledged after red-tag inspection.
1224,2024-01-05 05:55:00,4,humidity,percent,PAINT-01,finishing,night,nominal,39.218,False,Telemetry quality flag downgraded during sensor self-test window.
1225,2024-01-05 06:00:00,1,vibration,mm_s,CNC-04,machining-a,night,nominal,2.512,False,Maintenance scheduler deferred calibration due to spare shortage.
1226,2024-01-05 06:05:00,2,temperature,celsius,FURN-02,heat-treat,night,nominal,64.818,False,Temporary gateway failover completed without data loss.
1227,2024-01-05 06:10:00,3,pressure,bar,HYD-07,press-line,night,nominal,7.486,False,Dust extraction fan offline for 18 minutes on line finishing.
1228,2024-01-05 06:15:00,4,humidity,percent,PAINT-01,finishing,night,nominal,36.894,False,Quality team requested trace review for lot 24-118B.
1229,2024-01-05 06:20:00,1,vibration,mm_s,CNC-04,machining-a,night,warning,2.887,False,Telemetry quality flag downgraded during sensor self-test window.
1230,2024-01-05 06:25:00,2,temperature,celsius,FURN-02,heat-treat,night,critical,81.009,False,Maintenance crew confirmed lubrication interval was missed.
1231,2024-01-05 06:30:00,3,pressure,bar,HYD-07,press-line,night,nominal,6.744,False,Maintenance crew confirmed lubrication interval was missed.
1232,2024-01-05 06:35:00,4,humidity,percent,PAINT-01,finishing,night,nominal,44.816,False,Pressure line purge completed before restart authorization.
1233,2024-01-05 06:40:00,1,vibration,mm_s,CNC-04,machining-a,night,nominal,1.996,False,Dust extraction fan offline for 18 minutes on line finishing.
1234,2024-01-05 06:45:00,2,temperature,celsius,FURN-02,heat-treat,night,critical,75.893,False,Thermal ramp exceeded expected warmup curve before shift start.
1235,2024-01-05 06:50:00,3,pressure,bar,HYD-07,press-line,night,nominal,7.787,False,Machine throughput increase drove sustained pressure uplift.
1236,2024-01-05 06:55:00,4,humidity,percent,PAINT-01,finishing,night,nominal,40.11,False,Heat-treat furnace door cycling increased localized temperature spikes.
1237,2024-01-05 07:00:00,1,vibration,mm_s,CNC-04,machining-a,night,nominal,2.191,False,Unbalanced load introduced cyclical pressure ripple.
1238,2024-01-05 07:05:00,2,temperature,celsius,FURN-02,heat-treat,night,nominal,69.325,False,Maintenance note logged for coupling imbalance inspection.
1239,2024-01-05 07:10:00,3,pressure,bar,HYD-07,press-line,night,nominal,8.375,False,Transient outlier matched forklift impact near cabinet wall.
1240,2024-01-05 07:15:00,4,humidity,percent,PAINT-01,finishing,night,nominal,38.714,False,Temporary gateway failover completed without data loss.
1241,2024-01-05 07:20:00,1,vibration,mm_s,CNC-04,machining-a,night,nominal,2.638,False,Maintenance crew confirmed lubrication interval was missed.
1242,2024-01-05 07:25:00,2,temperature,celsius,FURN-02,heat-treat,night,warning,71.12,False,Compressed air fluctuation introduced pressure noise for two cycles.
1243,2024-01-05 07:30:00,3,pressure,bar,HYD-07,press-line,night,nominal,8.592,False,Humidity climbed during dock-door open period in afternoon shift.
1244,2024-01-05 07:35:00,4,humidity,percent,PAINT-01,finishing,night,nominal,45.369,False,Temperature remained elevated during unscheduled overtime run.
1245,2024-01-05 07:40:00,1,vibration,mm_s,CNC-04,machining-a,night,nominal,2.409,False,Machine throughput increase drove sustained pressure uplift.
1246,2024-01-05 07:45:00,2,temperature,celsius,FURN-02,heat-treat,night,warning,71.998,False,Maintenance crew confirmed lubrication interval was missed.
1247,2024-01-05 07:50:00,3,pressure,bar,HYD-07,press-line,night,nominal,8.208,False,Hydraulic accumulator recharge lag increased under repeated cycles.
1248,2024-01-05 07:55:00,4,humidity,percent,PAINT-01,finishing,night,nominal,42.351,False,Hydraulic accumulator recharge lag increased under repeated cycles.
1249,2024-01-05 08:00:00,1,vibration,mm_s,CNC-04,machining-a,day,nominal,1.698,False,Compressed air fluctuation introduced pressure noise for two cycles.
1250,2024-01-05 08:05:00,2,temperature,celsius,FURN-02,heat-treat,day,warning,70.801,False,Telemetry quality flag downgraded during sensor self-test window.
1251,2024-01-05 08:10:00,3,pressure,bar,HYD-07,press-line,day,nominal,7.146,False,Pressure settled back to nominal after valve reseat.
1252,2024-01-05 08:15:00,4,humidity,percent,PAINT-01,finishing,day,nominal,44.921,False,SCADA backfill inserted two delayed telemetry points.
1253,2024-01-05 08:20:00,1,vibration,mm_s,CNC-04,machining-a,day,nominal,2.734,False,Ambient temperature stabilized after HVAC stage-two engagement.
1254,2024-01-05 08:25:00,2,temperature,celsius,FURN-02,heat-treat,day,nominal,68.712,False,Pressure settled back to nominal after valve reseat.
1255,2024-01-05 08:30:00,3,pressure,bar,HYD-07,press-line,day,nominal,8.273,False,Humidity readings track seasonal rise across late spring.
1256,2024-01-05 08:35:00,4,humidity,percent,PAINT-01,finishing,day,nominal,42.327,False,Machine throughput increase drove sustained pressure uplift.
1257,2024-01-05 08:40:00,1,vibration,mm_s,CNC-04,machining-a,day,nominal,2.145,False,Heat-treat furnace door cycling increased localized temperature spikes.
1258,2024-01-05 08:45:00,2,temperature,celsius,FURN-02,heat-treat,day,critical,80.667,False,Air handler maintenance reduced humidity variance on finishing line.
1259,2024-01-05 08:50:00,3,pressure,bar,HYD-07,press-line,day,nominal,8.056,False,Bearing temperature rising faster than baseline on spindle cell.
1260,2024-01-05 08:55:00,4,humidity,percent,PAINT-01,finishing,day,critical,44.877,False,Hydraulic accumulator recharge lag increased under repeated cycles.
1261,2024-01-05 09:00:00,1,vibration,mm_s,CNC-04,machining-a,day,nominal,2.475,False,Hydraulic accumulator recharge lag increased under repeated cycles.
1262,2024-01-05 09:05:00,2,temperature,celsius,FURN-02,heat-treat,day,nominal,65.051,False,Quality hold reduced finishing booth activity for one shift.
1263,2024-01-05 09:10:00,3,pressure,bar,HYD-07,press-line,day,nominal,8.281,False,Press cycle dwell time lengthened during high-volume batch.
1264,2024-01-05 09:15:00,4,humidity,percent,PAINT-01,finishing,day,warning,35.792,False,Humidity climbed during dock-door open period in afternoon shift.
1265,2024-01-05 09:20:00,1,vibration,mm_s,CNC-04,machining-a,day,nominal,2.431,False,Air handler maintenance reduced humidity variance on finishing line.
1266,2024-01-05 09:25:00,2,temperature,celsius,FURN-02,heat-treat,day,nominal,66.543,False,Hydraulic line pressure oscillation detected under load.
1267,2024-01-05 09:30:00,3,pressure,bar,HYD-07,press-line,day,nominal,7.221,False,Humidity baseline improved after seal replacement.
1268,2024-01-05 09:35:00,4,humidity,percent,PAINT-01,finishing,day,warning,50.343,False,Sensor battery health remains nominal after firmware update.
1269,2024-01-05 09:40:00,1,vibration,mm_s,CNC-04,machining-a,day,nominal,2.933,False,Humidity readings track seasonal rise across late spring.
1270,2024-01-05 09:45:00,2,temperature,celsius,FURN-02,heat-treat,day,nominal,68.613,False,Pressure settled back to nominal after valve reseat.
1271,2024-01-05 09:50:00,3,pressure,bar,HYD-07,press-line,day,warning,8.134,False,Vibration harmonics broadened during extended production run.
1272,2024-01-05 09:55:00,4,humidity,percent,PAINT-01,finishing,day,nominal,34.461,False,Anomaly review flagged possible bearing wear progression.
1273,2024-01-05 10:00:00,1,vibration,mm_s,CNC-04,machining-a,day,nominal,2.594,False,Temperature remained elevated during unscheduled overtime run.
1274,2024-01-05 10:05:00,2,temperature,celsius,FURN-02,heat-treat,day,warning,71.189,False,Sensor signal clipping observed during startup surge.
1275,2024-01-05 10:10:00,3,pressure,bar,HYD-07,press-line,day,nominal,8.364,False,Maintenance note logged for coupling imbalance inspection.
1276,2024-01-05 10:15:00,4,humidity,percent,PAINT-01,finishing,day,nominal,47.353,False,Hydraulic accumulator recharge lag increased under repeated cycles.
1277,2024-01-05 10:20:00,1,vibration,mm_s,CNC-04,machining-a,day,nominal,1.926,False,Machine throughput increase drove sustained pressure uplift.
1278,2024-01-05 10:25:00,2,temperature,celsius,FURN-02,heat-treat,day,critical,77.341,False,Humidity baseline improved after seal replacement.
1279,2024-01-05 10:30:00,3,pressure,bar,HYD-07,press-line,day,nominal,6.922,False,Vibration baseline recovered after tool holder replacement.
1280,2024-01-05 10:35:00,4,humidity,percent,PAINT-01,finishing,day,nominal,42.502,False,Maintenance note logged for coupling imbalance inspection.
1281,2024-01-05 10:40:00,1,vibration,mm_s,CNC-04,machining-a,day,nominal,3.039,False,Supervisory alert generated after three consecutive threshold breaches.
1282,2024-01-05 10:45:00,2,temperature,celsius,FURN-02,heat-treat,day,nominal,68.281,False,Press cycle dwell time lengthened during high-volume batch.
1283,2024-01-05 10:50:00,3,pressure,bar,HYD-07,press-line,day,nominal,7.4,False,Vibration baseline recovered after tool holder replacement.
1284,2024-01-05 10:55:00,4,humidity,percent,PAINT-01,finishing,day,nominal,53.994,False,Press cycle dwell time lengthened during high-volume batch.
1285,2024-01-05 11:00:00,1,vibration,mm_s,CNC-04,machining-a,day,warning,2.14,False,Maintenance scheduler deferred calibration due to spare shortage.
1286,2024-01-05 11:05:00,2,temperature,celsius,FURN-02,heat-treat,day,warning,70.893,False,Humidity climbed during dock-door open period in afternoon shift.
1287,2024-01-05 11:10:00,3,pressure,bar,HYD-07,press-line,day,nominal,6.811,False,Press cycle dwell time lengthened during high-volume batch.
1288,2024-01-05 11:15:00,4,humidity,percent,PAINT-01,finishing,day,nominal,43.375,False,Unexpected resonance band appeared near 42 Hz on spindle motor.
1289,2024-01-05 11:20:00,1,vibration,mm_s,CNC-04,machining-a,day,nominal,1.952,False,Calibration check overdue by 11 days for press-line transducer.
1290,2024-01-05 11:25:00,2,temperature,celsius,FURN-02,heat-treat,day,nominal,70.025,False,Sensor enclosure opened for manual calibration verification.
1291,2024-01-05 11:30:00,3,pressure,bar,HYD-07,press-line,day,nominal,7.272,False,Thermal overshoot event coincided with recipe change on furnace.
1292,2024-01-05 11:35:00,4,humidity,percent,PAINT-01,finishing,day,nominal,46.516,False,Vibration harmonics broadened during extended production run.
1293,2024-01-05 11:40:00,1,vibration,mm_s,CNC-04,machining-a,day,nominal,1.871,False,Vibration burst exceeds envelope during tool change cycle.
1294,2024-01-05 11:45:00,2,temperature,celsius,FURN-02,heat-treat,day,nominal,67.919,False,Telemetry quality flag downgraded during sensor self-test window.
1295,2024-01-05 11:50:00,3,pressure,bar,HYD-07,press-line,day,nominal,7.733,False,Sensor signal clipping observed during startup surge.
1296,2024-01-05 11:55:00,4,humidity,percent,PAINT-01,finishing,day,nominal,32.787,False,Vibration baseline recovered after tool holder replacement.
1297,2024-01-05 12:00:00,1,vibration,mm_s,CNC-04,machining-a,day,nominal,1.111,False,Temperature remained elevated during unscheduled overtime run.
1298,2024-01-05 12:05:00,2,temperature,celsius,FURN-02,heat-treat,day,warning,73.88,False,Sensor battery health remains nominal after firmware update.
1299,2024-01-05 12:10:00,3,pressure,bar,HYD-07,press-line,day,nominal,6.859,False,Maintenance crew confirmed lubrication interval was missed.
1300,2024-01-05 12:15:00,4,humidity,percent,PAINT-01,finishing,day,nominal,49.37,False,Vibration harmonics broadened during extended production run.
1301,2024-01-05 12:20:00,1,vibration,mm_s,CNC-04,machining-a,day,nominal,2.065,False,Ambient temperature stabilized after HVAC stage-two engagement.
1302,2024-01-05 12:25:00,2,temperature,celsius,FURN-02,heat-treat,day,nominal,70.221,False,Pressure line purge completed before restart authorization.
1303,2024-01-05 12:30:00,3,pressure,bar,HYD-07,press-line,day,nominal,8.523,False,Pressure settled back to nominal after valve reseat.
1304,2024-01-05 12:35:00,4,humidity,percent,PAINT-01,finishing,day,nominal,45.498,False,Machine throughput increase drove sustained pressure uplift.
1305,2024-01-05 12:40:00,1,vibration,mm_s,CNC-04,machining-a,day,nominal,2.618,False,Supervisory alert generated after three consecutive threshold breaches.
1306,2024-01-05 12:45:00,2,temperature,celsius,FURN-02,heat-treat,day,warning,72.743,False,Thermal overshoot event coincided with recipe change on furnace.
1307,2024-01-05 12:50:00,3,pressure,bar,HYD-07,press-line,day,nominal,8.532,False,Vibration burst exceeds envelope during tool change cycle.
1308,2024-01-05 12:55:00,4,humidity,percent,PAINT-01,finishing,day,nominal,34.242,False,Temperature variance narrowed after coolant nozzle cleaning.
1309,2024-01-05 13:00:00,1,vibration,mm_s,CNC-04,machining-a,day,nominal,1.651,False,Machine idle period extended during planned sanitation window.
1310,2024-01-05 13:05:00,2,temperature,celsius,FURN-02,heat-treat,day,warning,66.976,False,Edge collector replayed buffered events after network recovery.
1311,2024-01-05 13:10:00,3,pressure,bar,HYD-07,press-line,day,nominal,7.715,False,Packaging line stop reduced adjacent vibration background.
1312,2024-01-05 13:15:00,4,humidity,percent,PAINT-01,finishing,day,warning,39.826,False,Transient outlier matched forklift impact near cabinet wall.
1313,2024-01-05 13:20:00,1,vibration,mm_s,CNC-04,machining-a,day,nominal,3.34,False,Maintenance crew confirmed lubrication interval was missed.
1314,2024-01-05 13:25:00,2,temperature,celsius,FURN-02,heat-treat,day,nominal,65.863,False,Air handler maintenance reduced humidity variance on finishing line.
1315,2024-01-05 13:30:00,3,pressure,bar,HYD-07,press-line,day,nominal,7.373,False,Sensor signal clipping observed during startup surge.
1316,2024-01-05 13:35:00,4,humidity,percent,PAINT-01,finishing,day,nominal,41.63,False,Telemetry quality flag downgraded during sensor self-test window.
1317,2024-01-05 13:40:00,1,vibration,mm_s,CNC-04,machining-a,day,nominal,1.168,False,Sensor enclosure opened for manual calibration verification.
1318,2024-01-05 13:45:00,2,temperature,celsius,FURN-02,heat-treat,day,nominal,66.752,False,Unexpected resonance band appeared near 42 Hz on spindle motor.
1319,2024-01-05 13:50:00,3,pressure,bar,HYD-07,press-line,day,nominal,7.771,False,Unbalanced load introduced cyclical pressure ripple.
1320,2024-01-05 13:55:00,4,humidity,percent,PAINT-01,finishing,day,nominal,48.646,False,Night shift startup produced higher than normal vibration floor.
1321,2024-01-05 14:00:00,1,vibration,mm_s,CNC-04,machining-a,day,nominal,1.969,False,Reliability engineer tagged sample window for model retraining.
1322,2024-01-05 14:05:00,2,temperature,celsius,FURN-02,heat-treat,day,nominal,69.643,False,Hydraulic line pressure oscillation detected under load.
1323,2024-01-05 14:10:00,3,pressure,bar,HYD-07,press-line,day,nominal,8.748,False,Pressure settled back to nominal after valve reseat.
1324,2024-01-05 14:15:00,4,humidity,percent,PAINT-01,finishing,day,nominal,41.827,False,Temperature variance narrowed after coolant nozzle cleaning.
1325,2024-01-05 14:20:00,1,vibration,mm_s,CNC-04,machining-a,day,nominal,1.582,False,Pressure peak corresponds to oversized billet batch processing.
1326,2024-01-05 14:25:00,2,temperature,celsius,FURN-02,heat-treat,day,warning,73.328,False,Maintenance scheduler deferred calibration due to spare shortage.
1327,2024-01-05 14:30:00,3,pressure,bar,HYD-07,press-line,day,nominal,8.206,False,Ambient temperature stabilized after HVAC stage-two engagement.
1328,2024-01-05 14:35:00,4,humidity,percent,PAINT-01,finishing,day,nominal,36.751,False,Maintenance note logged for coupling imbalance inspection.
1329,2024-01-05 14:40:00,1,vibration,mm_s,CNC-04,machining-a,day,nominal,2.905,False,Pressure settled back to nominal after valve reseat.
1330,2024-01-05 14:45:00,2,temperature,celsius,FURN-02,heat-treat,day,critical,77.734,False,Air handler maintenance reduced humidity variance on finishing line.
1331,2024-01-05 14:50:00,3,pressure,bar,HYD-07,press-line,day,nominal,6.63,False,Transient outlier matched forklift impact near cabinet wall.
1332,2024-01-05 14:55:00,4,humidity,percent,PAINT-01,finishing,day,nominal,40.92,False,Short-lived packet loss observed at edge gateway gw-02.
1333,2024-01-05 15:00:00,1,vibration,mm_s,CNC-04,machining-a,day,nominal,2.759,False,Vibration harmonics broadened during extended production run.
1334,2024-01-05 15:05:00,2,temperature,celsius,FURN-02,heat-treat,day,warning,69.088,False,Telemetry quality flag downgraded during sensor self-test window.
1335,2024-01-05 15:10:00,3,pressure,bar,HYD-07,press-line,day,warning,6.335,False,Vibration harmonics broadened during extended production run.
1336,2024-01-05 15:15:00,4,humidity,percent,PAINT-01,finishing,day,nominal,45.942,False,Humidity excursion near finishing booth during coating run.
1337,2024-01-05 15:20:00,1,vibration,mm_s,CNC-04,machining-a,day,nominal,2.254,False,Humidity baseline improved after seal replacement.
1338,2024-01-05 15:25:00,2,temperature,celsius,FURN-02,heat-treat,day,critical,76.686,False,Humidity excursion near finishing booth during coating run.
1339,2024-01-05 15:30:00,3,pressure,bar,HYD-07,press-line,day,nominal,7.211,False,Transient outlier matched forklift impact near cabinet wall.
1340,2024-01-05 15:35:00,4,humidity,percent,PAINT-01,finishing,day,nominal,42.661,False,Humidity readings track seasonal rise across late spring.
1341,2024-01-05 15:40:00,1,vibration,mm_s,CNC-04,machining-a,day,nominal,1.618,False,Heat-treat furnace door cycling increased localized temperature spikes.
1342,2024-01-05 15:45:00,2,temperature,celsius,FURN-02,heat-treat,day,warning,71.12,False,Condensation warning cleared after dehumidifier ramp-up.
1343,2024-01-05 15:50:00,3,pressure,bar,HYD-07,press-line,day,nominal,7.772,False,Sensor 3 drift suspected after cross-check with manual gauge.
1344,2024-01-05 15:55:00,4,humidity,percent,PAINT-01,finishing,day,nominal,46.51,False,Bearing temperature rising faster than baseline on spindle cell.
1345,2024-01-05 16:00:00,1,vibration,mm_s,CNC-04,machining-a,swing,critical,1.741,False,Shift handoff note referenced unusual noise near press enclosure.
1346,2024-01-05 16:05:00,2,temperature,celsius,FURN-02,heat-treat,swing,nominal,65.295,False,Transient outlier matched forklift impact near cabinet wall.
1347,2024-01-05 16:10:00,3,pressure,bar,HYD-07,press-line,swing,nominal,6.693,False,Operator reported intermittent chatter on machine CNC-04.
1348,2024-01-05 16:15:00,4,humidity,percent,PAINT-01,finishing,swing,nominal,31.024,False,Vibration baseline recovered after tool holder replacement.
1349,2024-01-05 16:20:00,1,vibration,mm_s,CNC-04,machining-a,swing,nominal,2.537,False,Ambient temperature stabilized after HVAC stage-two engagement.
1350,2024-01-05 16:25:00,2,temperature,celsius,FURN-02,heat-treat,swing,nominal,68.839,False,Unexpected resonance band appeared near 42 Hz on spindle motor.
1351,2024-01-05 16:30:00,3,pressure,bar,HYD-07,press-line,swing,nominal,7.666,False,Coolant loop adjustment reduced chamber temperature spread.
1352,2024-01-05 16:35:00,4,humidity,percent,PAINT-01,finishing,swing,nominal,52.353,False,Bearing temperature rising faster than baseline on spindle cell.
1353,2024-01-05 16:40:00,1,vibration,mm_s,CNC-04,machining-a,swing,nominal,2.028,False,Supervisory alert generated after three consecutive threshold breaches.
1354,2024-01-05 16:45:00,2,temperature,celsius,FURN-02,heat-treat,swing,warning,71.766,False,Sensor heartbeat delayed by one interval after gateway retry.
1355,2024-01-05 16:50:00,3,pressure,bar,HYD-07,press-line,swing,nominal,6.71,False,Press cycle dwell time lengthened during high-volume batch.
1356,2024-01-05 16:55:00,4,humidity,percent,PAINT-01,finishing,swing,nominal,43.081,False,Sensor 1 spike sequence matches historical bearing fault pattern.
1357,2024-01-05 17:00:00,1,vibration,mm_s,CNC-04,machining-a,swing,nominal,2.091,False,Unexpected resonance band appeared near 42 Hz on spindle motor.
1358,2024-01-05 17:05:00,2,temperature,celsius,FURN-02,heat-treat,swing,warning,72.115,False,Unbalanced load introduced cyclical pressure ripple.
1359,2024-01-05 17:10:00,3,pressure,bar,HYD-07,press-line,swing,nominal,7.805,False,Operator reported intermittent chatter on machine CNC-04.
1360,2024-01-05 17:15:00,4,humidity,percent,PAINT-01,finishing,swing,nominal,44.83,False,Coolant loop adjustment reduced chamber temperature spread.
1361,2024-01-05 17:20:00,1,vibration,mm_s,CNC-04,machining-a,swing,nominal,2.359,False,SCADA backfill inserted two delayed telemetry points.
1362,2024-01-05 17:25:00,2,temperature,celsius,FURN-02,heat-treat,swing,nominal,66.148,False,Sensor 3 drift suspected after cross-check with manual gauge.
1363,2024-01-05 17:30:00,3,pressure,bar,HYD-07,press-line,swing,nominal,7.941,False,Packaging line stop reduced adjacent vibration background.
1364,2024-01-05 17:35:00,4,humidity,percent,PAINT-01,finishing,swing,nominal,47.56,False,Maintenance scheduler deferred calibration due to spare shortage.
1365,2024-01-05 17:40:00,1,vibration,mm_s,CNC-04,machining-a,swing,nominal,2.173,False,Sensor signal clipping observed during startup surge.
1366,2024-01-05 17:45:00,2,temperature,celsius,FURN-02,heat-treat,swing,nominal,66.705,False,Quality hold reduced finishing booth activity for one shift.
1367,2024-01-05 17:50:00,3,pressure,bar,HYD-07,press-line,swing,nominal,8.908,False,Sensor signal clipping observed during startup surge.
1368,2024-01-05 17:55:00,4,humidity,percent,PAINT-01,finishing,swing,nominal,49.566,False,Warning threshold updated for pilot predictive-maintenance model.
1369,2024-01-05 18:00:00,1,vibration,mm_s,CNC-04,machining-a,swing,nominal,1.438,False,Sensor heartbeat delayed by one interval after gateway retry.
1370,2024-01-05 18:05:00,2,temperature,celsius,FURN-02,heat-treat,swing,nominal,66.8,False,Telemetry quality flag downgraded during sensor self-test window.
1371,2024-01-05 18:10:00,3,pressure,bar,HYD-07,press-line,swing,nominal,7.714,False,Machine idle period extended during planned sanitation window.
1372,2024-01-05 18:15:00,4,humidity,percent,PAINT-01,finishing,swing,warning,49.006,False,Press cycle dwell time lengthened during high-volume batch.
1373,2024-01-05 18:20:00,1,vibration,mm_s,CNC-04,machining-a,swing,nominal,1.668,False,Humidity readings track seasonal rise across late spring.
1374,2024-01-05 18:25:00,2,temperature,celsius,FURN-02,heat-treat,swing,nominal,67.42,False,Bearing temperature rising faster than baseline on spindle cell.
1375,2024-01-05 18:30:00,3,pressure,bar,HYD-07,press-line,swing,warning,7.569,False,SCADA backfill inserted two delayed telemetry points.
1376,2024-01-05 18:35:00,4,humidity,percent,PAINT-01,finishing,swing,nominal,39.299,False,Pressure peak corresponds to oversized billet batch processing.
1377,2024-01-05 18:40:00,1,vibration,mm_s,CNC-04,machining-a,swing,nominal,1.681,False,Condensation warning cleared after dehumidifier ramp-up.
1378,2024-01-05 18:45:00,2,temperature,celsius,FURN-02,heat-treat,swing,nominal,69.684,False,Humidity readings track seasonal rise across late spring.
1379,2024-01-05 18:50:00,3,pressure,bar,HYD-07,press-line,swing,nominal,8.667,False,SCADA backfill inserted two delayed telemetry points.
1380,2024-01-05 18:55:00,4,humidity,percent,PAINT-01,finishing,swing,nominal,34.905,False,Sensor enclosure opened for manual calibration verification.
1381,2024-01-05 19:00:00,1,vibration,mm_s,CNC-04,machining-a,swing,nominal,2.0,False,Humidity readings track seasonal rise across late spring.
1382,2024-01-05 19:05:00,2,temperature,celsius,FURN-02,heat-treat,swing,critical,76.807,False,Compressed air fluctuation introduced pressure noise for two cycles.
1383,2024-01-05 19:10:00,3,pressure,bar,HYD-07,press-line,swing,nominal,8.225,False,Unexpected resonance band appeared near 42 Hz on spindle motor.
1384,2024-01-05 19:15:00,4,humidity,percent,PAINT-01,finishing,swing,critical,45.79,False,Sensor enclosure opened for manual calibration verification.
1385,2024-01-05 19:20:00,1,vibration,mm_s,CNC-04,machining-a,swing,warning,2.45,False,Pressure line purge completed before restart authorization.
1386,2024-01-05 19:25:00,2,temperature,celsius,FURN-02,heat-treat,swing,nominal,66.416,False,Pressure peak corresponds to oversized billet batch processing.
1387,2024-01-05 19:30:00,3,pressure,bar,HYD-07,press-line,swing,nominal,7.828,False,Temporary gateway failover completed without data loss.
1388,2024-01-05 19:35:00,4,humidity,percent,PAINT-01,finishing,swing,nominal,49.268,False,Vibration baseline recovered after tool holder replacement.
1389,2024-01-05 19:40:00,1,vibration,mm_s,CNC-04,machining-a,swing,nominal,2.427,False,Temperature remained elevated during unscheduled overtime run.
1390,2024-01-05 19:45:00,2,temperature,celsius,FURN-02,heat-treat,swing,nominal,60.934,False,Maintenance scheduler deferred calibration due to spare shortage.
1391,2024-01-05 19:50:00,3,pressure,bar,HYD-07,press-line,swing,warning,7.602,False,Thermal overshoot event coincided with recipe change on furnace.
1392,2024-01-05 19:55:00,4,humidity,percent,PAINT-01,finishing,swing,nominal,45.816,False,Reliability engineer tagged sample window for model retraining.
1393,2024-01-05 20:00:00,1,vibration,mm_s,CNC-04,machining-a,swing,nominal,3.053,False,Vibration harmonics broadened during extended production run.
1394,2024-01-05 20:05:00,2,temperature,celsius,FURN-02,heat-treat,swing,nominal,60.646,False,Shift handoff note referenced unusual noise near press enclosure.
1395,2024-01-05 20:10:00,3,pressure,bar,HYD-07,press-line,swing,nominal,8.906,False,Air handler maintenance reduced humidity variance on finishing line.
1396,2024-01-05 20:15:00,4,humidity,percent,PAINT-01,finishing,swing,nominal,32.885,False,Maintenance note logged for coupling imbalance inspection.
1397,2024-01-05 20:20:00,1,vibration,mm_s,CNC-04,machining-a,swing,nominal,1.626,False,Humidity readings track seasonal rise across late spring.
1398,2024-01-05 20:25:00,2,temperature,celsius,FURN-02,heat-treat,swing,warning,71.99,False,Temperature remained elevated during unscheduled overtime run.
1399,2024-01-05 20:30:00,3,pressure,bar,HYD-07,press-line,swing,nominal,7.324,False,Press cycle dwell time lengthened during high-volume batch.
1400,2024-01-05 20:35:00,4,humidity,percent,PAINT-01,finishing,swing,nominal,53.59,False,Pressure line purge completed before restart authorization.
1401,2024-01-05 20:40:00,1,vibration,mm_s,CNC-04,machining-a,swing,nominal,2.569,False,Vibration burst exceeds envelope during tool change cycle.
1402,2024-01-05 20:45:00,2,temperature,celsius,FURN-02,heat-treat,swing,nominal,65.862,False,Compressed air fluctuation introduced pressure noise for two cycles.
1403,2024-01-05 20:50:00,3,pressure,bar,HYD-07,press-line,swing,warning,6.84,False,Pressure settled back to nominal after valve reseat.
1404,2024-01-05 20:55:00,4,humidity,percent,PAINT-01,finishing,swing,nominal,40.726,False,Pressure peak corresponds to oversized billet batch processing.
1405,2024-01-05 21:00:00,1,vibration,mm_s,CNC-04,machining-a,swing,nominal,1.967,False,Pressure settled back to nominal after valve reseat.
1406,2024-01-05 21:05:00,2,temperature,celsius,FURN-02,heat-treat,swing,nominal,69.529,False,Dust extraction fan offline for 18 minutes on line finishing.
1407,2024-01-05 21:10:00,3,pressure,bar,HYD-07,press-line,swing,warning,7.675,False,Compressed air fluctuation introduced pressure noise for two cycles.
1408,2024-01-05 21:15:00,4,humidity,percent,PAINT-01,finishing,swing,nominal,47.642,False,Maintenance crew confirmed lubrication interval was missed.
1409,2024-01-05 21:20:00,1,vibration,mm_s,CNC-04,machining-a,swing,nominal,3.487,False,Machine throughput increase drove sustained pressure uplift.
1410,2024-01-05 21:25:00,2,temperature,celsius,FURN-02,heat-treat,swing,nominal,65.133,False,Unbalanced load introduced cyclical pressure ripple.
1411,2024-01-05 21:30:00,3,pressure,bar,HYD-07,press-line,swing,nominal,7.594,False,Sensor heartbeat delayed by one interval after gateway retry.
1412,2024-01-05 21:35:00,4,humidity,percent,PAINT-01,finishing,swing,warning,33.826,False,Operator reset acknowledged after red-tag inspection.
1413,2024-01-05 21:40:00,1,vibration,mm_s,CNC-04,machining-a,swing,nominal,2.342,False,Transient outlier matched forklift impact near cabinet wall.
1414,2024-01-05 21:45:00,2,temperature,celsius,FURN-02,heat-treat,swing,warning,67.651,False,Vibration baseline recovered after tool holder replacement.
1415,2024-01-05 21:50:00,3,pressure,bar,HYD-07,press-line,swing,nominal,8.584,False,Temporary gateway failover completed without data loss.
1416,2024-01-05 21:55:00,4,humidity,percent,PAINT-01,finishing,swing,nominal,50.356,False,Heat-treat furnace door cycling increased localized temperature spikes.
1417,2024-01-05 22:00:00,1,vibration,mm_s,CNC-04,machining-a,swing,nominal,2.091,False,Maintenance crew confirmed lubrication interval was missed.
1418,2024-01-05 22:05:00,2,temperature,celsius,FURN-02,heat-treat,swing,nominal,66.856,False,Dust extraction fan offline for 18 minutes on line finishing.
1419,2024-01-05 22:10:00,3,pressure,bar,HYD-07,press-line,swing,nominal,7.901,False,Supervisory alert generated after three consecutive threshold breaches.
1420,2024-01-05 22:15:00,4,humidity,percent,PAINT-01,finishing,swing,warning,48.363,False,Pressure line purge completed before restart authorization.
1421,2024-01-05 22:20:00,1,vibration,mm_s,CNC-04,machining-a,swing,nominal,2.551,False,Shift handoff note referenced unusual noise near press enclosure.
1422,2024-01-05 22:25:00,2,temperature,celsius,FURN-02,heat-treat,swing,nominal,65.229,False,Transient outlier matched forklift impact near cabinet wall.
1423,2024-01-05 22:30:00,3,pressure,bar,HYD-07,press-line,swing,nominal,8.395,False,Unbalanced load introduced cyclical pressure ripple.
1424,2024-01-05 22:35:00,4,humidity,percent,PAINT-01,finishing,swing,nominal,41.215,False,Night shift startup produced higher than normal vibration floor.
1425,2024-01-05 22:40:00,1,vibration,mm_s,CNC-04,machining-a,swing,nominal,2.508,False,Operator reported intermittent chatter on machine CNC-04.
1426,2024-01-05 22:45:00,2,temperature,celsius,FURN-02,heat-treat,swing,warning,73.884,False,Temperature variance narrowed after coolant nozzle cleaning.
1427,2024-01-05 22:50:00,3,pressure,bar,HYD-07,press-line,swing,nominal,6.136,False,Hydraulic accumulator recharge lag increased under repeated cycles.
1428,2024-01-05 22:55:00,4,humidity,percent,PAINT-01,finishing,swing,nominal,49.816,False,Maintenance note logged for coupling imbalance inspection.
1429,2024-01-05 23:00:00,1,vibration,mm_s,CNC-04,machining-a,swing,nominal,2.191,False,Calibration check overdue by 11 days for press-line transducer.
1430,2024-01-05 23:05:00,2,temperature,celsius,FURN-02,heat-treat,swing,warning,74.216,False,Unexpected resonance band appeared near 42 Hz on spindle motor.
1431,2024-01-05 23:10:00,3,pressure,bar,HYD-07,press-line,swing,warning,7.583,False,Press cycle dwell time lengthened during high-volume batch.
1432,2024-01-05 23:15:00,4,humidity,percent,PAINT-01,finishing,swing,nominal,44.294,False,Quality team requested trace review for lot 24-118B.
1433,2024-01-05 23:20:00,1,vibration,mm_s,CNC-04,machining-a,swing,nominal,2.727,False,Hydraulic line pressure oscillation detected under load.
1434,2024-01-05 23:25:00,2,temperature,celsius,FURN-02,heat-treat,swing,warning,71.201,False,Unbalanced load introduced cyclical pressure ripple.
1435,2024-01-05 23:30:00,3,pressure,bar,HYD-07,press-line,swing,nominal,8.759,False,Vibration baseline recovered after tool holder replacement.
1436,2024-01-05 23:35:00,4,humidity,percent,PAINT-01,finishing,swing,warning,47.569,False,Sensor enclosure opened for manual calibration verification.
1437,2024-01-05 23:40:00,1,vibration,mm_s,CNC-04,machining-a,swing,nominal,3.231,False,Humidity baseline improved after seal replacement.
1438,2024-01-05 23:45:00,2,temperature,celsius,FURN-02,heat-treat,swing,critical,77.521,False,Packaging line stop reduced adjacent vibration background.
1439,2024-01-05 23:50:00,3,pressure,bar,HYD-07,press-line,swing,warning,7.099,False,Maintenance scheduler deferred calibration due to spare shortage.
1440,2024-01-05 23:55:00,4,humidity,percent,PAINT-01,finishing,swing,warning,42.812,False,Hydraulic accumulator recharge lag increased under repeated cycles.
1441,2024-01-06 00:00:00,1,vibration,mm_s,CNC-04,machining-a,night,nominal,3.005,False,Coolant loop adjustment reduced chamber temperature spread.
1442,2024-01-06 00:05:00,2,temperature,celsius,FURN-02,heat-treat,night,nominal,62.504,False,Calibration check overdue by 11 days for press-line transducer.
1443,2024-01-06 00:10:00,3,pressure,bar,HYD-07,press-line,night,nominal,7.719,False,Bearing temperature rising faster than baseline on spindle cell.
1444,2024-01-06 00:15:00,4,humidity,percent,PAINT-01,finishing,night,nominal,39.947,False,Unexpected resonance band appeared near 42 Hz on spindle motor.
1445,2024-01-06 00:20:00,1,vibration,mm_s,CNC-04,machining-a,night,nominal,2.418,False,Quality hold reduced finishing booth activity for one shift.
1446,2024-01-06 00:25:00,2,temperature,celsius,FURN-02,heat-treat,night,nominal,67.476,False,Reliability engineer tagged sample window for model retraining.
1447,2024-01-06 00:30:00,3,pressure,bar,HYD-07,press-line,night,nominal,8.445,False,Temperature variance narrowed after coolant nozzle cleaning.
1448,2024-01-06 00:35:00,4,humidity,percent,PAINT-01,finishing,night,nominal,52.565,False,Air handler maintenance reduced humidity variance on finishing line.
1449,2024-01-06 00:40:00,1,vibration,mm_s,CNC-04,machining-a,night,nominal,3.477,False,Sensor signal clipping observed during startup surge.
1450,2024-01-06 00:45:00,2,temperature,celsius,FURN-02,heat-treat,night,nominal,66.855,False,Packaging line stop reduced adjacent vibration background.
1451,2024-01-06 00:50:00,3,pressure,bar,HYD-07,press-line,night,nominal,7.572,False,Edge collector replayed buffered events after network recovery.
1452,2024-01-06 00:55:00,4,humidity,percent,PAINT-01,finishing,night,nominal,45.878,False,Thermal overshoot event coincided with recipe change on furnace.
1453,2024-01-06 01:00:00,1,vibration,mm_s,CNC-04,machining-a,night,nominal,2.765,False,Temporary gateway failover completed without data loss.
1454,2024-01-06 01:05:00,2,temperature,celsius,FURN-02,heat-treat,night,warning,71.619,False,Humidity climbed during dock-door open period in afternoon shift.
1455,2024-01-06 01:10:00,3,pressure,bar,HYD-07,press-line,night,nominal,8.409,False,Telemetry quality flag downgraded during sensor self-test window.
1456,2024-01-06 01:15:00,4,humidity,percent,PAINT-01,finishing,night,nominal,36.574,False,Night shift startup produced higher than normal vibration floor.
1457,2024-01-06 01:20:00,1,vibration,mm_s,CNC-04,machining-a,night,nominal,1.896,False,Ambient temperature stabilized after HVAC stage-two engagement.
1458,2024-01-06 01:25:00,2,temperature,celsius,FURN-02,heat-treat,night,nominal,62.755,False,Telemetry quality flag downgraded during sensor self-test window.
1459,2024-01-06 01:30:00,3,pressure,bar,HYD-07,press-line,night,warning,7.507,False,Telemetry quality flag downgraded during sensor self-test window.
1460,2024-01-06 01:35:00,4,humidity,percent,PAINT-01,finishing,night,nominal,44.265,False,Thermal ramp exceeded expected warmup curve before shift start.
1461,2024-01-06 01:40:00,1,vibration,mm_s,CNC-04,machining-a,night,nominal,2.53,False,Compressed air fluctuation introduced pressure noise for two cycles.
1462,2024-01-06 01:45:00,2,temperature,celsius,FURN-02,heat-treat,night,warning,71.432,False,Pressure settled back to nominal after valve reseat.
1463,2024-01-06 01:50:00,3,pressure,bar,HYD-07,press-line,night,nominal,7.876,False,Humidity baseline improved after seal replacement.
1464,2024-01-06 01:55:00,4,humidity,percent,PAINT-01,finishing,night,nominal,47.017,False,Machine throughput increase drove sustained pressure uplift.
1465,2024-01-06 02:00:00,1,vibration,mm_s,CNC-04,machining-a,night,nominal,2.381,False,Operator reported intermittent chatter on machine CNC-04.
1466,2024-01-06 02:05:00,2,temperature,celsius,FURN-02,heat-treat,night,nominal,61.936,False,Bearing temperature rising faster than baseline on spindle cell.
1467,2024-01-06 02:10:00,3,pressure,bar,HYD-07,press-line,night,nominal,8.336,False,Shift handoff note referenced unusual noise near press enclosure.
1468,2024-01-06 02:15:00,4,humidity,percent,PAINT-01,finishing,night,nominal,49.082,False,Vibration baseline recovered after tool holder replacement.
1469,2024-01-06 02:20:00,1,vibration,mm_s,CNC-04,machining-a,night,nominal,2.202,False,Condensation warning cleared after dehumidifier ramp-up.
1470,2024-01-06 02:25:00,2,temperature,celsius,FURN-02,heat-treat,night,warning,71.796,False,Unexpected resonance band appeared near 42 Hz on spindle motor.
1471,2024-01-06 02:30:00,3,pressure,bar,HYD-07,press-line,night,warning,7.19,False,Hydraulic accumulator recharge lag increased under repeated cycles.
1472,2024-01-06 02:35:00,4,humidity,percent,PAINT-01,finishing,night,nominal,54.235,False,Thermal ramp exceeded expected warmup curve before shift start.
1473,2024-01-06 02:40:00,1,vibration,mm_s,CNC-04,machining-a,night,nominal,2.673,False,Reliability engineer tagged sample window for model retraining.
1474,2024-01-06 02:45:00,2,temperature,celsius,FURN-02,heat-treat,night,warning,73.628,False,Temperature remained elevated during unscheduled overtime run.
1475,2024-01-06 02:50:00,3,pressure,bar,HYD-07,press-line,night,nominal,7.371,False,Pressure settled back to nominal after valve reseat.
1476,2024-01-06 02:55:00,4,humidity,percent,PAINT-01,finishing,night,nominal,46.646,False,Compressed air fluctuation introduced pressure noise for two cycles.
1477,2024-01-06 03:00:00,1,vibration,mm_s,CNC-04,machining-a,night,nominal,1.467,False,Maintenance scheduler deferred calibration due to spare shortage.
1478,2024-01-06 03:05:00,2,temperature,celsius,FURN-02,heat-treat,night,critical,63.339,False,Temporary gateway failover completed without data loss.
1479,2024-01-06 03:10:00,3,pressure,bar,HYD-07,press-line,night,nominal,8.494,False,Thermal overshoot event coincided with recipe change on furnace.
1480,2024-01-06 03:15:00,4,humidity,percent,PAINT-01,finishing,night,nominal,39.887,False,Warning threshold updated for pilot predictive-maintenance model.
1481,2024-01-06 03:20:00,1,vibration,mm_s,CNC-04,machining-a,night,nominal,3.382,False,Heat-treat furnace door cycling increased localized temperature spikes.
1482,2024-01-06 03:25:00,2,temperature,celsius,FURN-02,heat-treat,night,nominal,66.781,False,Temperature variance narrowed after coolant nozzle cleaning.
1483,2024-01-06 03:30:00,3,pressure,bar,HYD-07,press-line,night,nominal,7.388,False,Transient outlier matched forklift impact near cabinet wall.
1484,2024-01-06 03:35:00,4,humidity,percent,PAINT-01,finishing,night,nominal,42.452,False,Sensor heartbeat delayed by one interval after gateway retry.
1485,2024-01-06 03:40:00,1,vibration,mm_s,CNC-04,machining-a,night,nominal,2.837,False,Pressure line purge completed before restart authorization.
1486,2024-01-06 03:45:00,2,temperature,celsius,FURN-02,heat-treat,night,warning,73.79,False,Maintenance scheduler deferred calibration due to spare shortage.
1487,2024-01-06 03:50:00,3,pressure,bar,HYD-07,press-line,night,critical,7.982,False,Sensor enclosure opened for manual calibration verification.
1488,2024-01-06 03:55:00,4,humidity,percent,PAINT-01,finishing,night,nominal,50.067,False,Sensor signal clipping observed during startup surge.
1489,2024-01-06 04:00:00,1,vibration,mm_s,CNC-04,machining-a,night,nominal,1.487,False,Hydraulic accumulator recharge lag increased under repeated cycles.
1490,2024-01-06 04:05:00,2,temperature,celsius,FURN-02,heat-treat,night,warning,74.698,False,Temperature remained elevated during unscheduled overtime run.
1491,2024-01-06 04:10:00,3,pressure,bar,HYD-07,press-line,night,nominal,8.533,False,Quality team requested trace review for lot 24-118B.
1492,2024-01-06 04:15:00,4,humidity,percent,PAINT-01,finishing,night,nominal,40.059,False,Operator reset acknowledged after red-tag inspection.
1493,2024-01-06 04:20:00,1,vibration,mm_s,CNC-04,machining-a,night,nominal,2.83,False,SCADA backfill inserted two delayed telemetry points.
1494,2024-01-06 04:25:00,2,temperature,celsius,FURN-02,heat-treat,night,nominal,62.011,False,Thermal overshoot event coincided with recipe change on furnace.
1495,2024-01-06 04:30:00,3,pressure,bar,HYD-07,press-line,night,nominal,7.96,False,Temporary gateway failover completed without data loss.
1496,2024-01-06 04:35:00,4,humidity,percent,PAINT-01,finishing,night,nominal,44.576,False,Reliability engineer tagged sample window for model retraining.
1497,2024-01-06 04:40:00,1,vibration,mm_s,CNC-04,machining-a,night,nominal,2.744,False,Machine idle period extended during planned sanitation window.
1498,2024-01-06 04:45:00,2,temperature,celsius,FURN-02,heat-treat,night,nominal,70.131,False,Calibration check overdue by 11 days for press-line transducer.
1499,2024-01-06 04:50:00,3,pressure,bar,HYD-07,press-line,night,nominal,8.077,False,Press cycle dwell time lengthened during high-volume batch.
1500,2024-01-06 04:55:00,4,humidity,percent,PAINT-01,finishing,night,nominal,41.136,False,Hydraulic line pressure oscillation detected under load.
1501,2024-01-06 05:00:00,1,vibration,mm_s,CNC-04,machining-a,night,nominal,3.306,False,Short-lived packet loss observed at edge gateway gw-02.
1502,2024-01-06 05:05:00,2,temperature,celsius,FURN-02,heat-treat,night,warning,71.379,False,Pressure line purge completed before restart authorization.
1503,2024-01-06 05:10:00,3,pressure,bar,HYD-07,press-line,night,nominal,8.907,False,Coolant loop adjustment reduced chamber temperature spread.
1504,2024-01-06 05:15:00,4,humidity,percent,PAINT-01,finishing,night,nominal,41.974,False,Sensor battery health remains nominal after firmware update.
1505,2024-01-06 05:20:00,1,vibration,mm_s,CNC-04,machining-a,night,nominal,3.448,False,Vibration burst exceeds envelope during tool change cycle.
1506,2024-01-06 05:25:00,2,temperature,celsius,FURN-02,heat-treat,night,nominal,68.397,False,Sensor 1 spike sequence matches historical bearing fault pattern.
1507,2024-01-06 05:30:00,3,pressure,bar,HYD-07,press-line,night,nominal,9.395,False,Transient outlier matched forklift impact near cabinet wall.
1508,2024-01-06 05:35:00,4,humidity,percent,PAINT-01,finishing,night,nominal,42.404,False,Sensor 3 drift suspected after cross-check with manual gauge.
1509,2024-01-06 05:40:00,1,vibration,mm_s,CNC-04,machining-a,night,nominal,3.541,False,Vibration harmonics broadened during extended production run.
1510,2024-01-06 05:45:00,2,temperature,celsius,FURN-02,heat-treat,night,warning,74.902,False,Vibration baseline recovered after tool holder replacement.
1511,2024-01-06 05:50:00,3,pressure,bar,HYD-07,press-line,night,nominal,7.988,False,Temperature remained elevated during unscheduled overtime run.
1512,2024-01-06 05:55:00,4,humidity,percent,PAINT-01,finishing,night,nominal,44.69,False,Unexpected resonance band appeared near 42 Hz on spindle motor.
1513,2024-01-06 06:00:00,1,vibration,mm_s,CNC-04,machining-a,night,nominal,2.347,False,Quality team requested trace review for lot 24-118B.
1514,2024-01-06 06:05:00,2,temperature,celsius,FURN-02,heat-treat,night,nominal,65.979,False,Vibration baseline recovered after tool holder replacement.
1515,2024-01-06 06:10:00,3,pressure,bar,HYD-07,press-line,night,nominal,7.624,False,Coolant loop adjustment reduced chamber temperature spread.
1516,2024-01-06 06:15:00,4,humidity,percent,PAINT-01,finishing,night,nominal,42.863,False,Maintenance note logged for coupling imbalance inspection.
1517,2024-01-06 06:20:00,1,vibration,mm_s,CNC-04,machining-a,night,nominal,2.797,False,Ambient temperature stabilized after HVAC stage-two engagement.
1518,2024-01-06 06:25:00,2,temperature,celsius,FURN-02,heat-treat,night,warning,66.574,False,Pressure settled back to nominal after valve reseat.
1519,2024-01-06 06:30:00,3,pressure,bar,HYD-07,press-line,night,nominal,8.442,False,Pressure settled back to nominal after valve reseat.
1520,2024-01-06 06:35:00,4,humidity,percent,PAINT-01,finishing,night,nominal,35.487,False,Reliability engineer tagged sample window for model retraining.
1521,2024-01-06 06:40:00,1,vibration,mm_s,CNC-04,machining-a,night,nominal,2.236,False,Quality team requested trace review for lot 24-118B.
1522,2024-01-06 06:45:00,2,temperature,celsius,FURN-02,heat-treat,night,nominal,65.476,False,Condensation warning cleared after dehumidifier ramp-up.
1523,2024-01-06 06:50:00,3,pressure,bar,HYD-07,press-line,night,nominal,7.395,False,Edge collector replayed buffered events after network recovery.
1524,2024-01-06 06:55:00,4,humidity,percent,PAINT-01,finishing,night,nominal,49.696,False,Condensation warning cleared after dehumidifier ramp-up.
1525,2024-01-06 07:00:00,1,vibration,mm_s,CNC-04,machining-a,night,nominal,3.038,False,Machine idle period extended during planned sanitation window.
1526,2024-01-06 07:05:00,2,temperature,celsius,FURN-02,heat-treat,night,nominal,69.548,False,Ambient temperature stabilized after HVAC stage-two engagement.
1527,2024-01-06 07:10:00,3,pressure,bar,HYD-07,press-line,night,nominal,8.753,False,Temporary gateway failover completed without data loss.
1528,2024-01-06 07:15:00,4,humidity,percent,PAINT-01,finishing,night,nominal,49.109,False,Press cycle dwell time lengthened during high-volume batch.
1529,2024-01-06 07:20:00,1,vibration,mm_s,CNC-04,machining-a,night,nominal,1.311,False,Telemetry quality flag downgraded during sensor self-test window.
1530,2024-01-06 07:25:00,2,temperature,celsius,FURN-02,heat-treat,night,nominal,67.235,False,Humidity excursion near finishing booth during coating run.
1531,2024-01-06 07:30:00,3,pressure,bar,HYD-07,press-line,night,nominal,7.544,False,Quality team requested trace review for lot 24-118B.
1532,2024-01-06 07:35:00,4,humidity,percent,PAINT-01,finishing,night,nominal,44.599,False,Ambient temperature stabilized after HVAC stage-two engagement.
1533,2024-01-06 07:40:00,1,vibration,mm_s,CNC-04,machining-a,night,nominal,1.799,False,Vibration baseline recovered after tool holder replacement.
1534,2024-01-06 07:45:00,2,temperature,celsius,FURN-02,heat-treat,night,warning,72.37,False,Compressed air fluctuation introduced pressure noise for two cycles.
1535,2024-01-06 07:50:00,3,pressure,bar,HYD-07,press-line,night,nominal,7.625,False,Dust extraction fan offline for 18 minutes on line finishing.
1536,2024-01-06 07:55:00,4,humidity,percent,PAINT-01,finishing,night,nominal,49.828,False,Maintenance scheduler deferred calibration due to spare shortage.
1537,2024-01-06 08:00:00,1,vibration,mm_s,CNC-04,machining-a,day,nominal,2.011,False,Temperature variance narrowed after coolant nozzle cleaning.
1538,2024-01-06 08:05:00,2,temperature,celsius,FURN-02,heat-treat,day,nominal,66.632,False,Temperature variance narrowed after coolant nozzle cleaning.
1539,2024-01-06 08:10:00,3,pressure,bar,HYD-07,press-line,day,nominal,6.983,False,Edge collector replayed buffered events after network recovery.
1540,2024-01-06 08:15:00,4,humidity,percent,PAINT-01,finishing,day,nominal,47.024,False,Night shift startup produced higher than normal vibration floor.
1541,2024-01-06 08:20:00,1,vibration,mm_s,CNC-04,machining-a,day,nominal,2.217,False,Supervisory alert generated after three consecutive threshold breaches.
1542,2024-01-06 08:25:00,2,temperature,celsius,FURN-02,heat-treat,day,nominal,67.45,False,Pressure peak corresponds to oversized billet batch processing.
1543,2024-01-06 08:30:00,3,pressure,bar,HYD-07,press-line,day,nominal,7.098,False,Dust extraction fan offline for 18 minutes on line finishing.
1544,2024-01-06 08:35:00,4,humidity,percent,PAINT-01,finishing,day,nominal,47.297,False,Short-lived packet loss observed at edge gateway gw-02.
1545,2024-01-06 08:40:00,1,vibration,mm_s,CNC-04,machining-a,day,nominal,2.34,False,SCADA backfill inserted two delayed telemetry points.
1546,2024-01-06 08:45:00,2,temperature,celsius,FURN-02,heat-treat,day,nominal,69.335,False,Quality team requested trace review for lot 24-118B.
1547,2024-01-06 08:50:00,3,pressure,bar,HYD-07,press-line,day,nominal,8.417,False,Sensor heartbeat delayed by one interval after gateway retry.
1548,2024-01-06 08:55:00,4,humidity,percent,PAINT-01,finishing,day,nominal,44.946,False,Sensor battery health remains nominal after firmware update.
1549,2024-01-06 09:00:00,1,vibration,mm_s,CNC-04,machining-a,day,nominal,2.951,False,Shift handoff note referenced unusual noise near press enclosure.
1550,2024-01-06 09:05:00,2,temperature,celsius,FURN-02,heat-treat,day,nominal,64.7,False,Sensor 1 spike sequence matches historical bearing fault pattern.
1551,2024-01-06 09:10:00,3,pressure,bar,HYD-07,press-line,day,nominal,7.873,False,Unexpected resonance band appeared near 42 Hz on spindle motor.
1552,2024-01-06 09:15:00,4,humidity,percent,PAINT-01,finishing,day,nominal,47.11,False,Press cycle dwell time lengthened during high-volume batch.
1553,2024-01-06 09:20:00,1,vibration,mm_s,CNC-04,machining-a,day,nominal,1.892,False,Humidity readings track seasonal rise across late spring.
1554,2024-01-06 09:25:00,2,temperature,celsius,FURN-02,heat-treat,day,warning,73.012,False,Maintenance scheduler deferred calibration due to spare shortage.
1555,2024-01-06 09:30:00,3,pressure,bar,HYD-07,press-line,day,nominal,7.616,False,Packaging line stop reduced adjacent vibration background.
1556,2024-01-06 09:35:00,4,humidity,percent,PAINT-01,finishing,day,nominal,38.185,False,Sensor battery health remains nominal after firmware update.
1557,2024-01-06 09:40:00,1,vibration,mm_s,CNC-04,machining-a,day,warning,1.539,False,Temperature remained elevated during unscheduled overtime run.
1558,2024-01-06 09:45:00,2,temperature,celsius,FURN-02,heat-treat,day,warning,71.525,False,Humidity baseline improved after seal replacement.
1559,2024-01-06 09:50:00,3,pressure,bar,HYD-07,press-line,day,nominal,8.983,False,Air handler maintenance reduced humidity variance on finishing line.
1560,2024-01-06 09:55:00,4,humidity,percent,PAINT-01,finishing,day,nominal,41.696,False,Maintenance note logged for coupling imbalance inspection.
1561,2024-01-06 10:00:00,1,vibration,mm_s,CNC-04,machining-a,day,critical,2.037,False,Bearing temperature rising faster than baseline on spindle cell.
1562,2024-01-06 10:05:00,2,temperature,celsius,FURN-02,heat-treat,day,warning,71.379,False,Coolant loop adjustment reduced chamber temperature spread.
1563,2024-01-06 10:10:00,3,pressure,bar,HYD-07,press-line,day,nominal,7.727,False,Sensor heartbeat delayed by one interval after gateway retry.
1564,2024-01-06 10:15:00,4,humidity,percent,PAINT-01,finishing,day,nominal,36.037,False,Humidity excursion near finishing booth during coating run.
1565,2024-01-06 10:20:00,1,vibration,mm_s,CNC-04,machining-a,day,nominal,1.917,False,Compressed air fluctuation introduced pressure noise for two cycles.
1566,2024-01-06 10:25:00,2,temperature,celsius,FURN-02,heat-treat,day,nominal,63.85,False,Vibration baseline recovered after tool holder replacement.
1567,2024-01-06 10:30:00,3,pressure,bar,HYD-07,press-line,day,nominal,7.639,False,Coolant loop adjustment reduced chamber temperature spread.
1568,2024-01-06 10:35:00,4,humidity,percent,PAINT-01,finishing,day,nominal,37.402,False,Air handler maintenance reduced humidity variance on finishing line.
1569,2024-01-06 10:40:00,1,vibration,mm_s,CNC-04,machining-a,day,nominal,2.554,False,Compressed air fluctuation introduced pressure noise for two cycles.
1570,2024-01-06 10:45:00,2,temperature,celsius,FURN-02,heat-treat,day,warning,75.399,False,Shift handoff note referenced unusual noise near press enclosure.
1571,2024-01-06 10:50:00,3,pressure,bar,HYD-07,press-line,day,nominal,6.927,False,Machine idle period extended during planned sanitation window.
1572,2024-01-06 10:55:00,4,humidity,percent,PAINT-01,finishing,day,nominal,49.583,False,Machine throughput increase drove sustained pressure uplift.
1573,2024-01-06 11:00:00,1,vibration,mm_s,CNC-04,machining-a,day,nominal,3.089,False,Vibration burst exceeds envelope during tool change cycle.
1574,2024-01-06 11:05:00,2,temperature,celsius,FURN-02,heat-treat,day,nominal,60.113,False,Unbalanced load introduced cyclical pressure ripple.
1575,2024-01-06 11:10:00,3,pressure,bar,HYD-07,press-line,day,nominal,7.124,False,Coolant loop adjustment reduced chamber temperature spread.
1576,2024-01-06 11:15:00,4,humidity,percent,PAINT-01,finishing,day,nominal,45.432,False,Machine throughput increase drove sustained pressure uplift.
1577,2024-01-06 11:20:00,1,vibration,mm_s,CNC-04,machining-a,day,nominal,3.039,False,Heat-treat furnace door cycling increased localized temperature spikes.
1578,2024-01-06 11:25:00,2,temperature,celsius,FURN-02,heat-treat,day,warning,71.778,False,Coolant loop adjustment reduced chamber temperature spread.
1579,2024-01-06 11:30:00,3,pressure,bar,HYD-07,press-line,day,critical,7.042,False,Maintenance note logged for coupling imbalance inspection.
1580,2024-01-06 11:35:00,4,humidity,percent,PAINT-01,finishing,day,nominal,40.855,False,Packaging line stop reduced adjacent vibration background.
1581,2024-01-06 11:40:00,1,vibration,mm_s,CNC-04,machining-a,day,nominal,2.849,False,Operator reported intermittent chatter on machine CNC-04.
1582,2024-01-06 11:45:00,2,temperature,celsius,FURN-02,heat-treat,day,nominal,69.079,False,Pressure line purge completed before restart authorization.
1583,2024-01-06 11:50:00,3,pressure,bar,HYD-07,press-line,day,nominal,7.204,False,Hydraulic line pressure oscillation detected under load.
1584,2024-01-06 11:55:00,4,humidity,percent,PAINT-01,finishing,day,nominal,38.508,False,Vibration harmonics broadened during extended production run.
1585,2024-01-06 12:00:00,1,vibration,mm_s,CNC-04,machining-a,day,nominal,1.937,False,Thermal overshoot event coincided with recipe change on furnace.
1586,2024-01-06 12:05:00,2,temperature,celsius,FURN-02,heat-treat,day,warning,71.455,False,Humidity readings track seasonal rise across late spring.
1587,2024-01-06 12:10:00,3,pressure,bar,HYD-07,press-line,day,nominal,7.346,False,Edge collector replayed buffered events after network recovery.
1588,2024-01-06 12:15:00,4,humidity,percent,PAINT-01,finishing,day,nominal,36.43,False,Dust extraction fan offline for 18 minutes on line finishing.
1589,2024-01-06 12:20:00,1,vibration,mm_s,CNC-04,machining-a,day,nominal,2.161,False,Thermal ramp exceeded expected warmup curve before shift start.
1590,2024-01-06 12:25:00,2,temperature,celsius,FURN-02,heat-treat,day,nominal,67.485,False,Air handler maintenance reduced humidity variance on finishing line.
1591,2024-01-06 12:30:00,3,pressure,bar,HYD-07,press-line,day,nominal,7.465,False,Warning threshold updated for pilot predictive-maintenance model.
1592,2024-01-06 12:35:00,4,humidity,percent,PAINT-01,finishing,day,nominal,37.274,False,Humidity excursion near finishing booth during coating run.
1593,2024-01-06 12:40:00,1,vibration,mm_s,CNC-04,machining-a,day,warning,2.484,False,Pressure settled back to nominal after valve reseat.
1594,2024-01-06 12:45:00,2,temperature,celsius,FURN-02,heat-treat,day,nominal,68.836,False,Hydraulic accumulator recharge lag increased under repeated cycles.
1595,2024-01-06 12:50:00,3,pressure,bar,HYD-07,press-line,day,nominal,8.105,False,Sensor enclosure opened for manual calibration verification.
1596,2024-01-06 12:55:00,4,humidity,percent,PAINT-01,finishing,day,nominal,40.22,False,Machine throughput increase drove sustained pressure uplift.
1597,2024-01-06 13:00:00,1,vibration,mm_s,CNC-04,machining-a,day,nominal,1.826,False,Condensation warning cleared after dehumidifier ramp-up.
1598,2024-01-06 13:05:00,2,temperature,celsius,FURN-02,heat-treat,day,warning,71.607,False,Unexpected resonance band appeared near 42 Hz on spindle motor.
1599,2024-01-06 13:10:00,3,pressure,bar,HYD-07,press-line,day,nominal,7.634,False,Unexpected resonance band appeared near 42 Hz on spindle motor.
1600,2024-01-06 13:15:00,4,humidity,percent,PAINT-01,finishing,day,nominal,29.13,False,Hydraulic line pressure oscillation detected under load.
1601,2024-01-06 13:20:00,1,vibration,mm_s,CNC-04,machining-a,day,nominal,1.877,False,Temperature remained elevated during unscheduled overtime run.
1602,2024-01-06 13:25:00,2,temperature,celsius,FURN-02,heat-treat,day,nominal,68.455,False,Telemetry quality flag downgraded during sensor self-test window.
1603,2024-01-06 13:30:00,3,pressure,bar,HYD-07,press-line,day,nominal,8.812,False,Night shift startup produced higher than normal vibration floor.
1604,2024-01-06 13:35:00,4,humidity,percent,PAINT-01,finishing,day,nominal,47.846,False,Machine idle period extended during planned sanitation window.
1605,2024-01-06 13:40:00,1,vibration,mm_s,CNC-04,machining-a,day,nominal,2.456,False,Thermal ramp exceeded expected warmup curve before shift start.
1606,2024-01-06 13:45:00,2,temperature,celsius,FURN-02,heat-treat,day,nominal,69.431,False,Coolant loop adjustment reduced chamber temperature spread.
1607,2024-01-06 13:50:00,3,pressure,bar,HYD-07,press-line,day,warning,8.06,False,Sensor enclosure opened for manual calibration verification.
1608,2024-01-06 13:55:00,4,humidity,percent,PAINT-01,finishing,day,nominal,44.894,False,Sensor heartbeat delayed by one interval after gateway retry.
1609,2024-01-06 14:00:00,1,vibration,mm_s,CNC-04,machining-a,day,nominal,1.5,False,Shift handoff note referenced unusual noise near press enclosure.
1610,2024-01-06 14:05:00,2,temperature,celsius,FURN-02,heat-treat,day,nominal,69.578,False,Humidity baseline improved after seal replacement.
1611,2024-01-06 14:10:00,3,pressure,bar,HYD-07,press-line,day,nominal,7.191,False,Operator reported intermittent chatter on machine CNC-04.
1612,2024-01-06 14:15:00,4,humidity,percent,PAINT-01,finishing,day,nominal,45.422,False,Coolant loop adjustment reduced chamber temperature spread.
1613,2024-01-06 14:20:00,1,vibration,mm_s,CNC-04,machining-a,day,nominal,2.851,False,Vibration baseline recovered after tool holder replacement.
1614,2024-01-06 14:25:00,2,temperature,celsius,FURN-02,heat-treat,day,critical,78.338,False,Thermal ramp exceeded expected warmup curve before shift start.
1615,2024-01-06 14:30:00,3,pressure,bar,HYD-07,press-line,day,nominal,7.944,False,Thermal overshoot event coincided with recipe change on furnace.
1616,2024-01-06 14:35:00,4,humidity,percent,PAINT-01,finishing,day,nominal,46.511,False,Reliability engineer tagged sample window for model retraining.
1617,2024-01-06 14:40:00,1,vibration,mm_s,CNC-04,machining-a,day,nominal,2.029,False,Maintenance note logged for coupling imbalance inspection.
1618,2024-01-06 14:45:00,2,temperature,celsius,FURN-02,heat-treat,day,nominal,61.277,False,Maintenance crew confirmed lubrication interval was missed.
1619,2024-01-06 14:50:00,3,pressure,bar,HYD-07,press-line,day,critical,7.748,False,Thermal ramp exceeded expected warmup curve before shift start.
1620,2024-01-06 14:55:00,4,humidity,percent,PAINT-01,finishing,day,nominal,43.168,False,Unbalanced load introduced cyclical pressure ripple.
1621,2024-01-06 15:00:00,1,vibration,mm_s,CNC-04,machining-a,day,nominal,2.547,False,Night shift startup produced higher than normal vibration floor.
1622,2024-01-06 15:05:00,2,temperature,celsius,FURN-02,heat-treat,day,warning,74.3,False,Operator reset acknowledged after red-tag inspection.
1623,2024-01-06 15:10:00,3,pressure,bar,HYD-07,press-line,day,nominal,8.558,False,Heat-treat furnace door cycling increased localized temperature spikes.
1624,2024-01-06 15:15:00,4,humidity,percent,PAINT-01,finishing,day,nominal,44.414,False,Short-lived packet loss observed at edge gateway gw-02.
1625,2024-01-06 15:20:00,1,vibration,mm_s,CNC-04,machining-a,day,nominal,2.364,False,Bearing temperature rising faster than baseline on spindle cell.
1626,2024-01-06 15:25:00,2,temperature,celsius,FURN-02,heat-treat,day,nominal,70.505,False,Thermal ramp exceeded expected warmup curve before shift start.
1627,2024-01-06 15:30:00,3,pressure,bar,HYD-07,press-line,day,nominal,8.184,False,Temperature variance narrowed after coolant nozzle cleaning.
1628,2024-01-06 15:35:00,4,humidity,percent,PAINT-01,finishing,day,nominal,43.118,False,Quality team requested trace review for lot 24-118B.
1629,2024-01-06 15:40:00,1,vibration,mm_s,CNC-04,machining-a,day,nominal,2.94,False,SCADA backfill inserted two delayed telemetry points.
1630,2024-01-06 15:45:00,2,temperature,celsius,FURN-02,heat-treat,day,nominal,69.947,False,Sensor signal clipping observed during startup surge.
1631,2024-01-06 15:50:00,3,pressure,bar,HYD-07,press-line,day,nominal,7.694,False,Supervisory alert generated after three consecutive threshold breaches.
1632,2024-01-06 15:55:00,4,humidity,percent,PAINT-01,finishing,day,nominal,50.602,False,Vibration baseline recovered after tool holder replacement.
1633,2024-01-06 16:00:00,1,vibration,mm_s,CNC-04,machining-a,swing,nominal,1.079,False,Thermal ramp exceeded expected warmup curve before shift start.
1634,2024-01-06 16:05:00,2,temperature,celsius,FURN-02,heat-treat,swing,nominal,62.746,False,Sensor signal clipping observed during startup surge.
1635,2024-01-06 16:10:00,3,pressure,bar,HYD-07,press-line,swing,critical,8.787,False,Pressure peak corresponds to oversized billet batch processing.
1636,2024-01-06 16:15:00,4,humidity,percent,PAINT-01,finishing,swing,nominal,38.809,False,Telemetry quality flag downgraded during sensor self-test window.
1637,2024-01-06 16:20:00,1,vibration,mm_s,CNC-04,machining-a,swing,nominal,2.943,False,Air handler maintenance reduced humidity variance on finishing line.
1638,2024-01-06 16:25:00,2,temperature,celsius,FURN-02,heat-treat,swing,warning,73.658,False,Temporary gateway failover completed without data loss.
1639,2024-01-06 16:30:00,3,pressure,bar,HYD-07,press-line,swing,nominal,8.012,False,SCADA backfill inserted two delayed telemetry points.
1640,2024-01-06 16:35:00,4,humidity,percent,PAINT-01,finishing,swing,nominal,47.488,False,Pressure peak corresponds to oversized billet batch processing.
1641,2024-01-06 16:40:00,1,vibration,mm_s,CNC-04,machining-a,swing,nominal,2.931,False,Temporary gateway failover completed without data loss.
1642,2024-01-06 16:45:00,2,temperature,celsius,FURN-02,heat-treat,swing,nominal,63.371,False,Machine throughput increase drove sustained pressure uplift.
1643,2024-01-06 16:50:00,3,pressure,bar,HYD-07,press-line,swing,nominal,8.041,False,Unexpected resonance band appeared near 42 Hz on spindle motor.
1644,2024-01-06 16:55:00,4,humidity,percent,PAINT-01,finishing,swing,nominal,37.942,False,Humidity baseline improved after seal replacement.
1645,2024-01-06 17:00:00,1,vibration,mm_s,CNC-04,machining-a,swing,nominal,2.405,False,Ambient temperature stabilized after HVAC stage-two engagement.
1646,2024-01-06 17:05:00,2,temperature,celsius,FURN-02,heat-treat,swing,warning,75.099,False,Night shift startup produced higher than normal vibration floor.
1647,2024-01-06 17:10:00,3,pressure,bar,HYD-07,press-line,swing,nominal,8.627,False,Press cycle dwell time lengthened during high-volume batch.
1648,2024-01-06 17:15:00,4,humidity,percent,PAINT-01,finishing,swing,nominal,37.507,False,Humidity baseline improved after seal replacement.
1649,2024-01-06 17:20:00,1,vibration,mm_s,CNC-04,machining-a,swing,nominal,2.537,False,Maintenance crew confirmed lubrication interval was missed.
1650,2024-01-06 17:25:00,2,temperature,celsius,FURN-02,heat-treat,swing,nominal,66.026,False,Sensor 1 spike sequence matches historical bearing fault pattern.
1651,2024-01-06 17:30:00,3,pressure,bar,HYD-07,press-line,swing,nominal,8.207,False,Hydraulic accumulator recharge lag increased under repeated cycles.
1652,2024-01-06 17:35:00,4,humidity,percent,PAINT-01,finishing,swing,nominal,35.957,False,Press cycle dwell time lengthened during high-volume batch.
1653,2024-01-06 17:40:00,1,vibration,mm_s,CNC-04,machining-a,swing,nominal,2.578,False,Reliability engineer tagged sample window for model retraining.
1654,2024-01-06 17:45:00,2,temperature,celsius,FURN-02,heat-treat,swing,warning,75.101,False,Maintenance note logged for coupling imbalance inspection.
1655,2024-01-06 17:50:00,3,pressure,bar,HYD-07,press-line,swing,warning,7.79,False,Pressure settled back to nominal after valve reseat.
1656,2024-01-06 17:55:00,4,humidity,percent,PAINT-01,finishing,swing,nominal,33.691,False,Humidity readings track seasonal rise across late spring.
1657,2024-01-06 18:00:00,1,vibration,mm_s,CNC-04,machining-a,swing,nominal,1.754,False,Sensor 1 spike sequence matches historical bearing fault pattern.
1658,2024-01-06 18:05:00,2,temperature,celsius,FURN-02,heat-treat,swing,nominal,65.282,False,Vibration harmonics broadened during extended production run.
1659,2024-01-06 18:10:00,3,pressure,bar,HYD-07,press-line,swing,nominal,7.599,False,Humidity excursion near finishing booth during coating run.
1660,2024-01-06 18:15:00,4,humidity,percent,PAINT-01,finishing,swing,nominal,44.604,False,Thermal overshoot event coincided with recipe change on furnace.
1661,2024-01-06 18:20:00,1,vibration,mm_s,CNC-04,machining-a,swing,nominal,2.28,False,Night shift startup produced higher than normal vibration floor.
1662,2024-01-06 18:25:00,2,temperature,celsius,FURN-02,heat-treat,swing,nominal,64.273,False,Humidity excursion near finishing booth during coating run.
1663,2024-01-06 18:30:00,3,pressure,bar,HYD-07,press-line,swing,nominal,6.338,False,Telemetry quality flag downgraded during sensor self-test window.
1664,2024-01-06 18:35:00,4,humidity,percent,PAINT-01,finishing,swing,nominal,38.177,False,Pressure line purge completed before restart authorization.
1665,2024-01-06 18:40:00,1,vibration,mm_s,CNC-04,machining-a,swing,nominal,2.74,False,Maintenance scheduler deferred calibration due to spare shortage.
1666,2024-01-06 18:45:00,2,temperature,celsius,FURN-02,heat-treat,swing,nominal,68.033,False,Unbalanced load introduced cyclical pressure ripple.
1667,2024-01-06 18:50:00,3,pressure,bar,HYD-07,press-line,swing,nominal,6.45,False,Anomaly review flagged possible bearing wear progression.
1668,2024-01-06 18:55:00,4,humidity,percent,PAINT-01,finishing,swing,nominal,44.964,False,Sensor enclosure opened for manual calibration verification.
1669,2024-01-06 19:00:00,1,vibration,mm_s,CNC-04,machining-a,swing,nominal,1.267,False,Short-lived packet loss observed at edge gateway gw-02.
1670,2024-01-06 19:05:00,2,temperature,celsius,FURN-02,heat-treat,swing,nominal,65.127,False,Dust extraction fan offline for 18 minutes on line finishing.
1671,2024-01-06 19:10:00,3,pressure,bar,HYD-07,press-line,swing,nominal,7.574,False,Anomaly review flagged possible bearing wear progression.
1672,2024-01-06 19:15:00,4,humidity,percent,PAINT-01,finishing,swing,nominal,51.516,False,Transient outlier matched forklift impact near cabinet wall.
1673,2024-01-06 19:20:00,1,vibration,mm_s,CNC-04,machining-a,swing,nominal,2.509,False,Telemetry quality flag downgraded during sensor self-test window.
1674,2024-01-06 19:25:00,2,temperature,celsius,FURN-02,heat-treat,swing,nominal,67.404,False,Pressure settled back to nominal after valve reseat.
1675,2024-01-06 19:30:00,3,pressure,bar,HYD-07,press-line,swing,nominal,7.289,False,Temperature variance narrowed after coolant nozzle cleaning.
1676,2024-01-06 19:35:00,4,humidity,percent,PAINT-01,finishing,swing,warning,41.046,False,Short-lived packet loss observed at edge gateway gw-02.
1677,2024-01-06 19:40:00,1,vibration,mm_s,CNC-04,machining-a,swing,nominal,2.298,False,Vibration baseline recovered after tool holder replacement.
1678,2024-01-06 19:45:00,2,temperature,celsius,FURN-02,heat-treat,swing,critical,76.056,False,Vibration burst exceeds envelope during tool change cycle.
1679,2024-01-06 19:50:00,3,pressure,bar,HYD-07,press-line,swing,nominal,7.662,False,Operator reported intermittent chatter on machine CNC-04.
1680,2024-01-06 19:55:00,4,humidity,percent,PAINT-01,finishing,swing,nominal,45.176,False,Thermal ramp exceeded expected warmup curve before shift start.
1681,2024-01-06 20:00:00,1,vibration,mm_s,CNC-04,machining-a,swing,nominal,2.595,False,Sensor 1 spike sequence matches historical bearing fault pattern.
1682,2024-01-06 20:05:00,2,temperature,celsius,FURN-02,heat-treat,swing,nominal,65.977,False,SCADA backfill inserted two delayed telemetry points.
1683,2024-01-06 20:10:00,3,pressure,bar,HYD-07,press-line,swing,nominal,8.311,False,Humidity excursion near finishing booth during coating run.
1684,2024-01-06 20:15:00,4,humidity,percent,PAINT-01,finishing,swing,nominal,48.507,False,Short-lived packet loss observed at edge gateway gw-02.
1685,2024-01-06 20:20:00,1,vibration,mm_s,CNC-04,machining-a,swing,nominal,1.55,False,Compressed air fluctuation introduced pressure noise for two cycles.
1686,2024-01-06 20:25:00,2,temperature,celsius,FURN-02,heat-treat,swing,nominal,69.252,False,Sensor signal clipping observed during startup surge.
1687,2024-01-06 20:30:00,3,pressure,bar,HYD-07,press-line,swing,nominal,7.148,False,Quality team requested trace review for lot 24-118B.
1688,2024-01-06 20:35:00,4,humidity,percent,PAINT-01,finishing,swing,nominal,44.798,False,Machine throughput increase drove sustained pressure uplift.
1689,2024-01-06 20:40:00,1,vibration,mm_s,CNC-04,machining-a,swing,nominal,1.841,False,Pressure peak corresponds to oversized billet batch processing.
1690,2024-01-06 20:45:00,2,temperature,celsius,FURN-02,heat-treat,swing,warning,75.632,False,Temperature remained elevated during unscheduled overtime run.
1691,2024-01-06 20:50:00,3,pressure,bar,HYD-07,press-line,swing,nominal,6.625,False,Quality team requested trace review for lot 24-118B.
1692,2024-01-06 20:55:00,4,humidity,percent,PAINT-01,finishing,swing,nominal,43.977,False,Maintenance scheduler deferred calibration due to spare shortage.
1693,2024-01-06 21:00:00,1,vibration,mm_s,CNC-04,machining-a,swing,nominal,1.482,False,Machine throughput increase drove sustained pressure uplift.
1694,2024-01-06 21:05:00,2,temperature,celsius,FURN-02,heat-treat,swing,nominal,69.543,False,Condensation warning cleared after dehumidifier ramp-up.
1695,2024-01-06 21:10:00,3,pressure,bar,HYD-07,press-line,swing,nominal,6.806,False,Vibration harmonics broadened during extended production run.
1696,2024-01-06 21:15:00,4,humidity,percent,PAINT-01,finishing,swing,nominal,34.942,False,Temperature variance narrowed after coolant nozzle cleaning.
1697,2024-01-06 21:20:00,1,vibration,mm_s,CNC-04,machining-a,swing,nominal,1.476,False,Pressure line purge completed before restart authorization.
1698,2024-01-06 21:25:00,2,temperature,celsius,FURN-02,heat-treat,swing,warning,73.537,False,Condensation warning cleared after dehumidifier ramp-up.
1699,2024-01-06 21:30:00,3,pressure,bar,HYD-07,press-line,swing,warning,7.01,False,Maintenance note logged for coupling imbalance inspection.
1700,2024-01-06 21:35:00,4,humidity,percent,PAINT-01,finishing,swing,nominal,43.957,False,Sensor battery health remains nominal after firmware update.
1701,2024-01-06 21:40:00,1,vibration,mm_s,CNC-04,machining-a,swing,nominal,2.707,False,Calibration check overdue by 11 days for press-line transducer.
1702,2024-01-06 21:45:00,2,temperature,celsius,FURN-02,heat-treat,swing,warning,70.975,False,Sensor signal clipping observed during startup surge.
1703,2024-01-06 21:50:00,3,pressure,bar,HYD-07,press-line,swing,nominal,6.909,False,Unbalanced load introduced cyclical pressure ripple.
1704,2024-01-06 21:55:00,4,humidity,percent,PAINT-01,finishing,swing,nominal,46.414,False,Press cycle dwell time lengthened during high-volume batch.
1705,2024-01-06 22:00:00,1,vibration,mm_s,CNC-04,machining-a,swing,nominal,1.926,False,Air handler maintenance reduced humidity variance on finishing line.
1706,2024-01-06 22:05:00,2,temperature,celsius,FURN-02,heat-treat,swing,warning,72.967,False,Condensation warning cleared after dehumidifier ramp-up.
1707,2024-01-06 22:10:00,3,pressure,bar,HYD-07,press-line,swing,nominal,7.678,False,Edge collector replayed buffered events after network recovery.
1708,2024-01-06 22:15:00,4,humidity,percent,PAINT-01,finishing,swing,nominal,52.413,False,Sensor heartbeat delayed by one interval after gateway retry.
1709,2024-01-06 22:20:00,1,vibration,mm_s,CNC-04,machining-a,swing,nominal,1.886,False,Bearing temperature rising faster than baseline on spindle cell.
1710,2024-01-06 22:25:00,2,temperature,celsius,FURN-02,heat-treat,swing,nominal,68.17,False,Quality hold reduced finishing booth activity for one shift.
1711,2024-01-06 22:30:00,3,pressure,bar,HYD-07,press-line,swing,nominal,8.65,False,Sensor signal clipping observed during startup surge.
1712,2024-01-06 22:35:00,4,humidity,percent,PAINT-01,finishing,swing,nominal,41.531,False,Pressure settled back to nominal after valve reseat.
1713,2024-01-06 22:40:00,1,vibration,mm_s,CNC-04,machining-a,swing,warning,2.85,False,Quality hold reduced finishing booth activity for one shift.
1714,2024-01-06 22:45:00,2,temperature,celsius,FURN-02,heat-treat,swing,warning,71.091,False,SCADA backfill inserted two delayed telemetry points.
1715,2024-01-06 22:50:00,3,pressure,bar,HYD-07,press-line,swing,nominal,8.05,False,Heat-treat furnace door cycling increased localized temperature spikes.
1716,2024-01-06 22:55:00,4,humidity,percent,PAINT-01,finishing,swing,nominal,49.475,False,Machine idle period extended during planned sanitation window.
1717,2024-01-06 23:00:00,1,vibration,mm_s,CNC-04,machining-a,swing,nominal,2.061,False,Bearing temperature rising faster than baseline on spindle cell.
1718,2024-01-06 23:05:00,2,temperature,celsius,FURN-02,heat-treat,swing,critical,76.61,False,Sensor signal clipping observed during startup surge.
1719,2024-01-06 23:10:00,3,pressure,bar,HYD-07,press-line,swing,nominal,8.098,False,Reliability engineer tagged sample window for model retraining.
1720,2024-01-06 23:15:00,4,humidity,percent,PAINT-01,finishing,swing,nominal,40.262,False,Calibration check overdue by 11 days for press-line transducer.
1721,2024-01-06 23:20:00,1,vibration,mm_s,CNC-04,machining-a,swing,nominal,2.78,False,Sensor battery health remains nominal after firmware update.
1722,2024-01-06 23:25:00,2,temperature,celsius,FURN-02,heat-treat,swing,nominal,66.985,False,Unexpected resonance band appeared near 42 Hz on spindle motor.
1723,2024-01-06 23:30:00,3,pressure,bar,HYD-07,press-line,swing,nominal,7.792,False,Thermal overshoot event coincided with recipe change on furnace.
1724,2024-01-06 23:35:00,4,humidity,percent,PAINT-01,finishing,swing,nominal,48.03,False,Sensor battery health remains nominal after firmware update.
1725,2024-01-06 23:40:00,1,vibration,mm_s,CNC-04,machining-a,swing,nominal,1.673,False,Edge collector replayed buffered events after network recovery.
1726,2024-01-06 23:45:00,2,temperature,celsius,FURN-02,heat-treat,swing,nominal,70.357,False,Reliability engineer tagged sample window for model retraining.
1727,2024-01-06 23:50:00,3,pressure,bar,HYD-07,press-line,swing,nominal,6.845,False,Coolant loop adjustment reduced chamber temperature spread.
1728,2024-01-06 23:55:00,4,humidity,percent,PAINT-01,finishing,swing,nominal,39.205,False,Unbalanced load introduced cyclical pressure ripple.
1729,2024-01-07 00:00:00,1,vibration,mm_s,CNC-04,machining-a,night,nominal,2.31,False,Maintenance crew confirmed lubrication interval was missed.
1730,2024-01-07 00:05:00,2,temperature,celsius,FURN-02,heat-treat,night,nominal,65.671,False,Maintenance scheduler deferred calibration due to spare shortage.
1731,2024-01-07 00:10:00,3,pressure,bar,HYD-07,press-line,night,warning,9.356,False,Temporary gateway failover completed without data loss.
1732,2024-01-07 00:15:00,4,humidity,percent,PAINT-01,finishing,night,nominal,44.243,False,Maintenance note logged for coupling imbalance inspection.
1733,2024-01-07 00:20:00,1,vibration,mm_s,CNC-04,machining-a,night,nominal,2.002,False,Calibration check overdue by 11 days for press-line transducer.
1734,2024-01-07 00:25:00,2,temperature,celsius,FURN-02,heat-treat,night,warning,73.391,False,Machine idle period extended during planned sanitation window.
1735,2024-01-07 00:30:00,3,pressure,bar,HYD-07,press-line,night,nominal,7.693,False,Thermal overshoot event coincided with recipe change on furnace.
1736,2024-01-07 00:35:00,4,humidity,percent,PAINT-01,finishing,night,nominal,40.349,False,Thermal ramp exceeded expected warmup curve before shift start.
1737,2024-01-07 00:40:00,1,vibration,mm_s,CNC-04,machining-a,night,nominal,2.801,False,Edge collector replayed buffered events after network recovery.
1738,2024-01-07 00:45:00,2,temperature,celsius,FURN-02,heat-treat,night,nominal,61.209,False,Temperature variance narrowed after coolant nozzle cleaning.
1739,2024-01-07 00:50:00,3,pressure,bar,HYD-07,press-line,night,nominal,8.404,False,Anomaly review flagged possible bearing wear progression.
1740,2024-01-07 00:55:00,4,humidity,percent,PAINT-01,finishing,night,nominal,43.659,False,Telemetry quality flag downgraded during sensor self-test window.
1741,2024-01-07 01:00:00,1,vibration,mm_s,CNC-04,machining-a,night,nominal,2.386,False,SCADA backfill inserted two delayed telemetry points.
1742,2024-01-07 01:05:00,2,temperature,celsius,FURN-02,heat-treat,night,nominal,67.392,False,Telemetry quality flag downgraded during sensor self-test window.
1743,2024-01-07 01:10:00,3,pressure,bar,HYD-07,press-line,night,nominal,6.445,False,Press cycle dwell time lengthened during high-volume batch.
1744,2024-01-07 01:15:00,4,humidity,percent,PAINT-01,finishing,night,warning,43.646,False,Pressure line purge completed before restart authorization.
1745,2024-01-07 01:20:00,1,vibration,mm_s,CNC-04,machining-a,night,nominal,2.902,False,Dust extraction fan offline for 18 minutes on line finishing.
1746,2024-01-07 01:25:00,2,temperature,celsius,FURN-02,heat-treat,night,warning,73.254,False,Temporary gateway failover completed without data loss.
1747,2024-01-07 01:30:00,3,pressure,bar,HYD-07,press-line,night,nominal,7.842,False,Coolant loop adjustment reduced chamber temperature spread.
1748,2024-01-07 01:35:00,4,humidity,percent,PAINT-01,finishing,night,nominal,44.086,False,Sensor 3 drift suspected after cross-check with manual gauge.
1749,2024-01-07 01:40:00,1,vibration,mm_s,CNC-04,machining-a,night,nominal,2.584,False,Pressure peak corresponds to oversized billet batch processing.
1750,2024-01-07 01:45:00,2,temperature,celsius,FURN-02,heat-treat,night,nominal,68.039,False,Maintenance scheduler deferred calibration due to spare shortage.
1751,2024-01-07 01:50:00,3,pressure,bar,HYD-07,press-line,night,nominal,7.788,False,Sensor 3 drift suspected after cross-check with manual gauge.
1752,2024-01-07 01:55:00,4,humidity,percent,PAINT-01,finishing,night,nominal,39.652,False,Night shift startup produced higher than normal vibration floor.
1753,2024-01-07 02:00:00,1,vibration,mm_s,CNC-04,machining-a,night,nominal,1.43,False,Coolant loop adjustment reduced chamber temperature spread.
1754,2024-01-07 02:05:00,2,temperature,celsius,FURN-02,heat-treat,night,nominal,60.667,False,Night shift startup produced higher than normal vibration floor.
1755,2024-01-07 02:10:00,3,pressure,bar,HYD-07,press-line,night,nominal,7.726,False,Sensor signal clipping observed during startup surge.
1756,2024-01-07 02:15:00,4,humidity,percent,PAINT-01,finishing,night,nominal,43.387,False,Telemetry quality flag downgraded during sensor self-test window.
1757,2024-01-07 02:20:00,1,vibration,mm_s,CNC-04,machining-a,night,nominal,2.355,False,Maintenance scheduler deferred calibration due to spare shortage.
1758,2024-01-07 02:25:00,2,temperature,celsius,FURN-02,heat-treat,night,warning,65.258,False,Heat-treat furnace door cycling increased localized temperature spikes.
1759,2024-01-07 02:30:00,3,pressure,bar,HYD-07,press-line,night,nominal,6.989,False,Heat-treat furnace door cycling increased localized temperature spikes.
1760,2024-01-07 02:35:00,4,humidity,percent,PAINT-01,finishing,night,warning,45.341,False,Telemetry quality flag downgraded during sensor self-test window.
1761,2024-01-07 02:40:00,1,vibration,mm_s,CNC-04,machining-a,night,nominal,1.656,False,Coolant loop adjustment reduced chamber temperature spread.
1762,2024-01-07 02:45:00,2,temperature,celsius,FURN-02,heat-treat,night,nominal,65.647,False,SCADA backfill inserted two delayed telemetry points.
1763,2024-01-07 02:50:00,3,pressure,bar,HYD-07,press-line,night,nominal,8.029,False,Sensor enclosure opened for manual calibration verification.
1764,2024-01-07 02:55:00,4,humidity,percent,PAINT-01,finishing,night,nominal,41.992,False,Telemetry quality flag downgraded during sensor self-test window.
1765,2024-01-07 03:00:00,1,vibration,mm_s,CNC-04,machining-a,night,nominal,2.691,False,Compressed air fluctuation introduced pressure noise for two cycles.
1766,2024-01-07 03:05:00,2,temperature,celsius,FURN-02,heat-treat,night,warning,75.807,False,Humidity climbed during dock-door open period in afternoon shift.
1767,2024-01-07 03:10:00,3,pressure,bar,HYD-07,press-line,night,critical,8.693,False,Sensor 3 drift suspected after cross-check with manual gauge.
1768,2024-01-07 03:15:00,4,humidity,percent,PAINT-01,finishing,night,nominal,39.283,False,Reliability engineer tagged sample window for model retraining.
1769,2024-01-07 03:20:00,1,vibration,mm_s,CNC-04,machining-a,night,nominal,2.805,False,Pressure peak corresponds to oversized billet batch processing.
1770,2024-01-07 03:25:00,2,temperature,celsius,FURN-02,heat-treat,night,warning,72.282,False,Compressed air fluctuation introduced pressure noise for two cycles.
1771,2024-01-07 03:30:00,3,pressure,bar,HYD-07,press-line,night,nominal,9.265,False,Coolant loop adjustment reduced chamber temperature spread.
1772,2024-01-07 03:35:00,4,humidity,percent,PAINT-01,finishing,night,nominal,39.88,False,Warning threshold updated for pilot predictive-maintenance model.
1773,2024-01-07 03:40:00,1,vibration,mm_s,CNC-04,machining-a,night,nominal,2.862,False,Hydraulic line pressure oscillation detected under load.
1774,2024-01-07 03:45:00,2,temperature,celsius,FURN-02,heat-treat,night,warning,72.743,False,Sensor enclosure opened for manual calibration verification.
1775,2024-01-07 03:50:00,3,pressure,bar,HYD-07,press-line,night,nominal,8.972,False,Reliability engineer tagged sample window for model retraining.
1776,2024-01-07 03:55:00,4,humidity,percent,PAINT-01,finishing,night,nominal,48.584,False,Humidity climbed during dock-door open period in afternoon shift.
1777,2024-01-07 04:00:00,1,vibration,mm_s,CNC-04,machining-a,night,nominal,2.432,False,Anomaly review flagged possible bearing wear progression.
1778,2024-01-07 04:05:00,2,temperature,celsius,FURN-02,heat-treat,night,nominal,63.183,False,Machine idle period extended during planned sanitation window.
1779,2024-01-07 04:10:00,3,pressure,bar,HYD-07,press-line,night,nominal,8.722,False,Quality hold reduced finishing booth activity for one shift.
1780,2024-01-07 04:15:00,4,humidity,percent,PAINT-01,finishing,night,nominal,43.672,False,Reliability engineer tagged sample window for model retraining.
1781,2024-01-07 04:20:00,1,vibration,mm_s,CNC-04,machining-a,night,nominal,1.602,False,Condensation warning cleared after dehumidifier ramp-up.
1782,2024-01-07 04:25:00,2,temperature,celsius,FURN-02,heat-treat,night,nominal,68.741,False,Hydraulic accumulator recharge lag increased under repeated cycles.
1783,2024-01-07 04:30:00,3,pressure,bar,HYD-07,press-line,night,nominal,9.011,False,Humidity climbed during dock-door open period in afternoon shift.
1784,2024-01-07 04:35:00,4,humidity,percent,PAINT-01,finishing,night,nominal,50.616,False,Bearing temperature rising faster than baseline on spindle cell.
1785,2024-01-07 04:40:00,1,vibration,mm_s,CNC-04,machining-a,night,nominal,2.615,False,Thermal ramp exceeded expected warmup curve before shift start.
1786,2024-01-07 04:45:00,2,temperature,celsius,FURN-02,heat-treat,night,warning,75.726,False,Condensation warning cleared after dehumidifier ramp-up.
1787,2024-01-07 04:50:00,3,pressure,bar,HYD-07,press-line,night,nominal,9.087,False,Quality team requested trace review for lot 24-118B.
1788,2024-01-07 04:55:00,4,humidity,percent,PAINT-01,finishing,night,nominal,42.422,False,Edge collector replayed buffered events after network recovery.
1789,2024-01-07 05:00:00,1,vibration,mm_s,CNC-04,machining-a,night,nominal,2.724,False,Anomaly review flagged possible bearing wear progression.
1790,2024-01-07 05:05:00,2,temperature,celsius,FURN-02,heat-treat,night,warning,72.756,False,Supervisory alert generated after three consecutive threshold breaches.
1791,2024-01-07 05:10:00,3,pressure,bar,HYD-07,press-line,night,nominal,7.3,False,Edge collector replayed buffered events after network recovery.
1792,2024-01-07 05:15:00,4,humidity,percent,PAINT-01,finishing,night,nominal,42.889,False,Operator reported intermittent chatter on machine CNC-04.
1793,2024-01-07 05:20:00,1,vibration,mm_s,CNC-04,machining-a,night,nominal,2.4,False,Dust extraction fan offline for 18 minutes on line finishing.
1794,2024-01-07 05:25:00,2,temperature,celsius,FURN-02,heat-treat,night,nominal,66.439,False,Transient outlier matched forklift impact near cabinet wall.
1795,2024-01-07 05:30:00,3,pressure,bar,HYD-07,press-line,night,nominal,8.064,False,Heat-treat furnace door cycling increased localized temperature spikes.
1796,2024-01-07 05:35:00,4,humidity,percent,PAINT-01,finishing,night,nominal,46.319,False,Unbalanced load introduced cyclical pressure ripple.
1797,2024-01-07 05:40:00,1,vibration,mm_s,CNC-04,machining-a,night,nominal,2.547,False,Humidity baseline improved after seal replacement.
1798,2024-01-07 05:45:00,2,temperature,celsius,FURN-02,heat-treat,night,warning,72.261,False,Vibration harmonics broadened during extended production run.
1799,2024-01-07 05:50:00,3,pressure,bar,HYD-07,press-line,night,nominal,7.07,False,Temperature remained elevated during unscheduled overtime run.
1800,2024-01-07 05:55:00,4,humidity,percent,PAINT-01,finishing,night,nominal,46.405,False,SCADA backfill inserted two delayed telemetry points.
1801,2024-01-07 06:00:00,1,vibration,mm_s,CNC-04,machining-a,night,nominal,1.462,False,Coolant loop adjustment reduced chamber temperature spread.
1802,2024-01-07 06:05:00,2,temperature,celsius,FURN-02,heat-treat,night,nominal,62.946,False,Transient outlier matched forklift impact near cabinet wall.
1803,2024-01-07 06:10:00,3,pressure,bar,HYD-07,press-line,night,nominal,8.25,False,Pressure peak corresponds to oversized billet batch processing.
1804,2024-01-07 06:15:00,4,humidity,percent,PAINT-01,finishing,night,nominal,50.326,False,Compressed air fluctuation introduced pressure noise for two cycles.
1805,2024-01-07 06:20:00,1,vibration,mm_s,CNC-04,machining-a,night,nominal,2.536,False,Supervisory alert generated after three consecutive threshold breaches.
1806,2024-01-07 06:25:00,2,temperature,celsius,FURN-02,heat-treat,night,nominal,64.868,False,Temporary gateway failover completed without data loss.
1807,2024-01-07 06:30:00,3,pressure,bar,HYD-07,press-line,night,nominal,7.74,False,Transient outlier matched forklift impact near cabinet wall.
1808,2024-01-07 06:35:00,4,humidity,percent,PAINT-01,finishing,night,nominal,32.823,False,Press cycle dwell time lengthened during high-volume batch.
1809,2024-01-07 06:40:00,1,vibration,mm_s,CNC-04,machining-a,night,nominal,2.44,False,Telemetry quality flag downgraded during sensor self-test window.
1810,2024-01-07 06:45:00,2,temperature,celsius,FURN-02,heat-treat,night,nominal,60.252,False,Sensor signal clipping observed during startup surge.
1811,2024-01-07 06:50:00,3,pressure,bar,HYD-07,press-line,night,nominal,7.8,False,Pressure line purge completed before restart authorization.
1812,2024-01-07 06:55:00,4,humidity,percent,PAINT-01,finishing,night,nominal,46.019,False,Calibration check overdue by 11 days for press-line transducer.
1813,2024-01-07 07:00:00,1,vibration,mm_s,CNC-04,machining-a,night,nominal,1.833,False,Operator reset acknowledged after red-tag inspection.
1814,2024-01-07 07:05:00,2,temperature,celsius,FURN-02,heat-treat,night,nominal,68.222,False,Humidity excursion near finishing booth during coating run.
1815,2024-01-07 07:10:00,3,pressure,bar,HYD-07,press-line,night,nominal,7.722,False,Press cycle dwell time lengthened during high-volume batch.
1816,2024-01-07 07:15:00,4,humidity,percent,PAINT-01,finishing,night,nominal,38.317,False,Heat-treat furnace door cycling increased localized temperature spikes.
1817,2024-01-07 07:20:00,1,vibration,mm_s,CNC-04,machining-a,night,nominal,2.791,False,Humidity climbed during dock-door open period in afternoon shift.
1818,2024-01-07 07:25:00,2,temperature,celsius,FURN-02,heat-treat,night,warning,71.578,False,Coolant loop adjustment reduced chamber temperature spread.
1819,2024-01-07 07:30:00,3,pressure,bar,HYD-07,press-line,night,nominal,6.278,False,Humidity excursion near finishing booth during coating run.
1820,2024-01-07 07:35:00,4,humidity,percent,PAINT-01,finishing,night,nominal,43.022,False,Quality hold reduced finishing booth activity for one shift.
1821,2024-01-07 07:40:00,1,vibration,mm_s,CNC-04,machining-a,night,warning,2.228,False,Pressure line purge completed before restart authorization.
1822,2024-01-07 07:45:00,2,temperature,celsius,FURN-02,heat-treat,night,nominal,64.392,False,Machine throughput increase drove sustained pressure uplift.
1823,2024-01-07 07:50:00,3,pressure,bar,HYD-07,press-line,night,nominal,6.659,False,Hydraulic accumulator recharge lag increased under repeated cycles.
1824,2024-01-07 07:55:00,4,humidity,percent,PAINT-01,finishing,night,nominal,38.086,False,Maintenance scheduler deferred calibration due to spare shortage.
1825,2024-01-07 08:00:00,1,vibration,mm_s,CNC-04,machining-a,day,nominal,2.376,False,Machine idle period extended during planned sanitation window.
1826,2024-01-07 08:05:00,2,temperature,celsius,FURN-02,heat-treat,day,nominal,68.066,False,Quality team requested trace review for lot 24-118B.
1827,2024-01-07 08:10:00,3,pressure,bar,HYD-07,press-line,day,nominal,8.206,False,Humidity excursion near finishing booth during coating run.
1828,2024-01-07 08:15:00,4,humidity,percent,PAINT-01,finishing,day,nominal,44.459,False,Sensor 1 spike sequence matches historical bearing fault pattern.
1829,2024-01-07 08:20:00,1,vibration,mm_s,CNC-04,machining-a,day,warning,2.518,False,Press cycle dwell time lengthened during high-volume batch.
1830,2024-01-07 08:25:00,2,temperature,celsius,FURN-02,heat-treat,day,nominal,64.703,False,Sensor battery health remains nominal after firmware update.
1831,2024-01-07 08:30:00,3,pressure,bar,HYD-07,press-line,day,nominal,7.212,False,Humidity climbed during dock-door open period in afternoon shift.
1832,2024-01-07 08:35:00,4,humidity,percent,PAINT-01,finishing,day,warning,38.054,False,Warning threshold updated for pilot predictive-maintenance model.
1833,2024-01-07 08:40:00,1,vibration,mm_s,CNC-04,machining-a,day,nominal,2.431,False,Calibration check overdue by 11 days for press-line transducer.
1834,2024-01-07 08:45:00,2,temperature,celsius,FURN-02,heat-treat,day,nominal,65.82,False,Vibration baseline recovered after tool holder replacement.
1835,2024-01-07 08:50:00,3,pressure,bar,HYD-07,press-line,day,nominal,8.315,False,Sensor enclosure opened for manual calibration verification.
1836,2024-01-07 08:55:00,4,humidity,percent,PAINT-01,finishing,day,nominal,33.881,False,Anomaly review flagged possible bearing wear progression.
1837,2024-01-07 09:00:00,1,vibration,mm_s,CNC-04,machining-a,day,nominal,1.513,False,Machine idle period extended during planned sanitation window.
1838,2024-01-07 09:05:00,2,temperature,celsius,FURN-02,heat-treat,day,nominal,63.773,False,Maintenance note logged for coupling imbalance inspection.
1839,2024-01-07 09:10:00,3,pressure,bar,HYD-07,press-line,day,nominal,7.545,False,Air handler maintenance reduced humidity variance on finishing line.
1840,2024-01-07 09:15:00,4,humidity,percent,PAINT-01,finishing,day,nominal,37.599,False,Reliability engineer tagged sample window for model retraining.
1841,2024-01-07 09:20:00,1,vibration,mm_s,CNC-04,machining-a,day,nominal,2.039,False,Operator reported intermittent chatter on machine CNC-04.
1842,2024-01-07 09:25:00,2,temperature,celsius,FURN-02,heat-treat,day,warning,74.068,False,Vibration harmonics broadened during extended production run.
1843,2024-01-07 09:30:00,3,pressure,bar,HYD-07,press-line,day,nominal,6.619,False,Maintenance crew confirmed lubrication interval was missed.
1844,2024-01-07 09:35:00,4,humidity,percent,PAINT-01,finishing,day,warning,49.086,False,SCADA backfill inserted two delayed telemetry points.
1845,2024-01-07 09:40:00,1,vibration,mm_s,CNC-04,machining-a,day,nominal,3.421,False,Humidity climbed during dock-door open period in afternoon shift.
1846,2024-01-07 09:45:00,2,temperature,celsius,FURN-02,heat-treat,day,nominal,65.373,False,Dust extraction fan offline for 18 minutes on line finishing.
1847,2024-01-07 09:50:00,3,pressure,bar,HYD-07,press-line,day,nominal,6.74,False,Coolant loop adjustment reduced chamber temperature spread.
1848,2024-01-07 09:55:00,4,humidity,percent,PAINT-01,finishing,day,nominal,46.732,False,Vibration baseline recovered after tool holder replacement.
1849,2024-01-07 10:00:00,1,vibration,mm_s,CNC-04,machining-a,day,nominal,3.018,False,Thermal ramp exceeded expected warmup curve before shift start.
1850,2024-01-07 10:05:00,2,temperature,celsius,FURN-02,heat-treat,day,nominal,67.362,False,Temperature variance narrowed after coolant nozzle cleaning.
1851,2024-01-07 10:10:00,3,pressure,bar,HYD-07,press-line,day,nominal,7.213,False,Supervisory alert generated after three consecutive threshold breaches.
1852,2024-01-07 10:15:00,4,humidity,percent,PAINT-01,finishing,day,nominal,49.728,False,Telemetry quality flag downgraded during sensor self-test window.
1853,2024-01-07 10:20:00,1,vibration,mm_s,CNC-04,machining-a,day,nominal,2.709,False,Humidity excursion near finishing booth during coating run.
1854,2024-01-07 10:25:00,2,temperature,celsius,FURN-02,heat-treat,day,nominal,66.121,False,Shift handoff note referenced unusual noise near press enclosure.
1855,2024-01-07 10:30:00,3,pressure,bar,HYD-07,press-line,day,nominal,7.047,False,Hydraulic accumulator recharge lag increased under repeated cycles.
1856,2024-01-07 10:35:00,4,humidity,percent,PAINT-01,finishing,day,critical,33.585,False,Shift handoff note referenced unusual noise near press enclosure.
1857,2024-01-07 10:40:00,1,vibration,mm_s,CNC-04,machining-a,day,nominal,2.401,False,Temperature remained elevated during unscheduled overtime run.
1858,2024-01-07 10:45:00,2,temperature,celsius,FURN-02,heat-treat,day,nominal,69.904,False,Pressure line purge completed before restart authorization.
1859,2024-01-07 10:50:00,3,pressure,bar,HYD-07,press-line,day,nominal,7.593,False,Press cycle dwell time lengthened during high-volume batch.
1860,2024-01-07 10:55:00,4,humidity,percent,PAINT-01,finishing,day,nominal,52.287,False,Sensor battery health remains nominal after firmware update.
1861,2024-01-07 11:00:00,1,vibration,mm_s,CNC-04,machining-a,day,nominal,1.707,False,Edge collector replayed buffered events after network recovery.
1862,2024-01-07 11:05:00,2,temperature,celsius,FURN-02,heat-treat,day,critical,79.694,False,Humidity baseline improved after seal replacement.
1863,2024-01-07 11:10:00,3,pressure,bar,HYD-07,press-line,day,critical,7.814,False,Vibration harmonics broadened during extended production run.
1864,2024-01-07 11:15:00,4,humidity,percent,PAINT-01,finishing,day,nominal,55.307,False,Temperature remained elevated during unscheduled overtime run.
1865,2024-01-07 11:20:00,1,vibration,mm_s,CNC-04,machining-a,day,nominal,2.161,False,Thermal ramp exceeded expected warmup curve before shift start.
1866,2024-01-07 11:25:00,2,temperature,celsius,FURN-02,heat-treat,day,critical,81.025,False,Hydraulic accumulator recharge lag increased under repeated cycles.
1867,2024-01-07 11:30:00,3,pressure,bar,HYD-07,press-line,day,warning,7.871,False,Maintenance note logged for coupling imbalance inspection.
1868,2024-01-07 11:35:00,4,humidity,percent,PAINT-01,finishing,day,nominal,38.162,False,Maintenance scheduler deferred calibration due to spare shortage.
1869,2024-01-07 11:40:00,1,vibration,mm_s,CNC-04,machining-a,day,nominal,2.018,False,Bearing temperature rising faster than baseline on spindle cell.
1870,2024-01-07 11:45:00,2,temperature,celsius,FURN-02,heat-treat,day,nominal,67.504,False,Calibration check overdue by 11 days for press-line transducer.
1871,2024-01-07 11:50:00,3,pressure,bar,HYD-07,press-line,day,nominal,7.798,False,Thermal ramp exceeded expected warmup curve before shift start.
1872,2024-01-07 11:55:00,4,humidity,percent,PAINT-01,finishing,day,nominal,45.269,False,Pressure peak corresponds to oversized billet batch processing.
1873,2024-01-07 12:00:00,1,vibration,mm_s,CNC-04,machining-a,day,critical,2.203,False,Telemetry quality flag downgraded during sensor self-test window.
1874,2024-01-07 12:05:00,2,temperature,celsius,FURN-02,heat-treat,day,critical,70.371,False,Maintenance scheduler deferred calibration due to spare shortage.
1875,2024-01-07 12:10:00,3,pressure,bar,HYD-07,press-line,day,nominal,8.225,False,Condensation warning cleared after dehumidifier ramp-up.
1876,2024-01-07 12:15:00,4,humidity,percent,PAINT-01,finishing,day,nominal,40.265,False,Reliability engineer tagged sample window for model retraining.
1877,2024-01-07 12:20:00,1,vibration,mm_s,CNC-04,machining-a,day,nominal,1.454,False,Anomaly review flagged possible bearing wear progression.
1878,2024-01-07 12:25:00,2,temperature,celsius,FURN-02,heat-treat,day,warning,72.824,False,Pressure peak corresponds to oversized billet batch processing.
1879,2024-01-07 12:30:00,3,pressure,bar,HYD-07,press-line,day,nominal,8.302,False,Pressure peak corresponds to oversized billet batch processing.
1880,2024-01-07 12:35:00,4,humidity,percent,PAINT-01,finishing,day,nominal,47.283,False,Temporary gateway failover completed without data loss.
1881,2024-01-07 12:40:00,1,vibration,mm_s,CNC-04,machining-a,day,nominal,2.775,False,Reliability engineer tagged sample window for model retraining.
1882,2024-01-07 12:45:00,2,temperature,celsius,FURN-02,heat-treat,day,warning,74.149,False,Air handler maintenance reduced humidity variance on finishing line.
1883,2024-01-07 12:50:00,3,pressure,bar,HYD-07,press-line,day,nominal,7.046,False,Telemetry quality flag downgraded during sensor self-test window.
1884,2024-01-07 12:55:00,4,humidity,percent,PAINT-01,finishing,day,nominal,51.635,False,Operator reset acknowledged after red-tag inspection.
1885,2024-01-07 13:00:00,1,vibration,mm_s,CNC-04,machining-a,day,nominal,0.772,False,Temporary gateway failover completed without data loss.
1886,2024-01-07 13:05:00,2,temperature,celsius,FURN-02,heat-treat,day,warning,71.362,False,Night shift startup produced higher than normal vibration floor.
1887,2024-01-07 13:10:00,3,pressure,bar,HYD-07,press-line,day,nominal,6.438,False,Pressure peak corresponds to oversized billet batch processing.
1888,2024-01-07 13:15:00,4,humidity,percent,PAINT-01,finishing,day,nominal,38.497,False,Quality team requested trace review for lot 24-118B.
1889,2024-01-07 13:20:00,1,vibration,mm_s,CNC-04,machining-a,day,nominal,2.721,False,Shift handoff note referenced unusual noise near press enclosure.
1890,2024-01-07 13:25:00,2,temperature,celsius,FURN-02,heat-treat,day,warning,73.48,False,Press cycle dwell time lengthened during high-volume batch.
1891,2024-01-07 13:30:00,3,pressure,bar,HYD-07,press-line,day,nominal,7.209,False,Ambient temperature stabilized after HVAC stage-two engagement.
1892,2024-01-07 13:35:00,4,humidity,percent,PAINT-01,finishing,day,nominal,36.827,False,Reliability engineer tagged sample window for model retraining.
1893,2024-01-07 13:40:00,1,vibration,mm_s,CNC-04,machining-a,day,nominal,2.732,False,Pressure peak corresponds to oversized billet batch processing.
1894,2024-01-07 13:45:00,2,temperature,celsius,FURN-02,heat-treat,day,nominal,70.361,False,Temperature variance narrowed after coolant nozzle cleaning.
1895,2024-01-07 13:50:00,3,pressure,bar,HYD-07,press-line,day,nominal,7.704,False,Maintenance crew confirmed lubrication interval was missed.
1896,2024-01-07 13:55:00,4,humidity,percent,PAINT-01,finishing,day,nominal,42.106,False,Sensor heartbeat delayed by one interval after gateway retry.
1897,2024-01-07 14:00:00,1,vibration,mm_s,CNC-04,machining-a,day,nominal,3.53,False,Vibration baseline recovered after tool holder replacement.
1898,2024-01-07 14:05:00,2,temperature,celsius,FURN-02,heat-treat,day,nominal,65.673,False,Temperature remained elevated during unscheduled overtime run.
1899,2024-01-07 14:10:00,3,pressure,bar,HYD-07,press-line,day,nominal,7.308,False,Sensor 1 spike sequence matches historical bearing fault pattern.
1900,2024-01-07 14:15:00,4,humidity,percent,PAINT-01,finishing,day,nominal,61.592,False,SCADA backfill inserted two delayed telemetry points.
1901,2024-01-07 14:20:00,1,vibration,mm_s,CNC-04,machining-a,day,nominal,2.113,False,Maintenance note logged for coupling imbalance inspection.
1902,2024-01-07 14:25:00,2,temperature,celsius,FURN-02,heat-treat,day,warning,73.455,False,Coolant loop adjustment reduced chamber temperature spread.
1903,2024-01-07 14:30:00,3,pressure,bar,HYD-07,press-line,day,nominal,8.061,False,Humidity excursion near finishing booth during coating run.
1904,2024-01-07 14:35:00,4,humidity,percent,PAINT-01,finishing,day,nominal,47.62,False,Short-lived packet loss observed at edge gateway gw-02.
1905,2024-01-07 14:40:00,1,vibration,mm_s,CNC-04,machining-a,day,nominal,1.964,False,Pressure peak corresponds to oversized billet batch processing.
1906,2024-01-07 14:45:00,2,temperature,celsius,FURN-02,heat-treat,day,nominal,69.133,False,Sensor heartbeat delayed by one interval after gateway retry.
1907,2024-01-07 14:50:00,3,pressure,bar,HYD-07,press-line,day,nominal,6.784,False,Maintenance note logged for coupling imbalance inspection.
1908,2024-01-07 14:55:00,4,humidity,percent,PAINT-01,finishing,day,nominal,45.918,False,Quality team requested trace review for lot 24-118B.
1909,2024-01-07 15:00:00,1,vibration,mm_s,CNC-04,machining-a,day,nominal,2.316,False,Edge collector replayed buffered events after network recovery.
1910,2024-01-07 15:05:00,2,temperature,celsius,FURN-02,heat-treat,day,nominal,70.017,False,Coolant loop adjustment reduced chamber temperature spread.
1911,2024-01-07 15:10:00,3,pressure,bar,HYD-07,press-line,day,nominal,8.677,False,Heat-treat furnace door cycling increased localized temperature spikes.
1912,2024-01-07 15:15:00,4,humidity,percent,PAINT-01,finishing,day,nominal,48.557,False,Humidity excursion near finishing booth during coating run.
1913,2024-01-07 15:20:00,1,vibration,mm_s,CNC-04,machining-a,day,nominal,2.558,False,Unexpected resonance band appeared near 42 Hz on spindle motor.
1914,2024-01-07 15:25:00,2,temperature,celsius,FURN-02,heat-treat,day,nominal,62.416,False,Sensor signal clipping observed during startup surge.
1915,2024-01-07 15:30:00,3,pressure,bar,HYD-07,press-line,day,nominal,8.16,False,Thermal ramp exceeded expected warmup curve before shift start.
1916,2024-01-07 15:35:00,4,humidity,percent,PAINT-01,finishing,day,nominal,49.257,False,Sensor battery health remains nominal after firmware update.
1917,2024-01-07 15:40:00,1,vibration,mm_s,CNC-04,machining-a,day,nominal,2.2,False,Pressure settled back to nominal after valve reseat.
1918,2024-01-07 15:45:00,2,temperature,celsius,FURN-02,heat-treat,day,nominal,65.054,False,Shift handoff note referenced unusual noise near press enclosure.
1919,2024-01-07 15:50:00,3,pressure,bar,HYD-07,press-line,day,nominal,7.4,False,Ambient temperature stabilized after HVAC stage-two engagement.
1920,2024-01-07 15:55:00,4,humidity,percent,PAINT-01,finishing,day,warning,45.097,False,Temperature remained elevated during unscheduled overtime run.
1921,2024-01-07 16:00:00,1,vibration,mm_s,CNC-04,machining-a,swing,nominal,1.599,False,Maintenance crew confirmed lubrication interval was missed.
1922,2024-01-07 16:05:00,2,temperature,celsius,FURN-02,heat-treat,swing,nominal,66.787,False,Unexpected resonance band appeared near 42 Hz on spindle motor.
1923,2024-01-07 16:10:00,3,pressure,bar,HYD-07,press-line,swing,nominal,7.154,False,Supervisory alert generated after three consecutive threshold breaches.
1924,2024-01-07 16:15:00,4,humidity,percent,PAINT-01,finishing,swing,nominal,43.16,False,Pressure settled back to nominal after valve reseat.
1925,2024-01-07 16:20:00,1,vibration,mm_s,CNC-04,machining-a,swing,nominal,2.557,False,Press cycle dwell time lengthened during high-volume batch.
1926,2024-01-07 16:25:00,2,temperature,celsius,FURN-02,heat-treat,swing,warning,70.891,False,Vibration harmonics broadened during extended production run.
1927,2024-01-07 16:30:00,3,pressure,bar,HYD-07,press-line,swing,nominal,7.551,False,Operator reset acknowledged after red-tag inspection.
1928,2024-01-07 16:35:00,4,humidity,percent,PAINT-01,finishing,swing,nominal,40.534,False,Bearing temperature rising faster than baseline on spindle cell.
1929,2024-01-07 16:40:00,1,vibration,mm_s,CNC-04,machining-a,swing,nominal,2.25,False,Hydraulic accumulator recharge lag increased under repeated cycles.
1930,2024-01-07 16:45:00,2,temperature,celsius,FURN-02,heat-treat,swing,critical,76.6,False,Warning threshold updated for pilot predictive-maintenance model.
1931,2024-01-07 16:50:00,3,pressure,bar,HYD-07,press-line,swing,nominal,8.396,False,Humidity readings track seasonal rise across late spring.
1932,2024-01-07 16:55:00,4,humidity,percent,PAINT-01,finishing,swing,nominal,44.522,False,Maintenance note logged for coupling imbalance inspection.
1933,2024-01-07 17:00:00,1,vibration,mm_s,CNC-04,machining-a,swing,nominal,1.695,False,Heat-treat furnace door cycling increased localized temperature spikes.
1934,2024-01-07 17:05:00,2,temperature,celsius,FURN-02,heat-treat,swing,warning,72.026,False,Operator reported intermittent chatter on machine CNC-04.
1935,2024-01-07 17:10:00,3,pressure,bar,HYD-07,press-line,swing,nominal,7.391,False,Calibration check overdue by 11 days for press-line transducer.
1936,2024-01-07 17:15:00,4,humidity,percent,PAINT-01,finishing,swing,nominal,49.149,False,Maintenance crew confirmed lubrication interval was missed.
1937,2024-01-07 17:20:00,1,vibration,mm_s,CNC-04,machining-a,swing,nominal,1.356,False,Quality team requested trace review for lot 24-118B.
1938,2024-01-07 17:25:00,2,temperature,celsius,FURN-02,heat-treat,swing,nominal,67.699,False,Transient outlier matched forklift impact near cabinet wall.
1939,2024-01-07 17:30:00,3,pressure,bar,HYD-07,press-line,swing,nominal,7.272,False,Operator reset acknowledged after red-tag inspection.
1940,2024-01-07 17:35:00,4,humidity,percent,PAINT-01,finishing,swing,nominal,48.85,False,Transient outlier matched forklift impact near cabinet wall.
1941,2024-01-07 17:40:00,1,vibration,mm_s,CNC-04,machining-a,swing,nominal,3.608,False,Compressed air fluctuation introduced pressure noise for two cycles.
1942,2024-01-07 17:45:00,2,temperature,celsius,FURN-02,heat-treat,swing,nominal,64.075,False,Short-lived packet loss observed at edge gateway gw-02.
1943,2024-01-07 17:50:00,3,pressure,bar,HYD-07,press-line,swing,nominal,7.647,False,Quality hold reduced finishing booth activity for one shift.
1944,2024-01-07 17:55:00,4,humidity,percent,PAINT-01,finishing,swing,nominal,40.681,False,Sensor 3 drift suspected after cross-check with manual gauge.
1945,2024-01-07 18:00:00,1,vibration,mm_s,CNC-04,machining-a,swing,nominal,2.708,False,Quality team requested trace review for lot 24-118B.
1946,2024-01-07 18:05:00,2,temperature,celsius,FURN-02,heat-treat,swing,warning,74.135,False,Vibration burst exceeds envelope during tool change cycle.
1947,2024-01-07 18:10:00,3,pressure,bar,HYD-07,press-line,swing,nominal,6.834,False,Machine throughput increase drove sustained pressure uplift.
1948,2024-01-07 18:15:00,4,humidity,percent,PAINT-01,finishing,swing,warning,42.861,False,Telemetry quality flag downgraded during sensor self-test window.
1949,2024-01-07 18:20:00,1,vibration,mm_s,CNC-04,machining-a,swing,nominal,2.558,False,Operator reported intermittent chatter on machine CNC-04.
1950,2024-01-07 18:25:00,2,temperature,celsius,FURN-02,heat-treat,swing,warning,69.957,False,Vibration baseline recovered after tool holder replacement.
1951,2024-01-07 18:30:00,3,pressure,bar,HYD-07,press-line,swing,warning,8.349,False,Maintenance note logged for coupling imbalance inspection.
1952,2024-01-07 18:35:00,4,humidity,percent,PAINT-01,finishing,swing,nominal,37.451,False,Maintenance note logged for coupling imbalance inspection.
1953,2024-01-07 18:40:00,1,vibration,mm_s,CNC-04,machining-a,swing,nominal,2.187,False,Thermal ramp exceeded expected warmup curve before shift start.
1954,2024-01-07 18:45:00,2,temperature,celsius,FURN-02,heat-treat,swing,warning,54.121,False,Heat-treat furnace door cycling increased localized temperature spikes.
1955,2024-01-07 18:50:00,3,pressure,bar,HYD-07,press-line,swing,nominal,8.054,False,Air handler maintenance reduced humidity variance on finishing line.
1956,2024-01-07 18:55:00,4,humidity,percent,PAINT-01,finishing,swing,warning,48.809,False,Pressure peak corresponds to oversized billet batch processing.
1957,2024-01-07 19:00:00,1,vibration,mm_s,CNC-04,machining-a,swing,nominal,2.629,False,Anomaly review flagged possible bearing wear progression.
1958,2024-01-07 19:05:00,2,temperature,celsius,FURN-02,heat-treat,swing,warning,73.214,False,Calibration check overdue by 11 days for press-line transducer.
1959,2024-01-07 19:10:00,3,pressure,bar,HYD-07,press-line,swing,nominal,8.239,False,Thermal ramp exceeded expected warmup curve before shift start.
1960,2024-01-07 19:15:00,4,humidity,percent,PAINT-01,finishing,swing,nominal,46.028,False,Maintenance note logged for coupling imbalance inspection.
1961,2024-01-07 19:20:00,1,vibration,mm_s,CNC-04,machining-a,swing,nominal,1.671,False,Hydraulic accumulator recharge lag increased under repeated cycles.
1962,2024-01-07 19:25:00,2,temperature,celsius,FURN-02,heat-treat,swing,nominal,70.206,False,Humidity readings track seasonal rise across late spring.
1963,2024-01-07 19:30:00,3,pressure,bar,HYD-07,press-line,swing,nominal,8.551,False,Thermal ramp exceeded expected warmup curve before shift start.
1964,2024-01-07 19:35:00,4,humidity,percent,PAINT-01,finishing,swing,nominal,42.065,False,Quality hold reduced finishing booth activity for one shift.
1965,2024-01-07 19:40:00,1,vibration,mm_s,CNC-04,machining-a,swing,nominal,2.36,False,Condensation warning cleared after dehumidifier ramp-up.
1966,2024-01-07 19:45:00,2,temperature,celsius,FURN-02,heat-treat,swing,nominal,58.852,False,Vibration baseline recovered after tool holder replacement.
1967,2024-01-07 19:50:00,3,pressure,bar,HYD-07,press-line,swing,nominal,7.136,False,Telemetry quality flag downgraded during sensor self-test window.
1968,2024-01-07 19:55:00,4,humidity,percent,PAINT-01,finishing,swing,nominal,41.331,False,Sensor signal clipping observed during startup surge.
1969,2024-01-07 20:00:00,1,vibration,mm_s,CNC-04,machining-a,swing,nominal,2.384,False,Bearing temperature rising faster than baseline on spindle cell.
1970,2024-01-07 20:05:00,2,temperature,celsius,FURN-02,heat-treat,swing,warning,71.324,False,Supervisory alert generated after three consecutive threshold breaches.
1971,2024-01-07 20:10:00,3,pressure,bar,HYD-07,press-line,swing,nominal,7.66,False,SCADA backfill inserted two delayed telemetry points.
1972,2024-01-07 20:15:00,4,humidity,percent,PAINT-01,finishing,swing,warning,38.59,False,Pressure settled back to nominal after valve reseat.
1973,2024-01-07 20:20:00,1,vibration,mm_s,CNC-04,machining-a,swing,nominal,1.685,False,Press cycle dwell time lengthened during high-volume batch.
1974,2024-01-07 20:25:00,2,temperature,celsius,FURN-02,heat-treat,swing,nominal,68.906,False,Supervisory alert generated after three consecutive threshold breaches.
1975,2024-01-07 20:30:00,3,pressure,bar,HYD-07,press-line,swing,nominal,7.588,False,Machine idle period extended during planned sanitation window.
1976,2024-01-07 20:35:00,4,humidity,percent,PAINT-01,finishing,swing,nominal,43.851,False,Supervisory alert generated after three consecutive threshold breaches.
1977,2024-01-07 20:40:00,1,vibration,mm_s,CNC-04,machining-a,swing,nominal,2.193,False,Machine idle period extended during planned sanitation window.
1978,2024-01-07 20:45:00,2,temperature,celsius,FURN-02,heat-treat,swing,warning,62.604,False,Vibration harmonics broadened during extended production run.
1979,2024-01-07 20:50:00,3,pressure,bar,HYD-07,press-line,swing,nominal,8.68,False,Condensation warning cleared after dehumidifier ramp-up.
1980,2024-01-07 20:55:00,4,humidity,percent,PAINT-01,finishing,swing,nominal,50.921,False,Vibration burst exceeds envelope during tool change cycle.
1981,2024-01-07 21:00:00,1,vibration,mm_s,CNC-04,machining-a,swing,nominal,2.023,False,Temperature variance narrowed after coolant nozzle cleaning.
1982,2024-01-07 21:05:00,2,temperature,celsius,FURN-02,heat-treat,swing,critical,77.701,False,Thermal ramp exceeded expected warmup curve before shift start.
1983,2024-01-07 21:10:00,3,pressure,bar,HYD-07,press-line,swing,nominal,7.381,False,Pressure settled back to nominal after valve reseat.
1984,2024-01-07 21:15:00,4,humidity,percent,PAINT-01,finishing,swing,nominal,39.528,False,Maintenance crew confirmed lubrication interval was missed.
1985,2024-01-07 21:20:00,1,vibration,mm_s,CNC-04,machining-a,swing,nominal,1.83,False,Vibration harmonics broadened during extended production run.
1986,2024-01-07 21:25:00,2,temperature,celsius,FURN-02,heat-treat,swing,warning,70.5,False,Short-lived packet loss observed at edge gateway gw-02.
1987,2024-01-07 21:30:00,3,pressure,bar,HYD-07,press-line,swing,nominal,6.486,False,Vibration harmonics broadened during extended production run.
1988,2024-01-07 21:35:00,4,humidity,percent,PAINT-01,finishing,swing,nominal,36.564,False,Supervisory alert generated after three consecutive threshold breaches.
1989,2024-01-07 21:40:00,1,vibration,mm_s,CNC-04,machining-a,swing,critical,1.954,False,Dust extraction fan offline for 18 minutes on line finishing.
1990,2024-01-07 21:45:00,2,temperature,celsius,FURN-02,heat-treat,swing,nominal,66.346,False,Quality team requested trace review for lot 24-118B.
1991,2024-01-07 21:50:00,3,pressure,bar,HYD-07,press-line,swing,nominal,7.351,False,Shift handoff note referenced unusual noise near press enclosure.
1992,2024-01-07 21:55:00,4,humidity,percent,PAINT-01,finishing,swing,nominal,44.04,False,Dust extraction fan offline for 18 minutes on line finishing.
1993,2024-01-07 22:00:00,1,vibration,mm_s,CNC-04,machining-a,swing,nominal,1.311,False,Air handler maintenance reduced humidity variance on finishing line.
1994,2024-01-07 22:05:00,2,temperature,celsius,FURN-02,heat-treat,swing,nominal,65.0,False,Hydraulic accumulator recharge lag increased under repeated cycles.
1995,2024-01-07 22:10:00,3,pressure,bar,HYD-07,press-line,swing,nominal,8.226,False,Edge collector replayed buffered events after network recovery.
1996,2024-01-07 22:15:00,4,humidity,percent,PAINT-01,finishing,swing,nominal,49.361,False,Heat-treat furnace door cycling increased localized temperature spikes.
1997,2024-01-07 22:20:00,1,vibration,mm_s,CNC-04,machining-a,swing,nominal,2.835,False,Humidity readings track seasonal rise across late spring.
1998,2024-01-07 22:25:00,2,temperature,celsius,FURN-02,heat-treat,swing,nominal,67.662,False,Machine throughput increase drove sustained pressure uplift.
1999,2024-01-07 22:30:00,3,pressure,bar,HYD-07,press-line,swing,nominal,7.996,False,Maintenance crew confirmed lubrication interval was missed.
2000,2024-01-07 22:35:00,4,humidity,percent,PAINT-01,finishing,swing,nominal,48.247,False,Vibration baseline recovered after tool holder replacement.
2001,2024-01-07 22:40:00,1,vibration,mm_s,CNC-04,machining-a,swing,nominal,3.109,False,Quality team requested trace review for lot 24-118B.
2002,2024-01-07 22:45:00,2,temperature,celsius,FURN-02,heat-treat,swing,nominal,67.81,False,Bearing temperature rising faster than baseline on spindle cell.
2003,2024-01-07 22:50:00,3,pressure,bar,HYD-07,press-line,swing,warning,7.589,False,Warning threshold updated for pilot predictive-maintenance model.
2004,2024-01-07 22:55:00,4,humidity,percent,PAINT-01,finishing,swing,nominal,49.531,False,Anomaly review flagged possible bearing wear progression.
2005,2024-01-07 23:00:00,1,vibration,mm_s,CNC-04,machining-a,swing,nominal,1.741,False,Reliability engineer tagged sample window for model retraining.
2006,2024-01-07 23:05:00,2,temperature,celsius,FURN-02,heat-treat,swing,warning,71.117,False,Unexpected resonance band appeared near 42 Hz on spindle motor.
2007,2024-01-07 23:10:00,3,pressure,bar,HYD-07,press-line,swing,nominal,7.403,False,Telemetry quality flag downgraded during sensor self-test window.
2008,2024-01-07 23:15:00,4,humidity,percent,PAINT-01,finishing,swing,nominal,40.869,False,Temperature remained elevated during unscheduled overtime run.
2009,2024-01-07 23:20:00,1,vibration,mm_s,CNC-04,machining-a,swing,nominal,2.86,False,Operator reported intermittent chatter on machine CNC-04.
2010,2024-01-07 23:25:00,2,temperature,celsius,FURN-02,heat-treat,swing,nominal,67.447,False,Edge collector replayed buffered events after network recovery.
2011,2024-01-07 23:30:00,3,pressure,bar,HYD-07,press-line,swing,nominal,7.872,False,SCADA backfill inserted two delayed telemetry points.
2012,2024-01-07 23:35:00,4,humidity,percent,PAINT-01,finishing,swing,nominal,47.888,False,Temporary gateway failover completed without data loss.
2013,2024-01-07 23:40:00,1,vibration,mm_s,CNC-04,machining-a,swing,nominal,2.232,False,Coolant loop adjustment reduced chamber temperature spread.
2014,2024-01-07 23:45:00,2,temperature,celsius,FURN-02,heat-treat,swing,nominal,66.663,False,Warning threshold updated for pilot predictive-maintenance model.
2015,2024-01-07 23:50:00,3,pressure,bar,HYD-07,press-line,swing,nominal,8.018,False,Humidity climbed during dock-door open period in afternoon shift.
2016,2024-01-07 23:55:00,4,humidity,percent,PAINT-01,finishing,swing,nominal,45.315,False,Press cycle dwell time lengthened during high-volume batch.
2017,2024-01-08 00:00:00,1,vibration,mm_s,CNC-04,machining-a,night,nominal,2.644,False,Temporary gateway failover completed without data loss.
2018,2024-01-08 00:05:00,2,temperature,celsius,FURN-02,heat-treat,night,nominal,69.637,False,Pressure line purge completed before restart authorization.
2019,2024-01-08 00:10:00,3,pressure,bar,HYD-07,press-line,night,nominal,8.191,False,Edge collector replayed buffered events after network recovery.
2020,2024-01-08 00:15:00,4,humidity,percent,PAINT-01,finishing,night,nominal,42.539,False,Supervisory alert generated after three consecutive threshold breaches.
2021,2024-01-08 00:20:00,1,vibration,mm_s,CNC-04,machining-a,night,nominal,1.938,False,Maintenance crew confirmed lubrication interval was missed.
2022,2024-01-08 00:25:00,2,temperature,celsius,FURN-02,heat-treat,night,nominal,66.96,False,Unbalanced load introduced cyclical pressure ripple.
2023,2024-01-08 00:30:00,3,pressure,bar,HYD-07,press-line,night,nominal,7.823,False,Supervisory alert generated after three consecutive threshold breaches.
2024,2024-01-08 00:35:00,4,humidity,percent,PAINT-01,finishing,night,nominal,43.999,False,Vibration harmonics broadened during extended production run.
2025,2024-01-08 00:40:00,1,vibration,mm_s,CNC-04,machining-a,night,nominal,2.343,False,Machine throughput increase drove sustained pressure uplift.
2026,2024-01-08 00:45:00,2,temperature,celsius,FURN-02,heat-treat,night,nominal,68.403,False,Thermal ramp exceeded expected warmup curve before shift start.
2027,2024-01-08 00:50:00,3,pressure,bar,HYD-07,press-line,night,nominal,8.03,False,Dust extraction fan offline for 18 minutes on line finishing.
2028,2024-01-08 00:55:00,4,humidity,percent,PAINT-01,finishing,night,nominal,47.956,False,Temperature remained elevated during unscheduled overtime run.
2029,2024-01-08 01:00:00,1,vibration,mm_s,CNC-04,machining-a,night,nominal,2.943,False,Heat-treat furnace door cycling increased localized temperature spikes.
2030,2024-01-08 01:05:00,2,temperature,celsius,FURN-02,heat-treat,night,warning,75.143,False,Warning threshold updated for pilot predictive-maintenance model.
2031,2024-01-08 01:10:00,3,pressure,bar,HYD-07,press-line,night,nominal,7.695,False,Unexpected resonance band appeared near 42 Hz on spindle motor.
2032,2024-01-08 01:15:00,4,humidity,percent,PAINT-01,finishing,night,nominal,46.717,False,Anomaly review flagged possible bearing wear progression.
2033,2024-01-08 01:20:00,1,vibration,mm_s,CNC-04,machining-a,night,nominal,2.114,False,Temperature remained elevated during unscheduled overtime run.
2034,2024-01-08 01:25:00,2,temperature,celsius,FURN-02,heat-treat,night,nominal,66.749,False,Maintenance scheduler deferred calibration due to spare shortage.
2035,2024-01-08 01:30:00,3,pressure,bar,HYD-07,press-line,night,nominal,8.722,False,Coolant loop adjustment reduced chamber temperature spread.
2036,2024-01-08 01:35:00,4,humidity,percent,PAINT-01,finishing,night,nominal,46.605,False,Hydraulic accumulator recharge lag increased under repeated cycles.
2037,2024-01-08 01:40:00,1,vibration,mm_s,CNC-04,machining-a,night,warning,2.242,False,Temperature remained elevated during unscheduled overtime run.
2038,2024-01-08 01:45:00,2,temperature,celsius,FURN-02,heat-treat,night,nominal,68.137,False,Operator reset acknowledged after red-tag inspection.
2039,2024-01-08 01:50:00,3,pressure,bar,HYD-07,press-line,night,nominal,7.964,False,Condensation warning cleared after dehumidifier ramp-up.
2040,2024-01-08 01:55:00,4,humidity,percent,PAINT-01,finishing,night,nominal,47.219,False,Operator reported intermittent chatter on machine CNC-04.
2041,2024-01-08 02:00:00,1,vibration,mm_s,CNC-04,machining-a,night,nominal,2.371,False,Sensor signal clipping observed during startup surge.
2042,2024-01-08 02:05:00,2,temperature,celsius,FURN-02,heat-treat,night,nominal,65.27,False,Sensor 1 spike sequence matches historical bearing fault pattern.
2043,2024-01-08 02:10:00,3,pressure,bar,HYD-07,press-line,night,nominal,7.442,False,Maintenance scheduler deferred calibration due to spare shortage.
2044,2024-01-08 02:15:00,4,humidity,percent,PAINT-01,finishing,night,warning,41.832,False,Sensor signal clipping observed during startup surge.
2045,2024-01-08 02:20:00,1,vibration,mm_s,CNC-04,machining-a,night,critical,0.776,False,Sensor signal clipping observed during startup surge.
2046,2024-01-08 02:25:00,2,temperature,celsius,FURN-02,heat-treat,night,warning,73.681,False,Vibration burst exceeds envelope during tool change cycle.
2047,2024-01-08 02:30:00,3,pressure,bar,HYD-07,press-line,night,nominal,9.519,False,Press cycle dwell time lengthened during high-volume batch.
2048,2024-01-08 02:35:00,4,humidity,percent,PAINT-01,finishing,night,nominal,37.236,False,Press cycle dwell time lengthened during high-volume batch.
2049,2024-01-08 02:40:00,1,vibration,mm_s,CNC-04,machining-a,night,nominal,2.831,False,Shift handoff note referenced unusual noise near press enclosure.
2050,2024-01-08 02:45:00,2,temperature,celsius,FURN-02,heat-treat,night,nominal,61.105,False,Quality team requested trace review for lot 24-118B.
2051,2024-01-08 02:50:00,3,pressure,bar,HYD-07,press-line,night,critical,7.577,False,Sensor enclosure opened for manual calibration verification.
2052,2024-01-08 02:55:00,4,humidity,percent,PAINT-01,finishing,night,nominal,40.406,False,Compressed air fluctuation introduced pressure noise for two cycles.
2053,2024-01-08 03:00:00,1,vibration,mm_s,CNC-04,machining-a,night,nominal,3.0,False,Machine throughput increase drove sustained pressure uplift.
2054,2024-01-08 03:05:00,2,temperature,celsius,FURN-02,heat-treat,night,nominal,64.972,False,Vibration harmonics broadened during extended production run.
2055,2024-01-08 03:10:00,3,pressure,bar,HYD-07,press-line,night,nominal,7.469,False,Compressed air fluctuation introduced pressure noise for two cycles.
2056,2024-01-08 03:15:00,4,humidity,percent,PAINT-01,finishing,night,nominal,48.28,False,Sensor signal clipping observed during startup surge.
2057,2024-01-08 03:20:00,1,vibration,mm_s,CNC-04,machining-a,night,warning,2.851,False,SCADA backfill inserted two delayed telemetry points.
2058,2024-01-08 03:25:00,2,temperature,celsius,FURN-02,heat-treat,night,warning,71.922,False,Quality hold reduced finishing booth activity for one shift.
2059,2024-01-08 03:30:00,3,pressure,bar,HYD-07,press-line,night,nominal,7.268,False,Machine idle period extended during planned sanitation window.
2060,2024-01-08 03:35:00,4,humidity,percent,PAINT-01,finishing,night,nominal,36.741,False,Reliability engineer tagged sample window for model retraining.
2061,2024-01-08 03:40:00,1,vibration,mm_s,CNC-04,machining-a,night,warning,3.169,False,Operator reset acknowledged after red-tag inspection.
2062,2024-01-08 03:45:00,2,temperature,celsius,FURN-02,heat-treat,night,nominal,68.034,False,Transient outlier matched forklift impact near cabinet wall.
2063,2024-01-08 03:50:00,3,pressure,bar,HYD-07,press-line,night,nominal,7.603,False,Maintenance crew confirmed lubrication interval was missed.
2064,2024-01-08 03:55:00,4,humidity,percent,PAINT-01,finishing,night,nominal,43.917,False,Short-lived packet loss observed at edge gateway gw-02.
2065,2024-01-08 04:00:00,1,vibration,mm_s,CNC-04,machining-a,night,nominal,2.406,False,Humidity climbed during dock-door open period in afternoon shift.
2066,2024-01-08 04:05:00,2,temperature,celsius,FURN-02,heat-treat,night,warning,72.685,False,Sensor battery health remains nominal after firmware update.
2067,2024-01-08 04:10:00,3,pressure,bar,HYD-07,press-line,night,nominal,8.535,False,Operator reported intermittent chatter on machine CNC-04.
2068,2024-01-08 04:15:00,4,humidity,percent,PAINT-01,finishing,night,warning,44.616,False,Supervisory alert generated after three consecutive threshold breaches.
2069,2024-01-08 04:20:00,1,vibration,mm_s,CNC-04,machining-a,night,nominal,3.646,False,Thermal ramp exceeded expected warmup curve before shift start.
2070,2024-01-08 04:25:00,2,temperature,celsius,FURN-02,heat-treat,night,nominal,67.844,False,Sensor heartbeat delayed by one interval after gateway retry.
2071,2024-01-08 04:30:00,3,pressure,bar,HYD-07,press-line,night,nominal,7.022,False,Warning threshold updated for pilot predictive-maintenance model.
2072,2024-01-08 04:35:00,4,humidity,percent,PAINT-01,finishing,night,nominal,47.498,False,Vibration baseline recovered after tool holder replacement.
2073,2024-01-08 04:40:00,1,vibration,mm_s,CNC-04,machining-a,night,nominal,2.185,False,Night shift startup produced higher than normal vibration floor.
2074,2024-01-08 04:45:00,2,temperature,celsius,FURN-02,heat-treat,night,nominal,65.689,False,Reliability engineer tagged sample window for model retraining.
2075,2024-01-08 04:50:00,3,pressure,bar,HYD-07,press-line,night,nominal,8.155,False,Calibration check overdue by 11 days for press-line transducer.
2076,2024-01-08 04:55:00,4,humidity,percent,PAINT-01,finishing,night,nominal,37.498,False,Supervisory alert generated after three consecutive threshold breaches.
2077,2024-01-08 05:00:00,1,vibration,mm_s,CNC-04,machining-a,night,warning,2.527,False,Heat-treat furnace door cycling increased localized temperature spikes.
2078,2024-01-08 05:05:00,2,temperature,celsius,FURN-02,heat-treat,night,nominal,68.164,False,Unexpected resonance band appeared near 42 Hz on spindle motor.
2079,2024-01-08 05:10:00,3,pressure,bar,HYD-07,press-line,night,nominal,7.671,False,Transient outlier matched forklift impact near cabinet wall.
2080,2024-01-08 05:15:00,4,humidity,percent,PAINT-01,finishing,night,nominal,32.607,False,Machine idle period extended during planned sanitation window.
2081,2024-01-08 05:20:00,1,vibration,mm_s,CNC-04,machining-a,night,nominal,2.472,False,Night shift startup produced higher than normal vibration floor.
2082,2024-01-08 05:25:00,2,temperature,celsius,FURN-02,heat-treat,night,nominal,62.903,False,Maintenance crew confirmed lubrication interval was missed.
2083,2024-01-08 05:30:00,3,pressure,bar,HYD-07,press-line,night,nominal,7.523,False,Vibration burst exceeds envelope during tool change cycle.
2084,2024-01-08 05:35:00,4,humidity,percent,PAINT-01,finishing,night,nominal,41.02,False,Thermal ramp exceeded expected warmup curve before shift start.
2085,2024-01-08 05:40:00,1,vibration,mm_s,CNC-04,machining-a,night,nominal,2.752,False,Quality team requested trace review for lot 24-118B.
2086,2024-01-08 05:45:00,2,temperature,celsius,FURN-02,heat-treat,night,nominal,65.0,False,Transient outlier matched forklift impact near cabinet wall.
2087,2024-01-08 05:50:00,3,pressure,bar,HYD-07,press-line,night,nominal,6.92,False,Thermal overshoot event coincided with recipe change on furnace.
2088,2024-01-08 05:55:00,4,humidity,percent,PAINT-01,finishing,night,nominal,46.678,False,Bearing temperature rising faster than baseline on spindle cell.
2089,2024-01-08 06:00:00,1,vibration,mm_s,CNC-04,machining-a,night,nominal,2.518,False,Sensor heartbeat delayed by one interval after gateway retry.
2090,2024-01-08 06:05:00,2,temperature,celsius,FURN-02,heat-treat,night,warning,72.824,False,Unexpected resonance band appeared near 42 Hz on spindle motor.
2091,2024-01-08 06:10:00,3,pressure,bar,HYD-07,press-line,night,nominal,8.021,False,Edge collector replayed buffered events after network recovery.
2092,2024-01-08 06:15:00,4,humidity,percent,PAINT-01,finishing,night,nominal,50.822,False,Operator reset acknowledged after red-tag inspection.
2093,2024-01-08 06:20:00,1,vibration,mm_s,CNC-04,machining-a,night,nominal,2.593,False,Humidity readings track seasonal rise across late spring.
2094,2024-01-08 06:25:00,2,temperature,celsius,FURN-02,heat-treat,night,nominal,67.554,False,Humidity excursion near finishing booth during coating run.
2095,2024-01-08 06:30:00,3,pressure,bar,HYD-07,press-line,night,nominal,6.936,False,Quality team requested trace review for lot 24-118B.
2096,2024-01-08 06:35:00,4,humidity,percent,PAINT-01,finishing,night,nominal,40.53,False,Calibration check overdue by 11 days for press-line transducer.
2097,2024-01-08 06:40:00,1,vibration,mm_s,CNC-04,machining-a,night,nominal,2.277,False,Quality hold reduced finishing booth activity for one shift.
2098,2024-01-08 06:45:00,2,temperature,celsius,FURN-02,heat-treat,night,nominal,68.583,False,Temperature variance narrowed after coolant nozzle cleaning.
2099,2024-01-08 06:50:00,3,pressure,bar,HYD-07,press-line,night,nominal,7.868,False,Air handler maintenance reduced humidity variance on finishing line.
2100,2024-01-08 06:55:00,4,humidity,percent,PAINT-01,finishing,night,nominal,39.68,False,Bearing temperature rising faster than baseline on spindle cell.
2101,2024-01-08 07:00:00,1,vibration,mm_s,CNC-04,machining-a,night,nominal,2.409,False,Sensor battery health remains nominal after firmware update.
2102,2024-01-08 07:05:00,2,temperature,celsius,FURN-02,heat-treat,night,nominal,69.281,False,Operator reset acknowledged after red-tag inspection.
2103,2024-01-08 07:10:00,3,pressure,bar,HYD-07,press-line,night,nominal,8.272,False,Hydraulic line pressure oscillation detected under load.
2104,2024-01-08 07:15:00,4,humidity,percent,PAINT-01,finishing,night,warning,45.104,False,Unexpected resonance band appeared near 42 Hz on spindle motor.
2105,2024-01-08 07:20:00,1,vibration,mm_s,CNC-04,machining-a,night,nominal,1.421,False,Reliability engineer tagged sample window for model retraining.
2106,2024-01-08 07:25:00,2,temperature,celsius,FURN-02,heat-treat,night,nominal,61.663,False,Night shift startup produced higher than normal vibration floor.
2107,2024-01-08 07:30:00,3,pressure,bar,HYD-07,press-line,night,nominal,6.582,False,Temporary gateway failover completed without data loss.
2108,2024-01-08 07:35:00,4,humidity,percent,PAINT-01,finishing,night,critical,54.306,False,Humidity readings track seasonal rise across late spring.
2109,2024-01-08 07:40:00,1,vibration,mm_s,CNC-04,machining-a,night,nominal,3.091,False,Calibration check overdue by 11 days for press-line transducer.
2110,2024-01-08 07:45:00,2,temperature,celsius,FURN-02,heat-treat,night,nominal,61.707,False,Sensor 1 spike sequence matches historical bearing fault pattern.
2111,2024-01-08 07:50:00,3,pressure,bar,HYD-07,press-line,night,nominal,8.501,False,Transient outlier matched forklift impact near cabinet wall.
2112,2024-01-08 07:55:00,4,humidity,percent,PAINT-01,finishing,night,nominal,46.191,False,Supervisory alert generated after three consecutive threshold breaches.
2113,2024-01-08 08:00:00,1,vibration,mm_s,CNC-04,machining-a,day,nominal,1.838,False,Pressure peak corresponds to oversized billet batch processing.
2114,2024-01-08 08:05:00,2,temperature,celsius,FURN-02,heat-treat,day,nominal,70.19,False,Bearing temperature rising faster than baseline on spindle cell.
2115,2024-01-08 08:10:00,3,pressure,bar,HYD-07,press-line,day,nominal,6.515,False,Heat-treat furnace door cycling increased localized temperature spikes.
2116,2024-01-08 08:15:00,4,humidity,percent,PAINT-01,finishing,day,warning,46.311,False,Humidity baseline improved after seal replacement.
2117,2024-01-08 08:20:00,1,vibration,mm_s,CNC-04,machining-a,day,nominal,2.13,False,Unexpected resonance band appeared near 42 Hz on spindle motor.
2118,2024-01-08 08:25:00,2,temperature,celsius,FURN-02,heat-treat,day,nominal,66.626,False,Edge collector replayed buffered events after network recovery.
2119,2024-01-08 08:30:00,3,pressure,bar,HYD-07,press-line,day,nominal,8.98,False,Packaging line stop reduced adjacent vibration background.
2120,2024-01-08 08:35:00,4,humidity,percent,PAINT-01,finishing,day,nominal,53.423,False,Heat-treat furnace door cycling increased localized temperature spikes.
2121,2024-01-08 08:40:00,1,vibration,mm_s,CNC-04,machining-a,day,nominal,1.817,False,Sensor battery health remains nominal after firmware update.
2122,2024-01-08 08:45:00,2,temperature,celsius,FURN-02,heat-treat,day,nominal,67.483,False,Maintenance note logged for coupling imbalance inspection.
2123,2024-01-08 08:50:00,3,pressure,bar,HYD-07,press-line,day,nominal,7.674,False,Thermal overshoot event coincided with recipe change on furnace.
2124,2024-01-08 08:55:00,4,humidity,percent,PAINT-01,finishing,day,nominal,48.297,False,Temperature variance narrowed after coolant nozzle cleaning.
2125,2024-01-08 09:00:00,1,vibration,mm_s,CNC-04,machining-a,day,nominal,2.713,False,Sensor 3 drift suspected after cross-check with manual gauge.
2126,2024-01-08 09:05:00,2,temperature,celsius,FURN-02,heat-treat,day,warning,71.244,False,Supervisory alert generated after three consecutive threshold breaches.
2127,2024-01-08 09:10:00,3,pressure,bar,HYD-07,press-line,day,nominal,7.239,False,Operator reset acknowledged after red-tag inspection.
2128,2024-01-08 09:15:00,4,humidity,percent,PAINT-01,finishing,day,nominal,44.47,False,Edge collector replayed buffered events after network recovery.
2129,2024-01-08 09:20:00,1,vibration,mm_s,CNC-04,machining-a,day,nominal,2.101,False,Sensor 3 drift suspected after cross-check with manual gauge.
2130,2024-01-08 09:25:00,2,temperature,celsius,FURN-02,heat-treat,day,nominal,64.27,False,Maintenance note logged for coupling imbalance inspection.
2131,2024-01-08 09:30:00,3,pressure,bar,HYD-07,press-line,day,nominal,7.933,False,Hydraulic line pressure oscillation detected under load.
2132,2024-01-08 09:35:00,4,humidity,percent,PAINT-01,finishing,day,nominal,38.028,False,Warning threshold updated for pilot predictive-maintenance model.
2133,2024-01-08 09:40:00,1,vibration,mm_s,CNC-04,machining-a,day,critical,1.056,False,Machine idle period extended during planned sanitation window.
2134,2024-01-08 09:45:00,2,temperature,celsius,FURN-02,heat-treat,day,warning,65.926,False,Operator reset acknowledged after red-tag inspection.
2135,2024-01-08 09:50:00,3,pressure,bar,HYD-07,press-line,day,nominal,7.214,False,Pressure settled back to nominal after valve reseat.
2136,2024-01-08 09:55:00,4,humidity,percent,PAINT-01,finishing,day,nominal,44.001,False,Supervisory alert generated after three consecutive threshold breaches.
2137,2024-01-08 10:00:00,1,vibration,mm_s,CNC-04,machining-a,day,nominal,2.554,False,Thermal ramp exceeded expected warmup curve before shift start.
2138,2024-01-08 10:05:00,2,temperature,celsius,FURN-02,heat-treat,day,nominal,66.891,False,Hydraulic line pressure oscillation detected under load.
2139,2024-01-08 10:10:00,3,pressure,bar,HYD-07,press-line,day,nominal,6.221,False,Humidity readings track seasonal rise across late spring.
2140,2024-01-08 10:15:00,4,humidity,percent,PAINT-01,finishing,day,nominal,47.252,False,Air handler maintenance reduced humidity variance on finishing line.
2141,2024-01-08 10:20:00,1,vibration,mm_s,CNC-04,machining-a,day,nominal,1.989,False,Machine throughput increase drove sustained pressure uplift.
2142,2024-01-08 10:25:00,2,temperature,celsius,FURN-02,heat-treat,day,nominal,69.993,False,Maintenance scheduler deferred calibration due to spare shortage.
2143,2024-01-08 10:30:00,3,pressure,bar,HYD-07,press-line,day,nominal,8.54,False,Condensation warning cleared after dehumidifier ramp-up.
2144,2024-01-08 10:35:00,4,humidity,percent,PAINT-01,finishing,day,nominal,38.431,False,Anomaly review flagged possible bearing wear progression.
2145,2024-01-08 10:40:00,1,vibration,mm_s,CNC-04,machining-a,day,nominal,2.387,False,Sensor signal clipping observed during startup surge.
2146,2024-01-08 10:45:00,2,temperature,celsius,FURN-02,heat-treat,day,warning,66.862,False,Night shift startup produced higher than normal vibration floor.
2147,2024-01-08 10:50:00,3,pressure,bar,HYD-07,press-line,day,nominal,7.574,False,Unexpected resonance band appeared near 42 Hz on spindle motor.
2148,2024-01-08 10:55:00,4,humidity,percent,PAINT-01,finishing,day,critical,48.311,False,Heat-treat furnace door cycling increased localized temperature spikes.
2149,2024-01-08 11:00:00,1,vibration,mm_s,CNC-04,machining-a,day,nominal,2.858,False,Temperature variance narrowed after coolant nozzle cleaning.
2150,2024-01-08 11:05:00,2,temperature,celsius,FURN-02,heat-treat,day,nominal,65.632,False,Unbalanced load introduced cyclical pressure ripple.
2151,2024-01-08 11:10:00,3,pressure,bar,HYD-07,press-line,day,nominal,7.849,False,Sensor enclosure opened for manual calibration verification.
2152,2024-01-08 11:15:00,4,humidity,percent,PAINT-01,finishing,day,nominal,43.083,False,Pressure peak corresponds to oversized billet batch processing.
2153,2024-01-08 11:20:00,1,vibration,mm_s,CNC-04,machining-a,day,nominal,1.857,False,Telemetry quality flag downgraded during sensor self-test window.
2154,2024-01-08 11:25:00,2,temperature,celsius,FURN-02,heat-treat,day,critical,76.102,False,Short-lived packet loss observed at edge gateway gw-02.
2155,2024-01-08 11:30:00,3,pressure,bar,HYD-07,press-line,day,nominal,7.693,False,Thermal overshoot event coincided with recipe change on furnace.
2156,2024-01-08 11:35:00,4,humidity,percent,PAINT-01,finishing,day,nominal,42.585,False,Sensor 1 spike sequence matches historical bearing fault pattern.
2157,2024-01-08 11:40:00,1,vibration,mm_s,CNC-04,machining-a,day,nominal,2.372,False,Vibration burst exceeds envelope during tool change cycle.
2158,2024-01-08 11:45:00,2,temperature,celsius,FURN-02,heat-treat,day,nominal,68.662,False,Sensor signal clipping observed during startup surge.
2159,2024-01-08 11:50:00,3,pressure,bar,HYD-07,press-line,day,nominal,7.26,False,Operator reported intermittent chatter on machine CNC-04.
2160,2024-01-08 11:55:00,4,humidity,percent,PAINT-01,finishing,day,nominal,38.989,False,Maintenance crew confirmed lubrication interval was missed.
2161,2024-01-08 12:00:00,1,vibration,mm_s,CNC-04,machining-a,day,nominal,1.976,False,Quality team requested trace review for lot 24-118B.
2162,2024-01-08 12:05:00,2,temperature,celsius,FURN-02,heat-treat,day,warning,71.429,False,Warning threshold updated for pilot predictive-maintenance model.
2163,2024-01-08 12:10:00,3,pressure,bar,HYD-07,press-line,day,nominal,7.074,False,Vibration burst exceeds envelope during tool change cycle.
2164,2024-01-08 12:15:00,4,humidity,percent,PAINT-01,finishing,day,nominal,45.401,False,Pressure peak corresponds to oversized billet batch processing.
2165,2024-01-08 12:20:00,1,vibration,mm_s,CNC-04,machining-a,day,nominal,2.943,False,SCADA backfill inserted two delayed telemetry points.
2166,2024-01-08 12:25:00,2,temperature,celsius,FURN-02,heat-treat,day,nominal,60.342,False,Vibration harmonics broadened during extended production run.
2167,2024-01-08 12:30:00,3,pressure,bar,HYD-07,press-line,day,nominal,8.274,False,Sensor signal clipping observed during startup surge.
2168,2024-01-08 12:35:00,4,humidity,percent,PAINT-01,finishing,day,nominal,47.06,False,Maintenance scheduler deferred calibration due to spare shortage.
2169,2024-01-08 12:40:00,1,vibration,mm_s,CNC-04,machining-a,day,nominal,2.443,False,Machine idle period extended during planned sanitation window.
2170,2024-01-08 12:45:00,2,temperature,celsius,FURN-02,heat-treat,day,nominal,62.688,False,Heat-treat furnace door cycling increased localized temperature spikes.
2171,2024-01-08 12:50:00,3,pressure,bar,HYD-07,press-line,day,nominal,8.133,False,Vibration baseline recovered after tool holder replacement.
2172,2024-01-08 12:55:00,4,humidity,percent,PAINT-01,finishing,day,nominal,38.293,False,Heat-treat furnace door cycling increased localized temperature spikes.
2173,2024-01-08 13:00:00,1,vibration,mm_s,CNC-04,machining-a,day,nominal,2.387,False,Packaging line stop reduced adjacent vibration background.
2174,2024-01-08 13:05:00,2,temperature,celsius,FURN-02,heat-treat,day,warning,71.121,False,Quality team requested trace review for lot 24-118B.
2175,2024-01-08 13:10:00,3,pressure,bar,HYD-07,press-line,day,nominal,7.772,False,Humidity excursion near finishing booth during coating run.
2176,2024-01-08 13:15:00,4,humidity,percent,PAINT-01,finishing,day,nominal,46.23,False,Calibration check overdue by 11 days for press-line transducer.
2177,2024-01-08 13:20:00,1,vibration,mm_s,CNC-04,machining-a,day,nominal,1.718,False,Humidity baseline improved after seal replacement.
2178,2024-01-08 13:25:00,2,temperature,celsius,FURN-02,heat-treat,day,nominal,67.402,False,Press cycle dwell time lengthened during high-volume batch.
2179,2024-01-08 13:30:00,3,pressure,bar,HYD-07,press-line,day,nominal,8.464,False,Vibration baseline recovered after tool holder replacement.
2180,2024-01-08 13:35:00,4,humidity,percent,PAINT-01,finishing,day,warning,48.128,False,Air handler maintenance reduced humidity variance on finishing line.
2181,2024-01-08 13:40:00,1,vibration,mm_s,CNC-04,machining-a,day,nominal,2.813,False,Night shift startup produced higher than normal vibration floor.
2182,2024-01-08 13:45:00,2,temperature,celsius,FURN-02,heat-treat,day,warning,66.749,False,Thermal ramp exceeded expected warmup curve before shift start.
2183,2024-01-08 13:50:00,3,pressure,bar,HYD-07,press-line,day,nominal,7.752,False,Maintenance crew confirmed lubrication interval was missed.
2184,2024-01-08 13:55:00,4,humidity,percent,PAINT-01,finishing,day,nominal,47.858,False,Press cycle dwell time lengthened during high-volume batch.
2185,2024-01-08 14:00:00,1,vibration,mm_s,CNC-04,machining-a,day,nominal,2.882,False,Warning threshold updated for pilot predictive-maintenance model.
2186,2024-01-08 14:05:00,2,temperature,celsius,FURN-02,heat-treat,day,nominal,64.211,False,Maintenance scheduler deferred calibration due to spare shortage.
2187,2024-01-08 14:10:00,3,pressure,bar,HYD-07,press-line,day,nominal,8.526,False,Coolant loop adjustment reduced chamber temperature spread.
2188,2024-01-08 14:15:00,4,humidity,percent,PAINT-01,finishing,day,nominal,44.8,False,Heat-treat furnace door cycling increased localized temperature spikes.
2189,2024-01-08 14:20:00,1,vibration,mm_s,CNC-04,machining-a,day,nominal,1.979,False,Shift handoff note referenced unusual noise near press enclosure.
2190,2024-01-08 14:25:00,2,temperature,celsius,FURN-02,heat-treat,day,warning,72.873,False,Unbalanced load introduced cyclical pressure ripple.
2191,2024-01-08 14:30:00,3,pressure,bar,HYD-07,press-line,day,nominal,8.759,False,Unexpected resonance band appeared near 42 Hz on spindle motor.
2192,2024-01-08 14:35:00,4,humidity,percent,PAINT-01,finishing,day,nominal,42.04,False,Temperature remained elevated during unscheduled overtime run.
2193,2024-01-08 14:40:00,1,vibration,mm_s,CNC-04,machining-a,day,nominal,2.485,False,Vibration harmonics broadened during extended production run.
2194,2024-01-08 14:45:00,2,temperature,celsius,FURN-02,heat-treat,day,warning,71.435,False,SCADA backfill inserted two delayed telemetry points.
2195,2024-01-08 14:50:00,3,pressure,bar,HYD-07,press-line,day,nominal,8.504,False,Vibration baseline recovered after tool holder replacement.
2196,2024-01-08 14:55:00,4,humidity,percent,PAINT-01,finishing,day,nominal,42.337,False,Packaging line stop reduced adjacent vibration background.
2197,2024-01-08 15:00:00,1,vibration,mm_s,CNC-04,machining-a,day,nominal,2.723,False,Vibration burst exceeds envelope during tool change cycle.
2198,2024-01-08 15:05:00,2,temperature,celsius,FURN-02,heat-treat,day,nominal,68.197,False,Unbalanced load introduced cyclical pressure ripple.
2199,2024-01-08 15:10:00,3,pressure,bar,HYD-07,press-line,day,nominal,8.067,False,Operator reset acknowledged after red-tag inspection.
2200,2024-01-08 15:15:00,4,humidity,percent,PAINT-01,finishing,day,nominal,36.688,False,Ambient temperature stabilized after HVAC stage-two engagement.
2201,2024-01-08 15:20:00,1,vibration,mm_s,CNC-04,machining-a,day,nominal,3.62,False,Ambient temperature stabilized after HVAC stage-two engagement.
2202,2024-01-08 15:25:00,2,temperature,celsius,FURN-02,heat-treat,day,warning,69.598,False,Hydraulic accumulator recharge lag increased under repeated cycles.
2203,2024-01-08 15:30:00,3,pressure,bar,HYD-07,press-line,day,nominal,7.144,False,Telemetry quality flag downgraded during sensor self-test window.
2204,2024-01-08 15:35:00,4,humidity,percent,PAINT-01,finishing,day,nominal,40.511,False,Operator reset acknowledged after red-tag inspection.
2205,2024-01-08 15:40:00,1,vibration,mm_s,CNC-04,machining-a,day,nominal,2.615,False,Unbalanced load introduced cyclical pressure ripple.
2206,2024-01-08 15:45:00,2,temperature,celsius,FURN-02,heat-treat,day,nominal,67.12,False,Machine throughput increase drove sustained pressure uplift.
2207,2024-01-08 15:50:00,3,pressure,bar,HYD-07,press-line,day,nominal,8.088,False,Operator reset acknowledged after red-tag inspection.
2208,2024-01-08 15:55:00,4,humidity,percent,PAINT-01,finishing,day,nominal,42.195,False,Ambient temperature stabilized after HVAC stage-two engagement.
2209,2024-01-08 16:00:00,1,vibration,mm_s,CNC-04,machining-a,swing,nominal,2.4,False,Dust extraction fan offline for 18 minutes on line finishing.
2210,2024-01-08 16:05:00,2,temperature,celsius,FURN-02,heat-treat,swing,nominal,65.416,False,Maintenance crew confirmed lubrication interval was missed.
2211,2024-01-08 16:10:00,3,pressure,bar,HYD-07,press-line,swing,critical,7.492,False,Temporary gateway failover completed without data loss.
2212,2024-01-08 16:15:00,4,humidity,percent,PAINT-01,finishing,swing,nominal,39.616,False,Maintenance note logged for coupling imbalance inspection.
2213,2024-01-08 16:20:00,1,vibration,mm_s,CNC-04,machining-a,swing,nominal,2.314,False,Pressure peak corresponds to oversized billet batch processing.
2214,2024-01-08 16:25:00,2,temperature,celsius,FURN-02,heat-treat,swing,nominal,66.16,False,Sensor 1 spike sequence matches historical bearing fault pattern.
2215,2024-01-08 16:30:00,3,pressure,bar,HYD-07,press-line,swing,warning,8.268,False,Sensor heartbeat delayed by one interval after gateway retry.
2216,2024-01-08 16:35:00,4,humidity,percent,PAINT-01,finishing,swing,nominal,44.391,False,Operator reset acknowledged after red-tag inspection.
2217,2024-01-08 16:40:00,1,vibration,mm_s,CNC-04,machining-a,swing,nominal,2.347,False,SCADA backfill inserted two delayed telemetry points.
2218,2024-01-08 16:45:00,2,temperature,celsius,FURN-02,heat-treat,swing,warning,71.935,False,Maintenance crew confirmed lubrication interval was missed.
2219,2024-01-08 16:50:00,3,pressure,bar,HYD-07,press-line,swing,warning,8.85,False,Press cycle dwell time lengthened during high-volume batch.
2220,2024-01-08 16:55:00,4,humidity,percent,PAINT-01,finishing,swing,nominal,51.119,False,SCADA backfill inserted two delayed telemetry points.
2221,2024-01-08 17:00:00,1,vibration,mm_s,CNC-04,machining-a,swing,nominal,2.822,False,Transient outlier matched forklift impact near cabinet wall.
2222,2024-01-08 17:05:00,2,temperature,celsius,FURN-02,heat-treat,swing,nominal,66.72,False,Warning threshold updated for pilot predictive-maintenance model.
2223,2024-01-08 17:10:00,3,pressure,bar,HYD-07,press-line,swing,nominal,7.741,False,Heat-treat furnace door cycling increased localized temperature spikes.
2224,2024-01-08 17:15:00,4,humidity,percent,PAINT-01,finishing,swing,nominal,52.013,False,Bearing temperature rising faster than baseline on spindle cell.
2225,2024-01-08 17:20:00,1,vibration,mm_s,CNC-04,machining-a,swing,nominal,1.915,False,Reliability engineer tagged sample window for model retraining.
2226,2024-01-08 17:25:00,2,temperature,celsius,FURN-02,heat-treat,swing,nominal,68.755,False,SCADA backfill inserted two delayed telemetry points.
2227,2024-01-08 17:30:00,3,pressure,bar,HYD-07,press-line,swing,nominal,7.072,False,Sensor heartbeat delayed by one interval after gateway retry.
2228,2024-01-08 17:35:00,4,humidity,percent,PAINT-01,finishing,swing,nominal,40.737,False,Sensor heartbeat delayed by one interval after gateway retry.
2229,2024-01-08 17:40:00,1,vibration,mm_s,CNC-04,machining-a,swing,nominal,2.913,False,Temporary gateway failover completed without data loss.
2230,2024-01-08 17:45:00,2,temperature,celsius,FURN-02,heat-treat,swing,nominal,66.565,False,Shift handoff note referenced unusual noise near press enclosure.
2231,2024-01-08 17:50:00,3,pressure,bar,HYD-07,press-line,swing,nominal,8.256,False,Vibration burst exceeds envelope during tool change cycle.
2232,2024-01-08 17:55:00,4,humidity,percent,PAINT-01,finishing,swing,nominal,52.467,False,Unexpected resonance band appeared near 42 Hz on spindle motor.
2233,2024-01-08 18:00:00,1,vibration,mm_s,CNC-04,machining-a,swing,nominal,1.552,False,Reliability engineer tagged sample window for model retraining.
2234,2024-01-08 18:05:00,2,temperature,celsius,FURN-02,heat-treat,swing,warning,72.727,False,Thermal ramp exceeded expected warmup curve before shift start.
2235,2024-01-08 18:10:00,3,pressure,bar,HYD-07,press-line,swing,nominal,7.795,False,Sensor enclosure opened for manual calibration verification.
2236,2024-01-08 18:15:00,4,humidity,percent,PAINT-01,finishing,swing,nominal,49.321,False,Bearing temperature rising faster than baseline on spindle cell.
2237,2024-01-08 18:20:00,1,vibration,mm_s,CNC-04,machining-a,swing,nominal,2.766,False,Quality hold reduced finishing booth activity for one shift.
2238,2024-01-08 18:25:00,2,temperature,celsius,FURN-02,heat-treat,swing,nominal,65.574,False,Bearing temperature rising faster than baseline on spindle cell.
2239,2024-01-08 18:30:00,3,pressure,bar,HYD-07,press-line,swing,nominal,8.799,False,Machine throughput increase drove sustained pressure uplift.
2240,2024-01-08 18:35:00,4,humidity,percent,PAINT-01,finishing,swing,nominal,40.182,False,Temperature variance narrowed after coolant nozzle cleaning.
2241,2024-01-08 18:40:00,1,vibration,mm_s,CNC-04,machining-a,swing,nominal,2.92,False,Maintenance note logged for coupling imbalance inspection.
2242,2024-01-08 18:45:00,2,temperature,celsius,FURN-02,heat-treat,swing,warning,75.372,False,Machine throughput increase drove sustained pressure uplift.
2243,2024-01-08 18:50:00,3,pressure,bar,HYD-07,press-line,swing,nominal,7.835,False,Sensor 3 drift suspected after cross-check with manual gauge.
2244,2024-01-08 18:55:00,4,humidity,percent,PAINT-01,finishing,swing,nominal,46.155,False,Unbalanced load introduced cyclical pressure ripple.
2245,2024-01-08 19:00:00,1,vibration,mm_s,CNC-04,machining-a,swing,nominal,2.843,False,Pressure settled back to nominal after valve reseat.
2246,2024-01-08 19:05:00,2,temperature,celsius,FURN-02,heat-treat,swing,nominal,65.921,False,Air handler maintenance reduced humidity variance on finishing line.
2247,2024-01-08 19:10:00,3,pressure,bar,HYD-07,press-line,swing,nominal,7.754,False,Shift handoff note referenced unusual noise near press enclosure.
2248,2024-01-08 19:15:00,4,humidity,percent,PAINT-01,finishing,swing,nominal,43.556,False,Hydraulic accumulator recharge lag increased under repeated cycles.
2249,2024-01-08 19:20:00,1,vibration,mm_s,CNC-04,machining-a,swing,nominal,2.549,False,Maintenance crew confirmed lubrication interval was missed.
2250,2024-01-08 19:25:00,2,temperature,celsius,FURN-02,heat-treat,swing,nominal,65.927,False,Vibration harmonics broadened during extended production run.
2251,2024-01-08 19:30:00,3,pressure,bar,HYD-07,press-line,swing,nominal,7.862,False,Maintenance crew confirmed lubrication interval was missed.
2252,2024-01-08 19:35:00,4,humidity,percent,PAINT-01,finishing,swing,nominal,33.364,False,Pressure line purge completed before restart authorization.
2253,2024-01-08 19:40:00,1,vibration,mm_s,CNC-04,machining-a,swing,nominal,2.617,False,Vibration baseline recovered after tool holder replacement.
2254,2024-01-08 19:45:00,2,temperature,celsius,FURN-02,heat-treat,swing,critical,77.518,False,Shift handoff note referenced unusual noise near press enclosure.
2255,2024-01-08 19:50:00,3,pressure,bar,HYD-07,press-line,swing,warning,8.0,False,Operator reported intermittent chatter on machine CNC-04.
2256,2024-01-08 19:55:00,4,humidity,percent,PAINT-01,finishing,swing,nominal,37.276,False,Condensation warning cleared after dehumidifier ramp-up.
2257,2024-01-08 20:00:00,1,vibration,mm_s,CNC-04,machining-a,swing,nominal,2.18,False,Pressure peak corresponds to oversized billet batch processing.
2258,2024-01-08 20:05:00,2,temperature,celsius,FURN-02,heat-treat,swing,nominal,63.704,False,Maintenance crew confirmed lubrication interval was missed.
2259,2024-01-08 20:10:00,3,pressure,bar,HYD-07,press-line,swing,nominal,6.512,False,Vibration harmonics broadened during extended production run.
2260,2024-01-08 20:15:00,4,humidity,percent,PAINT-01,finishing,swing,nominal,47.214,False,Packaging line stop reduced adjacent vibration background.
2261,2024-01-08 20:20:00,1,vibration,mm_s,CNC-04,machining-a,swing,nominal,1.781,False,Temporary gateway failover completed without data loss.
2262,2024-01-08 20:25:00,2,temperature,celsius,FURN-02,heat-treat,swing,critical,68.336,False,Humidity readings track seasonal rise across late spring.
2263,2024-01-08 20:30:00,3,pressure,bar,HYD-07,press-line,swing,nominal,7.272,False,Unexpected resonance band appeared near 42 Hz on spindle motor.
2264,2024-01-08 20:35:00,4,humidity,percent,PAINT-01,finishing,swing,nominal,35.903,False,Temperature variance narrowed after coolant nozzle cleaning.
2265,2024-01-08 20:40:00,1,vibration,mm_s,CNC-04,machining-a,swing,nominal,2.537,False,Vibration harmonics broadened during extended production run.
2266,2024-01-08 20:45:00,2,temperature,celsius,FURN-02,heat-treat,swing,warning,73.058,False,Warning threshold updated for pilot predictive-maintenance model.
2267,2024-01-08 20:50:00,3,pressure,bar,HYD-07,press-line,swing,nominal,8.52,False,Sensor 1 spike sequence matches historical bearing fault pattern.
2268,2024-01-08 20:55:00,4,humidity,percent,PAINT-01,finishing,swing,nominal,52.686,False,Vibration harmonics broadened during extended production run.
2269,2024-01-08 21:00:00,1,vibration,mm_s,CNC-04,machining-a,swing,nominal,2.438,False,Quality team requested trace review for lot 24-118B.
2270,2024-01-08 21:05:00,2,temperature,celsius,FURN-02,heat-treat,swing,nominal,61.561,False,Air handler maintenance reduced humidity variance on finishing line.
2271,2024-01-08 21:10:00,3,pressure,bar,HYD-07,press-line,swing,nominal,7.376,False,Humidity climbed during dock-door open period in afternoon shift.
2272,2024-01-08 21:15:00,4,humidity,percent,PAINT-01,finishing,swing,nominal,48.68,False,Air handler maintenance reduced humidity variance on finishing line.
2273,2024-01-08 21:20:00,1,vibration,mm_s,CNC-04,machining-a,swing,nominal,2.908,False,Heat-treat furnace door cycling increased localized temperature spikes.
2274,2024-01-08 21:25:00,2,temperature,celsius,FURN-02,heat-treat,swing,nominal,69.669,False,Anomaly review flagged possible bearing wear progression.
2275,2024-01-08 21:30:00,3,pressure,bar,HYD-07,press-line,swing,nominal,7.781,False,Unexpected resonance band appeared near 42 Hz on spindle motor.
2276,2024-01-08 21:35:00,4,humidity,percent,PAINT-01,finishing,swing,nominal,47.089,False,Unexpected resonance band appeared near 42 Hz on spindle motor.
2277,2024-01-08 21:40:00,1,vibration,mm_s,CNC-04,machining-a,swing,nominal,2.322,False,Heat-treat furnace door cycling increased localized temperature spikes.
2278,2024-01-08 21:45:00,2,temperature,celsius,FURN-02,heat-treat,swing,nominal,61.582,False,Vibration harmonics broadened during extended production run.
2279,2024-01-08 21:50:00,3,pressure,bar,HYD-07,press-line,swing,nominal,7.651,False,Calibration check overdue by 11 days for press-line transducer.
2280,2024-01-08 21:55:00,4,humidity,percent,PAINT-01,finishing,swing,nominal,35.883,False,Unbalanced load introduced cyclical pressure ripple.
2281,2024-01-08 22:00:00,1,vibration,mm_s,CNC-04,machining-a,swing,nominal,2.487,False,Shift handoff note referenced unusual noise near press enclosure.
2282,2024-01-08 22:05:00,2,temperature,celsius,FURN-02,heat-treat,swing,nominal,68.674,False,Transient outlier matched forklift impact near cabinet wall.
2283,2024-01-08 22:10:00,3,pressure,bar,HYD-07,press-line,swing,nominal,7.354,False,Anomaly review flagged possible bearing wear progression.
2284,2024-01-08 22:15:00,4,humidity,percent,PAINT-01,finishing,swing,nominal,48.908,False,Sensor battery health remains nominal after firmware update.
2285,2024-01-08 22:20:00,1,vibration,mm_s,CNC-04,machining-a,swing,nominal,2.558,False,Sensor 1 spike sequence matches historical bearing fault pattern.
2286,2024-01-08 22:25:00,2,temperature,celsius,FURN-02,heat-treat,swing,critical,77.671,False,Pressure line purge completed before restart authorization.
2287,2024-01-08 22:30:00,3,pressure,bar,HYD-07,press-line,swing,nominal,7.695,False,Operator reset acknowledged after red-tag inspection.
2288,2024-01-08 22:35:00,4,humidity,percent,PAINT-01,finishing,swing,nominal,48.483,False,Transient outlier matched forklift impact near cabinet wall.
2289,2024-01-08 22:40:00,1,vibration,mm_s,CNC-04,machining-a,swing,nominal,2.715,False,Coolant loop adjustment reduced chamber temperature spread.
2290,2024-01-08 22:45:00,2,temperature,celsius,FURN-02,heat-treat,swing,nominal,57.931,False,Compressed air fluctuation introduced pressure noise for two cycles.
2291,2024-01-08 22:50:00,3,pressure,bar,HYD-07,press-line,swing,warning,7.136,False,Dust extraction fan offline for 18 minutes on line finishing.
2292,2024-01-08 22:55:00,4,humidity,percent,PAINT-01,finishing,swing,nominal,48.182,False,Reliability engineer tagged sample window for model retraining.
2293,2024-01-08 23:00:00,1,vibration,mm_s,CNC-04,machining-a,swing,nominal,2.922,False,Night shift startup produced higher than normal vibration floor.
2294,2024-01-08 23:05:00,2,temperature,celsius,FURN-02,heat-treat,swing,nominal,68.172,False,Sensor heartbeat delayed by one interval after gateway retry.
2295,2024-01-08 23:10:00,3,pressure,bar,HYD-07,press-line,swing,nominal,6.837,False,Thermal overshoot event coincided with recipe change on furnace.
2296,2024-01-08 23:15:00,4,humidity,percent,PAINT-01,finishing,swing,nominal,48.384,False,Humidity readings track seasonal rise across late spring.
2297,2024-01-08 23:20:00,1,vibration,mm_s,CNC-04,machining-a,swing,nominal,1.875,False,Thermal overshoot event coincided with recipe change on furnace.
2298,2024-01-08 23:25:00,2,temperature,celsius,FURN-02,heat-treat,swing,nominal,66.466,False,Machine idle period extended during planned sanitation window.
2299,2024-01-08 23:30:00,3,pressure,bar,HYD-07,press-line,swing,nominal,7.934,False,Machine throughput increase drove sustained pressure uplift.
2300,2024-01-08 23:35:00,4,humidity,percent,PAINT-01,finishing,swing,nominal,52.407,False,Quality hold reduced finishing booth activity for one shift.
2301,2024-01-08 23:40:00,1,vibration,mm_s,CNC-04,machining-a,swing,warning,2.786,False,Packaging line stop reduced adjacent vibration background.
2302,2024-01-08 23:45:00,2,temperature,celsius,FURN-02,heat-treat,swing,nominal,63.98,False,Transient outlier matched forklift impact near cabinet wall.
2303,2024-01-08 23:50:00,3,pressure,bar,HYD-07,press-line,swing,nominal,8.848,False,Ambient temperature stabilized after HVAC stage-two engagement.
2304,2024-01-08 23:55:00,4,humidity,percent,PAINT-01,finishing,swing,nominal,40.044,False,Pressure peak corresponds to oversized billet batch processing.
2305,2024-01-09 00:00:00,1,vibration,mm_s,CNC-04,machining-a,night,nominal,2.551,False,Reliability engineer tagged sample window for model retraining.
2306,2024-01-09 00:05:00,2,temperature,celsius,FURN-02,heat-treat,night,nominal,61.879,False,Temporary gateway failover completed without data loss.
2307,2024-01-09 00:10:00,3,pressure,bar,HYD-07,press-line,night,nominal,8.536,False,Sensor 1 spike sequence matches historical bearing fault pattern.
2308,2024-01-09 00:15:00,4,humidity,percent,PAINT-01,finishing,night,nominal,42.948,False,Short-lived packet loss observed at edge gateway gw-02.
2309,2024-01-09 00:20:00,1,vibration,mm_s,CNC-04,machining-a,night,nominal,3.003,False,Hydraulic accumulator recharge lag increased under repeated cycles.
2310,2024-01-09 00:25:00,2,temperature,celsius,FURN-02,heat-treat,night,warning,73.711,False,Sensor enclosure opened for manual calibration verification.
2311,2024-01-09 00:30:00,3,pressure,bar,HYD-07,press-line,night,critical,8.549,False,Packaging line stop reduced adjacent vibration background.
2312,2024-01-09 00:35:00,4,humidity,percent,PAINT-01,finishing,night,nominal,39.526,False,Dust extraction fan offline for 18 minutes on line finishing.
2313,2024-01-09 00:40:00,1,vibration,mm_s,CNC-04,machining-a,night,nominal,3.463,False,Vibration burst exceeds envelope during tool change cycle.
2314,2024-01-09 00:45:00,2,temperature,celsius,FURN-02,heat-treat,night,nominal,69.656,False,Coolant loop adjustment reduced chamber temperature spread.
2315,2024-01-09 00:50:00,3,pressure,bar,HYD-07,press-line,night,nominal,8.735,False,Machine idle period extended during planned sanitation window.
2316,2024-01-09 00:55:00,4,humidity,percent,PAINT-01,finishing,night,nominal,47.843,False,Temperature remained elevated during unscheduled overtime run.
2317,2024-01-09 01:00:00,1,vibration,mm_s,CNC-04,machining-a,night,nominal,1.49,False,Humidity excursion near finishing booth during coating run.
2318,2024-01-09 01:05:00,2,temperature,celsius,FURN-02,heat-treat,night,nominal,60.402,False,Short-lived packet loss observed at edge gateway gw-02.
2319,2024-01-09 01:10:00,3,pressure,bar,HYD-07,press-line,night,nominal,8.184,False,Thermal ramp exceeded expected warmup curve before shift start.
2320,2024-01-09 01:15:00,4,humidity,percent,PAINT-01,finishing,night,nominal,42.733,False,Bearing temperature rising faster than baseline on spindle cell.
2321,2024-01-09 01:20:00,1,vibration,mm_s,CNC-04,machining-a,night,nominal,3.318,False,Vibration baseline recovered after tool holder replacement.
2322,2024-01-09 01:25:00,2,temperature,celsius,FURN-02,heat-treat,night,nominal,64.531,False,Reliability engineer tagged sample window for model retraining.
2323,2024-01-09 01:30:00,3,pressure,bar,HYD-07,press-line,night,nominal,8.065,False,Temperature variance narrowed after coolant nozzle cleaning.
2324,2024-01-09 01:35:00,4,humidity,percent,PAINT-01,finishing,night,nominal,37.258,False,Quality hold reduced finishing booth activity for one shift.
2325,2024-01-09 01:40:00,1,vibration,mm_s,CNC-04,machining-a,night,nominal,2.585,False,Reliability engineer tagged sample window for model retraining.
2326,2024-01-09 01:45:00,2,temperature,celsius,FURN-02,heat-treat,night,critical,66.299,False,Edge collector replayed buffered events after network recovery.
2327,2024-01-09 01:50:00,3,pressure,bar,HYD-07,press-line,night,nominal,7.492,False,Unexpected resonance band appeared near 42 Hz on spindle motor.
2328,2024-01-09 01:55:00,4,humidity,percent,PAINT-01,finishing,night,nominal,44.318,False,Dust extraction fan offline for 18 minutes on line finishing.
2329,2024-01-09 02:00:00,1,vibration,mm_s,CNC-04,machining-a,night,nominal,2.179,False,Warning threshold updated for pilot predictive-maintenance model.
2330,2024-01-09 02:05:00,2,temperature,celsius,FURN-02,heat-treat,night,nominal,61.699,False,Operator reported intermittent chatter on machine CNC-04.
2331,2024-01-09 02:10:00,3,pressure,bar,HYD-07,press-line,night,nominal,8.562,False,Sensor battery health remains nominal after firmware update.
2332,2024-01-09 02:15:00,4,humidity,percent,PAINT-01,finishing,night,nominal,33.909,False,Short-lived packet loss observed at edge gateway gw-02.
2333,2024-01-09 02:20:00,1,vibration,mm_s,CNC-04,machining-a,night,nominal,2.409,False,Anomaly review flagged possible bearing wear progression.
2334,2024-01-09 02:25:00,2,temperature,celsius,FURN-02,heat-treat,night,nominal,69.165,False,Sensor heartbeat delayed by one interval after gateway retry.
2335,2024-01-09 02:30:00,3,pressure,bar,HYD-07,press-line,night,nominal,8.23,False,Compressed air fluctuation introduced pressure noise for two cycles.
2336,2024-01-09 02:35:00,4,humidity,percent,PAINT-01,finishing,night,nominal,44.305,False,Sensor battery health remains nominal after firmware update.
2337,2024-01-09 02:40:00,1,vibration,mm_s,CNC-04,machining-a,night,nominal,2.083,False,Sensor 1 spike sequence matches historical bearing fault pattern.
2338,2024-01-09 02:45:00,2,temperature,celsius,FURN-02,heat-treat,night,nominal,69.919,False,Anomaly review flagged possible bearing wear progression.
2339,2024-01-09 02:50:00,3,pressure,bar,HYD-07,press-line,night,nominal,7.603,False,Sensor signal clipping observed during startup surge.
2340,2024-01-09 02:55:00,4,humidity,percent,PAINT-01,finishing,night,nominal,44.55,False,Thermal ramp exceeded expected warmup curve before shift start.
2341,2024-01-09 03:00:00,1,vibration,mm_s,CNC-04,machining-a,night,nominal,2.929,False,Sensor 3 drift suspected after cross-check with manual gauge.
2342,2024-01-09 03:05:00,2,temperature,celsius,FURN-02,heat-treat,night,nominal,69.856,False,Humidity readings track seasonal rise across late spring.
2343,2024-01-09 03:10:00,3,pressure,bar,HYD-07,press-line,night,nominal,7.845,False,Unexpected resonance band appeared near 42 Hz on spindle motor.
2344,2024-01-09 03:15:00,4,humidity,percent,PAINT-01,finishing,night,nominal,41.718,False,Press cycle dwell time lengthened during high-volume batch.
2345,2024-01-09 03:20:00,1,vibration,mm_s,CNC-04,machining-a,night,nominal,2.081,False,Machine idle period extended during planned sanitation window.
2346,2024-01-09 03:25:00,2,temperature,celsius,FURN-02,heat-treat,night,critical,77.866,False,Machine throughput increase drove sustained pressure uplift.
2347,2024-01-09 03:30:00,3,pressure,bar,HYD-07,press-line,night,nominal,7.318,False,Edge collector replayed buffered events after network recovery.
2348,2024-01-09 03:35:00,4,humidity,percent,PAINT-01,finishing,night,nominal,48.971,False,Hydraulic accumulator recharge lag increased under repeated cycles.
2349,2024-01-09 03:40:00,1,vibration,mm_s,CNC-04,machining-a,night,nominal,3.312,False,Machine idle period extended during planned sanitation window.
2350,2024-01-09 03:45:00,2,temperature,celsius,FURN-02,heat-treat,night,nominal,64.54,False,Supervisory alert generated after three consecutive threshold breaches.
2351,2024-01-09 03:50:00,3,pressure,bar,HYD-07,press-line,night,nominal,8.391,False,Quality hold reduced finishing booth activity for one shift.
2352,2024-01-09 03:55:00,4,humidity,percent,PAINT-01,finishing,night,nominal,34.893,False,Humidity baseline improved after seal replacement.
2353,2024-01-09 04:00:00,1,vibration,mm_s,CNC-04,machining-a,night,nominal,3.031,False,Temperature variance narrowed after coolant nozzle cleaning.
2354,2024-01-09 04:05:00,2,temperature,celsius,FURN-02,heat-treat,night,nominal,66.646,False,Operator reset acknowledged after red-tag inspection.
2355,2024-01-09 04:10:00,3,pressure,bar,HYD-07,press-line,night,nominal,9.054,False,Heat-treat furnace door cycling increased localized temperature spikes.
2356,2024-01-09 04:15:00,4,humidity,percent,PAINT-01,finishing,night,nominal,44.421,False,Dust extraction fan offline for 18 minutes on line finishing.
2357,2024-01-09 04:20:00,1,vibration,mm_s,CNC-04,machining-a,night,nominal,2.775,False,Sensor 3 drift suspected after cross-check with manual gauge.
2358,2024-01-09 04:25:00,2,temperature,celsius,FURN-02,heat-treat,night,nominal,66.404,False,Air handler maintenance reduced humidity variance on finishing line.
2359,2024-01-09 04:30:00,3,pressure,bar,HYD-07,press-line,night,critical,7.316,False,Maintenance note logged for coupling imbalance inspection.
2360,2024-01-09 04:35:00,4,humidity,percent,PAINT-01,finishing,night,nominal,44.931,False,Press cycle dwell time lengthened during high-volume batch.
2361,2024-01-09 04:40:00,1,vibration,mm_s,CNC-04,machining-a,night,nominal,1.53,False,Quality team requested trace review for lot 24-118B.
2362,2024-01-09 04:45:00,2,temperature,celsius,FURN-02,heat-treat,night,warning,72.622,False,Supervisory alert generated after three consecutive threshold breaches.
2363,2024-01-09 04:50:00,3,pressure,bar,HYD-07,press-line,night,nominal,8.729,False,Temperature variance narrowed after coolant nozzle cleaning.
2364,2024-01-09 04:55:00,4,humidity,percent,PAINT-01,finishing,night,nominal,43.729,False,Maintenance note logged for coupling imbalance inspection.
2365,2024-01-09 05:00:00,1,vibration,mm_s,CNC-04,machining-a,night,nominal,1.923,False,Temporary gateway failover completed without data loss.
2366,2024-01-09 05:05:00,2,temperature,celsius,FURN-02,heat-treat,night,warning,72.13,False,Hydraulic line pressure oscillation detected under load.
2367,2024-01-09 05:10:00,3,pressure,bar,HYD-07,press-line,night,nominal,8.836,False,Condensation warning cleared after dehumidifier ramp-up.
2368,2024-01-09 05:15:00,4,humidity,percent,PAINT-01,finishing,night,nominal,50.104,False,Unbalanced load introduced cyclical pressure ripple.
2369,2024-01-09 05:20:00,1,vibration,mm_s,CNC-04,machining-a,night,nominal,2.606,False,Temperature variance narrowed after coolant nozzle cleaning.
2370,2024-01-09 05:25:00,2,temperature,celsius,FURN-02,heat-treat,night,nominal,63.69,False,Shift handoff note referenced unusual noise near press enclosure.
2371,2024-01-09 05:30:00,3,pressure,bar,HYD-07,press-line,night,nominal,7.294,False,Calibration check overdue by 11 days for press-line transducer.
2372,2024-01-09 05:35:00,4,humidity,percent,PAINT-01,finishing,night,nominal,40.732,False,Sensor enclosure opened for manual calibration verification.
2373,2024-01-09 05:40:00,1,vibration,mm_s,CNC-04,machining-a,night,nominal,2.636,False,Temperature variance narrowed after coolant nozzle cleaning.
2374,2024-01-09 05:45:00,2,temperature,celsius,FURN-02,heat-treat,night,warning,75.282,False,Compressed air fluctuation introduced pressure noise for two cycles.
2375,2024-01-09 05:50:00,3,pressure,bar,HYD-07,press-line,night,nominal,6.706,False,Supervisory alert generated after three consecutive threshold breaches.
2376,2024-01-09 05:55:00,4,humidity,percent,PAINT-01,finishing,night,nominal,43.479,False,Transient outlier matched forklift impact near cabinet wall.
2377,2024-01-09 06:00:00,1,vibration,mm_s,CNC-04,machining-a,night,nominal,3.167,False,Pressure line purge completed before restart authorization.
2378,2024-01-09 06:05:00,2,temperature,celsius,FURN-02,heat-treat,night,nominal,64.694,False,Short-lived packet loss observed at edge gateway gw-02.
2379,2024-01-09 06:10:00,3,pressure,bar,HYD-07,press-line,night,nominal,8.091,False,Operator reset acknowledged after red-tag inspection.
2380,2024-01-09 06:15:00,4,humidity,percent,PAINT-01,finishing,night,nominal,44.492,False,Reliability engineer tagged sample window for model retraining.
2381,2024-01-09 06:20:00,1,vibration,mm_s,CNC-04,machining-a,night,nominal,1.048,False,Vibration baseline recovered after tool holder replacement.
2382,2024-01-09 06:25:00,2,temperature,celsius,FURN-02,heat-treat,night,warning,72.623,False,Maintenance note logged for coupling imbalance inspection.
2383,2024-01-09 06:30:00,3,pressure,bar,HYD-07,press-line,night,nominal,7.937,False,Reliability engineer tagged sample window for model retraining.
2384,2024-01-09 06:35:00,4,humidity,percent,PAINT-01,finishing,night,nominal,41.994,False,Coolant loop adjustment reduced chamber temperature spread.
2385,2024-01-09 06:40:00,1,vibration,mm_s,CNC-04,machining-a,night,nominal,2.232,False,Transient outlier matched forklift impact near cabinet wall.
2386,2024-01-09 06:45:00,2,temperature,celsius,FURN-02,heat-treat,night,warning,72.353,False,Operator reported intermittent chatter on machine CNC-04.
2387,2024-01-09 06:50:00,3,pressure,bar,HYD-07,press-line,night,critical,7.907,False,Temperature variance narrowed after coolant nozzle cleaning.
2388,2024-01-09 06:55:00,4,humidity,percent,PAINT-01,finishing,night,nominal,36.104,False,Dust extraction fan offline for 18 minutes on line finishing.
2389,2024-01-09 07:00:00,1,vibration,mm_s,CNC-04,machining-a,night,nominal,3.11,False,Maintenance scheduler deferred calibration due to spare shortage.
2390,2024-01-09 07:05:00,2,temperature,celsius,FURN-02,heat-treat,night,nominal,70.573,False,Heat-treat furnace door cycling increased localized temperature spikes.
2391,2024-01-09 07:10:00,3,pressure,bar,HYD-07,press-line,night,nominal,8.782,False,Pressure peak corresponds to oversized billet batch processing.
2392,2024-01-09 07:15:00,4,humidity,percent,PAINT-01,finishing,night,nominal,51.533,False,Temperature variance narrowed after coolant nozzle cleaning.
2393,2024-01-09 07:20:00,1,vibration,mm_s,CNC-04,machining-a,night,nominal,2.465,False,Night shift startup produced higher than normal vibration floor.
2394,2024-01-09 07:25:00,2,temperature,celsius,FURN-02,heat-treat,night,nominal,67.301,False,Sensor heartbeat delayed by one interval after gateway retry.
2395,2024-01-09 07:30:00,3,pressure,bar,HYD-07,press-line,night,nominal,7.821,False,Operator reset acknowledged after red-tag inspection.
2396,2024-01-09 07:35:00,4,humidity,percent,PAINT-01,finishing,night,critical,40.04,False,Operator reported intermittent chatter on machine CNC-04.
2397,2024-01-09 07:40:00,1,vibration,mm_s,CNC-04,machining-a,night,nominal,2.393,False,Sensor heartbeat delayed by one interval after gateway retry.
2398,2024-01-09 07:45:00,2,temperature,celsius,FURN-02,heat-treat,night,nominal,67.385,False,Supervisory alert generated after three consecutive threshold breaches.
2399,2024-01-09 07:50:00,3,pressure,bar,HYD-07,press-line,night,nominal,9.623,False,Machine throughput increase drove sustained pressure uplift.
2400,2024-01-09 07:55:00,4,humidity,percent,PAINT-01,finishing,night,nominal,40.136,False,Maintenance crew confirmed lubrication interval was missed.
2401,2024-01-09 08:00:00,1,vibration,mm_s,CNC-04,machining-a,day,nominal,1.513,False,Temperature variance narrowed after coolant nozzle cleaning.
2402,2024-01-09 08:05:00,2,temperature,celsius,FURN-02,heat-treat,day,nominal,70.701,False,Sensor enclosure opened for manual calibration verification.
2403,2024-01-09 08:10:00,3,pressure,bar,HYD-07,press-line,day,nominal,6.802,False,Machine idle period extended during planned sanitation window.
2404,2024-01-09 08:15:00,4,humidity,percent,PAINT-01,finishing,day,nominal,32.494,False,Calibration check overdue by 11 days for press-line transducer.
2405,2024-01-09 08:20:00,1,vibration,mm_s,CNC-04,machining-a,day,nominal,2.982,False,Hydraulic line pressure oscillation detected under load.
2406,2024-01-09 08:25:00,2,temperature,celsius,FURN-02,heat-treat,day,warning,70.904,False,Humidity baseline improved after seal replacement.
2407,2024-01-09 08:30:00,3,pressure,bar,HYD-07,press-line,day,nominal,7.236,False,Hydraulic accumulator recharge lag increased under repeated cycles.
2408,2024-01-09 08:35:00,4,humidity,percent,PAINT-01,finishing,day,nominal,43.999,False,Transient outlier matched forklift impact near cabinet wall.
2409,2024-01-09 08:40:00,1,vibration,mm_s,CNC-04,machining-a,day,nominal,2.133,False,Transient outlier matched forklift impact near cabinet wall.
2410,2024-01-09 08:45:00,2,temperature,celsius,FURN-02,heat-treat,day,warning,71.73,False,Edge collector replayed buffered events after network recovery.
2411,2024-01-09 08:50:00,3,pressure,bar,HYD-07,press-line,day,nominal,7.233,False,Vibration baseline recovered after tool holder replacement.
2412,2024-01-09 08:55:00,4,humidity,percent,PAINT-01,finishing,day,warning,44.585,False,Transient outlier matched forklift impact near cabinet wall.
2413,2024-01-09 09:00:00,1,vibration,mm_s,CNC-04,machining-a,day,nominal,3.002,False,Condensation warning cleared after dehumidifier ramp-up.
2414,2024-01-09 09:05:00,2,temperature,celsius,FURN-02,heat-treat,day,warning,71.732,False,Supervisory alert generated after three consecutive threshold breaches.
2415,2024-01-09 09:10:00,3,pressure,bar,HYD-07,press-line,day,nominal,7.678,False,Pressure settled back to nominal after valve reseat.
2416,2024-01-09 09:15:00,4,humidity,percent,PAINT-01,finishing,day,nominal,49.988,False,Vibration baseline recovered after tool holder replacement.
2417,2024-01-09 09:20:00,1,vibration,mm_s,CNC-04,machining-a,day,nominal,3.206,False,Night shift startup produced higher than normal vibration floor.
2418,2024-01-09 09:25:00,2,temperature,celsius,FURN-02,heat-treat,day,nominal,70.079,False,Packaging line stop reduced adjacent vibration background.
2419,2024-01-09 09:30:00,3,pressure,bar,HYD-07,press-line,day,nominal,8.723,False,Temperature variance narrowed after coolant nozzle cleaning.
2420,2024-01-09 09:35:00,4,humidity,percent,PAINT-01,finishing,day,warning,41.842,False,Sensor heartbeat delayed by one interval after gateway retry.
2421,2024-01-09 09:40:00,1,vibration,mm_s,CNC-04,machining-a,day,nominal,3.124,False,Temperature variance narrowed after coolant nozzle cleaning.
2422,2024-01-09 09:45:00,2,temperature,celsius,FURN-02,heat-treat,day,warning,74.899,False,Press cycle dwell time lengthened during high-volume batch.
2423,2024-01-09 09:50:00,3,pressure,bar,HYD-07,press-line,day,nominal,7.074,False,Pressure settled back to nominal after valve reseat.
2424,2024-01-09 09:55:00,4,humidity,percent,PAINT-01,finishing,day,nominal,44.988,False,Maintenance scheduler deferred calibration due to spare shortage.
2425,2024-01-09 10:00:00,1,vibration,mm_s,CNC-04,machining-a,day,nominal,2.382,False,Ambient temperature stabilized after HVAC stage-two engagement.
2426,2024-01-09 10:05:00,2,temperature,celsius,FURN-02,heat-treat,day,nominal,65.839,False,Telemetry quality flag downgraded during sensor self-test window.
2427,2024-01-09 10:10:00,3,pressure,bar,HYD-07,press-line,day,nominal,7.213,False,Heat-treat furnace door cycling increased localized temperature spikes.
2428,2024-01-09 10:15:00,4,humidity,percent,PAINT-01,finishing,day,nominal,48.726,False,Sensor signal clipping observed during startup surge.
2429,2024-01-09 10:20:00,1,vibration,mm_s,CNC-04,machining-a,day,nominal,2.134,False,Sensor heartbeat delayed by one interval after gateway retry.
2430,2024-01-09 10:25:00,2,temperature,celsius,FURN-02,heat-treat,day,nominal,68.732,False,Sensor battery health remains nominal after firmware update.
2431,2024-01-09 10:30:00,3,pressure,bar,HYD-07,press-line,day,nominal,7.387,False,Heat-treat furnace door cycling increased localized temperature spikes.
2432,2024-01-09 10:35:00,4,humidity,percent,PAINT-01,finishing,day,nominal,50.632,False,Machine throughput increase drove sustained pressure uplift.
2433,2024-01-09 10:40:00,1,vibration,mm_s,CNC-04,machining-a,day,nominal,2.096,False,Humidity baseline improved after seal replacement.
2434,2024-01-09 10:45:00,2,temperature,celsius,FURN-02,heat-treat,day,nominal,66.03,False,Unbalanced load introduced cyclical pressure ripple.
2435,2024-01-09 10:50:00,3,pressure,bar,HYD-07,press-line,day,nominal,7.742,False,Vibration harmonics broadened during extended production run.
2436,2024-01-09 10:55:00,4,humidity,percent,PAINT-01,finishing,day,warning,45.591,False,Bearing temperature rising faster than baseline on spindle cell.
2437,2024-01-09 11:00:00,1,vibration,mm_s,CNC-04,machining-a,day,nominal,3.483,False,Operator reset acknowledged after red-tag inspection.
2438,2024-01-09 11:05:00,2,temperature,celsius,FURN-02,heat-treat,day,critical,79.539,False,Humidity readings track seasonal rise across late spring.
2439,2024-01-09 11:10:00,3,pressure,bar,HYD-07,press-line,day,nominal,7.905,False,Edge collector replayed buffered events after network recovery.
2440,2024-01-09 11:15:00,4,humidity,percent,PAINT-01,finishing,day,nominal,41.971,False,Sensor signal clipping observed during startup surge.
2441,2024-01-09 11:20:00,1,vibration,mm_s,CNC-04,machining-a,day,critical,2.283,False,Supervisory alert generated after three consecutive threshold breaches.
2442,2024-01-09 11:25:00,2,temperature,celsius,FURN-02,heat-treat,day,warning,71.983,False,Pressure settled back to nominal after valve reseat.
2443,2024-01-09 11:30:00,3,pressure,bar,HYD-07,press-line,day,nominal,7.546,False,Sensor signal clipping observed during startup surge.
2444,2024-01-09 11:35:00,4,humidity,percent,PAINT-01,finishing,day,nominal,49.744,False,Warning threshold updated for pilot predictive-maintenance model.
2445,2024-01-09 11:40:00,1,vibration,mm_s,CNC-04,machining-a,day,nominal,2.979,False,Operator reported intermittent chatter on machine CNC-04.
2446,2024-01-09 11:45:00,2,temperature,celsius,FURN-02,heat-treat,day,warning,73.105,False,Anomaly review flagged possible bearing wear progression.
2447,2024-01-09 11:50:00,3,pressure,bar,HYD-07,press-line,day,nominal,6.962,False,Compressed air fluctuation introduced pressure noise for two cycles.
2448,2024-01-09 11:55:00,4,humidity,percent,PAINT-01,finishing,day,nominal,49.873,False,Air handler maintenance reduced humidity variance on finishing line.
2449,2024-01-09 12:00:00,1,vibration,mm_s,CNC-04,machining-a,day,nominal,2.665,False,Sensor enclosure opened for manual calibration verification.
2450,2024-01-09 12:05:00,2,temperature,celsius,FURN-02,heat-treat,day,nominal,70.554,False,Humidity excursion near finishing booth during coating run.
2451,2024-01-09 12:10:00,3,pressure,bar,HYD-07,press-line,day,nominal,7.737,False,Coolant loop adjustment reduced chamber temperature spread.
2452,2024-01-09 12:15:00,4,humidity,percent,PAINT-01,finishing,day,nominal,35.066,False,Sensor signal clipping observed during startup surge.
2453,2024-01-09 12:20:00,1,vibration,mm_s,CNC-04,machining-a,day,nominal,2.174,False,Packaging line stop reduced adjacent vibration background.
2454,2024-01-09 12:25:00,2,temperature,celsius,FURN-02,heat-treat,day,nominal,68.292,False,Sensor 1 spike sequence matches historical bearing fault pattern.
2455,2024-01-09 12:30:00,3,pressure,bar,HYD-07,press-line,day,nominal,8.732,False,Edge collector replayed buffered events after network recovery.
2456,2024-01-09 12:35:00,4,humidity,percent,PAINT-01,finishing,day,nominal,45.478,False,Maintenance scheduler deferred calibration due to spare shortage.
2457,2024-01-09 12:40:00,1,vibration,mm_s,CNC-04,machining-a,day,nominal,2.261,False,Hydraulic accumulator recharge lag increased under repeated cycles.
2458,2024-01-09 12:45:00,2,temperature,celsius,FURN-02,heat-treat,day,critical,80.565,False,Temperature variance narrowed after coolant nozzle cleaning.
2459,2024-01-09 12:50:00,3,pressure,bar,HYD-07,press-line,day,nominal,8.395,False,Temporary gateway failover completed without data loss.
2460,2024-01-09 12:55:00,4,humidity,percent,PAINT-01,finishing,day,nominal,48.623,False,Machine idle period extended during planned sanitation window.
2461,2024-01-09 13:00:00,1,vibration,mm_s,CNC-04,machining-a,day,nominal,3.051,False,Bearing temperature rising faster than baseline on spindle cell.
2462,2024-01-09 13:05:00,2,temperature,celsius,FURN-02,heat-treat,day,warning,74.018,False,Reliability engineer tagged sample window for model retraining.
2463,2024-01-09 13:10:00,3,pressure,bar,HYD-07,press-line,day,nominal,7.503,False,Sensor battery health remains nominal after firmware update.
2464,2024-01-09 13:15:00,4,humidity,percent,PAINT-01,finishing,day,nominal,47.342,False,Quality hold reduced finishing booth activity for one shift.
2465,2024-01-09 13:20:00,1,vibration,mm_s,CNC-04,machining-a,day,nominal,2.417,False,Pressure settled back to nominal after valve reseat.
2466,2024-01-09 13:25:00,2,temperature,celsius,FURN-02,heat-treat,day,nominal,67.105,False,Machine throughput increase drove sustained pressure uplift.
2467,2024-01-09 13:30:00,3,pressure,bar,HYD-07,press-line,day,nominal,7.846,False,Sensor signal clipping observed during startup surge.
2468,2024-01-09 13:35:00,4,humidity,percent,PAINT-01,finishing,day,nominal,42.383,False,Air handler maintenance reduced humidity variance on finishing line.
2469,2024-01-09 13:40:00,1,vibration,mm_s,CNC-04,machining-a,day,nominal,2.15,False,Maintenance crew confirmed lubrication interval was missed.
2470,2024-01-09 13:45:00,2,temperature,celsius,FURN-02,heat-treat,day,nominal,67.325,False,Sensor signal clipping observed during startup surge.
2471,2024-01-09 13:50:00,3,pressure,bar,HYD-07,press-line,day,nominal,8.125,False,Vibration harmonics broadened during extended production run.
2472,2024-01-09 13:55:00,4,humidity,percent,PAINT-01,finishing,day,nominal,41.338,False,Vibration harmonics broadened during extended production run.
2473,2024-01-09 14:00:00,1,vibration,mm_s,CNC-04,machining-a,day,nominal,1.956,False,Ambient temperature stabilized after HVAC stage-two engagement.
2474,2024-01-09 14:05:00,2,temperature,celsius,FURN-02,heat-treat,day,nominal,69.549,False,Vibration burst exceeds envelope during tool change cycle.
2475,2024-01-09 14:10:00,3,pressure,bar,HYD-07,press-line,day,nominal,8.375,False,Temperature remained elevated during unscheduled overtime run.
2476,2024-01-09 14:15:00,4,humidity,percent,PAINT-01,finishing,day,nominal,50.625,False,Heat-treat furnace door cycling increased localized temperature spikes.
2477,2024-01-09 14:20:00,1,vibration,mm_s,CNC-04,machining-a,day,nominal,2.576,False,Edge collector replayed buffered events after network recovery.
2478,2024-01-09 14:25:00,2,temperature,celsius,FURN-02,heat-treat,day,nominal,66.118,False,Pressure line purge completed before restart authorization.
2479,2024-01-09 14:30:00,3,pressure,bar,HYD-07,press-line,day,nominal,8.797,False,Sensor battery health remains nominal after firmware update.
2480,2024-01-09 14:35:00,4,humidity,percent,PAINT-01,finishing,day,warning,44.964,False,Quality team requested trace review for lot 24-118B.
2481,2024-01-09 14:40:00,1,vibration,mm_s,CNC-04,machining-a,day,nominal,2.116,False,Dust extraction fan offline for 18 minutes on line finishing.
2482,2024-01-09 14:45:00,2,temperature,celsius,FURN-02,heat-treat,day,nominal,66.988,False,Humidity baseline improved after seal replacement.
2483,2024-01-09 14:50:00,3,pressure,bar,HYD-07,press-line,day,nominal,7.975,False,Pressure settled back to nominal after valve reseat.
2484,2024-01-09 14:55:00,4,humidity,percent,PAINT-01,finishing,day,nominal,42.823,False,Sensor 3 drift suspected after cross-check with manual gauge.
2485,2024-01-09 15:00:00,1,vibration,mm_s,CNC-04,machining-a,day,nominal,2.727,False,Vibration baseline recovered after tool holder replacement.
2486,2024-01-09 15:05:00,2,temperature,celsius,FURN-02,heat-treat,day,nominal,61.714,False,Edge collector replayed buffered events after network recovery.
2487,2024-01-09 15:10:00,3,pressure,bar,HYD-07,press-line,day,nominal,7.038,False,Ambient temperature stabilized after HVAC stage-two engagement.
2488,2024-01-09 15:15:00,4,humidity,percent,PAINT-01,finishing,day,nominal,43.036,False,Reliability engineer tagged sample window for model retraining.
2489,2024-01-09 15:20:00,1,vibration,mm_s,CNC-04,machining-a,day,nominal,3.799,False,Coolant loop adjustment reduced chamber temperature spread.
2490,2024-01-09 15:25:00,2,temperature,celsius,FURN-02,heat-treat,day,nominal,57.775,False,Pressure line purge completed before restart authorization.
2491,2024-01-09 15:30:00,3,pressure,bar,HYD-07,press-line,day,warning,6.805,False,Pressure peak corresponds to oversized billet batch processing.
2492,2024-01-09 15:35:00,4,humidity,percent,PAINT-01,finishing,day,nominal,43.736,False,Shift handoff note referenced unusual noise near press enclosure.
2493,2024-01-09 15:40:00,1,vibration,mm_s,CNC-04,machining-a,day,nominal,2.685,False,Sensor 1 spike sequence matches historical bearing fault pattern.
2494,2024-01-09 15:45:00,2,temperature,celsius,FURN-02,heat-treat,day,critical,77.451,False,Coolant loop adjustment reduced chamber temperature spread.
2495,2024-01-09 15:50:00,3,pressure,bar,HYD-07,press-line,day,nominal,8.192,False,Unexpected resonance band appeared near 42 Hz on spindle motor.
2496,2024-01-09 15:55:00,4,humidity,percent,PAINT-01,finishing,day,nominal,42.99,False,Temperature variance narrowed after coolant nozzle cleaning.
2497,2024-01-09 16:00:00,1,vibration,mm_s,CNC-04,machining-a,swing,nominal,3.392,False,Machine idle period extended during planned sanitation window.
2498,2024-01-09 16:05:00,2,temperature,celsius,FURN-02,heat-treat,swing,nominal,66.277,False,Press cycle dwell time lengthened during high-volume batch.
2499,2024-01-09 16:10:00,3,pressure,bar,HYD-07,press-line,swing,nominal,6.859,False,Shift handoff note referenced unusual noise near press enclosure.
2500,2024-01-09 16:15:00,4,humidity,percent,PAINT-01,finishing,swing,nominal,49.504,False,Machine idle period extended during planned sanitation window.
2501,2024-01-09 16:20:00,1,vibration,mm_s,CNC-04,machining-a,swing,nominal,2.007,False,Pressure peak corresponds to oversized billet batch processing.
2502,2024-01-09 16:25:00,2,temperature,celsius,FURN-02,heat-treat,swing,nominal,67.188,False,Maintenance scheduler deferred calibration due to spare shortage.
2503,2024-01-09 16:30:00,3,pressure,bar,HYD-07,press-line,swing,warning,8.33,False,Machine idle period extended during planned sanitation window.
2504,2024-01-09 16:35:00,4,humidity,percent,PAINT-01,finishing,swing,nominal,45.934,False,Maintenance scheduler deferred calibration due to spare shortage.
2505,2024-01-09 16:40:00,1,vibration,mm_s,CNC-04,machining-a,swing,nominal,2.776,False,Shift handoff note referenced unusual noise near press enclosure.
2506,2024-01-09 16:45:00,2,temperature,celsius,FURN-02,heat-treat,swing,nominal,68.868,False,Maintenance note logged for coupling imbalance inspection.
2507,2024-01-09 16:50:00,3,pressure,bar,HYD-07,press-line,swing,warning,7.412,False,Reliability engineer tagged sample window for model retraining.
2508,2024-01-09 16:55:00,4,humidity,percent,PAINT-01,finishing,swing,warning,45.597,False,Unexpected resonance band appeared near 42 Hz on spindle motor.
2509,2024-01-09 17:00:00,1,vibration,mm_s,CNC-04,machining-a,swing,nominal,3.091,False,Sensor signal clipping observed during startup surge.
2510,2024-01-09 17:05:00,2,temperature,celsius,FURN-02,heat-treat,swing,warning,71.69,False,Operator reported intermittent chatter on machine CNC-04.
2511,2024-01-09 17:10:00,3,pressure,bar,HYD-07,press-line,swing,nominal,7.01,False,Transient outlier matched forklift impact near cabinet wall.
2512,2024-01-09 17:15:00,4,humidity,percent,PAINT-01,finishing,swing,nominal,42.747,False,Machine idle period extended during planned sanitation window.
2513,2024-01-09 17:20:00,1,vibration,mm_s,CNC-04,machining-a,swing,nominal,3.159,False,Humidity readings track seasonal rise across late spring.
2514,2024-01-09 17:25:00,2,temperature,celsius,FURN-02,heat-treat,swing,warning,72.051,False,Unexpected resonance band appeared near 42 Hz on spindle motor.
2515,2024-01-09 17:30:00,3,pressure,bar,HYD-07,press-line,swing,nominal,8.134,False,Humidity baseline improved after seal replacement.
2516,2024-01-09 17:35:00,4,humidity,percent,PAINT-01,finishing,swing,nominal,46.641,False,Dust extraction fan offline for 18 minutes on line finishing.
2517,2024-01-09 17:40:00,1,vibration,mm_s,CNC-04,machining-a,swing,nominal,3.104,False,Temporary gateway failover completed without data loss.
2518,2024-01-09 17:45:00,2,temperature,celsius,FURN-02,heat-treat,swing,warning,73.191,False,Dust extraction fan offline for 18 minutes on line finishing.
2519,2024-01-09 17:50:00,3,pressure,bar,HYD-07,press-line,swing,nominal,7.135,False,Hydraulic line pressure oscillation detected under load.
2520,2024-01-09 17:55:00,4,humidity,percent,PAINT-01,finishing,swing,nominal,39.238,False,Coolant loop adjustment reduced chamber temperature spread.
2521,2024-01-09 18:00:00,1,vibration,mm_s,CNC-04,machining-a,swing,nominal,2.409,False,Shift handoff note referenced unusual noise near press enclosure.
2522,2024-01-09 18:05:00,2,temperature,celsius,FURN-02,heat-treat,swing,warning,71.148,False,Quality hold reduced finishing booth activity for one shift.
2523,2024-01-09 18:10:00,3,pressure,bar,HYD-07,press-line,swing,nominal,8.107,False,Operator reset acknowledged after red-tag inspection.
2524,2024-01-09 18:15:00,4,humidity,percent,PAINT-01,finishing,swing,nominal,44.641,False,Humidity baseline improved after seal replacement.
2525,2024-01-09 18:20:00,1,vibration,mm_s,CNC-04,machining-a,swing,nominal,2.889,False,Machine idle period extended during planned sanitation window.
2526,2024-01-09 18:25:00,2,temperature,celsius,FURN-02,heat-treat,swing,nominal,67.356,False,Press cycle dwell time lengthened during high-volume batch.
2527,2024-01-09 18:30:00,3,pressure,bar,HYD-07,press-line,swing,nominal,7.919,False,Night shift startup produced higher than normal vibration floor.
2528,2024-01-09 18:35:00,4,humidity,percent,PAINT-01,finishing,swing,nominal,35.627,False,Warning threshold updated for pilot predictive-maintenance model.
2529,2024-01-09 18:40:00,1,vibration,mm_s,CNC-04,machining-a,swing,nominal,1.84,False,Temperature variance narrowed after coolant nozzle cleaning.
2530,2024-01-09 18:45:00,2,temperature,celsius,FURN-02,heat-treat,swing,warning,74.253,False,Bearing temperature rising faster than baseline on spindle cell.
2531,2024-01-09 18:50:00,3,pressure,bar,HYD-07,press-line,swing,nominal,6.564,False,Sensor battery health remains nominal after firmware update.
2532,2024-01-09 18:55:00,4,humidity,percent,PAINT-01,finishing,swing,nominal,42.512,False,Night shift startup produced higher than normal vibration floor.
2533,2024-01-09 19:00:00,1,vibration,mm_s,CNC-04,machining-a,swing,nominal,3.284,False,Maintenance note logged for coupling imbalance inspection.
2534,2024-01-09 19:05:00,2,temperature,celsius,FURN-02,heat-treat,swing,nominal,67.76,False,Packaging line stop reduced adjacent vibration background.
2535,2024-01-09 19:10:00,3,pressure,bar,HYD-07,press-line,swing,warning,8.72,False,Ambient temperature stabilized after HVAC stage-two engagement.
2536,2024-01-09 19:15:00,4,humidity,percent,PAINT-01,finishing,swing,nominal,41.152,False,Edge collector replayed buffered events after network recovery.
2537,2024-01-09 19:20:00,1,vibration,mm_s,CNC-04,machining-a,swing,nominal,1.876,False,Coolant loop adjustment reduced chamber temperature spread.
2538,2024-01-09 19:25:00,2,temperature,celsius,FURN-02,heat-treat,swing,warning,73.207,False,Humidity baseline improved after seal replacement.
2539,2024-01-09 19:30:00,3,pressure,bar,HYD-07,press-line,swing,nominal,8.641,False,Ambient temperature stabilized after HVAC stage-two engagement.
2540,2024-01-09 19:35:00,4,humidity,percent,PAINT-01,finishing,swing,nominal,43.61,False,Machine throughput increase drove sustained pressure uplift.
2541,2024-01-09 19:40:00,1,vibration,mm_s,CNC-04,machining-a,swing,nominal,3.09,False,Hydraulic line pressure oscillation detected under load.
2542,2024-01-09 19:45:00,2,temperature,celsius,FURN-02,heat-treat,swing,nominal,61.636,False,Temporary gateway failover completed without data loss.
2543,2024-01-09 19:50:00,3,pressure,bar,HYD-07,press-line,swing,nominal,8.419,False,Machine idle period extended during planned sanitation window.
2544,2024-01-09 19:55:00,4,humidity,percent,PAINT-01,finishing,swing,nominal,41.679,False,Edge collector replayed buffered events after network recovery.
2545,2024-01-09 20:00:00,1,vibration,mm_s,CNC-04,machining-a,swing,nominal,2.974,False,Hydraulic accumulator recharge lag increased under repeated cycles.
2546,2024-01-09 20:05:00,2,temperature,celsius,FURN-02,heat-treat,swing,warning,74.422,False,Humidity excursion near finishing booth during coating run.
2547,2024-01-09 20:10:00,3,pressure,bar,HYD-07,press-line,swing,warning,8.432,False,Humidity readings track seasonal rise across late spring.
2548,2024-01-09 20:15:00,4,humidity,percent,PAINT-01,finishing,swing,nominal,46.342,False,Hydraulic line pressure oscillation detected under load.
2549,2024-01-09 20:20:00,1,vibration,mm_s,CNC-04,machining-a,swing,nominal,2.97,False,Vibration harmonics broadened during extended production run.
2550,2024-01-09 20:25:00,2,temperature,celsius,FURN-02,heat-treat,swing,nominal,64.555,False,Pressure line purge completed before restart authorization.
2551,2024-01-09 20:30:00,3,pressure,bar,HYD-07,press-line,swing,nominal,7.326,False,Thermal overshoot event coincided with recipe change on furnace.
2552,2024-01-09 20:35:00,4,humidity,percent,PAINT-01,finishing,swing,nominal,40.348,False,Machine idle period extended during planned sanitation window.
2553,2024-01-09 20:40:00,1,vibration,mm_s,CNC-04,machining-a,swing,nominal,3.536,False,Pressure line purge completed before restart authorization.
2554,2024-01-09 20:45:00,2,temperature,celsius,FURN-02,heat-treat,swing,warning,62.043,False,Telemetry quality flag downgraded during sensor self-test window.
2555,2024-01-09 20:50:00,3,pressure,bar,HYD-07,press-line,swing,nominal,8.553,False,Machine idle period extended during planned sanitation window.
2556,2024-01-09 20:55:00,4,humidity,percent,PAINT-01,finishing,swing,nominal,48.103,False,Humidity climbed during dock-door open period in afternoon shift.
2557,2024-01-09 21:00:00,1,vibration,mm_s,CNC-04,machining-a,swing,nominal,2.979,False,Coolant loop adjustment reduced chamber temperature spread.
2558,2024-01-09 21:05:00,2,temperature,celsius,FURN-02,heat-treat,swing,nominal,62.723,False,Dust extraction fan offline for 18 minutes on line finishing.
2559,2024-01-09 21:10:00,3,pressure,bar,HYD-07,press-line,swing,nominal,8.293,False,Calibration check overdue by 11 days for press-line transducer.
2560,2024-01-09 21:15:00,4,humidity,percent,PAINT-01,finishing,swing,nominal,51.535,False,Shift handoff note referenced unusual noise near press enclosure.
2561,2024-01-09 21:20:00,1,vibration,mm_s,CNC-04,machining-a,swing,nominal,1.67,False,Machine throughput increase drove sustained pressure uplift.
2562,2024-01-09 21:25:00,2,temperature,celsius,FURN-02,heat-treat,swing,nominal,69.482,False,Hydraulic accumulator recharge lag increased under repeated cycles.
2563,2024-01-09 21:30:00,3,pressure,bar,HYD-07,press-line,swing,nominal,6.44,False,Maintenance note logged for coupling imbalance inspection.
2564,2024-01-09 21:35:00,4,humidity,percent,PAINT-01,finishing,swing,nominal,38.349,False,Press cycle dwell time lengthened during high-volume batch.
2565,2024-01-09 21:40:00,1,vibration,mm_s,CNC-04,machining-a,swing,nominal,2.724,False,Night shift startup produced higher than normal vibration floor.
2566,2024-01-09 21:45:00,2,temperature,celsius,FURN-02,heat-treat,swing,critical,78.857,False,Operator reported intermittent chatter on machine CNC-04.
2567,2024-01-09 21:50:00,3,pressure,bar,HYD-07,press-line,swing,nominal,7.172,False,Sensor signal clipping observed during startup surge.
2568,2024-01-09 21:55:00,4,humidity,percent,PAINT-01,finishing,swing,nominal,46.858,False,Edge collector replayed buffered events after network recovery.
2569,2024-01-09 22:00:00,1,vibration,mm_s,CNC-04,machining-a,swing,nominal,1.361,False,Vibration harmonics broadened during extended production run.
2570,2024-01-09 22:05:00,2,temperature,celsius,FURN-02,heat-treat,swing,critical,67.689,False,Operator reset acknowledged after red-tag inspection.
2571,2024-01-09 22:10:00,3,pressure,bar,HYD-07,press-line,swing,nominal,7.307,False,Humidity baseline improved after seal replacement.
2572,2024-01-09 22:15:00,4,humidity,percent,PAINT-01,finishing,swing,nominal,42.419,False,Quality hold reduced finishing booth activity for one shift.
2573,2024-01-09 22:20:00,1,vibration,mm_s,CNC-04,machining-a,swing,nominal,2.35,False,Machine idle period extended during planned sanitation window.
2574,2024-01-09 22:25:00,2,temperature,celsius,FURN-02,heat-treat,swing,nominal,68.067,False,Pressure peak corresponds to oversized billet batch processing.
2575,2024-01-09 22:30:00,3,pressure,bar,HYD-07,press-line,swing,nominal,8.761,False,Thermal ramp exceeded expected warmup curve before shift start.
2576,2024-01-09 22:35:00,4,humidity,percent,PAINT-01,finishing,swing,nominal,48.43,False,SCADA backfill inserted two delayed telemetry points.
2577,2024-01-09 22:40:00,1,vibration,mm_s,CNC-04,machining-a,swing,nominal,2.168,False,Temperature variance narrowed after coolant nozzle cleaning.
2578,2024-01-09 22:45:00,2,temperature,celsius,FURN-02,heat-treat,swing,warning,72.031,False,Pressure line purge completed before restart authorization.
2579,2024-01-09 22:50:00,3,pressure,bar,HYD-07,press-line,swing,nominal,7.172,False,Pressure settled back to nominal after valve reseat.
2580,2024-01-09 22:55:00,4,humidity,percent,PAINT-01,finishing,swing,warning,38.34,False,Telemetry quality flag downgraded during sensor self-test window.
2581,2024-01-09 23:00:00,1,vibration,mm_s,CNC-04,machining-a,swing,nominal,2.751,False,Heat-treat furnace door cycling increased localized temperature spikes.
2582,2024-01-09 23:05:00,2,temperature,celsius,FURN-02,heat-treat,swing,nominal,65.983,False,Maintenance crew confirmed lubrication interval was missed.
2583,2024-01-09 23:10:00,3,pressure,bar,HYD-07,press-line,swing,nominal,7.419,False,Condensation warning cleared after dehumidifier ramp-up.
2584,2024-01-09 23:15:00,4,humidity,percent,PAINT-01,finishing,swing,nominal,49.798,False,Press cycle dwell time lengthened during high-volume batch.
2585,2024-01-09 23:20:00,1,vibration,mm_s,CNC-04,machining-a,swing,nominal,1.947,False,Sensor 3 drift suspected after cross-check with manual gauge.
2586,2024-01-09 23:25:00,2,temperature,celsius,FURN-02,heat-treat,swing,nominal,67.901,False,Ambient temperature stabilized after HVAC stage-two engagement.
2587,2024-01-09 23:30:00,3,pressure,bar,HYD-07,press-line,swing,nominal,6.965,False,Condensation warning cleared after dehumidifier ramp-up.
2588,2024-01-09 23:35:00,4,humidity,percent,PAINT-01,finishing,swing,nominal,41.896,False,Maintenance note logged for coupling imbalance inspection.
2589,2024-01-09 23:40:00,1,vibration,mm_s,CNC-04,machining-a,swing,nominal,1.964,False,Maintenance scheduler deferred calibration due to spare shortage.
2590,2024-01-09 23:45:00,2,temperature,celsius,FURN-02,heat-treat,swing,nominal,67.007,False,Humidity excursion near finishing booth during coating run.
2591,2024-01-09 23:50:00,3,pressure,bar,HYD-07,press-line,swing,nominal,7.49,False,Ambient temperature stabilized after HVAC stage-two engagement.
2592,2024-01-09 23:55:00,4,humidity,percent,PAINT-01,finishing,swing,nominal,42.661,False,Dust extraction fan offline for 18 minutes on line finishing.
2593,2024-01-10 00:00:00,1,vibration,mm_s,CNC-04,machining-a,night,nominal,2.926,False,Dust extraction fan offline for 18 minutes on line finishing.
2594,2024-01-10 00:05:00,2,temperature,celsius,FURN-02,heat-treat,night,critical,77.679,False,Compressed air fluctuation introduced pressure noise for two cycles.
2595,2024-01-10 00:10:00,3,pressure,bar,HYD-07,press-line,night,nominal,8.722,False,Humidity baseline improved after seal replacement.
2596,2024-01-10 00:15:00,4,humidity,percent,PAINT-01,finishing,night,nominal,42.921,False,Bearing temperature rising faster than baseline on spindle cell.
2597,2024-01-10 00:20:00,1,vibration,mm_s,CNC-04,machining-a,night,nominal,3.296,False,Unbalanced load introduced cyclical pressure ripple.
2598,2024-01-10 00:25:00,2,temperature,celsius,FURN-02,heat-treat,night,nominal,69.167,False,Calibration check overdue by 11 days for press-line transducer.
2599,2024-01-10 00:30:00,3,pressure,bar,HYD-07,press-line,night,warning,7.125,False,Thermal ramp exceeded expected warmup curve before shift start.
2600,2024-01-10 00:35:00,4,humidity,percent,PAINT-01,finishing,night,warning,38.429,False,Hydraulic line pressure oscillation detected under load.
2601,2024-01-10 00:40:00,1,vibration,mm_s,CNC-04,machining-a,night,nominal,2.651,False,Shift handoff note referenced unusual noise near press enclosure.
2602,2024-01-10 00:45:00,2,temperature,celsius,FURN-02,heat-treat,night,warning,72.197,False,Humidity climbed during dock-door open period in afternoon shift.
2603,2024-01-10 00:50:00,3,pressure,bar,HYD-07,press-line,night,nominal,8.357,False,Thermal overshoot event coincided with recipe change on furnace.
2604,2024-01-10 00:55:00,4,humidity,percent,PAINT-01,finishing,night,nominal,47.961,False,Humidity excursion near finishing booth during coating run.
2605,2024-01-10 01:00:00,1,vibration,mm_s,CNC-04,machining-a,night,nominal,3.928,False,Heat-treat furnace door cycling increased localized temperature spikes.
2606,2024-01-10 01:05:00,2,temperature,celsius,FURN-02,heat-treat,night,nominal,65.624,False,Compressed air fluctuation introduced pressure noise for two cycles.
2607,2024-01-10 01:10:00,3,pressure,bar,HYD-07,press-line,night,nominal,7.48,False,Unexpected resonance band appeared near 42 Hz on spindle motor.
2608,2024-01-10 01:15:00,4,humidity,percent,PAINT-01,finishing,night,nominal,41.037,False,Transient outlier matched forklift impact near cabinet wall.
2609,2024-01-10 01:20:00,1,vibration,mm_s,CNC-04,machining-a,night,nominal,2.461,False,Hydraulic accumulator recharge lag increased under repeated cycles.
2610,2024-01-10 01:25:00,2,temperature,celsius,FURN-02,heat-treat,night,nominal,63.704,False,Short-lived packet loss observed at edge gateway gw-02.
2611,2024-01-10 01:30:00,3,pressure,bar,HYD-07,press-line,night,nominal,9.274,False,Operator reset acknowledged after red-tag inspection.
2612,2024-01-10 01:35:00,4,humidity,percent,PAINT-01,finishing,night,nominal,46.505,False,Warning threshold updated for pilot predictive-maintenance model.
2613,2024-01-10 01:40:00,1,vibration,mm_s,CNC-04,machining-a,night,nominal,3.024,False,Reliability engineer tagged sample window for model retraining.
2614,2024-01-10 01:45:00,2,temperature,celsius,FURN-02,heat-treat,night,warning,71.818,False,Temperature variance narrowed after coolant nozzle cleaning.
2615,2024-01-10 01:50:00,3,pressure,bar,HYD-07,press-line,night,nominal,8.125,False,Supervisory alert generated after three consecutive threshold breaches.
2616,2024-01-10 01:55:00,4,humidity,percent,PAINT-01,finishing,night,nominal,42.731,False,Warning threshold updated for pilot predictive-maintenance model.
2617,2024-01-10 02:00:00,1,vibration,mm_s,CNC-04,machining-a,night,nominal,2.838,False,Edge collector replayed buffered events after network recovery.
2618,2024-01-10 02:05:00,2,temperature,celsius,FURN-02,heat-treat,night,nominal,69.969,False,Edge collector replayed buffered events after network recovery.
2619,2024-01-10 02:10:00,3,pressure,bar,HYD-07,press-line,night,nominal,7.995,False,Dust extraction fan offline for 18 minutes on line finishing.
2620,2024-01-10 02:15:00,4,humidity,percent,PAINT-01,finishing,night,nominal,42.97,False,Sensor heartbeat delayed by one interval after gateway retry.
2621,2024-01-10 02:20:00,1,vibration,mm_s,CNC-04,machining-a,night,nominal,2.461,False,Maintenance crew confirmed lubrication interval was missed.
2622,2024-01-10 02:25:00,2,temperature,celsius,FURN-02,heat-treat,night,warning,73.468,False,Coolant loop adjustment reduced chamber temperature spread.
2623,2024-01-10 02:30:00,3,pressure,bar,HYD-07,press-line,night,nominal,7.672,False,Temporary gateway failover completed without data loss.
2624,2024-01-10 02:35:00,4,humidity,percent,PAINT-01,finishing,night,warning,49.041,False,Thermal ramp exceeded expected warmup curve before shift start.
2625,2024-01-10 02:40:00,1,vibration,mm_s,CNC-04,machining-a,night,nominal,3.371,False,Machine idle period extended during planned sanitation window.
2626,2024-01-10 02:45:00,2,temperature,celsius,FURN-02,heat-treat,night,nominal,64.843,False,Machine idle period extended during planned sanitation window.
2627,2024-01-10 02:50:00,3,pressure,bar,HYD-07,press-line,night,nominal,8.19,False,Humidity baseline improved after seal replacement.
2628,2024-01-10 02:55:00,4,humidity,percent,PAINT-01,finishing,night,nominal,36.522,False,Packaging line stop reduced adjacent vibration background.
2629,2024-01-10 03:00:00,1,vibration,mm_s,CNC-04,machining-a,night,nominal,2.16,False,Anomaly review flagged possible bearing wear progression.
2630,2024-01-10 03:05:00,2,temperature,celsius,FURN-02,heat-treat,night,nominal,68.418,False,Sensor 3 drift suspected after cross-check with manual gauge.
2631,2024-01-10 03:10:00,3,pressure,bar,HYD-07,press-line,night,nominal,7.094,False,Telemetry quality flag downgraded during sensor self-test window.
2632,2024-01-10 03:15:00,4,humidity,percent,PAINT-01,finishing,night,nominal,32.557,False,Maintenance scheduler deferred calibration due to spare shortage.
2633,2024-01-10 03:20:00,1,vibration,mm_s,CNC-04,machining-a,night,nominal,1.508,False,Humidity baseline improved after seal replacement.
2634,2024-01-10 03:25:00,2,temperature,celsius,FURN-02,heat-treat,night,nominal,63.037,False,Short-lived packet loss observed at edge gateway gw-02.
2635,2024-01-10 03:30:00,3,pressure,bar,HYD-07,press-line,night,nominal,8.113,False,Bearing temperature rising faster than baseline on spindle cell.
2636,2024-01-10 03:35:00,4,humidity,percent,PAINT-01,finishing,night,nominal,40.508,False,Unexpected resonance band appeared near 42 Hz on spindle motor.
2637,2024-01-10 03:40:00,1,vibration,mm_s,CNC-04,machining-a,night,nominal,2.581,False,Supervisory alert generated after three consecutive threshold breaches.
2638,2024-01-10 03:45:00,2,temperature,celsius,FURN-02,heat-treat,night,nominal,66.611,False,Quality hold reduced finishing booth activity for one shift.
2639,2024-01-10 03:50:00,3,pressure,bar,HYD-07,press-line,night,nominal,7.669,False,Dust extraction fan offline for 18 minutes on line finishing.
2640,2024-01-10 03:55:00,4,humidity,percent,PAINT-01,finishing,night,nominal,43.534,False,Machine throughput increase drove sustained pressure uplift.
2641,2024-01-10 04:00:00,1,vibration,mm_s,CNC-04,machining-a,night,nominal,2.509,False,Humidity readings track seasonal rise across late spring.
2642,2024-01-10 04:05:00,2,temperature,celsius,FURN-02,heat-treat,night,nominal,62.332,False,Maintenance scheduler deferred calibration due to spare shortage.
2643,2024-01-10 04:10:00,3,pressure,bar,HYD-07,press-line,night,nominal,7.64,False,Maintenance crew confirmed lubrication interval was missed.
2644,2024-01-10 04:15:00,4,humidity,percent,PAINT-01,finishing,night,nominal,42.799,False,Calibration check overdue by 11 days for press-line transducer.
2645,2024-01-10 04:20:00,1,vibration,mm_s,CNC-04,machining-a,night,nominal,3.235,False,Quality hold reduced finishing booth activity for one shift.
2646,2024-01-10 04:25:00,2,temperature,celsius,FURN-02,heat-treat,night,nominal,67.558,False,Ambient temperature stabilized after HVAC stage-two engagement.
2647,2024-01-10 04:30:00,3,pressure,bar,HYD-07,press-line,night,nominal,9.389,False,Condensation warning cleared after dehumidifier ramp-up.
2648,2024-01-10 04:35:00,4,humidity,percent,PAINT-01,finishing,night,nominal,40.234,False,Operator reset acknowledged after red-tag inspection.
2649,2024-01-10 04:40:00,1,vibration,mm_s,CNC-04,machining-a,night,nominal,1.963,False,Unexpected resonance band appeared near 42 Hz on spindle motor.
2650,2024-01-10 04:45:00,2,temperature,celsius,FURN-02,heat-treat,night,warning,74.723,False,Thermal overshoot event coincided with recipe change on furnace.
2651,2024-01-10 04:50:00,3,pressure,bar,HYD-07,press-line,night,critical,8.963,False,Machine throughput increase drove sustained pressure uplift.
2652,2024-01-10 04:55:00,4,humidity,percent,PAINT-01,finishing,night,nominal,52.402,False,Sensor 3 drift suspected after cross-check with manual gauge.
2653,2024-01-10 05:00:00,1,vibration,mm_s,CNC-04,machining-a,night,nominal,2.938,False,Sensor enclosure opened for manual calibration verification.
2654,2024-01-10 05:05:00,2,temperature,celsius,FURN-02,heat-treat,night,nominal,64.977,False,Shift handoff note referenced unusual noise near press enclosure.
2655,2024-01-10 05:10:00,3,pressure,bar,HYD-07,press-line,night,nominal,8.999,False,Hydraulic accumulator recharge lag increased under repeated cycles.
2656,2024-01-10 05:15:00,4,humidity,percent,PAINT-01,finishing,night,warning,50.309,False,Temperature variance narrowed after coolant nozzle cleaning.
2657,2024-01-10 05:20:00,1,vibration,mm_s,CNC-04,machining-a,night,nominal,2.871,False,Operator reset acknowledged after red-tag inspection.
2658,2024-01-10 05:25:00,2,temperature,celsius,FURN-02,heat-treat,night,nominal,64.922,False,Compressed air fluctuation introduced pressure noise for two cycles.
2659,2024-01-10 05:30:00,3,pressure,bar,HYD-07,press-line,night,nominal,8.603,False,Humidity baseline improved after seal replacement.
2660,2024-01-10 05:35:00,4,humidity,percent,PAINT-01,finishing,night,nominal,30.711,False,Sensor 3 drift suspected after cross-check with manual gauge.
2661,2024-01-10 05:40:00,1,vibration,mm_s,CNC-04,machining-a,night,nominal,2.828,False,Packaging line stop reduced adjacent vibration background.
2662,2024-01-10 05:45:00,2,temperature,celsius,FURN-02,heat-treat,night,nominal,68.089,False,Air handler maintenance reduced humidity variance on finishing line.
2663,2024-01-10 05:50:00,3,pressure,bar,HYD-07,press-line,night,nominal,8.315,False,Edge collector replayed buffered events after network recovery.
2664,2024-01-10 05:55:00,4,humidity,percent,PAINT-01,finishing,night,nominal,40.673,False,Sensor 1 spike sequence matches historical bearing fault pattern.
2665,2024-01-10 06:00:00,1,vibration,mm_s,CNC-04,machining-a,night,nominal,3.224,False,Shift handoff note referenced unusual noise near press enclosure.
2666,2024-01-10 06:05:00,2,temperature,celsius,FURN-02,heat-treat,night,nominal,68.013,False,Thermal overshoot event coincided with recipe change on furnace.
2667,2024-01-10 06:10:00,3,pressure,bar,HYD-07,press-line,night,nominal,9.004,False,Humidity readings track seasonal rise across late spring.
2668,2024-01-10 06:15:00,4,humidity,percent,PAINT-01,finishing,night,nominal,45.968,False,Sensor signal clipping observed during startup surge.
2669,2024-01-10 06:20:00,1,vibration,mm_s,CNC-04,machining-a,night,nominal,2.637,False,Humidity baseline improved after seal replacement.
2670,2024-01-10 06:25:00,2,temperature,celsius,FURN-02,heat-treat,night,warning,72.308,False,Sensor enclosure opened for manual calibration verification.
2671,2024-01-10 06:30:00,3,pressure,bar,HYD-07,press-line,night,nominal,8.263,False,Thermal ramp exceeded expected warmup curve before shift start.
2672,2024-01-10 06:35:00,4,humidity,percent,PAINT-01,finishing,night,nominal,45.668,False,Sensor 1 spike sequence matches historical bearing fault pattern.
2673,2024-01-10 06:40:00,1,vibration,mm_s,CNC-04,machining-a,night,nominal,2.679,False,Quality team requested trace review for lot 24-118B.
2674,2024-01-10 06:45:00,2,temperature,celsius,FURN-02,heat-treat,night,nominal,62.998,False,Operator reset acknowledged after red-tag inspection.
2675,2024-01-10 06:50:00,3,pressure,bar,HYD-07,press-line,night,nominal,8.452,False,Temporary gateway failover completed without data loss.
2676,2024-01-10 06:55:00,4,humidity,percent,PAINT-01,finishing,night,nominal,39.996,False,Heat-treat furnace door cycling increased localized temperature spikes.
2677,2024-01-10 07:00:00,1,vibration,mm_s,CNC-04,machining-a,night,nominal,2.898,False,Condensation warning cleared after dehumidifier ramp-up.
2678,2024-01-10 07:05:00,2,temperature,celsius,FURN-02,heat-treat,night,nominal,57.577,False,Packaging line stop reduced adjacent vibration background.
2679,2024-01-10 07:10:00,3,pressure,bar,HYD-07,press-line,night,nominal,8.951,False,Packaging line stop reduced adjacent vibration background.
2680,2024-01-10 07:15:00,4,humidity,percent,PAINT-01,finishing,night,nominal,50.668,False,Dust extraction fan offline for 18 minutes on line finishing.
2681,2024-01-10 07:20:00,1,vibration,mm_s,CNC-04,machining-a,night,nominal,2.594,False,Press cycle dwell time lengthened during high-volume batch.
2682,2024-01-10 07:25:00,2,temperature,celsius,FURN-02,heat-treat,night,nominal,69.131,False,Sensor signal clipping observed during startup surge.
2683,2024-01-10 07:30:00,3,pressure,bar,HYD-07,press-line,night,nominal,8.58,False,Sensor 1 spike sequence matches historical bearing fault pattern.
2684,2024-01-10 07:35:00,4,humidity,percent,PAINT-01,finishing,night,nominal,39.475,False,Machine idle period extended during planned sanitation window.
2685,2024-01-10 07:40:00,1,vibration,mm_s,CNC-04,machining-a,night,nominal,1.906,False,Sensor enclosure opened for manual calibration verification.
2686,2024-01-10 07:45:00,2,temperature,celsius,FURN-02,heat-treat,night,critical,76.454,False,Machine idle period extended during planned sanitation window.
2687,2024-01-10 07:50:00,3,pressure,bar,HYD-07,press-line,night,nominal,8.338,False,Sensor battery health remains nominal after firmware update.
2688,2024-01-10 07:55:00,4,humidity,percent,PAINT-01,finishing,night,nominal,43.905,False,Temporary gateway failover completed without data loss.
2689,2024-01-10 08:00:00,1,vibration,mm_s,CNC-04,machining-a,day,nominal,2.174,False,Machine throughput increase drove sustained pressure uplift.
2690,2024-01-10 08:05:00,2,temperature,celsius,FURN-02,heat-treat,day,nominal,67.724,False,Warning threshold updated for pilot predictive-maintenance model.
2691,2024-01-10 08:10:00,3,pressure,bar,HYD-07,press-line,day,warning,8.317,False,Heat-treat furnace door cycling increased localized temperature spikes.
2692,2024-01-10 08:15:00,4,humidity,percent,PAINT-01,finishing,day,nominal,43.411,False,Maintenance crew confirmed lubrication interval was missed.
2693,2024-01-10 08:20:00,1,vibration,mm_s,CNC-04,machining-a,day,nominal,2.258,False,Reliability engineer tagged sample window for model retraining.
2694,2024-01-10 08:25:00,2,temperature,celsius,FURN-02,heat-treat,day,critical,70.38,False,SCADA backfill inserted two delayed telemetry points.
2695,2024-01-10 08:30:00,3,pressure,bar,HYD-07,press-line,day,nominal,7.872,False,Telemetry quality flag downgraded during sensor self-test window.
2696,2024-01-10 08:35:00,4,humidity,percent,PAINT-01,finishing,day,nominal,45.012,False,Humidity climbed during dock-door open period in afternoon shift.
2697,2024-01-10 08:40:00,1,vibration,mm_s,CNC-04,machining-a,day,nominal,2.091,False,Calibration check overdue by 11 days for press-line transducer.
2698,2024-01-10 08:45:00,2,temperature,celsius,FURN-02,heat-treat,day,nominal,68.24,False,Night shift startup produced higher than normal vibration floor.
2699,2024-01-10 08:50:00,3,pressure,bar,HYD-07,press-line,day,nominal,8.13,False,Temporary gateway failover completed without data loss.
2700,2024-01-10 08:55:00,4,humidity,percent,PAINT-01,finishing,day,nominal,40.921,False,Pressure settled back to nominal after valve reseat.
2701,2024-01-10 09:00:00,1,vibration,mm_s,CNC-04,machining-a,day,nominal,2.226,False,Heat-treat furnace door cycling increased localized temperature spikes.
2702,2024-01-10 09:05:00,2,temperature,celsius,FURN-02,heat-treat,day,warning,71.954,False,Shift handoff note referenced unusual noise near press enclosure.
2703,2024-01-10 09:10:00,3,pressure,bar,HYD-07,press-line,day,nominal,8.193,False,Maintenance crew confirmed lubrication interval was missed.
2704,2024-01-10 09:15:00,4,humidity,percent,PAINT-01,finishing,day,nominal,46.224,False,Temporary gateway failover completed without data loss.
2705,2024-01-10 09:20:00,1,vibration,mm_s,CNC-04,machining-a,day,nominal,2.499,False,Air handler maintenance reduced humidity variance on finishing line.
2706,2024-01-10 09:25:00,2,temperature,celsius,FURN-02,heat-treat,day,nominal,67.275,False,Compressed air fluctuation introduced pressure noise for two cycles.
2707,2024-01-10 09:30:00,3,pressure,bar,HYD-07,press-line,day,nominal,6.998,False,Quality hold reduced finishing booth activity for one shift.
2708,2024-01-10 09:35:00,4,humidity,percent,PAINT-01,finishing,day,nominal,39.615,False,Coolant loop adjustment reduced chamber temperature spread.
2709,2024-01-10 09:40:00,1,vibration,mm_s,CNC-04,machining-a,day,nominal,2.249,False,Pressure peak corresponds to oversized billet batch processing.
2710,2024-01-10 09:45:00,2,temperature,celsius,FURN-02,heat-treat,day,nominal,68.269,False,Humidity climbed during dock-door open period in afternoon shift.
2711,2024-01-10 09:50:00,3,pressure,bar,HYD-07,press-line,day,warning,7.321,False,Telemetry quality flag downgraded during sensor self-test window.
2712,2024-01-10 09:55:00,4,humidity,percent,PAINT-01,finishing,day,nominal,45.468,False,Unbalanced load introduced cyclical pressure ripple.
2713,2024-01-10 10:00:00,1,vibration,mm_s,CNC-04,machining-a,day,nominal,2.87,False,Ambient temperature stabilized after HVAC stage-two engagement.
2714,2024-01-10 10:05:00,2,temperature,celsius,FURN-02,heat-treat,day,critical,75.974,False,Thermal overshoot event coincided with recipe change on furnace.
2715,2024-01-10 10:10:00,3,pressure,bar,HYD-07,press-line,day,nominal,8.273,False,Dust extraction fan offline for 18 minutes on line finishing.
2716,2024-01-10 10:15:00,4,humidity,percent,PAINT-01,finishing,day,nominal,40.93,False,Operator reset acknowledged after red-tag inspection.
2717,2024-01-10 10:20:00,1,vibration,mm_s,CNC-04,machining-a,day,nominal,2.878,False,Humidity climbed during dock-door open period in afternoon shift.
2718,2024-01-10 10:25:00,2,temperature,celsius,FURN-02,heat-treat,day,warning,73.751,False,Maintenance scheduler deferred calibration due to spare shortage.
2719,2024-01-10 10:30:00,3,pressure,bar,HYD-07,press-line,day,nominal,7.886,False,Short-lived packet loss observed at edge gateway gw-02.
2720,2024-01-10 10:35:00,4,humidity,percent,PAINT-01,finishing,day,nominal,50.768,False,Warning threshold updated for pilot predictive-maintenance model.
2721,2024-01-10 10:40:00,1,vibration,mm_s,CNC-04,machining-a,day,nominal,1.092,False,Warning threshold updated for pilot predictive-maintenance model.
2722,2024-01-10 10:45:00,2,temperature,celsius,FURN-02,heat-treat,day,nominal,65.491,False,Operator reset acknowledged after red-tag inspection.
2723,2024-01-10 10:50:00,3,pressure,bar,HYD-07,press-line,day,nominal,7.789,False,Sensor enclosure opened for manual calibration verification.
2724,2024-01-10 10:55:00,4,humidity,percent,PAINT-01,finishing,day,nominal,42.571,False,Thermal overshoot event coincided with recipe change on furnace.
2725,2024-01-10 11:00:00,1,vibration,mm_s,CNC-04,machining-a,day,nominal,1.612,False,Reliability engineer tagged sample window for model retraining.
2726,2024-01-10 11:05:00,2,temperature,celsius,FURN-02,heat-treat,day,nominal,65.609,False,Shift handoff note referenced unusual noise near press enclosure.
2727,2024-01-10 11:10:00,3,pressure,bar,HYD-07,press-line,day,nominal,7.991,False,Coolant loop adjustment reduced chamber temperature spread.
2728,2024-01-10 11:15:00,4,humidity,percent,PAINT-01,finishing,day,nominal,44.67,False,Thermal ramp exceeded expected warmup curve before shift start.
2729,2024-01-10 11:20:00,1,vibration,mm_s,CNC-04,machining-a,day,nominal,1.077,False,Supervisory alert generated after three consecutive threshold breaches.
2730,2024-01-10 11:25:00,2,temperature,celsius,FURN-02,heat-treat,day,nominal,65.923,False,Sensor battery health remains nominal after firmware update.
2731,2024-01-10 11:30:00,3,pressure,bar,HYD-07,press-line,day,nominal,6.511,False,Warning threshold updated for pilot predictive-maintenance model.
2732,2024-01-10 11:35:00,4,humidity,percent,PAINT-01,finishing,day,nominal,49.239,False,Night shift startup produced higher than normal vibration floor.
2733,2024-01-10 11:40:00,1,vibration,mm_s,CNC-04,machining-a,day,nominal,2.249,False,Short-lived packet loss observed at edge gateway gw-02.
2734,2024-01-10 11:45:00,2,temperature,celsius,FURN-02,heat-treat,day,nominal,63.549,False,Short-lived packet loss observed at edge gateway gw-02.
2735,2024-01-10 11:50:00,3,pressure,bar,HYD-07,press-line,day,nominal,7.69,False,Temporary gateway failover completed without data loss.
2736,2024-01-10 11:55:00,4,humidity,percent,PAINT-01,finishing,day,nominal,44.865,False,Dust extraction fan offline for 18 minutes on line finishing.
2737,2024-01-10 12:00:00,1,vibration,mm_s,CNC-04,machining-a,day,nominal,2.215,False,Sensor 3 drift suspected after cross-check with manual gauge.
2738,2024-01-10 12:05:00,2,temperature,celsius,FURN-02,heat-treat,day,nominal,66.122,False,Sensor signal clipping observed during startup surge.
2739,2024-01-10 12:10:00,3,pressure,bar,HYD-07,press-line,day,nominal,7.695,False,Humidity readings track seasonal rise across late spring.
2740,2024-01-10 12:15:00,4,humidity,percent,PAINT-01,finishing,day,nominal,47.826,False,Pressure line purge completed before restart authorization.
2741,2024-01-10 12:20:00,1,vibration,mm_s,CNC-04,machining-a,day,nominal,2.483,False,Reliability engineer tagged sample window for model retraining.
2742,2024-01-10 12:25:00,2,temperature,celsius,FURN-02,heat-treat,day,nominal,68.061,False,Unexpected resonance band appeared near 42 Hz on spindle motor.
2743,2024-01-10 12:30:00,3,pressure,bar,HYD-07,press-line,day,nominal,7.917,False,Vibration baseline recovered after tool holder replacement.
2744,2024-01-10 12:35:00,4,humidity,percent,PAINT-01,finishing,day,nominal,37.785,False,Maintenance note logged for coupling imbalance inspection.
2745,2024-01-10 12:40:00,1,vibration,mm_s,CNC-04,machining-a,day,nominal,2.863,False,Hydraulic line pressure oscillation detected under load.
2746,2024-01-10 12:45:00,2,temperature,celsius,FURN-02,heat-treat,day,nominal,65.128,False,Sensor signal clipping observed during startup surge.
2747,2024-01-10 12:50:00,3,pressure,bar,HYD-07,press-line,day,nominal,8.356,False,Humidity readings track seasonal rise across late spring.
2748,2024-01-10 12:55:00,4,humidity,percent,PAINT-01,finishing,day,nominal,46.574,False,Sensor enclosure opened for manual calibration verification.
2749,2024-01-10 13:00:00,1,vibration,mm_s,CNC-04,machining-a,day,nominal,2.376,False,Air handler maintenance reduced humidity variance on finishing line.
2750,2024-01-10 13:05:00,2,temperature,celsius,FURN-02,heat-treat,day,warning,70.911,False,Condensation warning cleared after dehumidifier ramp-up.
2751,2024-01-10 13:10:00,3,pressure,bar,HYD-07,press-line,day,nominal,7.563,False,Calibration check overdue by 11 days for press-line transducer.
2752,2024-01-10 13:15:00,4,humidity,percent,PAINT-01,finishing,day,nominal,42.812,False,Dust extraction fan offline for 18 minutes on line finishing.
2753,2024-01-10 13:20:00,1,vibration,mm_s,CNC-04,machining-a,day,nominal,2.068,False,Humidity readings track seasonal rise across late spring.
2754,2024-01-10 13:25:00,2,temperature,celsius,FURN-02,heat-treat,day,nominal,61.079,False,Quality team requested trace review for lot 24-118B.
2755,2024-01-10 13:30:00,3,pressure,bar,HYD-07,press-line,day,nominal,8.674,False,Humidity excursion near finishing booth during coating run.
2756,2024-01-10 13:35:00,4,humidity,percent,PAINT-01,finishing,day,nominal,48.098,False,Temporary gateway failover completed without data loss.
2757,2024-01-10 13:40:00,1,vibration,mm_s,CNC-04,machining-a,day,nominal,2.398,False,Coolant loop adjustment reduced chamber temperature spread.
2758,2024-01-10 13:45:00,2,temperature,celsius,FURN-02,heat-treat,day,nominal,63.302,False,Press cycle dwell time lengthened during high-volume batch.
2759,2024-01-10 13:50:00,3,pressure,bar,HYD-07,press-line,day,nominal,7.167,False,Transient outlier matched forklift impact near cabinet wall.
2760,2024-01-10 13:55:00,4,humidity,percent,PAINT-01,finishing,day,nominal,46.23,False,Hydraulic accumulator recharge lag increased under repeated cycles.
2761,2024-01-10 14:00:00,1,vibration,mm_s,CNC-04,machining-a,day,nominal,2.128,False,Humidity excursion near finishing booth during coating run.
2762,2024-01-10 14:05:00,2,temperature,celsius,FURN-02,heat-treat,day,warning,71.578,False,Temperature remained elevated during unscheduled overtime run.
2763,2024-01-10 14:10:00,3,pressure,bar,HYD-07,press-line,day,nominal,8.251,False,Calibration check overdue by 11 days for press-line transducer.
2764,2024-01-10 14:15:00,4,humidity,percent,PAINT-01,finishing,day,nominal,46.439,False,Short-lived packet loss observed at edge gateway gw-02.
2765,2024-01-10 14:20:00,1,vibration,mm_s,CNC-04,machining-a,day,nominal,1.587,False,Telemetry quality flag downgraded during sensor self-test window.
2766,2024-01-10 14:25:00,2,temperature,celsius,FURN-02,heat-treat,day,critical,77.167,False,Supervisory alert generated after three consecutive threshold breaches.
2767,2024-01-10 14:30:00,3,pressure,bar,HYD-07,press-line,day,nominal,7.463,False,Sensor heartbeat delayed by one interval after gateway retry.
2768,2024-01-10 14:35:00,4,humidity,percent,PAINT-01,finishing,day,nominal,47.33,False,Condensation warning cleared after dehumidifier ramp-up.
2769,2024-01-10 14:40:00,1,vibration,mm_s,CNC-04,machining-a,day,nominal,2.927,False,Machine idle period extended during planned sanitation window.
2770,2024-01-10 14:45:00,2,temperature,celsius,FURN-02,heat-treat,day,critical,69.752,False,Transient outlier matched forklift impact near cabinet wall.
2771,2024-01-10 14:50:00,3,pressure,bar,HYD-07,press-line,day,nominal,8.559,False,Maintenance note logged for coupling imbalance inspection.
2772,2024-01-10 14:55:00,4,humidity,percent,PAINT-01,finishing,day,nominal,48.959,False,Humidity baseline improved after seal replacement.
2773,2024-01-10 15:00:00,1,vibration,mm_s,CNC-04,machining-a,day,nominal,2.634,False,Quality team requested trace review for lot 24-118B.
2774,2024-01-10 15:05:00,2,temperature,celsius,FURN-02,heat-treat,day,nominal,64.861,False,Compressed air fluctuation introduced pressure noise for two cycles.
2775,2024-01-10 15:10:00,3,pressure,bar,HYD-07,press-line,day,nominal,7.944,False,Operator reset acknowledged after red-tag inspection.
2776,2024-01-10 15:15:00,4,humidity,percent,PAINT-01,finishing,day,nominal,33.507,False,Humidity baseline improved after seal replacement.
2777,2024-01-10 15:20:00,1,vibration,mm_s,CNC-04,machining-a,day,nominal,3.197,False,Humidity readings track seasonal rise across late spring.
2778,2024-01-10 15:25:00,2,temperature,celsius,FURN-02,heat-treat,day,nominal,63.606,False,Warning threshold updated for pilot predictive-maintenance model.
2779,2024-01-10 15:30:00,3,pressure,bar,HYD-07,press-line,day,nominal,7.016,False,Quality team requested trace review for lot 24-118B.
2780,2024-01-10 15:35:00,4,humidity,percent,PAINT-01,finishing,day,nominal,39.94,False,Vibration baseline recovered after tool holder replacement.
2781,2024-01-10 15:40:00,1,vibration,mm_s,CNC-04,machining-a,day,nominal,1.72,False,Temporary gateway failover completed without data loss.
2782,2024-01-10 15:45:00,2,temperature,celsius,FURN-02,heat-treat,day,nominal,66.928,False,Dust extraction fan offline for 18 minutes on line finishing.
2783,2024-01-10 15:50:00,3,pressure,bar,HYD-07,press-line,day,nominal,7.867,False,Anomaly review flagged possible bearing wear progression.
2784,2024-01-10 15:55:00,4,humidity,percent,PAINT-01,finishing,day,nominal,43.734,False,Unexpected resonance band appeared near 42 Hz on spindle motor.
2785,2024-01-10 16:00:00,1,vibration,mm_s,CNC-04,machining-a,swing,nominal,1.512,False,Unexpected resonance band appeared near 42 Hz on spindle motor.
2786,2024-01-10 16:05:00,2,temperature,celsius,FURN-02,heat-treat,swing,warning,74.317,False,Machine idle period extended during planned sanitation window.
2787,2024-01-10 16:10:00,3,pressure,bar,HYD-07,press-line,swing,nominal,8.06,False,Telemetry quality flag downgraded during sensor self-test window.
2788,2024-01-10 16:15:00,4,humidity,percent,PAINT-01,finishing,swing,nominal,37.95,False,Humidity excursion near finishing booth during coating run.
2789,2024-01-10 16:20:00,1,vibration,mm_s,CNC-04,machining-a,swing,warning,1.885,False,Unexpected resonance band appeared near 42 Hz on spindle motor.
2790,2024-01-10 16:25:00,2,temperature,celsius,FURN-02,heat-treat,swing,warning,70.932,False,Ambient temperature stabilized after HVAC stage-two engagement.
2791,2024-01-10 16:30:00,3,pressure,bar,HYD-07,press-line,swing,nominal,7.947,False,Packaging line stop reduced adjacent vibration background.
2792,2024-01-10 16:35:00,4,humidity,percent,PAINT-01,finishing,swing,nominal,42.631,False,Pressure line purge completed before restart authorization.
2793,2024-01-10 16:40:00,1,vibration,mm_s,CNC-04,machining-a,swing,nominal,2.619,False,Press cycle dwell time lengthened during high-volume batch.
2794,2024-01-10 16:45:00,2,temperature,celsius,FURN-02,heat-treat,swing,critical,63.052,False,Quality hold reduced finishing booth activity for one shift.
2795,2024-01-10 16:50:00,3,pressure,bar,HYD-07,press-line,swing,nominal,8.014,False,Temperature variance narrowed after coolant nozzle cleaning.
2796,2024-01-10 16:55:00,4,humidity,percent,PAINT-01,finishing,swing,nominal,44.818,False,SCADA backfill inserted two delayed telemetry points.
2797,2024-01-10 17:00:00,1,vibration,mm_s,CNC-04,machining-a,swing,nominal,2.872,False,Sensor heartbeat delayed by one interval after gateway retry.
2798,2024-01-10 17:05:00,2,temperature,celsius,FURN-02,heat-treat,swing,nominal,70.25,False,Sensor enclosure opened for manual calibration verification.
2799,2024-01-10 17:10:00,3,pressure,bar,HYD-07,press-line,swing,nominal,7.654,False,Quality hold reduced finishing booth activity for one shift.
2800,2024-01-10 17:15:00,4,humidity,percent,PAINT-01,finishing,swing,nominal,51.736,False,Condensation warning cleared after dehumidifier ramp-up.
2801,2024-01-10 17:20:00,1,vibration,mm_s,CNC-04,machining-a,swing,critical,2.557,False,Humidity baseline improved after seal replacement.
2802,2024-01-10 17:25:00,2,temperature,celsius,FURN-02,heat-treat,swing,warning,75.077,False,Pressure peak corresponds to oversized billet batch processing.
2803,2024-01-10 17:30:00,3,pressure,bar,HYD-07,press-line,swing,nominal,7.437,False,Maintenance crew confirmed lubrication interval was missed.
2804,2024-01-10 17:35:00,4,humidity,percent,PAINT-01,finishing,swing,nominal,47.451,False,Night shift startup produced higher than normal vibration floor.
2805,2024-01-10 17:40:00,1,vibration,mm_s,CNC-04,machining-a,swing,nominal,2.479,False,Humidity readings track seasonal rise across late spring.
2806,2024-01-10 17:45:00,2,temperature,celsius,FURN-02,heat-treat,swing,warning,73.935,False,Edge collector replayed buffered events after network recovery.
2807,2024-01-10 17:50:00,3,pressure,bar,HYD-07,press-line,swing,nominal,6.731,False,Packaging line stop reduced adjacent vibration background.
2808,2024-01-10 17:55:00,4,humidity,percent,PAINT-01,finishing,swing,nominal,47.442,False,Sensor 3 drift suspected after cross-check with manual gauge.
2809,2024-01-10 18:00:00,1,vibration,mm_s,CNC-04,machining-a,swing,nominal,2.87,False,Pressure settled back to nominal after valve reseat.
2810,2024-01-10 18:05:00,2,temperature,celsius,FURN-02,heat-treat,swing,warning,74.61,False,Calibration check overdue by 11 days for press-line transducer.
2811,2024-01-10 18:10:00,3,pressure,bar,HYD-07,press-line,swing,nominal,8.179,False,Edge collector replayed buffered events after network recovery.
2812,2024-01-10 18:15:00,4,humidity,percent,PAINT-01,finishing,swing,nominal,44.101,False,SCADA backfill inserted two delayed telemetry points.
2813,2024-01-10 18:20:00,1,vibration,mm_s,CNC-04,machining-a,swing,nominal,2.147,False,Shift handoff note referenced unusual noise near press enclosure.
2814,2024-01-10 18:25:00,2,temperature,celsius,FURN-02,heat-treat,swing,warning,72.224,False,Temperature remained elevated during unscheduled overtime run.
2815,2024-01-10 18:30:00,3,pressure,bar,HYD-07,press-line,swing,nominal,8.13,False,Shift handoff note referenced unusual noise near press enclosure.
2816,2024-01-10 18:35:00,4,humidity,percent,PAINT-01,finishing,swing,nominal,35.199,False,Transient outlier matched forklift impact near cabinet wall.
2817,2024-01-10 18:40:00,1,vibration,mm_s,CNC-04,machining-a,swing,nominal,2.981,False,Unexpected resonance band appeared near 42 Hz on spindle motor.
2818,2024-01-10 18:45:00,2,temperature,celsius,FURN-02,heat-treat,swing,nominal,62.854,False,Quality team requested trace review for lot 24-118B.
2819,2024-01-10 18:50:00,3,pressure,bar,HYD-07,press-line,swing,nominal,9.042,False,Thermal ramp exceeded expected warmup curve before shift start.
2820,2024-01-10 18:55:00,4,humidity,percent,PAINT-01,finishing,swing,warning,40.22,False,Condensation warning cleared after dehumidifier ramp-up.
2821,2024-01-10 19:00:00,1,vibration,mm_s,CNC-04,machining-a,swing,nominal,3.492,False,Machine idle period extended during planned sanitation window.
2822,2024-01-10 19:05:00,2,temperature,celsius,FURN-02,heat-treat,swing,nominal,64.992,False,Pressure peak corresponds to oversized billet batch processing.
2823,2024-01-10 19:10:00,3,pressure,bar,HYD-07,press-line,swing,nominal,7.773,False,Quality hold reduced finishing booth activity for one shift.
2824,2024-01-10 19:15:00,4,humidity,percent,PAINT-01,finishing,swing,warning,35.685,False,Shift handoff note referenced unusual noise near press enclosure.
2825,2024-01-10 19:20:00,1,vibration,mm_s,CNC-04,machining-a,swing,critical,1.815,False,Warning threshold updated for pilot predictive-maintenance model.
2826,2024-01-10 19:25:00,2,temperature,celsius,FURN-02,heat-treat,swing,critical,76.454,False,Humidity readings track seasonal rise across late spring.
2827,2024-01-10 19:30:00,3,pressure,bar,HYD-07,press-line,swing,nominal,7.98,False,Vibration burst exceeds envelope during tool change cycle.
2828,2024-01-10 19:35:00,4,humidity,percent,PAINT-01,finishing,swing,nominal,46.654,False,Vibration burst exceeds envelope during tool change cycle.
2829,2024-01-10 19:40:00,1,vibration,mm_s,CNC-04,machining-a,swing,nominal,2.26,False,Sensor 1 spike sequence matches historical bearing fault pattern.
2830,2024-01-10 19:45:00,2,temperature,celsius,FURN-02,heat-treat,swing,nominal,67.096,False,Packaging line stop reduced adjacent vibration background.
2831,2024-01-10 19:50:00,3,pressure,bar,HYD-07,press-line,swing,nominal,7.898,False,Unexpected resonance band appeared near 42 Hz on spindle motor.
2832,2024-01-10 19:55:00,4,humidity,percent,PAINT-01,finishing,swing,nominal,44.344,False,Condensation warning cleared after dehumidifier ramp-up.
2833,2024-01-10 20:00:00,1,vibration,mm_s,CNC-04,machining-a,swing,nominal,1.636,False,Sensor 1 spike sequence matches historical bearing fault pattern.
2834,2024-01-10 20:05:00,2,temperature,celsius,FURN-02,heat-treat,swing,nominal,60.093,False,Humidity readings track seasonal rise across late spring.
2835,2024-01-10 20:10:00,3,pressure,bar,HYD-07,press-line,swing,nominal,8.363,False,Heat-treat furnace door cycling increased localized temperature spikes.
2836,2024-01-10 20:15:00,4,humidity,percent,PAINT-01,finishing,swing,nominal,44.895,False,Hydraulic accumulator recharge lag increased under repeated cycles.
2837,2024-01-10 20:20:00,1,vibration,mm_s,CNC-04,machining-a,swing,nominal,1.869,False,Thermal overshoot event coincided with recipe change on furnace.
2838,2024-01-10 20:25:00,2,temperature,celsius,FURN-02,heat-treat,swing,warning,71.357,False,Edge collector replayed buffered events after network recovery.
2839,2024-01-10 20:30:00,3,pressure,bar,HYD-07,press-line,swing,nominal,7.466,False,Humidity baseline improved after seal replacement.
2840,2024-01-10 20:35:00,4,humidity,percent,PAINT-01,finishing,swing,nominal,46.357,False,Pressure settled back to nominal after valve reseat.
2841,2024-01-10 20:40:00,1,vibration,mm_s,CNC-04,machining-a,swing,nominal,2.616,False,Coolant loop adjustment reduced chamber temperature spread.
2842,2024-01-10 20:45:00,2,temperature,celsius,FURN-02,heat-treat,swing,warning,73.408,False,Reliability engineer tagged sample window for model retraining.
2843,2024-01-10 20:50:00,3,pressure,bar,HYD-07,press-line,swing,nominal,7.898,False,Condensation warning cleared after dehumidifier ramp-up.
2844,2024-01-10 20:55:00,4,humidity,percent,PAINT-01,finishing,swing,nominal,41.513,False,Sensor heartbeat delayed by one interval after gateway retry.
2845,2024-01-10 21:00:00,1,vibration,mm_s,CNC-04,machining-a,swing,nominal,1.473,False,Maintenance note logged for coupling imbalance inspection.
2846,2024-01-10 21:05:00,2,temperature,celsius,FURN-02,heat-treat,swing,nominal,68.268,False,Supervisory alert generated after three consecutive threshold breaches.
2847,2024-01-10 21:10:00,3,pressure,bar,HYD-07,press-line,swing,nominal,7.818,False,Press cycle dwell time lengthened during high-volume batch.
2848,2024-01-10 21:15:00,4,humidity,percent,PAINT-01,finishing,swing,nominal,37.333,False,SCADA backfill inserted two delayed telemetry points.
2849,2024-01-10 21:20:00,1,vibration,mm_s,CNC-04,machining-a,swing,nominal,1.971,False,Sensor enclosure opened for manual calibration verification.
2850,2024-01-10 21:25:00,2,temperature,celsius,FURN-02,heat-treat,swing,warning,71.105,False,Quality team requested trace review for lot 24-118B.
2851,2024-01-10 21:30:00,3,pressure,bar,HYD-07,press-line,swing,nominal,8.283,False,Telemetry quality flag downgraded during sensor self-test window.
2852,2024-01-10 21:35:00,4,humidity,percent,PAINT-01,finishing,swing,nominal,41.672,False,Night shift startup produced higher than normal vibration floor.
2853,2024-01-10 21:40:00,1,vibration,mm_s,CNC-04,machining-a,swing,nominal,2.979,False,Vibration baseline recovered after tool holder replacement.
2854,2024-01-10 21:45:00,2,temperature,celsius,FURN-02,heat-treat,swing,nominal,64.905,False,Maintenance note logged for coupling imbalance inspection.
2855,2024-01-10 21:50:00,3,pressure,bar,HYD-07,press-line,swing,nominal,9.244,False,Hydraulic accumulator recharge lag increased under repeated cycles.
2856,2024-01-10 21:55:00,4,humidity,percent,PAINT-01,finishing,swing,warning,46.128,False,Telemetry quality flag downgraded during sensor self-test window.
2857,2024-01-10 22:00:00,1,vibration,mm_s,CNC-04,machining-a,swing,nominal,2.523,False,SCADA backfill inserted two delayed telemetry points.
2858,2024-01-10 22:05:00,2,temperature,celsius,FURN-02,heat-treat,swing,nominal,66.543,False,Air handler maintenance reduced humidity variance on finishing line.
2859,2024-01-10 22:10:00,3,pressure,bar,HYD-07,press-line,swing,nominal,8.015,False,Hydraulic accumulator recharge lag increased under repeated cycles.
2860,2024-01-10 22:15:00,4,humidity,percent,PAINT-01,finishing,swing,nominal,35.291,False,Sensor signal clipping observed during startup surge.
2861,2024-01-10 22:20:00,1,vibration,mm_s,CNC-04,machining-a,swing,nominal,2.822,False,Thermal ramp exceeded expected warmup curve before shift start.
2862,2024-01-10 22:25:00,2,temperature,celsius,FURN-02,heat-treat,swing,nominal,60.493,False,Unbalanced load introduced cyclical pressure ripple.
2863,2024-01-10 22:30:00,3,pressure,bar,HYD-07,press-line,swing,nominal,6.861,False,Pressure line purge completed before restart authorization.
2864,2024-01-10 22:35:00,4,humidity,percent,PAINT-01,finishing,swing,nominal,44.845,False,Pressure settled back to nominal after valve reseat.
2865,2024-01-10 22:40:00,1,vibration,mm_s,CNC-04,machining-a,swing,nominal,1.689,False,Heat-treat furnace door cycling increased localized temperature spikes.
2866,2024-01-10 22:45:00,2,temperature,celsius,FURN-02,heat-treat,swing,nominal,63.803,False,Humidity climbed during dock-door open period in afternoon shift.
2867,2024-01-10 22:50:00,3,pressure,bar,HYD-07,press-line,swing,nominal,7.038,False,Sensor signal clipping observed during startup surge.
2868,2024-01-10 22:55:00,4,humidity,percent,PAINT-01,finishing,swing,nominal,37.838,False,Sensor 3 drift suspected after cross-check with manual gauge.
2869,2024-01-10 23:00:00,1,vibration,mm_s,CNC-04,machining-a,swing,warning,2.437,False,Thermal ramp exceeded expected warmup curve before shift start.
2870,2024-01-10 23:05:00,2,temperature,celsius,FURN-02,heat-treat,swing,warning,75.1,False,Transient outlier matched forklift impact near cabinet wall.
2871,2024-01-10 23:10:00,3,pressure,bar,HYD-07,press-line,swing,nominal,8.486,False,Maintenance note logged for coupling imbalance inspection.
2872,2024-01-10 23:15:00,4,humidity,percent,PAINT-01,finishing,swing,nominal,46.805,False,Coolant loop adjustment reduced chamber temperature spread.
2873,2024-01-10 23:20:00,1,vibration,mm_s,CNC-04,machining-a,swing,nominal,3.438,False,Humidity climbed during dock-door open period in afternoon shift.
2874,2024-01-10 23:25:00,2,temperature,celsius,FURN-02,heat-treat,swing,nominal,53.719,False,Sensor 1 spike sequence matches historical bearing fault pattern.
2875,2024-01-10 23:30:00,3,pressure,bar,HYD-07,press-line,swing,nominal,6.718,False,Quality team requested trace review for lot 24-118B.
2876,2024-01-10 23:35:00,4,humidity,percent,PAINT-01,finishing,swing,nominal,37.469,False,Operator reset acknowledged after red-tag inspection.
2877,2024-01-10 23:40:00,1,vibration,mm_s,CNC-04,machining-a,swing,nominal,2.036,False,Warning threshold updated for pilot predictive-maintenance model.
2878,2024-01-10 23:45:00,2,temperature,celsius,FURN-02,heat-treat,swing,nominal,66.894,False,Hydraulic accumulator recharge lag increased under repeated cycles.
2879,2024-01-10 23:50:00,3,pressure,bar,HYD-07,press-line,swing,nominal,8.006,False,Bearing temperature rising faster than baseline on spindle cell.
2880,2024-01-10 23:55:00,4,humidity,percent,PAINT-01,finishing,swing,nominal,47.774,False,Calibration check overdue by 11 days for press-line transducer.
2881,2024-01-11 00:00:00,1,vibration,mm_s,CNC-04,machining-a,night,nominal,2.382,False,Quality team requested trace review for lot 24-118B.
2882,2024-01-11 00:05:00,2,temperature,celsius,FURN-02,heat-treat,night,nominal,66.486,False,SCADA backfill inserted two delayed telemetry points.
2883,2024-01-11 00:10:00,3,pressure,bar,HYD-07,press-line,night,nominal,7.575,False,Machine throughput increase drove sustained pressure uplift.
2884,2024-01-11 00:15:00,4,humidity,percent,PAINT-01,finishing,night,nominal,37.116,False,Shift handoff note referenced unusual noise near press enclosure.
2885,2024-01-11 00:20:00,1,vibration,mm_s,CNC-04,machining-a,night,nominal,2.97,False,Air handler maintenance reduced humidity variance on finishing line.
2886,2024-01-11 00:25:00,2,temperature,celsius,FURN-02,heat-treat,night,warning,71.564,False,Temperature variance narrowed after coolant nozzle cleaning.
2887,2024-01-11 00:30:00,3,pressure,bar,HYD-07,press-line,night,nominal,9.804,False,SCADA backfill inserted two delayed telemetry points.
2888,2024-01-11 00:35:00,4,humidity,percent,PAINT-01,finishing,night,warning,39.357,False,Sensor 1 spike sequence matches historical bearing fault pattern.
2889,2024-01-11 00:40:00,1,vibration,mm_s,CNC-04,machining-a,night,nominal,2.155,False,Shift handoff note referenced unusual noise near press enclosure.
2890,2024-01-11 00:45:00,2,temperature,celsius,FURN-02,heat-treat,night,nominal,59.289,False,Supervisory alert generated after three consecutive threshold breaches.
2891,2024-01-11 00:50:00,3,pressure,bar,HYD-07,press-line,night,nominal,7.262,False,Humidity baseline improved after seal replacement.
2892,2024-01-11 00:55:00,4,humidity,percent,PAINT-01,finishing,night,critical,47.489,False,Heat-treat furnace door cycling increased localized temperature spikes.
2893,2024-01-11 01:00:00,1,vibration,mm_s,CNC-04,machining-a,night,nominal,3.044,False,Anomaly review flagged possible bearing wear progression.
2894,2024-01-11 01:05:00,2,temperature,celsius,FURN-02,heat-treat,night,nominal,65.455,False,SCADA backfill inserted two delayed telemetry points.
2895,2024-01-11 01:10:00,3,pressure,bar,HYD-07,press-line,night,critical,7.62,False,Humidity excursion near finishing booth during coating run.
2896,2024-01-11 01:15:00,4,humidity,percent,PAINT-01,finishing,night,nominal,43.226,False,Calibration check overdue by 11 days for press-line transducer.
2897,2024-01-11 01:20:00,1,vibration,mm_s,CNC-04,machining-a,night,warning,1.662,False,Sensor heartbeat delayed by one interval after gateway retry.
2898,2024-01-11 01:25:00,2,temperature,celsius,FURN-02,heat-treat,night,nominal,66.243,False,Quality team requested trace review for lot 24-118B.
2899,2024-01-11 01:30:00,3,pressure,bar,HYD-07,press-line,night,nominal,8.558,False,Humidity excursion near finishing booth during coating run.
2900,2024-01-11 01:35:00,4,humidity,percent,PAINT-01,finishing,night,nominal,34.272,False,Dust extraction fan offline for 18 minutes on line finishing.
2901,2024-01-11 01:40:00,1,vibration,mm_s,CNC-04,machining-a,night,nominal,1.316,False,Sensor signal clipping observed during startup surge.
2902,2024-01-11 01:45:00,2,temperature,celsius,FURN-02,heat-treat,night,warning,70.715,False,Humidity baseline improved after seal replacement.
2903,2024-01-11 01:50:00,3,pressure,bar,HYD-07,press-line,night,nominal,7.899,False,Unbalanced load introduced cyclical pressure ripple.
2904,2024-01-11 01:55:00,4,humidity,percent,PAINT-01,finishing,night,critical,47.641,False,Thermal overshoot event coincided with recipe change on furnace.
2905,2024-01-11 02:00:00,1,vibration,mm_s,CNC-04,machining-a,night,nominal,2.823,False,Maintenance crew confirmed lubrication interval was missed.
2906,2024-01-11 02:05:00,2,temperature,celsius,FURN-02,heat-treat,night,nominal,68.849,False,Sensor heartbeat delayed by one interval after gateway retry.
2907,2024-01-11 02:10:00,3,pressure,bar,HYD-07,press-line,night,warning,7.583,False,Sensor battery health remains nominal after firmware update.
2908,2024-01-11 02:15:00,4,humidity,percent,PAINT-01,finishing,night,nominal,33.523,False,Dust extraction fan offline for 18 minutes on line finishing.
2909,2024-01-11 02:20:00,1,vibration,mm_s,CNC-04,machining-a,night,warning,2.111,False,Maintenance scheduler deferred calibration due to spare shortage.
2910,2024-01-11 02:25:00,2,temperature,celsius,FURN-02,heat-treat,night,nominal,61.441,False,Anomaly review flagged possible bearing wear progression.
2911,2024-01-11 02:30:00,3,pressure,bar,HYD-07,press-line,night,nominal,7.422,False,Coolant loop adjustment reduced chamber temperature spread.
2912,2024-01-11 02:35:00,4,humidity,percent,PAINT-01,finishing,night,nominal,43.22,False,Maintenance scheduler deferred calibration due to spare shortage.
2913,2024-01-11 02:40:00,1,vibration,mm_s,CNC-04,machining-a,night,nominal,2.339,False,Sensor signal clipping observed during startup surge.
2914,2024-01-11 02:45:00,2,temperature,celsius,FURN-02,heat-treat,night,nominal,67.37,False,Maintenance crew confirmed lubrication interval was missed.
2915,2024-01-11 02:50:00,3,pressure,bar,HYD-07,press-line,night,nominal,7.623,False,Ambient temperature stabilized after HVAC stage-two engagement.
2916,2024-01-11 02:55:00,4,humidity,percent,PAINT-01,finishing,night,nominal,54.48,False,Maintenance scheduler deferred calibration due to spare shortage.
2917,2024-01-11 03:00:00,1,vibration,mm_s,CNC-04,machining-a,night,nominal,3.132,False,Bearing temperature rising faster than baseline on spindle cell.
2918,2024-01-11 03:05:00,2,temperature,celsius,FURN-02,heat-treat,night,nominal,65.397,False,Coolant loop adjustment reduced chamber temperature spread.
2919,2024-01-11 03:10:00,3,pressure,bar,HYD-07,press-line,night,nominal,7.461,False,Thermal ramp exceeded expected warmup curve before shift start.
2920,2024-01-11 03:15:00,4,humidity,percent,PAINT-01,finishing,night,nominal,44.518,False,Short-lived packet loss observed at edge gateway gw-02.
2921,2024-01-11 03:20:00,1,vibration,mm_s,CNC-04,machining-a,night,critical,2.993,False,Compressed air fluctuation introduced pressure noise for two cycles.
2922,2024-01-11 03:25:00,2,temperature,celsius,FURN-02,heat-treat,night,warning,70.982,False,Shift handoff note referenced unusual noise near press enclosure.
2923,2024-01-11 03:30:00,3,pressure,bar,HYD-07,press-line,night,nominal,8.042,False,SCADA backfill inserted two delayed telemetry points.
2924,2024-01-11 03:35:00,4,humidity,percent,PAINT-01,finishing,night,nominal,42.37,False,Operator reported intermittent chatter on machine CNC-04.
2925,2024-01-11 03:40:00,1,vibration,mm_s,CNC-04,machining-a,night,nominal,1.975,False,Hydraulic line pressure oscillation detected under load.
2926,2024-01-11 03:45:00,2,temperature,celsius,FURN-02,heat-treat,night,nominal,67.789,False,Night shift startup produced higher than normal vibration floor.
2927,2024-01-11 03:50:00,3,pressure,bar,HYD-07,press-line,night,nominal,9.301,False,Coolant loop adjustment reduced chamber temperature spread.
2928,2024-01-11 03:55:00,4,humidity,percent,PAINT-01,finishing,night,nominal,43.752,False,Air handler maintenance reduced humidity variance on finishing line.
2929,2024-01-11 04:00:00,1,vibration,mm_s,CNC-04,machining-a,night,nominal,2.936,False,Machine idle period extended during planned sanitation window.
2930,2024-01-11 04:05:00,2,temperature,celsius,FURN-02,heat-treat,night,critical,76.766,False,Compressed air fluctuation introduced pressure noise for two cycles.
2931,2024-01-11 04:10:00,3,pressure,bar,HYD-07,press-line,night,nominal,9.391,False,Machine throughput increase drove sustained pressure uplift.
2932,2024-01-11 04:15:00,4,humidity,percent,PAINT-01,finishing,night,nominal,38.653,False,Hydraulic accumulator recharge lag increased under repeated cycles.
2933,2024-01-11 04:20:00,1,vibration,mm_s,CNC-04,machining-a,night,nominal,2.485,False,Unbalanced load introduced cyclical pressure ripple.
2934,2024-01-11 04:25:00,2,temperature,celsius,FURN-02,heat-treat,night,nominal,65.911,False,Thermal ramp exceeded expected warmup curve before shift start.
2935,2024-01-11 04:30:00,3,pressure,bar,HYD-07,press-line,night,nominal,9.379,False,Dust extraction fan offline for 18 minutes on line finishing.
2936,2024-01-11 04:35:00,4,humidity,percent,PAINT-01,finishing,night,nominal,44.978,False,Thermal ramp exceeded expected warmup curve before shift start.
2937,2024-01-11 04:40:00,1,vibration,mm_s,CNC-04,machining-a,night,nominal,2.879,False,Temporary gateway failover completed without data loss.
2938,2024-01-11 04:45:00,2,temperature,celsius,FURN-02,heat-treat,night,nominal,66.344,False,Supervisory alert generated after three consecutive threshold breaches.
2939,2024-01-11 04:50:00,3,pressure,bar,HYD-07,press-line,night,nominal,7.965,False,Sensor enclosure opened for manual calibration verification.
2940,2024-01-11 04:55:00,4,humidity,percent,PAINT-01,finishing,night,nominal,54.96,False,Unbalanced load introduced cyclical pressure ripple.
2941,2024-01-11 05:00:00,1,vibration,mm_s,CNC-04,machining-a,night,critical,2.639,False,Pressure peak corresponds to oversized billet batch processing.
2942,2024-01-11 05:05:00,2,temperature,celsius,FURN-02,heat-treat,night,nominal,66.506,False,Temperature variance narrowed after coolant nozzle cleaning.
2943,2024-01-11 05:10:00,3,pressure,bar,HYD-07,press-line,night,nominal,8.515,False,Reliability engineer tagged sample window for model retraining.
2944,2024-01-11 05:15:00,4,humidity,percent,PAINT-01,finishing,night,nominal,41.991,False,Humidity climbed during dock-door open period in afternoon shift.
2945,2024-01-11 05:20:00,1,vibration,mm_s,CNC-04,machining-a,night,nominal,1.823,False,Compressed air fluctuation introduced pressure noise for two cycles.
2946,2024-01-11 05:25:00,2,temperature,celsius,FURN-02,heat-treat,night,nominal,68.033,False,Dust extraction fan offline for 18 minutes on line finishing.
2947,2024-01-11 05:30:00,3,pressure,bar,HYD-07,press-line,night,nominal,8.133,False,Condensation warning cleared after dehumidifier ramp-up.
2948,2024-01-11 05:35:00,4,humidity,percent,PAINT-01,finishing,night,nominal,40.063,False,Machine throughput increase drove sustained pressure uplift.
2949,2024-01-11 05:40:00,1,vibration,mm_s,CNC-04,machining-a,night,warning,2.258,False,SCADA backfill inserted two delayed telemetry points.
2950,2024-01-11 05:45:00,2,temperature,celsius,FURN-02,heat-treat,night,warning,72.69,False,Coolant loop adjustment reduced chamber temperature spread.
2951,2024-01-11 05:50:00,3,pressure,bar,HYD-07,press-line,night,nominal,7.517,False,Air handler maintenance reduced humidity variance on finishing line.
2952,2024-01-11 05:55:00,4,humidity,percent,PAINT-01,finishing,night,nominal,46.49,False,Operator reported intermittent chatter on machine CNC-04.
2953,2024-01-11 06:00:00,1,vibration,mm_s,CNC-04,machining-a,night,nominal,1.323,False,Packaging line stop reduced adjacent vibration background.
2954,2024-01-11 06:05:00,2,temperature,celsius,FURN-02,heat-treat,night,nominal,66.913,False,Sensor 1 spike sequence matches historical bearing fault pattern.
2955,2024-01-11 06:10:00,3,pressure,bar,HYD-07,press-line,night,nominal,6.877,False,Unbalanced load introduced cyclical pressure ripple.
2956,2024-01-11 06:15:00,4,humidity,percent,PAINT-01,finishing,night,nominal,47.844,False,Humidity excursion near finishing booth during coating run.
2957,2024-01-11 06:20:00,1,vibration,mm_s,CNC-04,machining-a,night,nominal,2.752,False,Transient outlier matched forklift impact near cabinet wall.
2958,2024-01-11 06:25:00,2,temperature,celsius,FURN-02,heat-treat,night,nominal,67.124,False,Vibration burst exceeds envelope during tool change cycle.
2959,2024-01-11 06:30:00,3,pressure,bar,HYD-07,press-line,night,nominal,6.905,False,Humidity climbed during dock-door open period in afternoon shift.
2960,2024-01-11 06:35:00,4,humidity,percent,PAINT-01,finishing,night,nominal,44.641,False,Unexpected resonance band appeared near 42 Hz on spindle motor.
2961,2024-01-11 06:40:00,1,vibration,mm_s,CNC-04,machining-a,night,nominal,2.868,False,Transient outlier matched forklift impact near cabinet wall.
2962,2024-01-11 06:45:00,2,temperature,celsius,FURN-02,heat-treat,night,warning,70.511,False,Short-lived packet loss observed at edge gateway gw-02.
2963,2024-01-11 06:50:00,3,pressure,bar,HYD-07,press-line,night,nominal,8.151,False,Machine idle period extended during planned sanitation window.
2964,2024-01-11 06:55:00,4,humidity,percent,PAINT-01,finishing,night,nominal,42.578,False,Humidity readings track seasonal rise across late spring.
2965,2024-01-11 07:00:00,1,vibration,mm_s,CNC-04,machining-a,night,nominal,2.263,False,Sensor enclosure opened for manual calibration verification.
2966,2024-01-11 07:05:00,2,temperature,celsius,FURN-02,heat-treat,night,nominal,64.647,False,Telemetry quality flag downgraded during sensor self-test window.
2967,2024-01-11 07:10:00,3,pressure,bar,HYD-07,press-line,night,nominal,7.164,False,Quality hold reduced finishing booth activity for one shift.
2968,2024-01-11 07:15:00,4,humidity,percent,PAINT-01,finishing,night,nominal,46.9,False,Vibration baseline recovered after tool holder replacement.
2969,2024-01-11 07:20:00,1,vibration,mm_s,CNC-04,machining-a,night,nominal,2.586,False,Compressed air fluctuation introduced pressure noise for two cycles.
2970,2024-01-11 07:25:00,2,temperature,celsius,FURN-02,heat-treat,night,warning,71.744,False,Warning threshold updated for pilot predictive-maintenance model.
2971,2024-01-11 07:30:00,3,pressure,bar,HYD-07,press-line,night,nominal,7.533,False,Calibration check overdue by 11 days for press-line transducer.
2972,2024-01-11 07:35:00,4,humidity,percent,PAINT-01,finishing,night,nominal,36.794,False,Anomaly review flagged possible bearing wear progression.
2973,2024-01-11 07:40:00,1,vibration,mm_s,CNC-04,machining-a,night,nominal,2.114,False,Vibration harmonics broadened during extended production run.
2974,2024-01-11 07:45:00,2,temperature,celsius,FURN-02,heat-treat,night,warning,67.206,False,Dust extraction fan offline for 18 minutes on line finishing.
2975,2024-01-11 07:50:00,3,pressure,bar,HYD-07,press-line,night,nominal,8.29,False,Reliability engineer tagged sample window for model retraining.
2976,2024-01-11 07:55:00,4,humidity,percent,PAINT-01,finishing,night,nominal,41.684,False,Humidity baseline improved after seal replacement.
2977,2024-01-11 08:00:00,1,vibration,mm_s,CNC-04,machining-a,day,nominal,3.091,False,Pressure peak corresponds to oversized billet batch processing.
2978,2024-01-11 08:05:00,2,temperature,celsius,FURN-02,heat-treat,day,nominal,64.595,False,Quality hold reduced finishing booth activity for one shift.
2979,2024-01-11 08:10:00,3,pressure,bar,HYD-07,press-line,day,nominal,6.284,False,Hydraulic line pressure oscillation detected under load.
2980,2024-01-11 08:15:00,4,humidity,percent,PAINT-01,finishing,day,nominal,32.319,False,Hydraulic accumulator recharge lag increased under repeated cycles.
2981,2024-01-11 08:20:00,1,vibration,mm_s,CNC-04,machining-a,day,nominal,1.693,False,Thermal overshoot event coincided with recipe change on furnace.
2982,2024-01-11 08:25:00,2,temperature,celsius,FURN-02,heat-treat,day,nominal,60.382,False,Humidity climbed during dock-door open period in afternoon shift.
2983,2024-01-11 08:30:00,3,pressure,bar,HYD-07,press-line,day,nominal,8.754,False,Humidity readings track seasonal rise across late spring.
2984,2024-01-11 08:35:00,4,humidity,percent,PAINT-01,finishing,day,nominal,43.341,False,Machine idle period extended during planned sanitation window.
2985,2024-01-11 08:40:00,1,vibration,mm_s,CNC-04,machining-a,day,nominal,2.229,False,Quality team requested trace review for lot 24-118B.
2986,2024-01-11 08:45:00,2,temperature,celsius,FURN-02,heat-treat,day,nominal,63.7,False,Calibration check overdue by 11 days for press-line transducer.
2987,2024-01-11 08:50:00,3,pressure,bar,HYD-07,press-line,day,nominal,7.834,False,Humidity climbed during dock-door open period in afternoon shift.
2988,2024-01-11 08:55:00,4,humidity,percent,PAINT-01,finishing,day,nominal,42.812,False,Press cycle dwell time lengthened during high-volume batch.
2989,2024-01-11 09:00:00,1,vibration,mm_s,CNC-04,machining-a,day,nominal,1.686,False,Humidity excursion near finishing booth during coating run.
2990,2024-01-11 09:05:00,2,temperature,celsius,FURN-02,heat-treat,day,nominal,67.731,False,Thermal overshoot event coincided with recipe change on furnace.
2991,2024-01-11 09:10:00,3,pressure,bar,HYD-07,press-line,day,nominal,7.555,False,Humidity climbed during dock-door open period in afternoon shift.
2992,2024-01-11 09:15:00,4,humidity,percent,PAINT-01,finishing,day,nominal,49.136,False,Humidity excursion near finishing booth during coating run.
2993,2024-01-11 09:20:00,1,vibration,mm_s,CNC-04,machining-a,day,nominal,2.529,False,Machine throughput increase drove sustained pressure uplift.
2994,2024-01-11 09:25:00,2,temperature,celsius,FURN-02,heat-treat,day,nominal,68.245,False,Temperature remained elevated during unscheduled overtime run.
2995,2024-01-11 09:30:00,3,pressure,bar,HYD-07,press-line,day,nominal,7.385,False,Pressure settled back to nominal after valve reseat.
2996,2024-01-11 09:35:00,4,humidity,percent,PAINT-01,finishing,day,nominal,39.612,False,Maintenance crew confirmed lubrication interval was missed.
2997,2024-01-11 09:40:00,1,vibration,mm_s,CNC-04,machining-a,day,nominal,2.971,False,Sensor heartbeat delayed by one interval after gateway retry.
2998,2024-01-11 09:45:00,2,temperature,celsius,FURN-02,heat-treat,day,nominal,67.383,False,Compressed air fluctuation introduced pressure noise for two cycles.
2999,2024-01-11 09:50:00,3,pressure,bar,HYD-07,press-line,day,warning,8.107,False,Maintenance note logged for coupling imbalance inspection.
3000,2024-01-11 09:55:00,4,humidity,percent,PAINT-01,finishing,day,nominal,49.076,False,Vibration harmonics broadened during extended production run.
3001,2024-01-11 10:00:00,1,vibration,mm_s,CNC-04,machining-a,day,nominal,1.258,False,Transient outlier matched forklift impact near cabinet wall.
3002,2024-01-11 10:05:00,2,temperature,celsius,FURN-02,heat-treat,day,nominal,62.003,False,Condensation warning cleared after dehumidifier ramp-up.
3003,2024-01-11 10:10:00,3,pressure,bar,HYD-07,press-line,day,nominal,7.173,False,Unexpected resonance band appeared near 42 Hz on spindle motor.
3004,2024-01-11 10:15:00,4,humidity,percent,PAINT-01,finishing,day,nominal,42.836,False,Temperature variance narrowed after coolant nozzle cleaning.
3005,2024-01-11 10:20:00,1,vibration,mm_s,CNC-04,machining-a,day,nominal,2.76,False,Packaging line stop reduced adjacent vibration background.
3006,2024-01-11 10:25:00,2,temperature,celsius,FURN-02,heat-treat,day,nominal,67.711,False,Quality team requested trace review for lot 24-118B.
3007,2024-01-11 10:30:00,3,pressure,bar,HYD-07,press-line,day,nominal,8.658,False,Hydraulic line pressure oscillation detected under load.
3008,2024-01-11 10:35:00,4,humidity,percent,PAINT-01,finishing,day,nominal,47.083,False,Operator reset acknowledged after red-tag inspection.
3009,2024-01-11 10:40:00,1,vibration,mm_s,CNC-04,machining-a,day,nominal,3.297,False,Hydraulic line pressure oscillation detected under load.
3010,2024-01-11 10:45:00,2,temperature,celsius,FURN-02,heat-treat,day,nominal,61.676,False,Warning threshold updated for pilot predictive-maintenance model.
3011,2024-01-11 10:50:00,3,pressure,bar,HYD-07,press-line,day,nominal,8.364,False,Machine throughput increase drove sustained pressure uplift.
3012,2024-01-11 10:55:00,4,humidity,percent,PAINT-01,finishing,day,nominal,47.745,False,Thermal ramp exceeded expected warmup curve before shift start.
3013,2024-01-11 11:00:00,1,vibration,mm_s,CNC-04,machining-a,day,nominal,2.471,False,Maintenance note logged for coupling imbalance inspection.
3014,2024-01-11 11:05:00,2,temperature,celsius,FURN-02,heat-treat,day,nominal,62.951,False,Telemetry quality flag downgraded during sensor self-test window.
3015,2024-01-11 11:10:00,3,pressure,bar,HYD-07,press-line,day,nominal,7.329,False,Vibration burst exceeds envelope during tool change cycle.
3016,2024-01-11 11:15:00,4,humidity,percent,PAINT-01,finishing,day,nominal,44.127,False,Sensor battery health remains nominal after firmware update.
3017,2024-01-11 11:20:00,1,vibration,mm_s,CNC-04,machining-a,day,warning,2.029,False,Press cycle dwell time lengthened during high-volume batch.
3018,2024-01-11 11:25:00,2,temperature,celsius,FURN-02,heat-treat,day,warning,73.549,False,Thermal ramp exceeded expected warmup curve before shift start.
3019,2024-01-11 11:30:00,3,pressure,bar,HYD-07,press-line,day,nominal,7.673,False,Operator reported intermittent chatter on machine CNC-04.
3020,2024-01-11 11:35:00,4,humidity,percent,PAINT-01,finishing,day,nominal,45.262,False,Compressed air fluctuation introduced pressure noise for two cycles.
3021,2024-01-11 11:40:00,1,vibration,mm_s,CNC-04,machining-a,day,nominal,2.379,False,Sensor enclosure opened for manual calibration verification.
3022,2024-01-11 11:45:00,2,temperature,celsius,FURN-02,heat-treat,day,nominal,68.059,False,Night shift startup produced higher than normal vibration floor.
3023,2024-01-11 11:50:00,3,pressure,bar,HYD-07,press-line,day,nominal,8.588,False,Operator reported intermittent chatter on machine CNC-04.
3024,2024-01-11 11:55:00,4,humidity,percent,PAINT-01,finishing,day,nominal,41.012,False,Operator reset acknowledged after red-tag inspection.
3025,2024-01-11 12:00:00,1,vibration,mm_s,CNC-04,machining-a,day,nominal,2.1,False,Maintenance scheduler deferred calibration due to spare shortage.
3026,2024-01-11 12:05:00,2,temperature,celsius,FURN-02,heat-treat,day,nominal,70.567,False,Quality hold reduced finishing booth activity for one shift.
3027,2024-01-11 12:10:00,3,pressure,bar,HYD-07,press-line,day,nominal,8.064,False,Heat-treat furnace door cycling increased localized temperature spikes.
3028,2024-01-11 12:15:00,4,humidity,percent,PAINT-01,finishing,day,nominal,49.885,False,Air handler maintenance reduced humidity variance on finishing line.
3029,2024-01-11 12:20:00,1,vibration,mm_s,CNC-04,machining-a,day,nominal,3.48,False,Vibration burst exceeds envelope during tool change cycle.
3030,2024-01-11 12:25:00,2,temperature,celsius,FURN-02,heat-treat,day,warning,74.97,False,Pressure line purge completed before restart authorization.
3031,2024-01-11 12:30:00,3,pressure,bar,HYD-07,press-line,day,nominal,7.653,False,Sensor heartbeat delayed by one interval after gateway retry.
3032,2024-01-11 12:35:00,4,humidity,percent,PAINT-01,finishing,day,nominal,57.365,False,Condensation warning cleared after dehumidifier ramp-up.
3033,2024-01-11 12:40:00,1,vibration,mm_s,CNC-04,machining-a,day,nominal,2.859,False,Operator reported intermittent chatter on machine CNC-04.
3034,2024-01-11 12:45:00,2,temperature,celsius,FURN-02,heat-treat,day,nominal,68.267,False,Hydraulic accumulator recharge lag increased under repeated cycles.
3035,2024-01-11 12:50:00,3,pressure,bar,HYD-07,press-line,day,critical,7.316,False,Sensor 3 drift suspected after cross-check with manual gauge.
3036,2024-01-11 12:55:00,4,humidity,percent,PAINT-01,finishing,day,nominal,36.603,False,SCADA backfill inserted two delayed telemetry points.
3037,2024-01-11 13:00:00,1,vibration,mm_s,CNC-04,machining-a,day,nominal,2.895,False,Packaging line stop reduced adjacent vibration background.
3038,2024-01-11 13:05:00,2,temperature,celsius,FURN-02,heat-treat,day,warning,72.849,False,Thermal ramp exceeded expected warmup curve before shift start.
3039,2024-01-11 13:10:00,3,pressure,bar,HYD-07,press-line,day,nominal,7.727,False,Calibration check overdue by 11 days for press-line transducer.
3040,2024-01-11 13:15:00,4,humidity,percent,PAINT-01,finishing,day,nominal,44.236,False,Anomaly review flagged possible bearing wear progression.
3041,2024-01-11 13:20:00,1,vibration,mm_s,CNC-04,machining-a,day,nominal,3.585,False,Maintenance crew confirmed lubrication interval was missed.
3042,2024-01-11 13:25:00,2,temperature,celsius,FURN-02,heat-treat,day,warning,70.269,False,Dust extraction fan offline for 18 minutes on line finishing.
3043,2024-01-11 13:30:00,3,pressure,bar,HYD-07,press-line,day,nominal,7.531,False,Supervisory alert generated after three consecutive threshold breaches.
3044,2024-01-11 13:35:00,4,humidity,percent,PAINT-01,finishing,day,nominal,42.452,False,Anomaly review flagged possible bearing wear progression.
3045,2024-01-11 13:40:00,1,vibration,mm_s,CNC-04,machining-a,day,nominal,3.139,False,Pressure settled back to nominal after valve reseat.
3046,2024-01-11 13:45:00,2,temperature,celsius,FURN-02,heat-treat,day,warning,65.29,False,Press cycle dwell time lengthened during high-volume batch.
3047,2024-01-11 13:50:00,3,pressure,bar,HYD-07,press-line,day,nominal,8.001,False,Thermal ramp exceeded expected warmup curve before shift start.
3048,2024-01-11 13:55:00,4,humidity,percent,PAINT-01,finishing,day,nominal,46.129,False,Supervisory alert generated after three consecutive threshold breaches.
3049,2024-01-11 14:00:00,1,vibration,mm_s,CNC-04,machining-a,day,nominal,2.333,False,Press cycle dwell time lengthened during high-volume batch.
3050,2024-01-11 14:05:00,2,temperature,celsius,FURN-02,heat-treat,day,nominal,67.877,False,Maintenance crew confirmed lubrication interval was missed.
3051,2024-01-11 14:10:00,3,pressure,bar,HYD-07,press-line,day,nominal,7.596,False,Telemetry quality flag downgraded during sensor self-test window.
3052,2024-01-11 14:15:00,4,humidity,percent,PAINT-01,finishing,day,nominal,35.838,False,Calibration check overdue by 11 days for press-line transducer.
3053,2024-01-11 14:20:00,1,vibration,mm_s,CNC-04,machining-a,day,nominal,2.414,False,Machine idle period extended during planned sanitation window.
3054,2024-01-11 14:25:00,2,temperature,celsius,FURN-02,heat-treat,day,nominal,65.146,False,Heat-treat furnace door cycling increased localized temperature spikes.
3055,2024-01-11 14:30:00,3,pressure,bar,HYD-07,press-line,day,nominal,7.171,False,Transient outlier matched forklift impact near cabinet wall.
3056,2024-01-11 14:35:00,4,humidity,percent,PAINT-01,finishing,day,nominal,38.623,False,Sensor 3 drift suspected after cross-check with manual gauge.
3057,2024-01-11 14:40:00,1,vibration,mm_s,CNC-04,machining-a,day,nominal,3.698,False,Humidity baseline improved after seal replacement.
3058,2024-01-11 14:45:00,2,temperature,celsius,FURN-02,heat-treat,day,warning,71.279,False,Unbalanced load introduced cyclical pressure ripple.
3059,2024-01-11 14:50:00,3,pressure,bar,HYD-07,press-line,day,nominal,8.513,False,Condensation warning cleared after dehumidifier ramp-up.
3060,2024-01-11 14:55:00,4,humidity,percent,PAINT-01,finishing,day,nominal,52.53,False,Pressure line purge completed before restart authorization.
3061,2024-01-11 15:00:00,1,vibration,mm_s,CNC-04,machining-a,day,nominal,1.993,False,Quality hold reduced finishing booth activity for one shift.
3062,2024-01-11 15:05:00,2,temperature,celsius,FURN-02,heat-treat,day,warning,73.015,False,Thermal overshoot event coincided with recipe change on furnace.
3063,2024-01-11 15:10:00,3,pressure,bar,HYD-07,press-line,day,nominal,8.153,False,Humidity climbed during dock-door open period in afternoon shift.
3064,2024-01-11 15:15:00,4,humidity,percent,PAINT-01,finishing,day,nominal,51.223,False,Unbalanced load introduced cyclical pressure ripple.
3065,2024-01-11 15:20:00,1,vibration,mm_s,CNC-04,machining-a,day,nominal,2.306,False,Vibration harmonics broadened during extended production run.
3066,2024-01-11 15:25:00,2,temperature,celsius,FURN-02,heat-treat,day,nominal,62.376,False,Unbalanced load introduced cyclical pressure ripple.
3067,2024-01-11 15:30:00,3,pressure,bar,HYD-07,press-line,day,nominal,7.152,False,Hydraulic accumulator recharge lag increased under repeated cycles.
3068,2024-01-11 15:35:00,4,humidity,percent,PAINT-01,finishing,day,nominal,35.895,False,Transient outlier matched forklift impact near cabinet wall.
3069,2024-01-11 15:40:00,1,vibration,mm_s,CNC-04,machining-a,day,nominal,1.843,False,Maintenance crew confirmed lubrication interval was missed.
3070,2024-01-11 15:45:00,2,temperature,celsius,FURN-02,heat-treat,day,nominal,64.572,False,Ambient temperature stabilized after HVAC stage-two engagement.
3071,2024-01-11 15:50:00,3,pressure,bar,HYD-07,press-line,day,nominal,7.417,False,Machine idle period extended during planned sanitation window.
3072,2024-01-11 15:55:00,4,humidity,percent,PAINT-01,finishing,day,warning,53.76,False,Packaging line stop reduced adjacent vibration background.
3073,2024-01-11 16:00:00,1,vibration,mm_s,CNC-04,machining-a,swing,nominal,1.4,False,Coolant loop adjustment reduced chamber temperature spread.
3074,2024-01-11 16:05:00,2,temperature,celsius,FURN-02,heat-treat,swing,nominal,66.919,False,Sensor enclosure opened for manual calibration verification.
3075,2024-01-11 16:10:00,3,pressure,bar,HYD-07,press-line,swing,nominal,8.261,False,Night shift startup produced higher than normal vibration floor.
3076,2024-01-11 16:15:00,4,humidity,percent,PAINT-01,finishing,swing,nominal,40.187,False,Shift handoff note referenced unusual noise near press enclosure.
3077,2024-01-11 16:20:00,1,vibration,mm_s,CNC-04,machining-a,swing,nominal,1.916,False,Vibration burst exceeds envelope during tool change cycle.
3078,2024-01-11 16:25:00,2,temperature,celsius,FURN-02,heat-treat,swing,nominal,64.861,False,Vibration harmonics broadened during extended production run.
3079,2024-01-11 16:30:00,3,pressure,bar,HYD-07,press-line,swing,nominal,7.255,False,Ambient temperature stabilized after HVAC stage-two engagement.
3080,2024-01-11 16:35:00,4,humidity,percent,PAINT-01,finishing,swing,nominal,48.091,False,Transient outlier matched forklift impact near cabinet wall.
3081,2024-01-11 16:40:00,1,vibration,mm_s,CNC-04,machining-a,swing,nominal,1.927,False,Condensation warning cleared after dehumidifier ramp-up.
3082,2024-01-11 16:45:00,2,temperature,celsius,FURN-02,heat-treat,swing,nominal,67.475,False,Thermal ramp exceeded expected warmup curve before shift start.
3083,2024-01-11 16:50:00,3,pressure,bar,HYD-07,press-line,swing,nominal,7.689,False,Sensor heartbeat delayed by one interval after gateway retry.
3084,2024-01-11 16:55:00,4,humidity,percent,PAINT-01,finishing,swing,nominal,43.363,False,Coolant loop adjustment reduced chamber temperature spread.
3085,2024-01-11 17:00:00,1,vibration,mm_s,CNC-04,machining-a,swing,nominal,2.056,False,Warning threshold updated for pilot predictive-maintenance model.
3086,2024-01-11 17:05:00,2,temperature,celsius,FURN-02,heat-treat,swing,nominal,70.164,False,Press cycle dwell time lengthened during high-volume batch.
3087,2024-01-11 17:10:00,3,pressure,bar,HYD-07,press-line,swing,nominal,7.611,False,Temperature remained elevated during unscheduled overtime run.
3088,2024-01-11 17:15:00,4,humidity,percent,PAINT-01,finishing,swing,nominal,45.22,False,Quality team requested trace review for lot 24-118B.
3089,2024-01-11 17:20:00,1,vibration,mm_s,CNC-04,machining-a,swing,nominal,2.737,False,Shift handoff note referenced unusual noise near press enclosure.
3090,2024-01-11 17:25:00,2,temperature,celsius,FURN-02,heat-treat,swing,warning,74.319,False,Supervisory alert generated after three consecutive threshold breaches.
3091,2024-01-11 17:30:00,3,pressure,bar,HYD-07,press-line,swing,nominal,7.33,False,Ambient temperature stabilized after HVAC stage-two engagement.
3092,2024-01-11 17:35:00,4,humidity,percent,PAINT-01,finishing,swing,nominal,44.697,False,Sensor signal clipping observed during startup surge.
3093,2024-01-11 17:40:00,1,vibration,mm_s,CNC-04,machining-a,swing,nominal,2.393,False,Pressure line purge completed before restart authorization.
3094,2024-01-11 17:45:00,2,temperature,celsius,FURN-02,heat-treat,swing,warning,66.257,False,Operator reported intermittent chatter on machine CNC-04.
3095,2024-01-11 17:50:00,3,pressure,bar,HYD-07,press-line,swing,nominal,7.11,False,Pressure settled back to nominal after valve reseat.
3096,2024-01-11 17:55:00,4,humidity,percent,PAINT-01,finishing,swing,nominal,48.753,False,Supervisory alert generated after three consecutive threshold breaches.
3097,2024-01-11 18:00:00,1,vibration,mm_s,CNC-04,machining-a,swing,nominal,2.956,False,Thermal overshoot event coincided with recipe change on furnace.
3098,2024-01-11 18:05:00,2,temperature,celsius,FURN-02,heat-treat,swing,nominal,66.048,False,Maintenance scheduler deferred calibration due to spare shortage.
3099,2024-01-11 18:10:00,3,pressure,bar,HYD-07,press-line,swing,nominal,7.764,False,Transient outlier matched forklift impact near cabinet wall.
3100,2024-01-11 18:15:00,4,humidity,percent,PAINT-01,finishing,swing,nominal,41.462,False,Ambient temperature stabilized after HVAC stage-two engagement.
3101,2024-01-11 18:20:00,1,vibration,mm_s,CNC-04,machining-a,swing,warning,2.483,False,Hydraulic line pressure oscillation detected under load.
3102,2024-01-11 18:25:00,2,temperature,celsius,FURN-02,heat-treat,swing,nominal,70.207,False,Bearing temperature rising faster than baseline on spindle cell.
3103,2024-01-11 18:30:00,3,pressure,bar,HYD-07,press-line,swing,warning,7.195,False,Thermal overshoot event coincided with recipe change on furnace.
3104,2024-01-11 18:35:00,4,humidity,percent,PAINT-01,finishing,swing,nominal,53.367,False,Transient outlier matched forklift impact near cabinet wall.
3105,2024-01-11 18:40:00,1,vibration,mm_s,CNC-04,machining-a,swing,nominal,2.498,False,Packaging line stop reduced adjacent vibration background.
3106,2024-01-11 18:45:00,2,temperature,celsius,FURN-02,heat-treat,swing,nominal,68.301,False,Thermal ramp exceeded expected warmup curve before shift start.
3107,2024-01-11 18:50:00,3,pressure,bar,HYD-07,press-line,swing,nominal,7.412,False,Thermal ramp exceeded expected warmup curve before shift start.
3108,2024-01-11 18:55:00,4,humidity,percent,PAINT-01,finishing,swing,nominal,49.594,False,Humidity climbed during dock-door open period in afternoon shift.
3109,2024-01-11 19:00:00,1,vibration,mm_s,CNC-04,machining-a,swing,nominal,2.24,False,Maintenance scheduler deferred calibration due to spare shortage.
3110,2024-01-11 19:05:00,2,temperature,celsius,FURN-02,heat-treat,swing,warning,61.518,False,Operator reported intermittent chatter on machine CNC-04.
3111,2024-01-11 19:10:00,3,pressure,bar,HYD-07,press-line,swing,nominal,8.352,False,Heat-treat furnace door cycling increased localized temperature spikes.
3112,2024-01-11 19:15:00,4,humidity,percent,PAINT-01,finishing,swing,nominal,42.28,False,Shift handoff note referenced unusual noise near press enclosure.
3113,2024-01-11 19:20:00,1,vibration,mm_s,CNC-04,machining-a,swing,nominal,3.471,False,Unbalanced load introduced cyclical pressure ripple.
3114,2024-01-11 19:25:00,2,temperature,celsius,FURN-02,heat-treat,swing,nominal,64.651,False,Anomaly review flagged possible bearing wear progression.
3115,2024-01-11 19:30:00,3,pressure,bar,HYD-07,press-line,swing,nominal,7.334,False,Thermal overshoot event coincided with recipe change on furnace.
3116,2024-01-11 19:35:00,4,humidity,percent,PAINT-01,finishing,swing,nominal,44.299,False,Sensor enclosure opened for manual calibration verification.
3117,2024-01-11 19:40:00,1,vibration,mm_s,CNC-04,machining-a,swing,nominal,2.167,False,Unbalanced load introduced cyclical pressure ripple.
3118,2024-01-11 19:45:00,2,temperature,celsius,FURN-02,heat-treat,swing,nominal,66.954,False,Humidity baseline improved after seal replacement.
3119,2024-01-11 19:50:00,3,pressure,bar,HYD-07,press-line,swing,nominal,8.097,False,Machine throughput increase drove sustained pressure uplift.
3120,2024-01-11 19:55:00,4,humidity,percent,PAINT-01,finishing,swing,nominal,44.708,False,Operator reset acknowledged after red-tag inspection.
3121,2024-01-11 20:00:00,1,vibration,mm_s,CNC-04,machining-a,swing,nominal,2.904,False,Pressure settled back to nominal after valve reseat.
3122,2024-01-11 20:05:00,2,temperature,celsius,FURN-02,heat-treat,swing,warning,72.025,False,Pressure settled back to nominal after valve reseat.
3123,2024-01-11 20:10:00,3,pressure,bar,HYD-07,press-line,swing,nominal,8.422,False,Short-lived packet loss observed at edge gateway gw-02.
3124,2024-01-11 20:15:00,4,humidity,percent,PAINT-01,finishing,swing,nominal,42.071,False,Unbalanced load introduced cyclical pressure ripple.
3125,2024-01-11 20:20:00,1,vibration,mm_s,CNC-04,machining-a,swing,nominal,1.75,False,Sensor signal clipping observed during startup surge.
3126,2024-01-11 20:25:00,2,temperature,celsius,FURN-02,heat-treat,swing,warning,73.519,False,Vibration burst exceeds envelope during tool change cycle.
3127,2024-01-11 20:30:00,3,pressure,bar,HYD-07,press-line,swing,nominal,7.73,False,Machine throughput increase drove sustained pressure uplift.
3128,2024-01-11 20:35:00,4,humidity,percent,PAINT-01,finishing,swing,nominal,42.422,False,Temperature variance narrowed after coolant nozzle cleaning.
3129,2024-01-11 20:40:00,1,vibration,mm_s,CNC-04,machining-a,swing,nominal,2.266,False,Sensor 3 drift suspected after cross-check with manual gauge.
3130,2024-01-11 20:45:00,2,temperature,celsius,FURN-02,heat-treat,swing,warning,63.748,False,Condensation warning cleared after dehumidifier ramp-up.
3131,2024-01-11 20:50:00,3,pressure,bar,HYD-07,press-line,swing,nominal,8.131,False,Thermal ramp exceeded expected warmup curve before shift start.
3132,2024-01-11 20:55:00,4,humidity,percent,PAINT-01,finishing,swing,nominal,48.122,False,Sensor heartbeat delayed by one interval after gateway retry.
3133,2024-01-11 21:00:00,1,vibration,mm_s,CNC-04,machining-a,swing,nominal,3.504,False,Maintenance scheduler deferred calibration due to spare shortage.
3134,2024-01-11 21:05:00,2,temperature,celsius,FURN-02,heat-treat,swing,nominal,65.056,False,Maintenance crew confirmed lubrication interval was missed.
3135,2024-01-11 21:10:00,3,pressure,bar,HYD-07,press-line,swing,nominal,7.243,False,Hydraulic line pressure oscillation detected under load.
3136,2024-01-11 21:15:00,4,humidity,percent,PAINT-01,finishing,swing,nominal,47.062,False,Supervisory alert generated after three consecutive threshold breaches.
3137,2024-01-11 21:20:00,1,vibration,mm_s,CNC-04,machining-a,swing,nominal,2.777,False,Supervisory alert generated after three consecutive threshold breaches.
3138,2024-01-11 21:25:00,2,temperature,celsius,FURN-02,heat-treat,swing,warning,72.403,False,Pressure peak corresponds to oversized billet batch processing.
3139,2024-01-11 21:30:00,3,pressure,bar,HYD-07,press-line,swing,nominal,8.282,False,Bearing temperature rising faster than baseline on spindle cell.
3140,2024-01-11 21:35:00,4,humidity,percent,PAINT-01,finishing,swing,nominal,41.417,False,Edge collector replayed buffered events after network recovery.
3141,2024-01-11 21:40:00,1,vibration,mm_s,CNC-04,machining-a,swing,nominal,1.63,False,Short-lived packet loss observed at edge gateway gw-02.
3142,2024-01-11 21:45:00,2,temperature,celsius,FURN-02,heat-treat,swing,nominal,66.441,False,Bearing temperature rising faster than baseline on spindle cell.
3143,2024-01-11 21:50:00,3,pressure,bar,HYD-07,press-line,swing,critical,8.219,False,Temperature variance narrowed after coolant nozzle cleaning.
3144,2024-01-11 21:55:00,4,humidity,percent,PAINT-01,finishing,swing,nominal,44.449,False,Press cycle dwell time lengthened during high-volume batch.
3145,2024-01-11 22:00:00,1,vibration,mm_s,CNC-04,machining-a,swing,nominal,1.832,False,Vibration harmonics broadened during extended production run.
3146,2024-01-11 22:05:00,2,temperature,celsius,FURN-02,heat-treat,swing,nominal,70.126,False,Maintenance note logged for coupling imbalance inspection.
3147,2024-01-11 22:10:00,3,pressure,bar,HYD-07,press-line,swing,nominal,8.746,False,Machine throughput increase drove sustained pressure uplift.
3148,2024-01-11 22:15:00,4,humidity,percent,PAINT-01,finishing,swing,nominal,39.061,False,Machine idle period extended during planned sanitation window.
3149,2024-01-11 22:20:00,1,vibration,mm_s,CNC-04,machining-a,swing,nominal,3.281,False,Night shift startup produced higher than normal vibration floor.
3150,2024-01-11 22:25:00,2,temperature,celsius,FURN-02,heat-treat,swing,nominal,67.659,False,Pressure settled back to nominal after valve reseat.
3151,2024-01-11 22:30:00,3,pressure,bar,HYD-07,press-line,swing,nominal,8.562,False,Dust extraction fan offline for 18 minutes on line finishing.
3152,2024-01-11 22:35:00,4,humidity,percent,PAINT-01,finishing,swing,nominal,52.607,False,Thermal ramp exceeded expected warmup curve before shift start.
3153,2024-01-11 22:40:00,1,vibration,mm_s,CNC-04,machining-a,swing,nominal,2.449,False,Thermal ramp exceeded expected warmup curve before shift start.
3154,2024-01-11 22:45:00,2,temperature,celsius,FURN-02,heat-treat,swing,nominal,68.66,False,Dust extraction fan offline for 18 minutes on line finishing.
3155,2024-01-11 22:50:00,3,pressure,bar,HYD-07,press-line,swing,nominal,7.972,False,Warning threshold updated for pilot predictive-maintenance model.
3156,2024-01-11 22:55:00,4,humidity,percent,PAINT-01,finishing,swing,nominal,47.892,False,Condensation warning cleared after dehumidifier ramp-up.
3157,2024-01-11 23:00:00,1,vibration,mm_s,CNC-04,machining-a,swing,nominal,2.249,False,Temporary gateway failover completed without data loss.
3158,2024-01-11 23:05:00,2,temperature,celsius,FURN-02,heat-treat,swing,nominal,66.652,False,Maintenance crew confirmed lubrication interval was missed.
3159,2024-01-11 23:10:00,3,pressure,bar,HYD-07,press-line,swing,nominal,9.594,False,Edge collector replayed buffered events after network recovery.
3160,2024-01-11 23:15:00,4,humidity,percent,PAINT-01,finishing,swing,nominal,43.617,False,Pressure settled back to nominal after valve reseat.
3161,2024-01-11 23:20:00,1,vibration,mm_s,CNC-04,machining-a,swing,critical,1.972,False,Vibration baseline recovered after tool holder replacement.
3162,2024-01-11 23:25:00,2,temperature,celsius,FURN-02,heat-treat,swing,warning,73.541,False,Unbalanced load introduced cyclical pressure ripple.
3163,2024-01-11 23:30:00,3,pressure,bar,HYD-07,press-line,swing,nominal,8.374,False,Supervisory alert generated after three consecutive threshold breaches.
3164,2024-01-11 23:35:00,4,humidity,percent,PAINT-01,finishing,swing,nominal,44.912,False,Hydraulic accumulator recharge lag increased under repeated cycles.
3165,2024-01-11 23:40:00,1,vibration,mm_s,CNC-04,machining-a,swing,nominal,2.225,False,Operator reset acknowledged after red-tag inspection.
3166,2024-01-11 23:45:00,2,temperature,celsius,FURN-02,heat-treat,swing,nominal,61.535,False,Maintenance crew confirmed lubrication interval was missed.
3167,2024-01-11 23:50:00,3,pressure,bar,HYD-07,press-line,swing,nominal,8.627,False,Pressure peak corresponds to oversized billet batch processing.
3168,2024-01-11 23:55:00,4,humidity,percent,PAINT-01,finishing,swing,nominal,48.093,False,Quality hold reduced finishing booth activity for one shift.
3169,2024-01-12 00:00:00,1,vibration,mm_s,CNC-04,machining-a,night,nominal,3.428,False,Sensor 1 spike sequence matches historical bearing fault pattern.
3170,2024-01-12 00:05:00,2,temperature,celsius,FURN-02,heat-treat,night,nominal,66.982,False,Vibration harmonics broadened during extended production run.
3171,2024-01-12 00:10:00,3,pressure,bar,HYD-07,press-line,night,critical,7.75,False,Vibration harmonics broadened during extended production run.
3172,2024-01-12 00:15:00,4,humidity,percent,PAINT-01,finishing,night,nominal,41.594,False,Humidity excursion near finishing booth during coating run.
3173,2024-01-12 00:20:00,1,vibration,mm_s,CNC-04,machining-a,night,nominal,2.265,False,Temporary gateway failover completed without data loss.
3174,2024-01-12 00:25:00,2,temperature,celsius,FURN-02,heat-treat,night,warning,73.374,False,Pressure peak corresponds to oversized billet batch processing.
3175,2024-01-12 00:30:00,3,pressure,bar,HYD-07,press-line,night,nominal,7.81,False,Calibration check overdue by 11 days for press-line transducer.
3176,2024-01-12 00:35:00,4,humidity,percent,PAINT-01,finishing,night,nominal,44.207,False,Quality hold reduced finishing booth activity for one shift.
3177,2024-01-12 00:40:00,1,vibration,mm_s,CNC-04,machining-a,night,nominal,2.319,False,Night shift startup produced higher than normal vibration floor.
3178,2024-01-12 00:45:00,2,temperature,celsius,FURN-02,heat-treat,night,nominal,67.807,False,Warning threshold updated for pilot predictive-maintenance model.
3179,2024-01-12 00:50:00,3,pressure,bar,HYD-07,press-line,night,nominal,8.097,False,Sensor heartbeat delayed by one interval after gateway retry.
3180,2024-01-12 00:55:00,4,humidity,percent,PAINT-01,finishing,night,nominal,47.761,False,Humidity readings track seasonal rise across late spring.
3181,2024-01-12 01:00:00,1,vibration,mm_s,CNC-04,machining-a,night,warning,2.98,False,Machine idle period extended during planned sanitation window.
3182,2024-01-12 01:05:00,2,temperature,celsius,FURN-02,heat-treat,night,nominal,68.244,False,Air handler maintenance reduced humidity variance on finishing line.
3183,2024-01-12 01:10:00,3,pressure,bar,HYD-07,press-line,night,nominal,7.398,False,Quality team requested trace review for lot 24-118B.
3184,2024-01-12 01:15:00,4,humidity,percent,PAINT-01,finishing,night,nominal,38.214,False,Maintenance crew confirmed lubrication interval was missed.
3185,2024-01-12 01:20:00,1,vibration,mm_s,CNC-04,machining-a,night,nominal,2.078,False,Temporary gateway failover completed without data loss.
3186,2024-01-12 01:25:00,2,temperature,celsius,FURN-02,heat-treat,night,warning,73.054,False,Operator reset acknowledged after red-tag inspection.
3187,2024-01-12 01:30:00,3,pressure,bar,HYD-07,press-line,night,nominal,8.075,False,Bearing temperature rising faster than baseline on spindle cell.
3188,2024-01-12 01:35:00,4,humidity,percent,PAINT-01,finishing,night,nominal,46.985,False,Supervisory alert generated after three consecutive threshold breaches.
3189,2024-01-12 01:40:00,1,vibration,mm_s,CNC-04,machining-a,night,nominal,2.136,False,Air handler maintenance reduced humidity variance on finishing line.
3190,2024-01-12 01:45:00,2,temperature,celsius,FURN-02,heat-treat,night,nominal,70.818,False,Edge collector replayed buffered events after network recovery.
3191,2024-01-12 01:50:00,3,pressure,bar,HYD-07,press-line,night,nominal,8.024,False,Edge collector replayed buffered events after network recovery.
3192,2024-01-12 01:55:00,4,humidity,percent,PAINT-01,finishing,night,nominal,56.713,False,Hydraulic accumulator recharge lag increased under repeated cycles.
3193,2024-01-12 02:00:00,1,vibration,mm_s,CNC-04,machining-a,night,nominal,2.653,False,Shift handoff note referenced unusual noise near press enclosure.
3194,2024-01-12 02:05:00,2,temperature,celsius,FURN-02,heat-treat,night,warning,72.534,False,Unbalanced load introduced cyclical pressure ripple.
3195,2024-01-12 02:10:00,3,pressure,bar,HYD-07,press-line,night,nominal,8.761,False,Humidity readings track seasonal rise across late spring.
3196,2024-01-12 02:15:00,4,humidity,percent,PAINT-01,finishing,night,nominal,35.972,False,Humidity readings track seasonal rise across late spring.
3197,2024-01-12 02:20:00,1,vibration,mm_s,CNC-04,machining-a,night,nominal,2.667,False,Operator reset acknowledged after red-tag inspection.
3198,2024-01-12 02:25:00,2,temperature,celsius,FURN-02,heat-treat,night,warning,74.114,False,Humidity baseline improved after seal replacement.
3199,2024-01-12 02:30:00,3,pressure,bar,HYD-07,press-line,night,nominal,8.809,False,Compressed air fluctuation introduced pressure noise for two cycles.
3200,2024-01-12 02:35:00,4,humidity,percent,PAINT-01,finishing,night,warning,48.777,False,Shift handoff note referenced unusual noise near press enclosure.
3201,2024-01-12 02:40:00,1,vibration,mm_s,CNC-04,machining-a,night,nominal,2.205,False,Hydraulic line pressure oscillation detected under load.
3202,2024-01-12 02:45:00,2,temperature,celsius,FURN-02,heat-treat,night,warning,62.231,False,Humidity excursion near finishing booth during coating run.
3203,2024-01-12 02:50:00,3,pressure,bar,HYD-07,press-line,night,nominal,8.129,False,Sensor enclosure opened for manual calibration verification.
3204,2024-01-12 02:55:00,4,humidity,percent,PAINT-01,finishing,night,nominal,38.093,False,Reliability engineer tagged sample window for model retraining.
3205,2024-01-12 03:00:00,1,vibration,mm_s,CNC-04,machining-a,night,warning,2.91,False,Hydraulic line pressure oscillation detected under load.
3206,2024-01-12 03:05:00,2,temperature,celsius,FURN-02,heat-treat,night,nominal,66.665,False,Air handler maintenance reduced humidity variance on finishing line.
3207,2024-01-12 03:10:00,3,pressure,bar,HYD-07,press-line,night,nominal,7.808,False,Maintenance crew confirmed lubrication interval was missed.
3208,2024-01-12 03:15:00,4,humidity,percent,PAINT-01,finishing,night,nominal,37.305,False,Machine idle period extended during planned sanitation window.
3209,2024-01-12 03:20:00,1,vibration,mm_s,CNC-04,machining-a,night,nominal,2.77,False,Transient outlier matched forklift impact near cabinet wall.
3210,2024-01-12 03:25:00,2,temperature,celsius,FURN-02,heat-treat,night,nominal,65.013,False,Quality team requested trace review for lot 24-118B.
3211,2024-01-12 03:30:00,3,pressure,bar,HYD-07,press-line,night,nominal,9.214,False,Temperature variance narrowed after coolant nozzle cleaning.
3212,2024-01-12 03:35:00,4,humidity,percent,PAINT-01,finishing,night,nominal,42.24,False,Sensor battery health remains nominal after firmware update.
3213,2024-01-12 03:40:00,1,vibration,mm_s,CNC-04,machining-a,night,nominal,1.565,False,Heat-treat furnace door cycling increased localized temperature spikes.
3214,2024-01-12 03:45:00,2,temperature,celsius,FURN-02,heat-treat,night,nominal,70.171,False,Dust extraction fan offline for 18 minutes on line finishing.
3215,2024-01-12 03:50:00,3,pressure,bar,HYD-07,press-line,night,nominal,7.062,False,Pressure line purge completed before restart authorization.
3216,2024-01-12 03:55:00,4,humidity,percent,PAINT-01,finishing,night,nominal,46.856,False,Shift handoff note referenced unusual noise near press enclosure.
3217,2024-01-12 04:00:00,1,vibration,mm_s,CNC-04,machining-a,night,nominal,3.079,False,Sensor battery health remains nominal after firmware update.
3218,2024-01-12 04:05:00,2,temperature,celsius,FURN-02,heat-treat,night,warning,73.387,False,Humidity baseline improved after seal replacement.
3219,2024-01-12 04:10:00,3,pressure,bar,HYD-07,press-line,night,nominal,7.041,False,Temperature remained elevated during unscheduled overtime run.
3220,2024-01-12 04:15:00,4,humidity,percent,PAINT-01,finishing,night,nominal,47.041,False,Temperature variance narrowed after coolant nozzle cleaning.
3221,2024-01-12 04:20:00,1,vibration,mm_s,CNC-04,machining-a,night,nominal,2.337,False,Temporary gateway failover completed without data loss.
3222,2024-01-12 04:25:00,2,temperature,celsius,FURN-02,heat-treat,night,nominal,57.453,False,Night shift startup produced higher than normal vibration floor.
3223,2024-01-12 04:30:00,3,pressure,bar,HYD-07,press-line,night,nominal,8.362,False,Operator reported intermittent chatter on machine CNC-04.
3224,2024-01-12 04:35:00,4,humidity,percent,PAINT-01,finishing,night,nominal,43.617,False,Vibration baseline recovered after tool holder replacement.
3225,2024-01-12 04:40:00,1,vibration,mm_s,CNC-04,machining-a,night,nominal,3.093,False,Humidity excursion near finishing booth during coating run.
3226,2024-01-12 04:45:00,2,temperature,celsius,FURN-02,heat-treat,night,nominal,61.579,False,Maintenance scheduler deferred calibration due to spare shortage.
3227,2024-01-12 04:50:00,3,pressure,bar,HYD-07,press-line,night,nominal,8.005,False,Humidity readings track seasonal rise across late spring.
3228,2024-01-12 04:55:00,4,humidity,percent,PAINT-01,finishing,night,nominal,38.857,False,Packaging line stop reduced adjacent vibration background.
3229,2024-01-12 05:00:00,1,vibration,mm_s,CNC-04,machining-a,night,nominal,3.794,False,Humidity baseline improved after seal replacement.
3230,2024-01-12 05:05:00,2,temperature,celsius,FURN-02,heat-treat,night,nominal,59.371,False,Sensor 1 spike sequence matches historical bearing fault pattern.
3231,2024-01-12 05:10:00,3,pressure,bar,HYD-07,press-line,night,nominal,7.85,False,Pressure line purge completed before restart authorization.
3232,2024-01-12 05:15:00,4,humidity,percent,PAINT-01,finishing,night,nominal,43.491,False,Bearing temperature rising faster than baseline on spindle cell.
3233,2024-01-12 05:20:00,1,vibration,mm_s,CNC-04,machining-a,night,nominal,2.613,False,Machine throughput increase drove sustained pressure uplift.
3234,2024-01-12 05:25:00,2,temperature,celsius,FURN-02,heat-treat,night,nominal,64.804,False,Humidity climbed during dock-door open period in afternoon shift.
3235,2024-01-12 05:30:00,3,pressure,bar,HYD-07,press-line,night,nominal,6.861,False,Pressure settled back to nominal after valve reseat.
3236,2024-01-12 05:35:00,4,humidity,percent,PAINT-01,finishing,night,nominal,35.134,False,Edge collector replayed buffered events after network recovery.
3237,2024-01-12 05:40:00,1,vibration,mm_s,CNC-04,machining-a,night,warning,2.295,False,Press cycle dwell time lengthened during high-volume batch.
3238,2024-01-12 05:45:00,2,temperature,celsius,FURN-02,heat-treat,night,nominal,68.813,False,Operator reset acknowledged after red-tag inspection.
3239,2024-01-12 05:50:00,3,pressure,bar,HYD-07,press-line,night,nominal,7.479,False,Maintenance note logged for coupling imbalance inspection.
3240,2024-01-12 05:55:00,4,humidity,percent,PAINT-01,finishing,night,nominal,48.414,False,Calibration check overdue by 11 days for press-line transducer.
3241,2024-01-12 06:00:00,1,vibration,mm_s,CNC-04,machining-a,night,nominal,3.408,False,Unbalanced load introduced cyclical pressure ripple.
3242,2024-01-12 06:05:00,2,temperature,celsius,FURN-02,heat-treat,night,critical,75.89,False,Quality hold reduced finishing booth activity for one shift.
3243,2024-01-12 06:10:00,3,pressure,bar,HYD-07,press-line,night,nominal,9.011,False,Humidity baseline improved after seal replacement.
3244,2024-01-12 06:15:00,4,humidity,percent,PAINT-01,finishing,night,nominal,42.246,False,Night shift startup produced higher than normal vibration floor.
3245,2024-01-12 06:20:00,1,vibration,mm_s,CNC-04,machining-a,night,nominal,2.188,False,Ambient temperature stabilized after HVAC stage-two engagement.
3246,2024-01-12 06:25:00,2,temperature,celsius,FURN-02,heat-treat,night,nominal,62.707,False,SCADA backfill inserted two delayed telemetry points.
3247,2024-01-12 06:30:00,3,pressure,bar,HYD-07,press-line,night,nominal,8.9,False,SCADA backfill inserted two delayed telemetry points.
3248,2024-01-12 06:35:00,4,humidity,percent,PAINT-01,finishing,night,nominal,49.738,False,Unexpected resonance band appeared near 42 Hz on spindle motor.
3249,2024-01-12 06:40:00,1,vibration,mm_s,CNC-04,machining-a,night,nominal,3.691,False,Packaging line stop reduced adjacent vibration background.
3250,2024-01-12 06:45:00,2,temperature,celsius,FURN-02,heat-treat,night,critical,79.354,False,Maintenance scheduler deferred calibration due to spare shortage.
3251,2024-01-12 06:50:00,3,pressure,bar,HYD-07,press-line,night,warning,8.564,False,Short-lived packet loss observed at edge gateway gw-02.
3252,2024-01-12 06:55:00,4,humidity,percent,PAINT-01,finishing,night,nominal,39.341,False,Sensor 1 spike sequence matches historical bearing fault pattern.
3253,2024-01-12 07:00:00,1,vibration,mm_s,CNC-04,machining-a,night,nominal,2.395,False,Unbalanced load introduced cyclical pressure ripple.
3254,2024-01-12 07:05:00,2,temperature,celsius,FURN-02,heat-treat,night,warning,70.934,False,Unbalanced load introduced cyclical pressure ripple.
3255,2024-01-12 07:10:00,3,pressure,bar,HYD-07,press-line,night,nominal,7.52,False,Hydraulic accumulator recharge lag increased under repeated cycles.
3256,2024-01-12 07:15:00,4,humidity,percent,PAINT-01,finishing,night,nominal,46.895,False,Sensor signal clipping observed during startup surge.
3257,2024-01-12 07:20:00,1,vibration,mm_s,CNC-04,machining-a,night,nominal,2.305,False,Supervisory alert generated after three consecutive threshold breaches.
3258,2024-01-12 07:25:00,2,temperature,celsius,FURN-02,heat-treat,night,warning,71.099,False,Maintenance crew confirmed lubrication interval was missed.
3259,2024-01-12 07:30:00,3,pressure,bar,HYD-07,press-line,night,nominal,7.833,False,Quality team requested trace review for lot 24-118B.
3260,2024-01-12 07:35:00,4,humidity,percent,PAINT-01,finishing,night,nominal,35.359,False,Ambient temperature stabilized after HVAC stage-two engagement.
3261,2024-01-12 07:40:00,1,vibration,mm_s,CNC-04,machining-a,night,nominal,3.951,False,Air handler maintenance reduced humidity variance on finishing line.
3262,2024-01-12 07:45:00,2,temperature,celsius,FURN-02,heat-treat,night,warning,71.783,False,SCADA backfill inserted two delayed telemetry points.
3263,2024-01-12 07:50:00,3,pressure,bar,HYD-07,press-line,night,nominal,7.788,False,Sensor 1 spike sequence matches historical bearing fault pattern.
3264,2024-01-12 07:55:00,4,humidity,percent,PAINT-01,finishing,night,nominal,50.952,False,Temperature variance narrowed after coolant nozzle cleaning.
3265,2024-01-12 08:00:00,1,vibration,mm_s,CNC-04,machining-a,day,nominal,2.6,False,Transient outlier matched forklift impact near cabinet wall.
3266,2024-01-12 08:05:00,2,temperature,celsius,FURN-02,heat-treat,day,nominal,61.951,False,Maintenance scheduler deferred calibration due to spare shortage.
3267,2024-01-12 08:10:00,3,pressure,bar,HYD-07,press-line,day,nominal,7.36,False,Maintenance crew confirmed lubrication interval was missed.
3268,2024-01-12 08:15:00,4,humidity,percent,PAINT-01,finishing,day,nominal,46.161,False,Air handler maintenance reduced humidity variance on finishing line.
3269,2024-01-12 08:20:00,1,vibration,mm_s,CNC-04,machining-a,day,warning,3.292,False,Maintenance crew confirmed lubrication interval was missed.
3270,2024-01-12 08:25:00,2,temperature,celsius,FURN-02,heat-treat,day,nominal,65.649,False,Thermal ramp exceeded expected warmup curve before shift start.
3271,2024-01-12 08:30:00,3,pressure,bar,HYD-07,press-line,day,warning,7.446,False,Thermal ramp exceeded expected warmup curve before shift start.
3272,2024-01-12 08:35:00,4,humidity,percent,PAINT-01,finishing,day,nominal,42.148,False,Sensor enclosure opened for manual calibration verification.
3273,2024-01-12 08:40:00,1,vibration,mm_s,CNC-04,machining-a,day,nominal,2.386,False,Maintenance scheduler deferred calibration due to spare shortage.
3274,2024-01-12 08:45:00,2,temperature,celsius,FURN-02,heat-treat,day,nominal,63.704,False,Sensor 3 drift suspected after cross-check with manual gauge.
3275,2024-01-12 08:50:00,3,pressure,bar,HYD-07,press-line,day,nominal,7.734,False,Temporary gateway failover completed without data loss.
3276,2024-01-12 08:55:00,4,humidity,percent,PAINT-01,finishing,day,nominal,41.778,False,Sensor signal clipping observed during startup surge.
3277,2024-01-12 09:00:00,1,vibration,mm_s,CNC-04,machining-a,day,nominal,2.346,False,Press cycle dwell time lengthened during high-volume batch.
3278,2024-01-12 09:05:00,2,temperature,celsius,FURN-02,heat-treat,day,warning,71.201,False,Maintenance note logged for coupling imbalance inspection.
3279,2024-01-12 09:10:00,3,pressure,bar,HYD-07,press-line,day,nominal,6.841,False,Humidity baseline improved after seal replacement.
3280,2024-01-12 09:15:00,4,humidity,percent,PAINT-01,finishing,day,nominal,42.388,False,Heat-treat furnace door cycling increased localized temperature spikes.
3281,2024-01-12 09:20:00,1,vibration,mm_s,CNC-04,machining-a,day,nominal,0.791,False,Temperature remained elevated during unscheduled overtime run.
3282,2024-01-12 09:25:00,2,temperature,celsius,FURN-02,heat-treat,day,nominal,64.212,False,Coolant loop adjustment reduced chamber temperature spread.
3283,2024-01-12 09:30:00,3,pressure,bar,HYD-07,press-line,day,nominal,8.568,False,Pressure line purge completed before restart authorization.
3284,2024-01-12 09:35:00,4,humidity,percent,PAINT-01,finishing,day,nominal,43.953,False,Heat-treat furnace door cycling increased localized temperature spikes.
3285,2024-01-12 09:40:00,1,vibration,mm_s,CNC-04,machining-a,day,nominal,2.956,False,Sensor enclosure opened for manual calibration verification.
3286,2024-01-12 09:45:00,2,temperature,celsius,FURN-02,heat-treat,day,nominal,67.317,False,Sensor enclosure opened for manual calibration verification.
3287,2024-01-12 09:50:00,3,pressure,bar,HYD-07,press-line,day,nominal,7.712,False,Unexpected resonance band appeared near 42 Hz on spindle motor.
3288,2024-01-12 09:55:00,4,humidity,percent,PAINT-01,finishing,day,nominal,35.995,False,Operator reset acknowledged after red-tag inspection.
3289,2024-01-12 10:00:00,1,vibration,mm_s,CNC-04,machining-a,day,nominal,2.612,False,Quality team requested trace review for lot 24-118B.
3290,2024-01-12 10:05:00,2,temperature,celsius,FURN-02,heat-treat,day,nominal,65.279,False,Quality team requested trace review for lot 24-118B.
3291,2024-01-12 10:10:00,3,pressure,bar,HYD-07,press-line,day,nominal,7.474,False,Shift handoff note referenced unusual noise near press enclosure.
3292,2024-01-12 10:15:00,4,humidity,percent,PAINT-01,finishing,day,nominal,42.311,False,Sensor signal clipping observed during startup surge.
3293,2024-01-12 10:20:00,1,vibration,mm_s,CNC-04,machining-a,day,nominal,2.339,False,Telemetry quality flag downgraded during sensor self-test window.
3294,2024-01-12 10:25:00,2,temperature,celsius,FURN-02,heat-treat,day,warning,74.704,False,Hydraulic line pressure oscillation detected under load.
3295,2024-01-12 10:30:00,3,pressure,bar,HYD-07,press-line,day,nominal,6.775,False,Operator reported intermittent chatter on machine CNC-04.
3296,2024-01-12 10:35:00,4,humidity,percent,PAINT-01,finishing,day,warning,42.414,False,Unbalanced load introduced cyclical pressure ripple.
3297,2024-01-12 10:40:00,1,vibration,mm_s,CNC-04,machining-a,day,nominal,2.726,False,Press cycle dwell time lengthened during high-volume batch.
3298,2024-01-12 10:45:00,2,temperature,celsius,FURN-02,heat-treat,day,nominal,65.534,False,Hydraulic line pressure oscillation detected under load.
3299,2024-01-12 10:50:00,3,pressure,bar,HYD-07,press-line,day,nominal,8.309,False,Operator reported intermittent chatter on machine CNC-04.
3300,2024-01-12 10:55:00,4,humidity,percent,PAINT-01,finishing,day,nominal,49.056,False,Operator reported intermittent chatter on machine CNC-04.
3301,2024-01-12 11:00:00,1,vibration,mm_s,CNC-04,machining-a,day,warning,2.421,False,Anomaly review flagged possible bearing wear progression.
3302,2024-01-12 11:05:00,2,temperature,celsius,FURN-02,heat-treat,day,nominal,63.32,False,Calibration check overdue by 11 days for press-line transducer.
3303,2024-01-12 11:10:00,3,pressure,bar,HYD-07,press-line,day,nominal,7.123,False,Supervisory alert generated after three consecutive threshold breaches.
3304,2024-01-12 11:15:00,4,humidity,percent,PAINT-01,finishing,day,critical,41.364,False,Condensation warning cleared after dehumidifier ramp-up.
3305,2024-01-12 11:20:00,1,vibration,mm_s,CNC-04,machining-a,day,nominal,1.881,False,Humidity climbed during dock-door open period in afternoon shift.
3306,2024-01-12 11:25:00,2,temperature,celsius,FURN-02,heat-treat,day,nominal,70.438,False,Supervisory alert generated after three consecutive threshold breaches.
3307,2024-01-12 11:30:00,3,pressure,bar,HYD-07,press-line,day,nominal,8.113,False,Sensor 3 drift suspected after cross-check with manual gauge.
3308,2024-01-12 11:35:00,4,humidity,percent,PAINT-01,finishing,day,nominal,38.817,False,Hydraulic line pressure oscillation detected under load.
3309,2024-01-12 11:40:00,1,vibration,mm_s,CNC-04,machining-a,day,nominal,2.599,False,Machine idle period extended during planned sanitation window.
3310,2024-01-12 11:45:00,2,temperature,celsius,FURN-02,heat-treat,day,nominal,67.991,False,Coolant loop adjustment reduced chamber temperature spread.
3311,2024-01-12 11:50:00,3,pressure,bar,HYD-07,press-line,day,warning,7.227,False,Supervisory alert generated after three consecutive threshold breaches.
3312,2024-01-12 11:55:00,4,humidity,percent,PAINT-01,finishing,day,warning,43.628,False,Operator reset acknowledged after red-tag inspection.
3313,2024-01-12 12:00:00,1,vibration,mm_s,CNC-04,machining-a,day,nominal,2.295,False,Short-lived packet loss observed at edge gateway gw-02.
3314,2024-01-12 12:05:00,2,temperature,celsius,FURN-02,heat-treat,day,warning,74.591,False,Pressure line purge completed before restart authorization.
3315,2024-01-12 12:10:00,3,pressure,bar,HYD-07,press-line,day,nominal,7.874,False,Quality team requested trace review for lot 24-118B.
3316,2024-01-12 12:15:00,4,humidity,percent,PAINT-01,finishing,day,nominal,46.894,False,Vibration burst exceeds envelope during tool change cycle.
3317,2024-01-12 12:20:00,1,vibration,mm_s,CNC-04,machining-a,day,nominal,2.808,False,Temperature variance narrowed after coolant nozzle cleaning.
3318,2024-01-12 12:25:00,2,temperature,celsius,FURN-02,heat-treat,day,nominal,69.657,False,Reliability engineer tagged sample window for model retraining.
3319,2024-01-12 12:30:00,3,pressure,bar,HYD-07,press-line,day,nominal,6.966,False,Thermal overshoot event coincided with recipe change on furnace.
3320,2024-01-12 12:35:00,4,humidity,percent,PAINT-01,finishing,day,nominal,44.444,False,Air handler maintenance reduced humidity variance on finishing line.
3321,2024-01-12 12:40:00,1,vibration,mm_s,CNC-04,machining-a,day,nominal,2.246,False,Quality hold reduced finishing booth activity for one shift.
3322,2024-01-12 12:45:00,2,temperature,celsius,FURN-02,heat-treat,day,nominal,69.508,False,Reliability engineer tagged sample window for model retraining.
3323,2024-01-12 12:50:00,3,pressure,bar,HYD-07,press-line,day,nominal,7.689,False,Heat-treat furnace door cycling increased localized temperature spikes.
3324,2024-01-12 12:55:00,4,humidity,percent,PAINT-01,finishing,day,nominal,44.266,False,Pressure peak corresponds to oversized billet batch processing.
3325,2024-01-12 13:00:00,1,vibration,mm_s,CNC-04,machining-a,day,nominal,2.142,False,Ambient temperature stabilized after HVAC stage-two engagement.
3326,2024-01-12 13:05:00,2,temperature,celsius,FURN-02,heat-treat,day,warning,72.232,False,Warning threshold updated for pilot predictive-maintenance model.
3327,2024-01-12 13:10:00,3,pressure,bar,HYD-07,press-line,day,nominal,7.75,False,Short-lived packet loss observed at edge gateway gw-02.
3328,2024-01-12 13:15:00,4,humidity,percent,PAINT-01,finishing,day,nominal,44.206,False,Maintenance scheduler deferred calibration due to spare shortage.
3329,2024-01-12 13:20:00,1,vibration,mm_s,CNC-04,machining-a,day,nominal,2.101,False,Night shift startup produced higher than normal vibration floor.
3330,2024-01-12 13:25:00,2,temperature,celsius,FURN-02,heat-treat,day,nominal,70.35,False,Hydraulic accumulator recharge lag increased under repeated cycles.
3331,2024-01-12 13:30:00,3,pressure,bar,HYD-07,press-line,day,warning,7.905,False,Supervisory alert generated after three consecutive threshold breaches.
3332,2024-01-12 13:35:00,4,humidity,percent,PAINT-01,finishing,day,nominal,43.177,False,Heat-treat furnace door cycling increased localized temperature spikes.
3333,2024-01-12 13:40:00,1,vibration,mm_s,CNC-04,machining-a,day,nominal,1.914,False,Air handler maintenance reduced humidity variance on finishing line.
3334,2024-01-12 13:45:00,2,temperature,celsius,FURN-02,heat-treat,day,warning,71.846,False,Supervisory alert generated after three consecutive threshold breaches.
3335,2024-01-12 13:50:00,3,pressure,bar,HYD-07,press-line,day,nominal,8.374,False,Machine idle period extended during planned sanitation window.
3336,2024-01-12 13:55:00,4,humidity,percent,PAINT-01,finishing,day,nominal,41.177,False,Temperature remained elevated during unscheduled overtime run.
3337,2024-01-12 14:00:00,1,vibration,mm_s,CNC-04,machining-a,day,nominal,2.113,False,Pressure line purge completed before restart authorization.
3338,2024-01-12 14:05:00,2,temperature,celsius,FURN-02,heat-treat,day,warning,71.47,False,Supervisory alert generated after three consecutive threshold breaches.
3339,2024-01-12 14:10:00,3,pressure,bar,HYD-07,press-line,day,nominal,8.136,False,Supervisory alert generated after three consecutive threshold breaches.
3340,2024-01-12 14:15:00,4,humidity,percent,PAINT-01,finishing,day,nominal,40.05,False,Sensor battery health remains nominal after firmware update.
3341,2024-01-12 14:20:00,1,vibration,mm_s,CNC-04,machining-a,day,nominal,2.638,False,Thermal overshoot event coincided with recipe change on furnace.
3342,2024-01-12 14:25:00,2,temperature,celsius,FURN-02,heat-treat,day,nominal,66.808,False,Pressure peak corresponds to oversized billet batch processing.
3343,2024-01-12 14:30:00,3,pressure,bar,HYD-07,press-line,day,nominal,8.816,False,Heat-treat furnace door cycling increased localized temperature spikes.
3344,2024-01-12 14:35:00,4,humidity,percent,PAINT-01,finishing,day,nominal,44.116,False,Sensor battery health remains nominal after firmware update.
3345,2024-01-12 14:40:00,1,vibration,mm_s,CNC-04,machining-a,day,nominal,1.988,False,Coolant loop adjustment reduced chamber temperature spread.
3346,2024-01-12 14:45:00,2,temperature,celsius,FURN-02,heat-treat,day,nominal,62.881,False,Night shift startup produced higher than normal vibration floor.
3347,2024-01-12 14:50:00,3,pressure,bar,HYD-07,press-line,day,nominal,6.87,False,Quality hold reduced finishing booth activity for one shift.
3348,2024-01-12 14:55:00,4,humidity,percent,PAINT-01,finishing,day,nominal,45.604,False,Edge collector replayed buffered events after network recovery.
3349,2024-01-12 15:00:00,1,vibration,mm_s,CNC-04,machining-a,day,nominal,1.754,False,SCADA backfill inserted two delayed telemetry points.
3350,2024-01-12 15:05:00,2,temperature,celsius,FURN-02,heat-treat,day,nominal,67.489,False,Warning threshold updated for pilot predictive-maintenance model.
3351,2024-01-12 15:10:00,3,pressure,bar,HYD-07,press-line,day,nominal,9.159,False,Quality hold reduced finishing booth activity for one shift.
3352,2024-01-12 15:15:00,4,humidity,percent,PAINT-01,finishing,day,nominal,44.31,False,Pressure line purge completed before restart authorization.
3353,2024-01-12 15:20:00,1,vibration,mm_s,CNC-04,machining-a,day,nominal,2.834,False,Operator reset acknowledged after red-tag inspection.
3354,2024-01-12 15:25:00,2,temperature,celsius,FURN-02,heat-treat,day,nominal,59.258,False,Packaging line stop reduced adjacent vibration background.
3355,2024-01-12 15:30:00,3,pressure,bar,HYD-07,press-line,day,nominal,8.411,False,Calibration check overdue by 11 days for press-line transducer.
3356,2024-01-12 15:35:00,4,humidity,percent,PAINT-01,finishing,day,nominal,34.991,False,SCADA backfill inserted two delayed telemetry points.
3357,2024-01-12 15:40:00,1,vibration,mm_s,CNC-04,machining-a,day,nominal,2.324,False,Packaging line stop reduced adjacent vibration background.
3358,2024-01-12 15:45:00,2,temperature,celsius,FURN-02,heat-treat,day,nominal,64.971,False,Air handler maintenance reduced humidity variance on finishing line.
3359,2024-01-12 15:50:00,3,pressure,bar,HYD-07,press-line,day,nominal,7.512,False,Quality hold reduced finishing booth activity for one shift.
3360,2024-01-12 15:55:00,4,humidity,percent,PAINT-01,finishing,day,nominal,48.629,False,Temporary gateway failover completed without data loss.
3361,2024-01-12 16:00:00,1,vibration,mm_s,CNC-04,machining-a,swing,nominal,2.822,False,Sensor enclosure opened for manual calibration verification.
3362,2024-01-12 16:05:00,2,temperature,celsius,FURN-02,heat-treat,swing,nominal,66.512,False,Compressed air fluctuation introduced pressure noise for two cycles.
3363,2024-01-12 16:10:00,3,pressure,bar,HYD-07,press-line,swing,nominal,8.443,False,Warning threshold updated for pilot predictive-maintenance model.
3364,2024-01-12 16:15:00,4,humidity,percent,PAINT-01,finishing,swing,nominal,37.114,False,Hydraulic accumulator recharge lag increased under repeated cycles.
3365,2024-01-12 16:20:00,1,vibration,mm_s,CNC-04,machining-a,swing,nominal,2.279,False,Vibration baseline recovered after tool holder replacement.
3366,2024-01-12 16:25:00,2,temperature,celsius,FURN-02,heat-treat,swing,warning,74.131,False,Press cycle dwell time lengthened during high-volume batch.
3367,2024-01-12 16:30:00,3,pressure,bar,HYD-07,press-line,swing,nominal,8.948,False,Operator reset acknowledged after red-tag inspection.
3368,2024-01-12 16:35:00,4,humidity,percent,PAINT-01,finishing,swing,nominal,37.382,False,Humidity climbed during dock-door open period in afternoon shift.
3369,2024-01-12 16:40:00,1,vibration,mm_s,CNC-04,machining-a,swing,nominal,2.086,False,Dust extraction fan offline for 18 minutes on line finishing.
3370,2024-01-12 16:45:00,2,temperature,celsius,FURN-02,heat-treat,swing,nominal,67.61,False,Sensor battery health remains nominal after firmware update.
3371,2024-01-12 16:50:00,3,pressure,bar,HYD-07,press-line,swing,nominal,8.523,False,Temperature variance narrowed after coolant nozzle cleaning.
3372,2024-01-12 16:55:00,4,humidity,percent,PAINT-01,finishing,swing,nominal,38.753,False,Quality team requested trace review for lot 24-118B.
3373,2024-01-12 17:00:00,1,vibration,mm_s,CNC-04,machining-a,swing,nominal,1.441,False,Ambient temperature stabilized after HVAC stage-two engagement.
3374,2024-01-12 17:05:00,2,temperature,celsius,FURN-02,heat-treat,swing,critical,76.186,False,Condensation warning cleared after dehumidifier ramp-up.
3375,2024-01-12 17:10:00,3,pressure,bar,HYD-07,press-line,swing,nominal,7.158,False,Sensor signal clipping observed during startup surge.
3376,2024-01-12 17:15:00,4,humidity,percent,PAINT-01,finishing,swing,nominal,41.843,False,Air handler maintenance reduced humidity variance on finishing line.
3377,2024-01-12 17:20:00,1,vibration,mm_s,CNC-04,machining-a,swing,nominal,1.779,False,Shift handoff note referenced unusual noise near press enclosure.
3378,2024-01-12 17:25:00,2,temperature,celsius,FURN-02,heat-treat,swing,nominal,70.416,False,Humidity readings track seasonal rise across late spring.
3379,2024-01-12 17:30:00,3,pressure,bar,HYD-07,press-line,swing,nominal,7.827,False,Pressure settled back to nominal after valve reseat.
3380,2024-01-12 17:35:00,4,humidity,percent,PAINT-01,finishing,swing,warning,43.425,False,Machine throughput increase drove sustained pressure uplift.
3381,2024-01-12 17:40:00,1,vibration,mm_s,CNC-04,machining-a,swing,nominal,1.92,False,Sensor signal clipping observed during startup surge.
3382,2024-01-12 17:45:00,2,temperature,celsius,FURN-02,heat-treat,swing,nominal,60.962,False,Operator reset acknowledged after red-tag inspection.
3383,2024-01-12 17:50:00,3,pressure,bar,HYD-07,press-line,swing,warning,8.291,False,Thermal overshoot event coincided with recipe change on furnace.
3384,2024-01-12 17:55:00,4,humidity,percent,PAINT-01,finishing,swing,nominal,48.877,False,Anomaly review flagged possible bearing wear progression.
3385,2024-01-12 18:00:00,1,vibration,mm_s,CNC-04,machining-a,swing,nominal,2.555,False,Sensor signal clipping observed during startup surge.
3386,2024-01-12 18:05:00,2,temperature,celsius,FURN-02,heat-treat,swing,warning,73.461,False,Maintenance note logged for coupling imbalance inspection.
3387,2024-01-12 18:10:00,3,pressure,bar,HYD-07,press-line,swing,nominal,7.78,False,Unexpected resonance band appeared near 42 Hz on spindle motor.
3388,2024-01-12 18:15:00,4,humidity,percent,PAINT-01,finishing,swing,warning,48.954,False,Pressure peak corresponds to oversized billet batch processing.
3389,2024-01-12 18:20:00,1,vibration,mm_s,CNC-04,machining-a,swing,nominal,2.34,False,Condensation warning cleared after dehumidifier ramp-up.
3390,2024-01-12 18:25:00,2,temperature,celsius,FURN-02,heat-treat,swing,warning,72.994,False,Maintenance crew confirmed lubrication interval was missed.
3391,2024-01-12 18:30:00,3,pressure,bar,HYD-07,press-line,swing,nominal,8.086,False,Sensor heartbeat delayed by one interval after gateway retry.
3392,2024-01-12 18:35:00,4,humidity,percent,PAINT-01,finishing,swing,nominal,35.303,False,Shift handoff note referenced unusual noise near press enclosure.
3393,2024-01-12 18:40:00,1,vibration,mm_s,CNC-04,machining-a,swing,warning,1.836,False,Condensation warning cleared after dehumidifier ramp-up.
3394,2024-01-12 18:45:00,2,temperature,celsius,FURN-02,heat-treat,swing,nominal,60.754,False,Machine idle period extended during planned sanitation window.
3395,2024-01-12 18:50:00,3,pressure,bar,HYD-07,press-line,swing,nominal,8.131,False,Quality hold reduced finishing booth activity for one shift.
3396,2024-01-12 18:55:00,4,humidity,percent,PAINT-01,finishing,swing,warning,35.019,False,Heat-treat furnace door cycling increased localized temperature spikes.
3397,2024-01-12 19:00:00,1,vibration,mm_s,CNC-04,machining-a,swing,nominal,0.871,False,Vibration burst exceeds envelope during tool change cycle.
3398,2024-01-12 19:05:00,2,temperature,celsius,FURN-02,heat-treat,swing,warning,71.57,False,Pressure peak corresponds to oversized billet batch processing.
3399,2024-01-12 19:10:00,3,pressure,bar,HYD-07,press-line,swing,nominal,7.159,False,Reliability engineer tagged sample window for model retraining.
3400,2024-01-12 19:15:00,4,humidity,percent,PAINT-01,finishing,swing,nominal,49.353,False,Temporary gateway failover completed without data loss.
3401,2024-01-12 19:20:00,1,vibration,mm_s,CNC-04,machining-a,swing,nominal,2.654,False,SCADA backfill inserted two delayed telemetry points.
3402,2024-01-12 19:25:00,2,temperature,celsius,FURN-02,heat-treat,swing,warning,74.805,False,Operator reset acknowledged after red-tag inspection.
3403,2024-01-12 19:30:00,3,pressure,bar,HYD-07,press-line,swing,nominal,8.618,False,Warning threshold updated for pilot predictive-maintenance model.
3404,2024-01-12 19:35:00,4,humidity,percent,PAINT-01,finishing,swing,nominal,43.11,False,Sensor battery health remains nominal after firmware update.
3405,2024-01-12 19:40:00,1,vibration,mm_s,CNC-04,machining-a,swing,nominal,2.883,False,Transient outlier matched forklift impact near cabinet wall.
3406,2024-01-12 19:45:00,2,temperature,celsius,FURN-02,heat-treat,swing,nominal,58.663,False,Humidity climbed during dock-door open period in afternoon shift.
3407,2024-01-12 19:50:00,3,pressure,bar,HYD-07,press-line,swing,nominal,7.86,False,Quality team requested trace review for lot 24-118B.
3408,2024-01-12 19:55:00,4,humidity,percent,PAINT-01,finishing,swing,nominal,38.854,False,Vibration burst exceeds envelope during tool change cycle.
3409,2024-01-12 20:00:00,1,vibration,mm_s,CNC-04,machining-a,swing,nominal,2.931,False,Press cycle dwell time lengthened during high-volume batch.
3410,2024-01-12 20:05:00,2,temperature,celsius,FURN-02,heat-treat,swing,nominal,63.461,False,Calibration check overdue by 11 days for press-line transducer.
3411,2024-01-12 20:10:00,3,pressure,bar,HYD-07,press-line,swing,nominal,7.771,False,Thermal ramp exceeded expected warmup curve before shift start.
3412,2024-01-12 20:15:00,4,humidity,percent,PAINT-01,finishing,swing,nominal,46.911,False,Humidity climbed during dock-door open period in afternoon shift.
3413,2024-01-12 20:20:00,1,vibration,mm_s,CNC-04,machining-a,swing,nominal,1.869,False,Maintenance scheduler deferred calibration due to spare shortage.
3414,2024-01-12 20:25:00,2,temperature,celsius,FURN-02,heat-treat,swing,warning,72.588,False,Sensor 1 spike sequence matches historical bearing fault pattern.
3415,2024-01-12 20:30:00,3,pressure,bar,HYD-07,press-line,swing,nominal,7.215,False,Vibration burst exceeds envelope during tool change cycle.
3416,2024-01-12 20:35:00,4,humidity,percent,PAINT-01,finishing,swing,nominal,49.625,False,Quality team requested trace review for lot 24-118B.
3417,2024-01-12 20:40:00,1,vibration,mm_s,CNC-04,machining-a,swing,nominal,2.965,False,Sensor enclosure opened for manual calibration verification.
3418,2024-01-12 20:45:00,2,temperature,celsius,FURN-02,heat-treat,swing,nominal,67.52,False,Maintenance crew confirmed lubrication interval was missed.
3419,2024-01-12 20:50:00,3,pressure,bar,HYD-07,press-line,swing,nominal,7.643,False,Calibration check overdue by 11 days for press-line transducer.
3420,2024-01-12 20:55:00,4,humidity,percent,PAINT-01,finishing,swing,nominal,46.081,False,Telemetry quality flag downgraded during sensor self-test window.
3421,2024-01-12 21:00:00,1,vibration,mm_s,CNC-04,machining-a,swing,nominal,2.711,False,Thermal ramp exceeded expected warmup curve before shift start.
3422,2024-01-12 21:05:00,2,temperature,celsius,FURN-02,heat-treat,swing,warning,74.994,False,Maintenance note logged for coupling imbalance inspection.
3423,2024-01-12 21:10:00,3,pressure,bar,HYD-07,press-line,swing,nominal,8.409,False,Pressure line purge completed before restart authorization.
3424,2024-01-12 21:15:00,4,humidity,percent,PAINT-01,finishing,swing,nominal,40.134,False,Humidity climbed during dock-door open period in afternoon shift.
3425,2024-01-12 21:20:00,1,vibration,mm_s,CNC-04,machining-a,swing,nominal,2.709,False,Vibration baseline recovered after tool holder replacement.
3426,2024-01-12 21:25:00,2,temperature,celsius,FURN-02,heat-treat,swing,warning,72.608,False,Operator reset acknowledged after red-tag inspection.
3427,2024-01-12 21:30:00,3,pressure,bar,HYD-07,press-line,swing,nominal,7.956,False,Calibration check overdue by 11 days for press-line transducer.
3428,2024-01-12 21:35:00,4,humidity,percent,PAINT-01,finishing,swing,nominal,33.219,False,Shift handoff note referenced unusual noise near press enclosure.
3429,2024-01-12 21:40:00,1,vibration,mm_s,CNC-04,machining-a,swing,warning,2.065,False,Vibration burst exceeds envelope during tool change cycle.
3430,2024-01-12 21:45:00,2,temperature,celsius,FURN-02,heat-treat,swing,warning,72.105,False,Sensor 3 drift suspected after cross-check with manual gauge.
3431,2024-01-12 21:50:00,3,pressure,bar,HYD-07,press-line,swing,nominal,8.26,False,Maintenance crew confirmed lubrication interval was missed.
3432,2024-01-12 21:55:00,4,humidity,percent,PAINT-01,finishing,swing,nominal,46.599,False,Humidity climbed during dock-door open period in afternoon shift.
3433,2024-01-12 22:00:00,1,vibration,mm_s,CNC-04,machining-a,swing,critical,2.327,False,Compressed air fluctuation introduced pressure noise for two cycles.
3434,2024-01-12 22:05:00,2,temperature,celsius,FURN-02,heat-treat,swing,warning,73.631,False,Sensor battery health remains nominal after firmware update.
3435,2024-01-12 22:10:00,3,pressure,bar,HYD-07,press-line,swing,nominal,7.778,False,Pressure settled back to nominal after valve reseat.
3436,2024-01-12 22:15:00,4,humidity,percent,PAINT-01,finishing,swing,nominal,43.377,False,Reliability engineer tagged sample window for model retraining.
3437,2024-01-12 22:20:00,1,vibration,mm_s,CNC-04,machining-a,swing,nominal,3.407,False,Sensor signal clipping observed during startup surge.
3438,2024-01-12 22:25:00,2,temperature,celsius,FURN-02,heat-treat,swing,nominal,64.693,False,Unexpected resonance band appeared near 42 Hz on spindle motor.
3439,2024-01-12 22:30:00,3,pressure,bar,HYD-07,press-line,swing,nominal,7.857,False,Night shift startup produced higher than normal vibration floor.
3440,2024-01-12 22:35:00,4,humidity,percent,PAINT-01,finishing,swing,nominal,39.808,False,Quality hold reduced finishing booth activity for one shift.
3441,2024-01-12 22:40:00,1,vibration,mm_s,CNC-04,machining-a,swing,nominal,3.323,False,Sensor 3 drift suspected after cross-check with manual gauge.
3442,2024-01-12 22:45:00,2,temperature,celsius,FURN-02,heat-treat,swing,nominal,66.986,False,Sensor signal clipping observed during startup surge.
3443,2024-01-12 22:50:00,3,pressure,bar,HYD-07,press-line,swing,nominal,6.733,False,Maintenance note logged for coupling imbalance inspection.
3444,2024-01-12 22:55:00,4,humidity,percent,PAINT-01,finishing,swing,nominal,36.172,False,Coolant loop adjustment reduced chamber temperature spread.
3445,2024-01-12 23:00:00,1,vibration,mm_s,CNC-04,machining-a,swing,nominal,2.373,False,Quality hold reduced finishing booth activity for one shift.
3446,2024-01-12 23:05:00,2,temperature,celsius,FURN-02,heat-treat,swing,critical,77.139,False,Supervisory alert generated after three consecutive threshold breaches.
3447,2024-01-12 23:10:00,3,pressure,bar,HYD-07,press-line,swing,nominal,8.054,False,Hydraulic accumulator recharge lag increased under repeated cycles.
3448,2024-01-12 23:15:00,4,humidity,percent,PAINT-01,finishing,swing,nominal,45.122,False,Warning threshold updated for pilot predictive-maintenance model.
3449,2024-01-12 23:20:00,1,vibration,mm_s,CNC-04,machining-a,swing,nominal,2.505,False,Sensor 1 spike sequence matches historical bearing fault pattern.
3450,2024-01-12 23:25:00,2,temperature,celsius,FURN-02,heat-treat,swing,nominal,66.806,False,Packaging line stop reduced adjacent vibration background.
3451,2024-01-12 23:30:00,3,pressure,bar,HYD-07,press-line,swing,nominal,7.673,False,Bearing temperature rising faster than baseline on spindle cell.
3452,2024-01-12 23:35:00,4,humidity,percent,PAINT-01,finishing,swing,nominal,41.252,False,Warning threshold updated for pilot predictive-maintenance model.
3453,2024-01-12 23:40:00,1,vibration,mm_s,CNC-04,machining-a,swing,nominal,1.193,False,Unbalanced load introduced cyclical pressure ripple.
3454,2024-01-12 23:45:00,2,temperature,celsius,FURN-02,heat-treat,swing,warning,73.308,False,Unbalanced load introduced cyclical pressure ripple.
3455,2024-01-12 23:50:00,3,pressure,bar,HYD-07,press-line,swing,critical,8.006,False,Ambient temperature stabilized after HVAC stage-two engagement.
3456,2024-01-12 23:55:00,4,humidity,percent,PAINT-01,finishing,swing,nominal,44.835,False,Sensor battery health remains nominal after firmware update.
3457,2024-01-13 00:00:00,1,vibration,mm_s,CNC-04,machining-a,night,warning,3.162,False,Transient outlier matched forklift impact near cabinet wall.
3458,2024-01-13 00:05:00,2,temperature,celsius,FURN-02,heat-treat,night,nominal,67.594,False,Vibration burst exceeds envelope during tool change cycle.
3459,2024-01-13 00:10:00,3,pressure,bar,HYD-07,press-line,night,nominal,6.502,False,Operator reported intermittent chatter on machine CNC-04.
3460,2024-01-13 00:15:00,4,humidity,percent,PAINT-01,finishing,night,nominal,48.664,False,Warning threshold updated for pilot predictive-maintenance model.
3461,2024-01-13 00:20:00,1,vibration,mm_s,CNC-04,machining-a,night,nominal,2.91,False,Ambient temperature stabilized after HVAC stage-two engagement.
3462,2024-01-13 00:25:00,2,temperature,celsius,FURN-02,heat-treat,night,nominal,65.037,False,Operator reset acknowledged after red-tag inspection.
3463,2024-01-13 00:30:00,3,pressure,bar,HYD-07,press-line,night,nominal,9.547,False,Maintenance scheduler deferred calibration due to spare shortage.
3464,2024-01-13 00:35:00,4,humidity,percent,PAINT-01,finishing,night,nominal,40.707,False,Temporary gateway failover completed without data loss.
3465,2024-01-13 00:40:00,1,vibration,mm_s,CNC-04,machining-a,night,nominal,2.69,False,Supervisory alert generated after three consecutive threshold breaches.
3466,2024-01-13 00:45:00,2,temperature,celsius,FURN-02,heat-treat,night,nominal,64.045,False,Temperature remained elevated during unscheduled overtime run.
3467,2024-01-13 00:50:00,3,pressure,bar,HYD-07,press-line,night,nominal,7.948,False,Compressed air fluctuation introduced pressure noise for two cycles.
3468,2024-01-13 00:55:00,4,humidity,percent,PAINT-01,finishing,night,nominal,54.706,False,Humidity excursion near finishing booth during coating run.
3469,2024-01-13 01:00:00,1,vibration,mm_s,CNC-04,machining-a,night,nominal,2.169,False,Sensor heartbeat delayed by one interval after gateway retry.
3470,2024-01-13 01:05:00,2,temperature,celsius,FURN-02,heat-treat,night,warning,70.976,False,Maintenance scheduler deferred calibration due to spare shortage.
3471,2024-01-13 01:10:00,3,pressure,bar,HYD-07,press-line,night,nominal,8.2,False,Sensor enclosure opened for manual calibration verification.
3472,2024-01-13 01:15:00,4,humidity,percent,PAINT-01,finishing,night,nominal,43.557,False,Warning threshold updated for pilot predictive-maintenance model.
3473,2024-01-13 01:20:00,1,vibration,mm_s,CNC-04,machining-a,night,nominal,2.537,False,Sensor heartbeat delayed by one interval after gateway retry.
3474,2024-01-13 01:25:00,2,temperature,celsius,FURN-02,heat-treat,night,warning,74.357,False,Ambient temperature stabilized after HVAC stage-two engagement.
3475,2024-01-13 01:30:00,3,pressure,bar,HYD-07,press-line,night,nominal,8.152,False,Supervisory alert generated after three consecutive threshold breaches.
3476,2024-01-13 01:35:00,4,humidity,percent,PAINT-01,finishing,night,nominal,47.882,False,Operator reset acknowledged after red-tag inspection.
3477,2024-01-13 01:40:00,1,vibration,mm_s,CNC-04,machining-a,night,nominal,3.306,False,Operator reported intermittent chatter on machine CNC-04.
3478,2024-01-13 01:45:00,2,temperature,celsius,FURN-02,heat-treat,night,nominal,70.692,False,Humidity climbed during dock-door open period in afternoon shift.
3479,2024-01-13 01:50:00,3,pressure,bar,HYD-07,press-line,night,warning,7.695,False,Press cycle dwell time lengthened during high-volume batch.
3480,2024-01-13 01:55:00,4,humidity,percent,PAINT-01,finishing,night,nominal,41.473,False,Dust extraction fan offline for 18 minutes on line finishing.
3481,2024-01-13 02:00:00,1,vibration,mm_s,CNC-04,machining-a,night,nominal,2.699,False,Thermal ramp exceeded expected warmup curve before shift start.
3482,2024-01-13 02:05:00,2,temperature,celsius,FURN-02,heat-treat,night,nominal,69.636,False,Anomaly review flagged possible bearing wear progression.
3483,2024-01-13 02:10:00,3,pressure,bar,HYD-07,press-line,night,nominal,8.174,False,Humidity baseline improved after seal replacement.
3484,2024-01-13 02:15:00,4,humidity,percent,PAINT-01,finishing,night,nominal,47.035,False,Machine throughput increase drove sustained pressure uplift.
3485,2024-01-13 02:20:00,1,vibration,mm_s,CNC-04,machining-a,night,nominal,3.947,False,Calibration check overdue by 11 days for press-line transducer.
3486,2024-01-13 02:25:00,2,temperature,celsius,FURN-02,heat-treat,night,nominal,63.325,False,Sensor signal clipping observed during startup surge.
3487,2024-01-13 02:30:00,3,pressure,bar,HYD-07,press-line,night,nominal,8.672,False,Short-lived packet loss observed at edge gateway gw-02.
3488,2024-01-13 02:35:00,4,humidity,percent,PAINT-01,finishing,night,nominal,39.607,False,Pressure settled back to nominal after valve reseat.
3489,2024-01-13 02:40:00,1,vibration,mm_s,CNC-04,machining-a,night,nominal,2.946,False,Vibration harmonics broadened during extended production run.
3490,2024-01-13 02:45:00,2,temperature,celsius,FURN-02,heat-treat,night,nominal,68.499,False,Temperature variance narrowed after coolant nozzle cleaning.
3491,2024-01-13 02:50:00,3,pressure,bar,HYD-07,press-line,night,nominal,8.016,False,Machine idle period extended during planned sanitation window.
3492,2024-01-13 02:55:00,4,humidity,percent,PAINT-01,finishing,night,nominal,47.397,False,Quality team requested trace review for lot 24-118B.
3493,2024-01-13 03:00:00,1,vibration,mm_s,CNC-04,machining-a,night,nominal,1.995,False,Unbalanced load introduced cyclical pressure ripple.
3494,2024-01-13 03:05:00,2,temperature,celsius,FURN-02,heat-treat,night,nominal,69.308,False,Shift handoff note referenced unusual noise near press enclosure.
3495,2024-01-13 03:10:00,3,pressure,bar,HYD-07,press-line,night,nominal,8.458,False,Pressure settled back to nominal after valve reseat.
3496,2024-01-13 03:15:00,4,humidity,percent,PAINT-01,finishing,night,nominal,56.571,False,Air handler maintenance reduced humidity variance on finishing line.
3497,2024-01-13 03:20:00,1,vibration,mm_s,CNC-04,machining-a,night,nominal,2.274,False,Press cycle dwell time lengthened during high-volume batch.
3498,2024-01-13 03:25:00,2,temperature,celsius,FURN-02,heat-treat,night,nominal,64.538,False,Sensor signal clipping observed during startup surge.
3499,2024-01-13 03:30:00,3,pressure,bar,HYD-07,press-line,night,nominal,8.4,False,Warning threshold updated for pilot predictive-maintenance model.
3500,2024-01-13 03:35:00,4,humidity,percent,PAINT-01,finishing,night,nominal,38.683,False,Humidity climbed during dock-door open period in afternoon shift.
3501,2024-01-13 03:40:00,1,vibration,mm_s,CNC-04,machining-a,night,nominal,2.11,False,Sensor 3 drift suspected after cross-check with manual gauge.
3502,2024-01-13 03:45:00,2,temperature,celsius,FURN-02,heat-treat,night,nominal,70.452,False,Dust extraction fan offline for 18 minutes on line finishing.
3503,2024-01-13 03:50:00,3,pressure,bar,HYD-07,press-line,night,nominal,8.359,False,Quality hold reduced finishing booth activity for one shift.
3504,2024-01-13 03:55:00,4,humidity,percent,PAINT-01,finishing,night,nominal,32.489,False,Unbalanced load introduced cyclical pressure ripple.
3505,2024-01-13 04:00:00,1,vibration,mm_s,CNC-04,machining-a,night,nominal,2.972,False,Packaging line stop reduced adjacent vibration background.
3506,2024-01-13 04:05:00,2,temperature,celsius,FURN-02,heat-treat,night,nominal,65.399,False,Sensor battery health remains nominal after firmware update.
3507,2024-01-13 04:10:00,3,pressure,bar,HYD-07,press-line,night,nominal,9.103,False,Humidity excursion near finishing booth during coating run.
3508,2024-01-13 04:15:00,4,humidity,percent,PAINT-01,finishing,night,nominal,41.072,False,Sensor 3 drift suspected after cross-check with manual gauge.
3509,2024-01-13 04:20:00,1,vibration,mm_s,CNC-04,machining-a,night,nominal,3.134,False,Coolant loop adjustment reduced chamber temperature spread.
3510,2024-01-13 04:25:00,2,temperature,celsius,FURN-02,heat-treat,night,nominal,66.735,False,Hydraulic line pressure oscillation detected under load.
3511,2024-01-13 04:30:00,3,pressure,bar,HYD-07,press-line,night,warning,8.129,False,SCADA backfill inserted two delayed telemetry points.
3512,2024-01-13 04:35:00,4,humidity,percent,PAINT-01,finishing,night,nominal,45.61,False,Vibration burst exceeds envelope during tool change cycle.
3513,2024-01-13 04:40:00,1,vibration,mm_s,CNC-04,machining-a,night,critical,3.444,False,Thermal overshoot event coincided with recipe change on furnace.
3514,2024-01-13 04:45:00,2,temperature,celsius,FURN-02,heat-treat,night,warning,71.984,False,Pressure peak corresponds to oversized billet batch processing.
3515,2024-01-13 04:50:00,3,pressure,bar,HYD-07,press-line,night,nominal,7.85,False,SCADA backfill inserted two delayed telemetry points.
3516,2024-01-13 04:55:00,4,humidity,percent,PAINT-01,finishing,night,nominal,44.575,False,Temperature variance narrowed after coolant nozzle cleaning.
3517,2024-01-13 05:00:00,1,vibration,mm_s,CNC-04,machining-a,night,nominal,2.317,False,Compressed air fluctuation introduced pressure noise for two cycles.
3518,2024-01-13 05:05:00,2,temperature,celsius,FURN-02,heat-treat,night,warning,75.7,False,Maintenance scheduler deferred calibration due to spare shortage.
3519,2024-01-13 05:10:00,3,pressure,bar,HYD-07,press-line,night,nominal,7.872,False,Sensor signal clipping observed during startup surge.
3520,2024-01-13 05:15:00,4,humidity,percent,PAINT-01,finishing,night,nominal,42.017,False,Reliability engineer tagged sample window for model retraining.
3521,2024-01-13 05:20:00,1,vibration,mm_s,CNC-04,machining-a,night,nominal,2.757,False,Pressure peak corresponds to oversized billet batch processing.
3522,2024-01-13 05:25:00,2,temperature,celsius,FURN-02,heat-treat,night,warning,75.309,False,Operator reset acknowledged after red-tag inspection.
3523,2024-01-13 05:30:00,3,pressure,bar,HYD-07,press-line,night,nominal,8.166,False,Coolant loop adjustment reduced chamber temperature spread.
3524,2024-01-13 05:35:00,4,humidity,percent,PAINT-01,finishing,night,nominal,49.5,False,SCADA backfill inserted two delayed telemetry points.
3525,2024-01-13 05:40:00,1,vibration,mm_s,CNC-04,machining-a,night,nominal,3.204,False,Edge collector replayed buffered events after network recovery.
3526,2024-01-13 05:45:00,2,temperature,celsius,FURN-02,heat-treat,night,nominal,67.873,False,Pressure line purge completed before restart authorization.
3527,2024-01-13 05:50:00,3,pressure,bar,HYD-07,press-line,night,nominal,7.021,False,Condensation warning cleared after dehumidifier ramp-up.
3528,2024-01-13 05:55:00,4,humidity,percent,PAINT-01,finishing,night,nominal,41.865,False,Air handler maintenance reduced humidity variance on finishing line.
3529,2024-01-13 06:00:00,1,vibration,mm_s,CNC-04,machining-a,night,nominal,3.352,False,Operator reported intermittent chatter on machine CNC-04.
3530,2024-01-13 06:05:00,2,temperature,celsius,FURN-02,heat-treat,night,warning,70.983,False,Humidity baseline improved after seal replacement.
3531,2024-01-13 06:10:00,3,pressure,bar,HYD-07,press-line,night,nominal,8.81,False,Thermal overshoot event coincided with recipe change on furnace.
3532,2024-01-13 06:15:00,4,humidity,percent,PAINT-01,finishing,night,nominal,48.532,False,Sensor enclosure opened for manual calibration verification.
3533,2024-01-13 06:20:00,1,vibration,mm_s,CNC-04,machining-a,night,nominal,1.823,False,Shift handoff note referenced unusual noise near press enclosure.
3534,2024-01-13 06:25:00,2,temperature,celsius,FURN-02,heat-treat,night,warning,71.373,False,Air handler maintenance reduced humidity variance on finishing line.
3535,2024-01-13 06:30:00,3,pressure,bar,HYD-07,press-line,night,nominal,7.741,False,Pressure line purge completed before restart authorization.
3536,2024-01-13 06:35:00,4,humidity,percent,PAINT-01,finishing,night,nominal,42.243,False,Pressure settled back to nominal after valve reseat.
3537,2024-01-13 06:40:00,1,vibration,mm_s,CNC-04,machining-a,night,nominal,2.841,False,Humidity climbed during dock-door open period in afternoon shift.
3538,2024-01-13 06:45:00,2,temperature,celsius,FURN-02,heat-treat,night,warning,71.347,False,Hydraulic line pressure oscillation detected under load.
3539,2024-01-13 06:50:00,3,pressure,bar,HYD-07,press-line,night,nominal,7.84,False,Reliability engineer tagged sample window for model retraining.
3540,2024-01-13 06:55:00,4,humidity,percent,PAINT-01,finishing,night,nominal,39.648,False,Short-lived packet loss observed at edge gateway gw-02.
3541,2024-01-13 07:00:00,1,vibration,mm_s,CNC-04,machining-a,night,nominal,1.844,False,Ambient temperature stabilized after HVAC stage-two engagement.
3542,2024-01-13 07:05:00,2,temperature,celsius,FURN-02,heat-treat,night,nominal,69.096,False,Calibration check overdue by 11 days for press-line transducer.
3543,2024-01-13 07:10:00,3,pressure,bar,HYD-07,press-line,night,nominal,7.053,False,Pressure settled back to nominal after valve reseat.
3544,2024-01-13 07:15:00,4,humidity,percent,PAINT-01,finishing,night,nominal,44.725,False,Humidity climbed during dock-door open period in afternoon shift.
3545,2024-01-13 07:20:00,1,vibration,mm_s,CNC-04,machining-a,night,nominal,2.169,False,Vibration baseline recovered after tool holder replacement.
3546,2024-01-13 07:25:00,2,temperature,celsius,FURN-02,heat-treat,night,warning,74.359,False,Hydraulic accumulator recharge lag increased under repeated cycles.
3547,2024-01-13 07:30:00,3,pressure,bar,HYD-07,press-line,night,nominal,7.971,False,Quality hold reduced finishing booth activity for one shift.
3548,2024-01-13 07:35:00,4,humidity,percent,PAINT-01,finishing,night,critical,44.985,False,Pressure peak corresponds to oversized billet batch processing.
3549,2024-01-13 07:40:00,1,vibration,mm_s,CNC-04,machining-a,night,nominal,1.781,False,Temperature variance narrowed after coolant nozzle cleaning.
3550,2024-01-13 07:45:00,2,temperature,celsius,FURN-02,heat-treat,night,nominal,65.771,False,Vibration baseline recovered after tool holder replacement.
3551,2024-01-13 07:50:00,3,pressure,bar,HYD-07,press-line,night,nominal,7.019,False,Machine throughput increase drove sustained pressure uplift.
3552,2024-01-13 07:55:00,4,humidity,percent,PAINT-01,finishing,night,nominal,53.461,False,Hydraulic accumulator recharge lag increased under repeated cycles.
3553,2024-01-13 08:00:00,1,vibration,mm_s,CNC-04,machining-a,day,nominal,1.908,False,Maintenance crew confirmed lubrication interval was missed.
3554,2024-01-13 08:05:00,2,temperature,celsius,FURN-02,heat-treat,day,nominal,63.147,False,Pressure settled back to nominal after valve reseat.
3555,2024-01-13 08:10:00,3,pressure,bar,HYD-07,press-line,day,nominal,6.556,False,Pressure peak corresponds to oversized billet batch processing.
3556,2024-01-13 08:15:00,4,humidity,percent,PAINT-01,finishing,day,nominal,46.029,False,Ambient temperature stabilized after HVAC stage-two engagement.
3557,2024-01-13 08:20:00,1,vibration,mm_s,CNC-04,machining-a,day,nominal,1.453,False,Pressure line purge completed before restart authorization.
3558,2024-01-13 08:25:00,2,temperature,celsius,FURN-02,heat-treat,day,warning,69.877,False,Humidity baseline improved after seal replacement.
3559,2024-01-13 08:30:00,3,pressure,bar,HYD-07,press-line,day,nominal,7.175,False,Transient outlier matched forklift impact near cabinet wall.
3560,2024-01-13 08:35:00,4,humidity,percent,PAINT-01,finishing,day,nominal,45.28,False,Sensor enclosure opened for manual calibration verification.
3561,2024-01-13 08:40:00,1,vibration,mm_s,CNC-04,machining-a,day,nominal,1.6,False,Short-lived packet loss observed at edge gateway gw-02.
3562,2024-01-13 08:45:00,2,temperature,celsius,FURN-02,heat-treat,day,nominal,66.885,False,Pressure peak corresponds to oversized billet batch processing.
3563,2024-01-13 08:50:00,3,pressure,bar,HYD-07,press-line,day,nominal,7.49,False,Supervisory alert generated after three consecutive threshold breaches.
3564,2024-01-13 08:55:00,4,humidity,percent,PAINT-01,finishing,day,nominal,44.467,False,Sensor 1 spike sequence matches historical bearing fault pattern.
3565,2024-01-13 09:00:00,1,vibration,mm_s,CNC-04,machining-a,day,warning,1.752,False,Heat-treat furnace door cycling increased localized temperature spikes.
3566,2024-01-13 09:05:00,2,temperature,celsius,FURN-02,heat-treat,day,critical,76.914,False,Unexpected resonance band appeared near 42 Hz on spindle motor.
3567,2024-01-13 09:10:00,3,pressure,bar,HYD-07,press-line,day,nominal,7.093,False,Coolant loop adjustment reduced chamber temperature spread.
3568,2024-01-13 09:15:00,4,humidity,percent,PAINT-01,finishing,day,nominal,41.076,False,Operator reset acknowledged after red-tag inspection.
3569,2024-01-13 09:20:00,1,vibration,mm_s,CNC-04,machining-a,day,nominal,2.417,False,Operator reset acknowledged after red-tag inspection.
3570,2024-01-13 09:25:00,2,temperature,celsius,FURN-02,heat-treat,day,nominal,66.195,False,Short-lived packet loss observed at edge gateway gw-02.
3571,2024-01-13 09:30:00,3,pressure,bar,HYD-07,press-line,day,nominal,7.836,False,Vibration baseline recovered after tool holder replacement.
3572,2024-01-13 09:35:00,4,humidity,percent,PAINT-01,finishing,day,nominal,42.671,False,Sensor heartbeat delayed by one interval after gateway retry.
3573,2024-01-13 09:40:00,1,vibration,mm_s,CNC-04,machining-a,day,nominal,2.269,False,Operator reset acknowledged after red-tag inspection.
3574,2024-01-13 09:45:00,2,temperature,celsius,FURN-02,heat-treat,day,warning,72.944,False,Machine throughput increase drove sustained pressure uplift.
3575,2024-01-13 09:50:00,3,pressure,bar,HYD-07,press-line,day,nominal,8.447,False,Thermal ramp exceeded expected warmup curve before shift start.
3576,2024-01-13 09:55:00,4,humidity,percent,PAINT-01,finishing,day,nominal,41.27,False,Packaging line stop reduced adjacent vibration background.
3577,2024-01-13 10:00:00,1,vibration,mm_s,CNC-04,machining-a,day,nominal,1.346,False,Calibration check overdue by 11 days for press-line transducer.
3578,2024-01-13 10:05:00,2,temperature,celsius,FURN-02,heat-treat,day,nominal,70.423,False,Dust extraction fan offline for 18 minutes on line finishing.
3579,2024-01-13 10:10:00,3,pressure,bar,HYD-07,press-line,day,nominal,7.792,False,Packaging line stop reduced adjacent vibration background.
3580,2024-01-13 10:15:00,4,humidity,percent,PAINT-01,finishing,day,nominal,44.557,False,Vibration baseline recovered after tool holder replacement.
3581,2024-01-13 10:20:00,1,vibration,mm_s,CNC-04,machining-a,day,nominal,3.758,False,Hydraulic line pressure oscillation detected under load.
3582,2024-01-13 10:25:00,2,temperature,celsius,FURN-02,heat-treat,day,nominal,61.998,False,Quality hold reduced finishing booth activity for one shift.
3583,2024-01-13 10:30:00,3,pressure,bar,HYD-07,press-line,day,nominal,6.209,False,Air handler maintenance reduced humidity variance on finishing line.
3584,2024-01-13 10:35:00,4,humidity,percent,PAINT-01,finishing,day,nominal,36.214,False,Telemetry quality flag downgraded during sensor self-test window.
3585,2024-01-13 10:40:00,1,vibration,mm_s,CNC-04,machining-a,day,nominal,1.981,False,Warning threshold updated for pilot predictive-maintenance model.
3586,2024-01-13 10:45:00,2,temperature,celsius,FURN-02,heat-treat,day,warning,70.967,False,Unexpected resonance band appeared near 42 Hz on spindle motor.
3587,2024-01-13 10:50:00,3,pressure,bar,HYD-07,press-line,day,nominal,7.638,False,Vibration burst exceeds envelope during tool change cycle.
3588,2024-01-13 10:55:00,4,humidity,percent,PAINT-01,finishing,day,nominal,35.235,False,Temporary gateway failover completed without data loss.
3589,2024-01-13 11:00:00,1,vibration,mm_s,CNC-04,machining-a,day,nominal,1.519,False,Pressure peak corresponds to oversized billet batch processing.
3590,2024-01-13 11:05:00,2,temperature,celsius,FURN-02,heat-treat,day,nominal,65.365,False,Quality hold reduced finishing booth activity for one shift.
3591,2024-01-13 11:10:00,3,pressure,bar,HYD-07,press-line,day,nominal,8.027,False,Operator reset acknowledged after red-tag inspection.
3592,2024-01-13 11:15:00,4,humidity,percent,PAINT-01,finishing,day,nominal,40.124,False,Hydraulic line pressure oscillation detected under load.
3593,2024-01-13 11:20:00,1,vibration,mm_s,CNC-04,machining-a,day,nominal,2.57,False,Ambient temperature stabilized after HVAC stage-two engagement.
3594,2024-01-13 11:25:00,2,temperature,celsius,FURN-02,heat-treat,day,critical,79.111,False,Packaging line stop reduced adjacent vibration background.
3595,2024-01-13 11:30:00,3,pressure,bar,HYD-07,press-line,day,nominal,7.409,False,Short-lived packet loss observed at edge gateway gw-02.
3596,2024-01-13 11:35:00,4,humidity,percent,PAINT-01,finishing,day,critical,39.561,False,Humidity climbed during dock-door open period in afternoon shift.
3597,2024-01-13 11:40:00,1,vibration,mm_s,CNC-04,machining-a,day,nominal,2.247,False,Operator reported intermittent chatter on machine CNC-04.
3598,2024-01-13 11:45:00,2,temperature,celsius,FURN-02,heat-treat,day,nominal,64.749,False,Pressure settled back to nominal after valve reseat.
3599,2024-01-13 11:50:00,3,pressure,bar,HYD-07,press-line,day,warning,7.855,False,Temperature remained elevated during unscheduled overtime run.
3600,2024-01-13 11:55:00,4,humidity,percent,PAINT-01,finishing,day,nominal,45.35,False,Vibration baseline recovered after tool holder replacement.
3601,2024-01-13 12:00:00,1,vibration,mm_s,CNC-04,machining-a,day,nominal,1.803,False,Humidity readings track seasonal rise across late spring.
3602,2024-01-13 12:05:00,2,temperature,celsius,FURN-02,heat-treat,day,nominal,64.15,False,Telemetry quality flag downgraded during sensor self-test window.
3603,2024-01-13 12:10:00,3,pressure,bar,HYD-07,press-line,day,nominal,7.822,False,Sensor 1 spike sequence matches historical bearing fault pattern.
3604,2024-01-13 12:15:00,4,humidity,percent,PAINT-01,finishing,day,nominal,41.025,False,Quality hold reduced finishing booth activity for one shift.
3605,2024-01-13 12:20:00,1,vibration,mm_s,CNC-04,machining-a,day,warning,2.465,False,Vibration burst exceeds envelope during tool change cycle.
3606,2024-01-13 12:25:00,2,temperature,celsius,FURN-02,heat-treat,day,nominal,58.483,False,Quality team requested trace review for lot 24-118B.
3607,2024-01-13 12:30:00,3,pressure,bar,HYD-07,press-line,day,nominal,6.935,False,Hydraulic accumulator recharge lag increased under repeated cycles.
3608,2024-01-13 12:35:00,4,humidity,percent,PAINT-01,finishing,day,nominal,46.525,False,Operator reset acknowledged after red-tag inspection.
3609,2024-01-13 12:40:00,1,vibration,mm_s,CNC-04,machining-a,day,nominal,1.88,False,Temperature variance narrowed after coolant nozzle cleaning.
3610,2024-01-13 12:45:00,2,temperature,celsius,FURN-02,heat-treat,day,nominal,64.858,False,Sensor enclosure opened for manual calibration verification.
3611,2024-01-13 12:50:00,3,pressure,bar,HYD-07,press-line,day,nominal,8.433,False,Telemetry quality flag downgraded during sensor self-test window.
3612,2024-01-13 12:55:00,4,humidity,percent,PAINT-01,finishing,day,nominal,40.669,False,Operator reported intermittent chatter on machine CNC-04.
3613,2024-01-13 13:00:00,1,vibration,mm_s,CNC-04,machining-a,day,nominal,2.087,False,Bearing temperature rising faster than baseline on spindle cell.
3614,2024-01-13 13:05:00,2,temperature,celsius,FURN-02,heat-treat,day,warning,71.574,False,Sensor enclosure opened for manual calibration verification.
3615,2024-01-13 13:10:00,3,pressure,bar,HYD-07,press-line,day,nominal,7.462,False,Humidity baseline improved after seal replacement.
3616,2024-01-13 13:15:00,4,humidity,percent,PAINT-01,finishing,day,nominal,54.856,False,Pressure settled back to nominal after valve reseat.
3617,2024-01-13 13:20:00,1,vibration,mm_s,CNC-04,machining-a,day,nominal,3.056,False,Hydraulic accumulator recharge lag increased under repeated cycles.
3618,2024-01-13 13:25:00,2,temperature,celsius,FURN-02,heat-treat,day,nominal,63.665,False,Vibration baseline recovered after tool holder replacement.
3619,2024-01-13 13:30:00,3,pressure,bar,HYD-07,press-line,day,nominal,7.436,False,Packaging line stop reduced adjacent vibration background.
3620,2024-01-13 13:35:00,4,humidity,percent,PAINT-01,finishing,day,warning,42.533,False,Temperature variance narrowed after coolant nozzle cleaning.
3621,2024-01-13 13:40:00,1,vibration,mm_s,CNC-04,machining-a,day,nominal,2.318,False,Pressure line purge completed before restart authorization.
3622,2024-01-13 13:45:00,2,temperature,celsius,FURN-02,heat-treat,day,nominal,70.624,False,Quality hold reduced finishing booth activity for one shift.
3623,2024-01-13 13:50:00,3,pressure,bar,HYD-07,press-line,day,nominal,7.944,False,Quality hold reduced finishing booth activity for one shift.
3624,2024-01-13 13:55:00,4,humidity,percent,PAINT-01,finishing,day,nominal,45.835,False,Pressure line purge completed before restart authorization.
3625,2024-01-13 14:00:00,1,vibration,mm_s,CNC-04,machining-a,day,nominal,2.588,False,Vibration harmonics broadened during extended production run.
3626,2024-01-13 14:05:00,2,temperature,celsius,FURN-02,heat-treat,day,nominal,69.47,False,Unexpected resonance band appeared near 42 Hz on spindle motor.
3627,2024-01-13 14:10:00,3,pressure,bar,HYD-07,press-line,day,nominal,6.607,False,Maintenance note logged for coupling imbalance inspection.
3628,2024-01-13 14:15:00,4,humidity,percent,PAINT-01,finishing,day,nominal,40.644,False,Dust extraction fan offline for 18 minutes on line finishing.
3629,2024-01-13 14:20:00,1,vibration,mm_s,CNC-04,machining-a,day,nominal,1.963,False,Packaging line stop reduced adjacent vibration background.
3630,2024-01-13 14:25:00,2,temperature,celsius,FURN-02,heat-treat,day,nominal,63.919,False,Pressure line purge completed before restart authorization.
3631,2024-01-13 14:30:00,3,pressure,bar,HYD-07,press-line,day,nominal,8.473,False,SCADA backfill inserted two delayed telemetry points.
3632,2024-01-13 14:35:00,4,humidity,percent,PAINT-01,finishing,day,warning,41.727,False,Operator reported intermittent chatter on machine CNC-04.
3633,2024-01-13 14:40:00,1,vibration,mm_s,CNC-04,machining-a,day,nominal,2.334,False,Vibration harmonics broadened during extended production run.
3634,2024-01-13 14:45:00,2,temperature,celsius,FURN-02,heat-treat,day,nominal,67.775,False,Humidity climbed during dock-door open period in afternoon shift.
3635,2024-01-13 14:50:00,3,pressure,bar,HYD-07,press-line,day,nominal,7.011,False,Condensation warning cleared after dehumidifier ramp-up.
3636,2024-01-13 14:55:00,4,humidity,percent,PAINT-01,finishing,day,nominal,45.979,False,Sensor 1 spike sequence matches historical bearing fault pattern.
3637,2024-01-13 15:00:00,1,vibration,mm_s,CNC-04,machining-a,day,nominal,1.826,False,Shift handoff note referenced unusual noise near press enclosure.
3638,2024-01-13 15:05:00,2,temperature,celsius,FURN-02,heat-treat,day,nominal,64.074,False,Humidity baseline improved after seal replacement.
3639,2024-01-13 15:10:00,3,pressure,bar,HYD-07,press-line,day,nominal,8.826,False,Maintenance note logged for coupling imbalance inspection.
3640,2024-01-13 15:15:00,4,humidity,percent,PAINT-01,finishing,day,nominal,43.887,False,Vibration baseline recovered after tool holder replacement.
3641,2024-01-13 15:20:00,1,vibration,mm_s,CNC-04,machining-a,day,nominal,1.802,False,Thermal ramp exceeded expected warmup curve before shift start.
3642,2024-01-13 15:25:00,2,temperature,celsius,FURN-02,heat-treat,day,warning,72.177,False,Humidity excursion near finishing booth during coating run.
3643,2024-01-13 15:30:00,3,pressure,bar,HYD-07,press-line,day,nominal,8.382,False,Humidity climbed during dock-door open period in afternoon shift.
3644,2024-01-13 15:35:00,4,humidity,percent,PAINT-01,finishing,day,nominal,47.535,False,Unbalanced load introduced cyclical pressure ripple.
3645,2024-01-13 15:40:00,1,vibration,mm_s,CNC-04,machining-a,day,nominal,2.023,False,Vibration burst exceeds envelope during tool change cycle.
3646,2024-01-13 15:45:00,2,temperature,celsius,FURN-02,heat-treat,day,nominal,60.114,False,Sensor signal clipping observed during startup surge.
3647,2024-01-13 15:50:00,3,pressure,bar,HYD-07,press-line,day,nominal,6.993,False,Sensor enclosure opened for manual calibration verification.
3648,2024-01-13 15:55:00,4,humidity,percent,PAINT-01,finishing,day,nominal,48.981,False,Anomaly review flagged possible bearing wear progression.
3649,2024-01-13 16:00:00,1,vibration,mm_s,CNC-04,machining-a,swing,nominal,1.868,False,Operator reported intermittent chatter on machine CNC-04.
3650,2024-01-13 16:05:00,2,temperature,celsius,FURN-02,heat-treat,swing,warning,71.631,False,Temperature variance narrowed after coolant nozzle cleaning.
3651,2024-01-13 16:10:00,3,pressure,bar,HYD-07,press-line,swing,nominal,7.867,False,Pressure settled back to nominal after valve reseat.
3652,2024-01-13 16:15:00,4,humidity,percent,PAINT-01,finishing,swing,nominal,54.2,False,Ambient temperature stabilized after HVAC stage-two engagement.
3653,2024-01-13 16:20:00,1,vibration,mm_s,CNC-04,machining-a,swing,nominal,2.821,False,Coolant loop adjustment reduced chamber temperature spread.
3654,2024-01-13 16:25:00,2,temperature,celsius,FURN-02,heat-treat,swing,nominal,65.066,False,Reliability engineer tagged sample window for model retraining.
3655,2024-01-13 16:30:00,3,pressure,bar,HYD-07,press-line,swing,nominal,7.029,False,Operator reset acknowledged after red-tag inspection.
3656,2024-01-13 16:35:00,4,humidity,percent,PAINT-01,finishing,swing,nominal,47.497,False,Unbalanced load introduced cyclical pressure ripple.
3657,2024-01-13 16:40:00,1,vibration,mm_s,CNC-04,machining-a,swing,nominal,2.569,False,Vibration harmonics broadened during extended production run.
3658,2024-01-13 16:45:00,2,temperature,celsius,FURN-02,heat-treat,swing,nominal,68.84,False,Operator reported intermittent chatter on machine CNC-04.
3659,2024-01-13 16:50:00,3,pressure,bar,HYD-07,press-line,swing,nominal,6.939,False,Press cycle dwell time lengthened during high-volume batch.
3660,2024-01-13 16:55:00,4,humidity,percent,PAINT-01,finishing,swing,nominal,44.094,False,Telemetry quality flag downgraded during sensor self-test window.
3661,2024-01-13 17:00:00,1,vibration,mm_s,CNC-04,machining-a,swing,nominal,0.989,False,Thermal ramp exceeded expected warmup curve before shift start.
3662,2024-01-13 17:05:00,2,temperature,celsius,FURN-02,heat-treat,swing,nominal,70.413,False,Temperature variance narrowed after coolant nozzle cleaning.
3663,2024-01-13 17:10:00,3,pressure,bar,HYD-07,press-line,swing,nominal,6.026,False,Quality team requested trace review for lot 24-118B.
3664,2024-01-13 17:15:00,4,humidity,percent,PAINT-01,finishing,swing,nominal,41.859,False,Short-lived packet loss observed at edge gateway gw-02.
3665,2024-01-13 17:20:00,1,vibration,mm_s,CNC-04,machining-a,swing,nominal,3.198,False,Sensor heartbeat delayed by one interval after gateway retry.
3666,2024-01-13 17:25:00,2,temperature,celsius,FURN-02,heat-treat,swing,nominal,68.952,False,Packaging line stop reduced adjacent vibration background.
3667,2024-01-13 17:30:00,3,pressure,bar,HYD-07,press-line,swing,nominal,8.062,False,Telemetry quality flag downgraded during sensor self-test window.
3668,2024-01-13 17:35:00,4,humidity,percent,PAINT-01,finishing,swing,nominal,40.402,False,Supervisory alert generated after three consecutive threshold breaches.
3669,2024-01-13 17:40:00,1,vibration,mm_s,CNC-04,machining-a,swing,nominal,2.603,False,Supervisory alert generated after three consecutive threshold breaches.
3670,2024-01-13 17:45:00,2,temperature,celsius,FURN-02,heat-treat,swing,critical,77.596,False,Machine throughput increase drove sustained pressure uplift.
3671,2024-01-13 17:50:00,3,pressure,bar,HYD-07,press-line,swing,nominal,7.353,False,Press cycle dwell time lengthened during high-volume batch.
3672,2024-01-13 17:55:00,4,humidity,percent,PAINT-01,finishing,swing,nominal,41.852,False,Temperature variance narrowed after coolant nozzle cleaning.
3673,2024-01-13 18:00:00,1,vibration,mm_s,CNC-04,machining-a,swing,nominal,2.88,False,Vibration harmonics broadened during extended production run.
3674,2024-01-13 18:05:00,2,temperature,celsius,FURN-02,heat-treat,swing,nominal,66.439,False,Telemetry quality flag downgraded during sensor self-test window.
3675,2024-01-13 18:10:00,3,pressure,bar,HYD-07,press-line,swing,nominal,8.16,False,Operator reported intermittent chatter on machine CNC-04.
3676,2024-01-13 18:15:00,4,humidity,percent,PAINT-01,finishing,swing,nominal,44.994,False,Maintenance crew confirmed lubrication interval was missed.
3677,2024-01-13 18:20:00,1,vibration,mm_s,CNC-04,machining-a,swing,nominal,2.156,False,Dust extraction fan offline for 18 minutes on line finishing.
3678,2024-01-13 18:25:00,2,temperature,celsius,FURN-02,heat-treat,swing,nominal,62.161,False,Thermal overshoot event coincided with recipe change on furnace.
3679,2024-01-13 18:30:00,3,pressure,bar,HYD-07,press-line,swing,nominal,7.797,False,Machine idle period extended during planned sanitation window.
3680,2024-01-13 18:35:00,4,humidity,percent,PAINT-01,finishing,swing,nominal,49.749,False,Telemetry quality flag downgraded during sensor self-test window.
3681,2024-01-13 18:40:00,1,vibration,mm_s,CNC-04,machining-a,swing,nominal,1.428,False,Vibration baseline recovered after tool holder replacement.
3682,2024-01-13 18:45:00,2,temperature,celsius,FURN-02,heat-treat,swing,critical,78.098,False,Bearing temperature rising faster than baseline on spindle cell.
3683,2024-01-13 18:50:00,3,pressure,bar,HYD-07,press-line,swing,nominal,6.859,False,Maintenance scheduler deferred calibration due to spare shortage.
3684,2024-01-13 18:55:00,4,humidity,percent,PAINT-01,finishing,swing,nominal,45.755,False,Operator reported intermittent chatter on machine CNC-04.
3685,2024-01-13 19:00:00,1,vibration,mm_s,CNC-04,machining-a,swing,nominal,1.522,False,Temporary gateway failover completed without data loss.
3686,2024-01-13 19:05:00,2,temperature,celsius,FURN-02,heat-treat,swing,nominal,69.992,False,Temperature remained elevated during unscheduled overtime run.
3687,2024-01-13 19:10:00,3,pressure,bar,HYD-07,press-line,swing,nominal,8.197,False,Condensation warning cleared after dehumidifier ramp-up.
3688,2024-01-13 19:15:00,4,humidity,percent,PAINT-01,finishing,swing,warning,42.491,False,Machine throughput increase drove sustained pressure uplift.
3689,2024-01-13 19:20:00,1,vibration,mm_s,CNC-04,machining-a,swing,nominal,3.189,False,Anomaly review flagged possible bearing wear progression.
3690,2024-01-13 19:25:00,2,temperature,celsius,FURN-02,heat-treat,swing,nominal,69.016,False,Sensor enclosure opened for manual calibration verification.
3691,2024-01-13 19:30:00,3,pressure,bar,HYD-07,press-line,swing,nominal,7.988,False,Calibration check overdue by 11 days for press-line transducer.
3692,2024-01-13 19:35:00,4,humidity,percent,PAINT-01,finishing,swing,nominal,37.922,False,Pressure peak corresponds to oversized billet batch processing.
3693,2024-01-13 19:40:00,1,vibration,mm_s,CNC-04,machining-a,swing,nominal,1.355,False,Pressure peak corresponds to oversized billet batch processing.
3694,2024-01-13 19:45:00,2,temperature,celsius,FURN-02,heat-treat,swing,critical,78.419,False,Warning threshold updated for pilot predictive-maintenance model.
3695,2024-01-13 19:50:00,3,pressure,bar,HYD-07,press-line,swing,nominal,7.338,False,Pressure settled back to nominal after valve reseat.
3696,2024-01-13 19:55:00,4,humidity,percent,PAINT-01,finishing,swing,nominal,39.991,False,Bearing temperature rising faster than baseline on spindle cell.
3697,2024-01-13 20:00:00,1,vibration,mm_s,CNC-04,machining-a,swing,nominal,1.455,False,Machine idle period extended during planned sanitation window.
3698,2024-01-13 20:05:00,2,temperature,celsius,FURN-02,heat-treat,swing,nominal,62.453,False,Maintenance note logged for coupling imbalance inspection.
3699,2024-01-13 20:10:00,3,pressure,bar,HYD-07,press-line,swing,nominal,8.284,False,Press cycle dwell time lengthened during high-volume batch.
3700,2024-01-13 20:15:00,4,humidity,percent,PAINT-01,finishing,swing,nominal,45.0,False,Telemetry quality flag downgraded during sensor self-test window.
3701,2024-01-13 20:20:00,1,vibration,mm_s,CNC-04,machining-a,swing,nominal,2.012,False,Pressure settled back to nominal after valve reseat.
3702,2024-01-13 20:25:00,2,temperature,celsius,FURN-02,heat-treat,swing,nominal,67.972,False,Short-lived packet loss observed at edge gateway gw-02.
3703,2024-01-13 20:30:00,3,pressure,bar,HYD-07,press-line,swing,nominal,7.474,False,Transient outlier matched forklift impact near cabinet wall.
3704,2024-01-13 20:35:00,4,humidity,percent,PAINT-01,finishing,swing,nominal,46.714,False,Vibration harmonics broadened during extended production run.
3705,2024-01-13 20:40:00,1,vibration,mm_s,CNC-04,machining-a,swing,nominal,1.488,False,Thermal overshoot event coincided with recipe change on furnace.
3706,2024-01-13 20:45:00,2,temperature,celsius,FURN-02,heat-treat,swing,nominal,63.468,False,Sensor heartbeat delayed by one interval after gateway retry.
3707,2024-01-13 20:50:00,3,pressure,bar,HYD-07,press-line,swing,nominal,7.139,False,Shift handoff note referenced unusual noise near press enclosure.
3708,2024-01-13 20:55:00,4,humidity,percent,PAINT-01,finishing,swing,nominal,48.649,False,Sensor heartbeat delayed by one interval after gateway retry.
3709,2024-01-13 21:00:00,1,vibration,mm_s,CNC-04,machining-a,swing,nominal,2.543,False,Humidity baseline improved after seal replacement.
3710,2024-01-13 21:05:00,2,temperature,celsius,FURN-02,heat-treat,swing,nominal,67.866,False,Sensor enclosure opened for manual calibration verification.
3711,2024-01-13 21:10:00,3,pressure,bar,HYD-07,press-line,swing,nominal,7.526,False,Vibration harmonics broadened during extended production run.
3712,2024-01-13 21:15:00,4,humidity,percent,PAINT-01,finishing,swing,nominal,48.645,False,Maintenance crew confirmed lubrication interval was missed.
3713,2024-01-13 21:20:00,1,vibration,mm_s,CNC-04,machining-a,swing,critical,2.586,False,Hydraulic line pressure oscillation detected under load.
3714,2024-01-13 21:25:00,2,temperature,celsius,FURN-02,heat-treat,swing,nominal,61.921,False,Anomaly review flagged possible bearing wear progression.
3715,2024-01-13 21:30:00,3,pressure,bar,HYD-07,press-line,swing,nominal,7.41,False,Maintenance scheduler deferred calibration due to spare shortage.
3716,2024-01-13 21:35:00,4,humidity,percent,PAINT-01,finishing,swing,nominal,38.875,False,Press cycle dwell time lengthened during high-volume batch.
3717,2024-01-13 21:40:00,1,vibration,mm_s,CNC-04,machining-a,swing,nominal,2.478,False,Sensor 1 spike sequence matches historical bearing fault pattern.
3718,2024-01-13 21:45:00,2,temperature,celsius,FURN-02,heat-treat,swing,nominal,68.774,False,Pressure peak corresponds to oversized billet batch processing.
3719,2024-01-13 21:50:00,3,pressure,bar,HYD-07,press-line,swing,warning,6.685,False,Temperature variance narrowed after coolant nozzle cleaning.
3720,2024-01-13 21:55:00,4,humidity,percent,PAINT-01,finishing,swing,nominal,40.451,False,Shift handoff note referenced unusual noise near press enclosure.
3721,2024-01-13 22:00:00,1,vibration,mm_s,CNC-04,machining-a,swing,nominal,1.912,False,Press cycle dwell time lengthened during high-volume batch.
3722,2024-01-13 22:05:00,2,temperature,celsius,FURN-02,heat-treat,swing,nominal,68.451,False,Operator reported intermittent chatter on machine CNC-04.
3723,2024-01-13 22:10:00,3,pressure,bar,HYD-07,press-line,swing,nominal,5.936,False,Operator reported intermittent chatter on machine CNC-04.
3724,2024-01-13 22:15:00,4,humidity,percent,PAINT-01,finishing,swing,nominal,48.193,False,Bearing temperature rising faster than baseline on spindle cell.
3725,2024-01-13 22:20:00,1,vibration,mm_s,CNC-04,machining-a,swing,nominal,2.409,False,Machine idle period extended during planned sanitation window.
3726,2024-01-13 22:25:00,2,temperature,celsius,FURN-02,heat-treat,swing,nominal,68.223,False,Temperature remained elevated during unscheduled overtime run.
3727,2024-01-13 22:30:00,3,pressure,bar,HYD-07,press-line,swing,warning,8.72,False,Quality hold reduced finishing booth activity for one shift.
3728,2024-01-13 22:35:00,4,humidity,percent,PAINT-01,finishing,swing,nominal,49.134,False,Shift handoff note referenced unusual noise near press enclosure.
3729,2024-01-13 22:40:00,1,vibration,mm_s,CNC-04,machining-a,swing,nominal,3.231,False,Dust extraction fan offline for 18 minutes on line finishing.
3730,2024-01-13 22:45:00,2,temperature,celsius,FURN-02,heat-treat,swing,nominal,58.173,False,Maintenance scheduler deferred calibration due to spare shortage.
3731,2024-01-13 22:50:00,3,pressure,bar,HYD-07,press-line,swing,warning,8.386,False,Heat-treat furnace door cycling increased localized temperature spikes.
3732,2024-01-13 22:55:00,4,humidity,percent,PAINT-01,finishing,swing,nominal,43.883,False,Thermal ramp exceeded expected warmup curve before shift start.
3733,2024-01-13 23:00:00,1,vibration,mm_s,CNC-04,machining-a,swing,nominal,1.461,False,Humidity excursion near finishing booth during coating run.
3734,2024-01-13 23:05:00,2,temperature,celsius,FURN-02,heat-treat,swing,warning,71.843,False,Dust extraction fan offline for 18 minutes on line finishing.
3735,2024-01-13 23:10:00,3,pressure,bar,HYD-07,press-line,swing,nominal,8.611,False,Humidity excursion near finishing booth during coating run.
3736,2024-01-13 23:15:00,4,humidity,percent,PAINT-01,finishing,swing,warning,51.935,False,Temperature remained elevated during unscheduled overtime run.
3737,2024-01-13 23:20:00,1,vibration,mm_s,CNC-04,machining-a,swing,nominal,2.864,False,Shift handoff note referenced unusual noise near press enclosure.
3738,2024-01-13 23:25:00,2,temperature,celsius,FURN-02,heat-treat,swing,nominal,67.354,False,Telemetry quality flag downgraded during sensor self-test window.
3739,2024-01-13 23:30:00,3,pressure,bar,HYD-07,press-line,swing,nominal,8.236,False,Humidity excursion near finishing booth during coating run.
3740,2024-01-13 23:35:00,4,humidity,percent,PAINT-01,finishing,swing,nominal,49.665,False,Operator reset acknowledged after red-tag inspection.
3741,2024-01-13 23:40:00,1,vibration,mm_s,CNC-04,machining-a,swing,nominal,2.694,False,Humidity baseline improved after seal replacement.
3742,2024-01-13 23:45:00,2,temperature,celsius,FURN-02,heat-treat,swing,critical,80.223,False,Sensor 3 drift suspected after cross-check with manual gauge.
3743,2024-01-13 23:50:00,3,pressure,bar,HYD-07,press-line,swing,nominal,7.381,False,Thermal ramp exceeded expected warmup curve before shift start.
3744,2024-01-13 23:55:00,4,humidity,percent,PAINT-01,finishing,swing,nominal,47.311,False,Sensor enclosure opened for manual calibration verification.
3745,2024-01-14 00:00:00,1,vibration,mm_s,CNC-04,machining-a,night,nominal,2.442,False,Condensation warning cleared after dehumidifier ramp-up.
3746,2024-01-14 00:05:00,2,temperature,celsius,FURN-02,heat-treat,night,nominal,66.535,False,Hydraulic accumulator recharge lag increased under repeated cycles.
3747,2024-01-14 00:10:00,3,pressure,bar,HYD-07,press-line,night,nominal,7.786,False,Operator reported intermittent chatter on machine CNC-04.
3748,2024-01-14 00:15:00,4,humidity,percent,PAINT-01,finishing,night,nominal,45.92,False,Bearing temperature rising faster than baseline on spindle cell.
3749,2024-01-14 00:20:00,1,vibration,mm_s,CNC-04,machining-a,night,nominal,2.592,False,Pressure line purge completed before restart authorization.
3750,2024-01-14 00:25:00,2,temperature,celsius,FURN-02,heat-treat,night,nominal,65.795,False,Humidity climbed during dock-door open period in afternoon shift.
3751,2024-01-14 00:30:00,3,pressure,bar,HYD-07,press-line,night,nominal,7.5,False,Operator reported intermittent chatter on machine CNC-04.
3752,2024-01-14 00:35:00,4,humidity,percent,PAINT-01,finishing,night,nominal,35.659,False,Vibration baseline recovered after tool holder replacement.
3753,2024-01-14 00:40:00,1,vibration,mm_s,CNC-04,machining-a,night,nominal,2.696,False,Humidity readings track seasonal rise across late spring.
3754,2024-01-14 00:45:00,2,temperature,celsius,FURN-02,heat-treat,night,nominal,69.387,False,Condensation warning cleared after dehumidifier ramp-up.
3755,2024-01-14 00:50:00,3,pressure,bar,HYD-07,press-line,night,nominal,8.252,False,Sensor 3 drift suspected after cross-check with manual gauge.
3756,2024-01-14 00:55:00,4,humidity,percent,PAINT-01,finishing,night,nominal,39.525,False,Ambient temperature stabilized after HVAC stage-two engagement.
3757,2024-01-14 01:00:00,1,vibration,mm_s,CNC-04,machining-a,night,nominal,1.963,False,Machine throughput increase drove sustained pressure uplift.
3758,2024-01-14 01:05:00,2,temperature,celsius,FURN-02,heat-treat,night,nominal,63.112,False,Sensor battery health remains nominal after firmware update.
3759,2024-01-14 01:10:00,3,pressure,bar,HYD-07,press-line,night,warning,8.207,False,Pressure peak corresponds to oversized billet batch processing.
3760,2024-01-14 01:15:00,4,humidity,percent,PAINT-01,finishing,night,nominal,43.721,False,Vibration baseline recovered after tool holder replacement.
3761,2024-01-14 01:20:00,1,vibration,mm_s,CNC-04,machining-a,night,critical,1.602,False,Sensor 1 spike sequence matches historical bearing fault pattern.
3762,2024-01-14 01:25:00,2,temperature,celsius,FURN-02,heat-treat,night,warning,74.183,False,Pressure line purge completed before restart authorization.
3763,2024-01-14 01:30:00,3,pressure,bar,HYD-07,press-line,night,nominal,7.677,False,Humidity climbed during dock-door open period in afternoon shift.
3764,2024-01-14 01:35:00,4,humidity,percent,PAINT-01,finishing,night,nominal,52.271,False,Machine idle period extended during planned sanitation window.
3765,2024-01-14 01:40:00,1,vibration,mm_s,CNC-04,machining-a,night,nominal,2.999,False,Humidity climbed during dock-door open period in afternoon shift.
3766,2024-01-14 01:45:00,2,temperature,celsius,FURN-02,heat-treat,night,nominal,64.47,False,Vibration burst exceeds envelope during tool change cycle.
3767,2024-01-14 01:50:00,3,pressure,bar,HYD-07,press-line,night,nominal,8.185,False,Bearing temperature rising faster than baseline on spindle cell.
3768,2024-01-14 01:55:00,4,humidity,percent,PAINT-01,finishing,night,nominal,50.822,False,Pressure settled back to nominal after valve reseat.
3769,2024-01-14 02:00:00,1,vibration,mm_s,CNC-04,machining-a,night,nominal,1.815,False,Night shift startup produced higher than normal vibration floor.
3770,2024-01-14 02:05:00,2,temperature,celsius,FURN-02,heat-treat,night,nominal,64.957,False,Humidity readings track seasonal rise across late spring.
3771,2024-01-14 02:10:00,3,pressure,bar,HYD-07,press-line,night,warning,8.654,False,Press cycle dwell time lengthened during high-volume batch.
3772,2024-01-14 02:15:00,4,humidity,percent,PAINT-01,finishing,night,warning,40.678,False,Bearing temperature rising faster than baseline on spindle cell.
3773,2024-01-14 02:20:00,1,vibration,mm_s,CNC-04,machining-a,night,nominal,1.899,False,Maintenance crew confirmed lubrication interval was missed.
3774,2024-01-14 02:25:00,2,temperature,celsius,FURN-02,heat-treat,night,warning,72.474,False,Sensor battery health remains nominal after firmware update.
3775,2024-01-14 02:30:00,3,pressure,bar,HYD-07,press-line,night,nominal,7.898,False,Quality hold reduced finishing booth activity for one shift.
3776,2024-01-14 02:35:00,4,humidity,percent,PAINT-01,finishing,night,nominal,49.057,False,Temporary gateway failover completed without data loss.
3777,2024-01-14 02:40:00,1,vibration,mm_s,CNC-04,machining-a,night,nominal,2.216,False,Transient outlier matched forklift impact near cabinet wall.
3778,2024-01-14 02:45:00,2,temperature,celsius,FURN-02,heat-treat,night,nominal,69.876,False,Edge collector replayed buffered events after network recovery.
3779,2024-01-14 02:50:00,3,pressure,bar,HYD-07,press-line,night,nominal,7.144,False,Telemetry quality flag downgraded during sensor self-test window.
3780,2024-01-14 02:55:00,4,humidity,percent,PAINT-01,finishing,night,warning,39.733,False,Sensor signal clipping observed during startup surge.
3781,2024-01-14 03:00:00,1,vibration,mm_s,CNC-04,machining-a,night,nominal,2.656,False,Supervisory alert generated after three consecutive threshold breaches.
3782,2024-01-14 03:05:00,2,temperature,celsius,FURN-02,heat-treat,night,nominal,69.791,False,Operator reset acknowledged after red-tag inspection.
3783,2024-01-14 03:10:00,3,pressure,bar,HYD-07,press-line,night,warning,8.197,False,Reliability engineer tagged sample window for model retraining.
3784,2024-01-14 03:15:00,4,humidity,percent,PAINT-01,finishing,night,nominal,31.103,False,Maintenance crew confirmed lubrication interval was missed.
3785,2024-01-14 03:20:00,1,vibration,mm_s,CNC-04,machining-a,night,nominal,2.225,False,Shift handoff note referenced unusual noise near press enclosure.
3786,2024-01-14 03:25:00,2,temperature,celsius,FURN-02,heat-treat,night,warning,62.805,False,Heat-treat furnace door cycling increased localized temperature spikes.
3787,2024-01-14 03:30:00,3,pressure,bar,HYD-07,press-line,night,warning,7.105,False,Maintenance note logged for coupling imbalance inspection.
3788,2024-01-14 03:35:00,4,humidity,percent,PAINT-01,finishing,night,nominal,53.845,False,Short-lived packet loss observed at edge gateway gw-02.
3789,2024-01-14 03:40:00,1,vibration,mm_s,CNC-04,machining-a,night,nominal,2.102,False,Calibration check overdue by 11 days for press-line transducer.
3790,2024-01-14 03:45:00,2,temperature,celsius,FURN-02,heat-treat,night,warning,73.296,False,Unexpected resonance band appeared near 42 Hz on spindle motor.
3791,2024-01-14 03:50:00,3,pressure,bar,HYD-07,press-line,night,nominal,7.374,False,Dust extraction fan offline for 18 minutes on line finishing.
3792,2024-01-14 03:55:00,4,humidity,percent,PAINT-01,finishing,night,nominal,33.058,False,Reliability engineer tagged sample window for model retraining.
3793,2024-01-14 04:00:00,1,vibration,mm_s,CNC-04,machining-a,night,nominal,3.024,False,Operator reported intermittent chatter on machine CNC-04.
3794,2024-01-14 04:05:00,2,temperature,celsius,FURN-02,heat-treat,night,nominal,64.285,False,Telemetry quality flag downgraded during sensor self-test window.
3795,2024-01-14 04:10:00,3,pressure,bar,HYD-07,press-line,night,nominal,8.08,False,Warning threshold updated for pilot predictive-maintenance model.
3796,2024-01-14 04:15:00,4,humidity,percent,PAINT-01,finishing,night,nominal,29.969,False,Air handler maintenance reduced humidity variance on finishing line.
3797,2024-01-14 04:20:00,1,vibration,mm_s,CNC-04,machining-a,night,nominal,2.317,False,Unexpected resonance band appeared near 42 Hz on spindle motor.
3798,2024-01-14 04:25:00,2,temperature,celsius,FURN-02,heat-treat,night,nominal,61.164,False,Compressed air fluctuation introduced pressure noise for two cycles.
3799,2024-01-14 04:30:00,3,pressure,bar,HYD-07,press-line,night,nominal,8.302,False,Bearing temperature rising faster than baseline on spindle cell.
3800,2024-01-14 04:35:00,4,humidity,percent,PAINT-01,finishing,night,nominal,45.432,False,Thermal ramp exceeded expected warmup curve before shift start.
3801,2024-01-14 04:40:00,1,vibration,mm_s,CNC-04,machining-a,night,nominal,2.061,False,Maintenance crew confirmed lubrication interval was missed.
3802,2024-01-14 04:45:00,2,temperature,celsius,FURN-02,heat-treat,night,nominal,70.591,False,Condensation warning cleared after dehumidifier ramp-up.
3803,2024-01-14 04:50:00,3,pressure,bar,HYD-07,press-line,night,nominal,7.962,False,Compressed air fluctuation introduced pressure noise for two cycles.
3804,2024-01-14 04:55:00,4,humidity,percent,PAINT-01,finishing,night,nominal,42.614,False,Maintenance crew confirmed lubrication interval was missed.
3805,2024-01-14 05:00:00,1,vibration,mm_s,CNC-04,machining-a,night,nominal,2.717,False,Sensor enclosure opened for manual calibration verification.
3806,2024-01-14 05:05:00,2,temperature,celsius,FURN-02,heat-treat,night,nominal,67.961,False,Vibration burst exceeds envelope during tool change cycle.
3807,2024-01-14 05:10:00,3,pressure,bar,HYD-07,press-line,night,nominal,7.242,False,Calibration check overdue by 11 days for press-line transducer.
3808,2024-01-14 05:15:00,4,humidity,percent,PAINT-01,finishing,night,nominal,45.949,False,Vibration harmonics broadened during extended production run.
3809,2024-01-14 05:20:00,1,vibration,mm_s,CNC-04,machining-a,night,warning,2.532,False,Pressure peak corresponds to oversized billet batch processing.
3810,2024-01-14 05:25:00,2,temperature,celsius,FURN-02,heat-treat,night,nominal,67.853,False,Ambient temperature stabilized after HVAC stage-two engagement.
3811,2024-01-14 05:30:00,3,pressure,bar,HYD-07,press-line,night,nominal,9.71,False,Heat-treat furnace door cycling increased localized temperature spikes.
3812,2024-01-14 05:35:00,4,humidity,percent,PAINT-01,finishing,night,nominal,53.482,False,Vibration burst exceeds envelope during tool change cycle.
3813,2024-01-14 05:40:00,1,vibration,mm_s,CNC-04,machining-a,night,nominal,2.516,False,Temperature variance narrowed after coolant nozzle cleaning.
3814,2024-01-14 05:45:00,2,temperature,celsius,FURN-02,heat-treat,night,warning,71.941,False,Condensation warning cleared after dehumidifier ramp-up.
3815,2024-01-14 05:50:00,3,pressure,bar,HYD-07,press-line,night,nominal,7.561,False,Pressure peak corresponds to oversized billet batch processing.
3816,2024-01-14 05:55:00,4,humidity,percent,PAINT-01,finishing,night,nominal,49.053,False,Edge collector replayed buffered events after network recovery.
3817,2024-01-14 06:00:00,1,vibration,mm_s,CNC-04,machining-a,night,nominal,2.744,False,Transient outlier matched forklift impact near cabinet wall.
3818,2024-01-14 06:05:00,2,temperature,celsius,FURN-02,heat-treat,night,nominal,67.492,False,Ambient temperature stabilized after HVAC stage-two engagement.
3819,2024-01-14 06:10:00,3,pressure,bar,HYD-07,press-line,night,nominal,8.196,False,Temperature remained elevated during unscheduled overtime run.
3820,2024-01-14 06:15:00,4,humidity,percent,PAINT-01,finishing,night,nominal,46.967,False,Heat-treat furnace door cycling increased localized temperature spikes.
3821,2024-01-14 06:20:00,1,vibration,mm_s,CNC-04,machining-a,night,nominal,2.424,False,SCADA backfill inserted two delayed telemetry points.
3822,2024-01-14 06:25:00,2,temperature,celsius,FURN-02,heat-treat,night,nominal,61.06,False,Temperature remained elevated during unscheduled overtime run.
3823,2024-01-14 06:30:00,3,pressure,bar,HYD-07,press-line,night,nominal,7.52,False,Hydraulic accumulator recharge lag increased under repeated cycles.
3824,2024-01-14 06:35:00,4,humidity,percent,PAINT-01,finishing,night,nominal,39.839,False,Transient outlier matched forklift impact near cabinet wall.
3825,2024-01-14 06:40:00,1,vibration,mm_s,CNC-04,machining-a,night,nominal,2.965,False,Short-lived packet loss observed at edge gateway gw-02.
3826,2024-01-14 06:45:00,2,temperature,celsius,FURN-02,heat-treat,night,nominal,67.404,False,Pressure peak corresponds to oversized billet batch processing.
3827,2024-01-14 06:50:00,3,pressure,bar,HYD-07,press-line,night,nominal,7.289,False,Anomaly review flagged possible bearing wear progression.
3828,2024-01-14 06:55:00,4,humidity,percent,PAINT-01,finishing,night,nominal,41.704,False,Vibration baseline recovered after tool holder replacement.
3829,2024-01-14 07:00:00,1,vibration,mm_s,CNC-04,machining-a,night,warning,1.714,False,Bearing temperature rising faster than baseline on spindle cell.
3830,2024-01-14 07:05:00,2,temperature,celsius,FURN-02,heat-treat,night,nominal,70.228,False,Temperature variance narrowed after coolant nozzle cleaning.
3831,2024-01-14 07:10:00,3,pressure,bar,HYD-07,press-line,night,nominal,7.934,False,Thermal ramp exceeded expected warmup curve before shift start.
3832,2024-01-14 07:15:00,4,humidity,percent,PAINT-01,finishing,night,nominal,47.105,False,Hydraulic accumulator recharge lag increased under repeated cycles.
3833,2024-01-14 07:20:00,1,vibration,mm_s,CNC-04,machining-a,night,nominal,3.183,False,Bearing temperature rising faster than baseline on spindle cell.
3834,2024-01-14 07:25:00,2,temperature,celsius,FURN-02,heat-treat,night,nominal,69.736,False,Pressure settled back to nominal after valve reseat.
3835,2024-01-14 07:30:00,3,pressure,bar,HYD-07,press-line,night,nominal,7.613,False,Ambient temperature stabilized after HVAC stage-two engagement.
3836,2024-01-14 07:35:00,4,humidity,percent,PAINT-01,finishing,night,nominal,42.048,False,Humidity excursion near finishing booth during coating run.
3837,2024-01-14 07:40:00,1,vibration,mm_s,CNC-04,machining-a,night,nominal,1.998,False,Bearing temperature rising faster than baseline on spindle cell.
3838,2024-01-14 07:45:00,2,temperature,celsius,FURN-02,heat-treat,night,nominal,68.129,False,SCADA backfill inserted two delayed telemetry points.
3839,2024-01-14 07:50:00,3,pressure,bar,HYD-07,press-line,night,nominal,7.962,False,Vibration burst exceeds envelope during tool change cycle.
3840,2024-01-14 07:55:00,4,humidity,percent,PAINT-01,finishing,night,nominal,48.215,False,Operator reported intermittent chatter on machine CNC-04.
3841,2024-01-14 08:00:00,1,vibration,mm_s,CNC-04,machining-a,day,nominal,1.35,False,Night shift startup produced higher than normal vibration floor.
3842,2024-01-14 08:05:00,2,temperature,celsius,FURN-02,heat-treat,day,critical,79.535,False,Maintenance scheduler deferred calibration due to spare shortage.
3843,2024-01-14 08:10:00,3,pressure,bar,HYD-07,press-line,day,nominal,7.224,False,Humidity excursion near finishing booth during coating run.
3844,2024-01-14 08:15:00,4,humidity,percent,PAINT-01,finishing,day,nominal,45.081,False,Transient outlier matched forklift impact near cabinet wall.
3845,2024-01-14 08:20:00,1,vibration,mm_s,CNC-04,machining-a,day,warning,1.816,False,Air handler maintenance reduced humidity variance on finishing line.
3846,2024-01-14 08:25:00,2,temperature,celsius,FURN-02,heat-treat,day,critical,76.155,False,Quality hold reduced finishing booth activity for one shift.
3847,2024-01-14 08:30:00,3,pressure,bar,HYD-07,press-line,day,nominal,7.738,False,Maintenance scheduler deferred calibration due to spare shortage.
3848,2024-01-14 08:35:00,4,humidity,percent,PAINT-01,finishing,day,nominal,42.982,False,Humidity readings track seasonal rise across late spring.
3849,2024-01-14 08:40:00,1,vibration,mm_s,CNC-04,machining-a,day,nominal,2.058,False,Warning threshold updated for pilot predictive-maintenance model.
3850,2024-01-14 08:45:00,2,temperature,celsius,FURN-02,heat-treat,day,nominal,63.283,False,Operator reset acknowledged after red-tag inspection.
3851,2024-01-14 08:50:00,3,pressure,bar,HYD-07,press-line,day,nominal,7.162,False,Transient outlier matched forklift impact near cabinet wall.
3852,2024-01-14 08:55:00,4,humidity,percent,PAINT-01,finishing,day,nominal,49.578,False,Telemetry quality flag downgraded during sensor self-test window.
3853,2024-01-14 09:00:00,1,vibration,mm_s,CNC-04,machining-a,day,nominal,1.846,False,Vibration burst exceeds envelope during tool change cycle.
3854,2024-01-14 09:05:00,2,temperature,celsius,FURN-02,heat-treat,day,nominal,62.526,False,Heat-treat furnace door cycling increased localized temperature spikes.
3855,2024-01-14 09:10:00,3,pressure,bar,HYD-07,press-line,day,nominal,8.35,False,Short-lived packet loss observed at edge gateway gw-02.
3856,2024-01-14 09:15:00,4,humidity,percent,PAINT-01,finishing,day,nominal,42.748,False,Hydraulic accumulator recharge lag increased under repeated cycles.
3857,2024-01-14 09:20:00,1,vibration,mm_s,CNC-04,machining-a,day,nominal,1.719,False,Transient outlier matched forklift impact near cabinet wall.
3858,2024-01-14 09:25:00,2,temperature,celsius,FURN-02,heat-treat,day,warning,74.656,False,Heat-treat furnace door cycling increased localized temperature spikes.
3859,2024-01-14 09:30:00,3,pressure,bar,HYD-07,press-line,day,nominal,7.844,False,Sensor signal clipping observed during startup surge.
3860,2024-01-14 09:35:00,4,humidity,percent,PAINT-01,finishing,day,nominal,37.132,False,Humidity climbed during dock-door open period in afternoon shift.
3861,2024-01-14 09:40:00,1,vibration,mm_s,CNC-04,machining-a,day,nominal,2.806,False,Humidity climbed during dock-door open period in afternoon shift.
3862,2024-01-14 09:45:00,2,temperature,celsius,FURN-02,heat-treat,day,warning,73.484,False,Condensation warning cleared after dehumidifier ramp-up.
3863,2024-01-14 09:50:00,3,pressure,bar,HYD-07,press-line,day,nominal,7.568,False,Compressed air fluctuation introduced pressure noise for two cycles.
3864,2024-01-14 09:55:00,4,humidity,percent,PAINT-01,finishing,day,nominal,50.176,False,Hydraulic accumulator recharge lag increased under repeated cycles.
3865,2024-01-14 10:00:00,1,vibration,mm_s,CNC-04,machining-a,day,warning,1.771,False,Hydraulic accumulator recharge lag increased under repeated cycles.
3866,2024-01-14 10:05:00,2,temperature,celsius,FURN-02,heat-treat,day,warning,75.348,False,Sensor battery health remains nominal after firmware update.
3867,2024-01-14 10:10:00,3,pressure,bar,HYD-07,press-line,day,nominal,7.639,False,Hydraulic accumulator recharge lag increased under repeated cycles.
3868,2024-01-14 10:15:00,4,humidity,percent,PAINT-01,finishing,day,nominal,44.005,False,Vibration baseline recovered after tool holder replacement.
3869,2024-01-14 10:20:00,1,vibration,mm_s,CNC-04,machining-a,day,nominal,1.008,False,Pressure peak corresponds to oversized billet batch processing.
3870,2024-01-14 10:25:00,2,temperature,celsius,FURN-02,heat-treat,day,nominal,66.692,False,Hydraulic accumulator recharge lag increased under repeated cycles.
3871,2024-01-14 10:30:00,3,pressure,bar,HYD-07,press-line,day,nominal,7.405,False,Telemetry quality flag downgraded during sensor self-test window.
3872,2024-01-14 10:35:00,4,humidity,percent,PAINT-01,finishing,day,nominal,42.848,False,Packaging line stop reduced adjacent vibration background.
3873,2024-01-14 10:40:00,1,vibration,mm_s,CNC-04,machining-a,day,nominal,2.057,False,Dust extraction fan offline for 18 minutes on line finishing.
3874,2024-01-14 10:45:00,2,temperature,celsius,FURN-02,heat-treat,day,nominal,67.97,False,Press cycle dwell time lengthened during high-volume batch.
3875,2024-01-14 10:50:00,3,pressure,bar,HYD-07,press-line,day,critical,7.728,False,Pressure settled back to nominal after valve reseat.
3876,2024-01-14 10:55:00,4,humidity,percent,PAINT-01,finishing,day,nominal,43.35,False,Telemetry quality flag downgraded during sensor self-test window.
3877,2024-01-14 11:00:00,1,vibration,mm_s,CNC-04,machining-a,day,nominal,3.375,False,Quality hold reduced finishing booth activity for one shift.
3878,2024-01-14 11:05:00,2,temperature,celsius,FURN-02,heat-treat,day,warning,60.69,False,Operator reset acknowledged after red-tag inspection.
3879,2024-01-14 11:10:00,3,pressure,bar,HYD-07,press-line,day,nominal,8.623,False,Hydraulic accumulator recharge lag increased under repeated cycles.
3880,2024-01-14 11:15:00,4,humidity,percent,PAINT-01,finishing,day,nominal,41.121,False,Dust extraction fan offline for 18 minutes on line finishing.
3881,2024-01-14 11:20:00,1,vibration,mm_s,CNC-04,machining-a,day,nominal,1.665,False,Shift handoff note referenced unusual noise near press enclosure.
3882,2024-01-14 11:25:00,2,temperature,celsius,FURN-02,heat-treat,day,nominal,69.341,False,Sensor enclosure opened for manual calibration verification.
3883,2024-01-14 11:30:00,3,pressure,bar,HYD-07,press-line,day,nominal,7.279,False,Thermal overshoot event coincided with recipe change on furnace.
3884,2024-01-14 11:35:00,4,humidity,percent,PAINT-01,finishing,day,nominal,57.057,False,Thermal ramp exceeded expected warmup curve before shift start.
3885,2024-01-14 11:40:00,1,vibration,mm_s,CNC-04,machining-a,day,warning,1.755,False,Temporary gateway failover completed without data loss.
3886,2024-01-14 11:45:00,2,temperature,celsius,FURN-02,heat-treat,day,nominal,65.82,False,Thermal ramp exceeded expected warmup curve before shift start.
3887,2024-01-14 11:50:00,3,pressure,bar,HYD-07,press-line,day,critical,7.754,False,Short-lived packet loss observed at edge gateway gw-02.
3888,2024-01-14 11:55:00,4,humidity,percent,PAINT-01,finishing,day,nominal,37.491,False,Maintenance note logged for coupling imbalance inspection.
3889,2024-01-14 12:00:00,1,vibration,mm_s,CNC-04,machining-a,day,warning,2.028,False,Temporary gateway failover completed without data loss.
3890,2024-01-14 12:05:00,2,temperature,celsius,FURN-02,heat-treat,day,nominal,65.182,False,Calibration check overdue by 11 days for press-line transducer.
3891,2024-01-14 12:10:00,3,pressure,bar,HYD-07,press-line,day,nominal,7.151,False,Bearing temperature rising faster than baseline on spindle cell.
3892,2024-01-14 12:15:00,4,humidity,percent,PAINT-01,finishing,day,nominal,45.778,False,Coolant loop adjustment reduced chamber temperature spread.
3893,2024-01-14 12:20:00,1,vibration,mm_s,CNC-04,machining-a,day,nominal,3.099,False,Sensor 1 spike sequence matches historical bearing fault pattern.
3894,2024-01-14 12:25:00,2,temperature,celsius,FURN-02,heat-treat,day,warning,72.853,False,Vibration burst exceeds envelope during tool change cycle.
3895,2024-01-14 12:30:00,3,pressure,bar,HYD-07,press-line,day,warning,6.037,False,Humidity readings track seasonal rise across late spring.
3896,2024-01-14 12:35:00,4,humidity,percent,PAINT-01,finishing,day,nominal,45.011,False,Operator reset acknowledged after red-tag inspection.
3897,2024-01-14 12:40:00,1,vibration,mm_s,CNC-04,machining-a,day,nominal,2.052,False,Shift handoff note referenced unusual noise near press enclosure.
3898,2024-01-14 12:45:00,2,temperature,celsius,FURN-02,heat-treat,day,nominal,67.995,False,Machine idle period extended during planned sanitation window.
3899,2024-01-14 12:50:00,3,pressure,bar,HYD-07,press-line,day,nominal,8.048,False,Humidity readings track seasonal rise across late spring.
3900,2024-01-14 12:55:00,4,humidity,percent,PAINT-01,finishing,day,nominal,47.999,False,Calibration check overdue by 11 days for press-line transducer.
3901,2024-01-14 13:00:00,1,vibration,mm_s,CNC-04,machining-a,day,nominal,1.687,False,Quality hold reduced finishing booth activity for one shift.
3902,2024-01-14 13:05:00,2,temperature,celsius,FURN-02,heat-treat,day,warning,72.409,False,Operator reset acknowledged after red-tag inspection.
3903,2024-01-14 13:10:00,3,pressure,bar,HYD-07,press-line,day,nominal,8.351,False,Machine throughput increase drove sustained pressure uplift.
3904,2024-01-14 13:15:00,4,humidity,percent,PAINT-01,finishing,day,nominal,42.203,False,Operator reset acknowledged after red-tag inspection.
3905,2024-01-14 13:20:00,1,vibration,mm_s,CNC-04,machining-a,day,nominal,2.45,False,Heat-treat furnace door cycling increased localized temperature spikes.
3906,2024-01-14 13:25:00,2,temperature,celsius,FURN-02,heat-treat,day,nominal,68.213,False,Temporary gateway failover completed without data loss.
3907,2024-01-14 13:30:00,3,pressure,bar,HYD-07,press-line,day,nominal,7.933,False,Temporary gateway failover completed without data loss.
3908,2024-01-14 13:35:00,4,humidity,percent,PAINT-01,finishing,day,nominal,50.179,False,Maintenance scheduler deferred calibration due to spare shortage.
3909,2024-01-14 13:40:00,1,vibration,mm_s,CNC-04,machining-a,day,nominal,2.409,False,Sensor signal clipping observed during startup surge.
3910,2024-01-14 13:45:00,2,temperature,celsius,FURN-02,heat-treat,day,warning,71.166,False,Temporary gateway failover completed without data loss.
3911,2024-01-14 13:50:00,3,pressure,bar,HYD-07,press-line,day,nominal,9.168,False,Reliability engineer tagged sample window for model retraining.
3912,2024-01-14 13:55:00,4,humidity,percent,PAINT-01,finishing,day,nominal,42.317,False,Compressed air fluctuation introduced pressure noise for two cycles.
3913,2024-01-14 14:00:00,1,vibration,mm_s,CNC-04,machining-a,day,nominal,2.518,False,Operator reported intermittent chatter on machine CNC-04.
3914,2024-01-14 14:05:00,2,temperature,celsius,FURN-02,heat-treat,day,nominal,62.794,False,Quality hold reduced finishing booth activity for one shift.
3915,2024-01-14 14:10:00,3,pressure,bar,HYD-07,press-line,day,nominal,7.416,False,SCADA backfill inserted two delayed telemetry points.
3916,2024-01-14 14:15:00,4,humidity,percent,PAINT-01,finishing,day,nominal,41.519,False,Operator reported intermittent chatter on machine CNC-04.
3917,2024-01-14 14:20:00,1,vibration,mm_s,CNC-04,machining-a,day,nominal,1.666,False,Anomaly review flagged possible bearing wear progression.
3918,2024-01-14 14:25:00,2,temperature,celsius,FURN-02,heat-treat,day,nominal,64.259,False,Hydraulic line pressure oscillation detected under load.
3919,2024-01-14 14:30:00,3,pressure,bar,HYD-07,press-line,day,nominal,7.068,False,Temperature variance narrowed after coolant nozzle cleaning.
3920,2024-01-14 14:35:00,4,humidity,percent,PAINT-01,finishing,day,nominal,44.411,False,Transient outlier matched forklift impact near cabinet wall.
3921,2024-01-14 14:40:00,1,vibration,mm_s,CNC-04,machining-a,day,nominal,1.94,False,Coolant loop adjustment reduced chamber temperature spread.
3922,2024-01-14 14:45:00,2,temperature,celsius,FURN-02,heat-treat,day,nominal,70.742,False,Unexpected resonance band appeared near 42 Hz on spindle motor.
3923,2024-01-14 14:50:00,3,pressure,bar,HYD-07,press-line,day,nominal,8.42,False,Warning threshold updated for pilot predictive-maintenance model.
3924,2024-01-14 14:55:00,4,humidity,percent,PAINT-01,finishing,day,warning,45.727,False,Maintenance note logged for coupling imbalance inspection.
3925,2024-01-14 15:00:00,1,vibration,mm_s,CNC-04,machining-a,day,nominal,2.869,False,Sensor heartbeat delayed by one interval after gateway retry.
3926,2024-01-14 15:05:00,2,temperature,celsius,FURN-02,heat-treat,day,critical,76.318,False,Reliability engineer tagged sample window for model retraining.
3927,2024-01-14 15:10:00,3,pressure,bar,HYD-07,press-line,day,nominal,8.46,False,Compressed air fluctuation introduced pressure noise for two cycles.
3928,2024-01-14 15:15:00,4,humidity,percent,PAINT-01,finishing,day,nominal,49.459,False,Heat-treat furnace door cycling increased localized temperature spikes.
3929,2024-01-14 15:20:00,1,vibration,mm_s,CNC-04,machining-a,day,nominal,2.475,False,Machine idle period extended during planned sanitation window.
3930,2024-01-14 15:25:00,2,temperature,celsius,FURN-02,heat-treat,day,nominal,70.802,False,Humidity baseline improved after seal replacement.
3931,2024-01-14 15:30:00,3,pressure,bar,HYD-07,press-line,day,nominal,8.364,False,Maintenance crew confirmed lubrication interval was missed.
3932,2024-01-14 15:35:00,4,humidity,percent,PAINT-01,finishing,day,nominal,37.518,False,Temperature remained elevated during unscheduled overtime run.
3933,2024-01-14 15:40:00,1,vibration,mm_s,CNC-04,machining-a,day,nominal,2.695,False,Heat-treat furnace door cycling increased localized temperature spikes.
3934,2024-01-14 15:45:00,2,temperature,celsius,FURN-02,heat-treat,day,nominal,68.773,False,Packaging line stop reduced adjacent vibration background.
3935,2024-01-14 15:50:00,3,pressure,bar,HYD-07,press-line,day,nominal,6.947,False,Sensor signal clipping observed during startup surge.
3936,2024-01-14 15:55:00,4,humidity,percent,PAINT-01,finishing,day,nominal,48.593,False,Maintenance scheduler deferred calibration due to spare shortage.
3937,2024-01-14 16:00:00,1,vibration,mm_s,CNC-04,machining-a,swing,nominal,2.22,False,Heat-treat furnace door cycling increased localized temperature spikes.
3938,2024-01-14 16:05:00,2,temperature,celsius,FURN-02,heat-treat,swing,warning,75.465,False,Supervisory alert generated after three consecutive threshold breaches.
3939,2024-01-14 16:10:00,3,pressure,bar,HYD-07,press-line,swing,nominal,7.196,False,Sensor 3 drift suspected after cross-check with manual gauge.
3940,2024-01-14 16:15:00,4,humidity,percent,PAINT-01,finishing,swing,nominal,48.926,False,Vibration harmonics broadened during extended production run.
3941,2024-01-14 16:20:00,1,vibration,mm_s,CNC-04,machining-a,swing,nominal,2.831,False,Ambient temperature stabilized after HVAC stage-two engagement.
3942,2024-01-14 16:25:00,2,temperature,celsius,FURN-02,heat-treat,swing,nominal,67.724,False,Maintenance note logged for coupling imbalance inspection.
3943,2024-01-14 16:30:00,3,pressure,bar,HYD-07,press-line,swing,nominal,6.582,False,Humidity baseline improved after seal replacement.
3944,2024-01-14 16:35:00,4,humidity,percent,PAINT-01,finishing,swing,nominal,47.667,False,Bearing temperature rising faster than baseline on spindle cell.
3945,2024-01-14 16:40:00,1,vibration,mm_s,CNC-04,machining-a,swing,nominal,2.411,False,Sensor 1 spike sequence matches historical bearing fault pattern.
3946,2024-01-14 16:45:00,2,temperature,celsius,FURN-02,heat-treat,swing,nominal,65.122,False,Transient outlier matched forklift impact near cabinet wall.
3947,2024-01-14 16:50:00,3,pressure,bar,HYD-07,press-line,swing,nominal,8.932,False,Humidity excursion near finishing booth during coating run.
3948,2024-01-14 16:55:00,4,humidity,percent,PAINT-01,finishing,swing,nominal,43.676,False,Hydraulic accumulator recharge lag increased under repeated cycles.
3949,2024-01-14 17:00:00,1,vibration,mm_s,CNC-04,machining-a,swing,nominal,1.962,False,Sensor signal clipping observed during startup surge.
3950,2024-01-14 17:05:00,2,temperature,celsius,FURN-02,heat-treat,swing,nominal,68.738,False,Condensation warning cleared after dehumidifier ramp-up.
3951,2024-01-14 17:10:00,3,pressure,bar,HYD-07,press-line,swing,nominal,7.052,False,Unexpected resonance band appeared near 42 Hz on spindle motor.
3952,2024-01-14 17:15:00,4,humidity,percent,PAINT-01,finishing,swing,warning,41.57,False,Temperature variance narrowed after coolant nozzle cleaning.
3953,2024-01-14 17:20:00,1,vibration,mm_s,CNC-04,machining-a,swing,warning,2.66,False,Edge collector replayed buffered events after network recovery.
3954,2024-01-14 17:25:00,2,temperature,celsius,FURN-02,heat-treat,swing,nominal,70.385,False,Maintenance note logged for coupling imbalance inspection.
3955,2024-01-14 17:30:00,3,pressure,bar,HYD-07,press-line,swing,nominal,6.866,False,Heat-treat furnace door cycling increased localized temperature spikes.
3956,2024-01-14 17:35:00,4,humidity,percent,PAINT-01,finishing,swing,nominal,46.495,False,Warning threshold updated for pilot predictive-maintenance model.
3957,2024-01-14 17:40:00,1,vibration,mm_s,CNC-04,machining-a,swing,critical,1.769,False,Packaging line stop reduced adjacent vibration background.
3958,2024-01-14 17:45:00,2,temperature,celsius,FURN-02,heat-treat,swing,warning,63.011,False,SCADA backfill inserted two delayed telemetry points.
3959,2024-01-14 17:50:00,3,pressure,bar,HYD-07,press-line,swing,nominal,7.582,False,Maintenance note logged for coupling imbalance inspection.
3960,2024-01-14 17:55:00,4,humidity,percent,PAINT-01,finishing,swing,nominal,45.168,False,Operator reported intermittent chatter on machine CNC-04.
3961,2024-01-14 18:00:00,1,vibration,mm_s,CNC-04,machining-a,swing,nominal,3.099,False,Heat-treat furnace door cycling increased localized temperature spikes.
3962,2024-01-14 18:05:00,2,temperature,celsius,FURN-02,heat-treat,swing,nominal,69.29,False,Humidity baseline improved after seal replacement.
3963,2024-01-14 18:10:00,3,pressure,bar,HYD-07,press-line,swing,nominal,7.726,False,Heat-treat furnace door cycling increased localized temperature spikes.
3964,2024-01-14 18:15:00,4,humidity,percent,PAINT-01,finishing,swing,nominal,36.596,False,Calibration check overdue by 11 days for press-line transducer.
3965,2024-01-14 18:20:00,1,vibration,mm_s,CNC-04,machining-a,swing,nominal,2.804,False,Humidity readings track seasonal rise across late spring.
3966,2024-01-14 18:25:00,2,temperature,celsius,FURN-02,heat-treat,swing,nominal,60.951,False,Sensor battery health remains nominal after firmware update.
3967,2024-01-14 18:30:00,3,pressure,bar,HYD-07,press-line,swing,nominal,8.083,False,Transient outlier matched forklift impact near cabinet wall.
3968,2024-01-14 18:35:00,4,humidity,percent,PAINT-01,finishing,swing,nominal,48.563,False,Sensor enclosure opened for manual calibration verification.
3969,2024-01-14 18:40:00,1,vibration,mm_s,CNC-04,machining-a,swing,nominal,2.089,False,Operator reset acknowledged after red-tag inspection.
3970,2024-01-14 18:45:00,2,temperature,celsius,FURN-02,heat-treat,swing,nominal,67.359,False,Condensation warning cleared after dehumidifier ramp-up.
3971,2024-01-14 18:50:00,3,pressure,bar,HYD-07,press-line,swing,warning,7.565,False,Shift handoff note referenced unusual noise near press enclosure.
3972,2024-01-14 18:55:00,4,humidity,percent,PAINT-01,finishing,swing,nominal,40.624,False,Supervisory alert generated after three consecutive threshold breaches.
3973,2024-01-14 19:00:00,1,vibration,mm_s,CNC-04,machining-a,swing,nominal,2.148,False,Condensation warning cleared after dehumidifier ramp-up.
3974,2024-01-14 19:05:00,2,temperature,celsius,FURN-02,heat-treat,swing,nominal,68.007,False,Pressure settled back to nominal after valve reseat.
3975,2024-01-14 19:10:00,3,pressure,bar,HYD-07,press-line,swing,nominal,7.208,False,Thermal ramp exceeded expected warmup curve before shift start.
3976,2024-01-14 19:15:00,4,humidity,percent,PAINT-01,finishing,swing,nominal,40.8,False,Warning threshold updated for pilot predictive-maintenance model.
3977,2024-01-14 19:20:00,1,vibration,mm_s,CNC-04,machining-a,swing,nominal,2.323,False,Vibration burst exceeds envelope during tool change cycle.
3978,2024-01-14 19:25:00,2,temperature,celsius,FURN-02,heat-treat,swing,nominal,68.568,False,Transient outlier matched forklift impact near cabinet wall.
3979,2024-01-14 19:30:00,3,pressure,bar,HYD-07,press-line,swing,nominal,7.393,False,Humidity climbed during dock-door open period in afternoon shift.
3980,2024-01-14 19:35:00,4,humidity,percent,PAINT-01,finishing,swing,nominal,49.373,False,Humidity climbed during dock-door open period in afternoon shift.
3981,2024-01-14 19:40:00,1,vibration,mm_s,CNC-04,machining-a,swing,nominal,2.155,False,Maintenance note logged for coupling imbalance inspection.
3982,2024-01-14 19:45:00,2,temperature,celsius,FURN-02,heat-treat,swing,nominal,59.902,False,Pressure line purge completed before restart authorization.
3983,2024-01-14 19:50:00,3,pressure,bar,HYD-07,press-line,swing,nominal,7.258,False,Machine idle period extended during planned sanitation window.
3984,2024-01-14 19:55:00,4,humidity,percent,PAINT-01,finishing,swing,nominal,44.871,False,Edge collector replayed buffered events after network recovery.
3985,2024-01-14 20:00:00,1,vibration,mm_s,CNC-04,machining-a,swing,nominal,2.975,False,Coolant loop adjustment reduced chamber temperature spread.
3986,2024-01-14 20:05:00,2,temperature,celsius,FURN-02,heat-treat,swing,nominal,69.166,False,Anomaly review flagged possible bearing wear progression.
3987,2024-01-14 20:10:00,3,pressure,bar,HYD-07,press-line,swing,nominal,8.556,False,Thermal ramp exceeded expected warmup curve before shift start.
3988,2024-01-14 20:15:00,4,humidity,percent,PAINT-01,finishing,swing,nominal,43.215,False,Shift handoff note referenced unusual noise near press enclosure.
3989,2024-01-14 20:20:00,1,vibration,mm_s,CNC-04,machining-a,swing,critical,1.954,False,Quality team requested trace review for lot 24-118B.
3990,2024-01-14 20:25:00,2,temperature,celsius,FURN-02,heat-treat,swing,warning,72.648,False,Night shift startup produced higher than normal vibration floor.
3991,2024-01-14 20:30:00,3,pressure,bar,HYD-07,press-line,swing,warning,7.646,False,Maintenance scheduler deferred calibration due to spare shortage.
3992,2024-01-14 20:35:00,4,humidity,percent,PAINT-01,finishing,swing,nominal,42.183,False,Shift handoff note referenced unusual noise near press enclosure.
3993,2024-01-14 20:40:00,1,vibration,mm_s,CNC-04,machining-a,swing,nominal,1.424,False,Hydraulic line pressure oscillation detected under load.
3994,2024-01-14 20:45:00,2,temperature,celsius,FURN-02,heat-treat,swing,warning,75.052,False,Pressure line purge completed before restart authorization.
3995,2024-01-14 20:50:00,3,pressure,bar,HYD-07,press-line,swing,nominal,8.063,False,Maintenance scheduler deferred calibration due to spare shortage.
3996,2024-01-14 20:55:00,4,humidity,percent,PAINT-01,finishing,swing,nominal,42.831,False,Coolant loop adjustment reduced chamber temperature spread.
3997,2024-01-14 21:00:00,1,vibration,mm_s,CNC-04,machining-a,swing,nominal,2.108,False,Transient outlier matched forklift impact near cabinet wall.
3998,2024-01-14 21:05:00,2,temperature,celsius,FURN-02,heat-treat,swing,warning,75.255,False,Transient outlier matched forklift impact near cabinet wall.
3999,2024-01-14 21:10:00,3,pressure,bar,HYD-07,press-line,swing,nominal,7.514,False,Temporary gateway failover completed without data loss.
4000,2024-01-14 21:15:00,4,humidity,percent,PAINT-01,finishing,swing,nominal,43.885,False,Anomaly review flagged possible bearing wear progression.
4001,2024-01-14 21:20:00,1,vibration,mm_s,CNC-04,machining-a,swing,nominal,2.664,False,Humidity readings track seasonal rise across late spring.
4002,2024-01-14 21:25:00,2,temperature,celsius,FURN-02,heat-treat,swing,nominal,68.832,False,Pressure peak corresponds to oversized billet batch processing.
4003,2024-01-14 21:30:00,3,pressure,bar,HYD-07,press-line,swing,nominal,6.463,False,Telemetry quality flag downgraded during sensor self-test window.
4004,2024-01-14 21:35:00,4,humidity,percent,PAINT-01,finishing,swing,nominal,52.273,False,Sensor signal clipping observed during startup surge.
4005,2024-01-14 21:40:00,1,vibration,mm_s,CNC-04,machining-a,swing,nominal,2.808,False,Sensor 1 spike sequence matches historical bearing fault pattern.
4006,2024-01-14 21:45:00,2,temperature,celsius,FURN-02,heat-treat,swing,critical,79.872,False,Ambient temperature stabilized after HVAC stage-two engagement.
4007,2024-01-14 21:50:00,3,pressure,bar,HYD-07,press-line,swing,nominal,8.718,False,Maintenance crew confirmed lubrication interval was missed.
4008,2024-01-14 21:55:00,4,humidity,percent,PAINT-01,finishing,swing,nominal,34.389,False,Thermal ramp exceeded expected warmup curve before shift start.
4009,2024-01-14 22:00:00,1,vibration,mm_s,CNC-04,machining-a,swing,nominal,2.313,False,Heat-treat furnace door cycling increased localized temperature spikes.
4010,2024-01-14 22:05:00,2,temperature,celsius,FURN-02,heat-treat,swing,nominal,65.299,False,Bearing temperature rising faster than baseline on spindle cell.
4011,2024-01-14 22:10:00,3,pressure,bar,HYD-07,press-line,swing,nominal,8.027,False,Coolant loop adjustment reduced chamber temperature spread.
4012,2024-01-14 22:15:00,4,humidity,percent,PAINT-01,finishing,swing,nominal,56.6,False,Condensation warning cleared after dehumidifier ramp-up.
4013,2024-01-14 22:20:00,1,vibration,mm_s,CNC-04,machining-a,swing,warning,1.901,False,SCADA backfill inserted two delayed telemetry points.
4014,2024-01-14 22:25:00,2,temperature,celsius,FURN-02,heat-treat,swing,nominal,65.442,False,Shift handoff note referenced unusual noise near press enclosure.
4015,2024-01-14 22:30:00,3,pressure,bar,HYD-07,press-line,swing,nominal,7.902,False,Vibration burst exceeds envelope during tool change cycle.
4016,2024-01-14 22:35:00,4,humidity,percent,PAINT-01,finishing,swing,nominal,55.738,False,Night shift startup produced higher than normal vibration floor.
4017,2024-01-14 22:40:00,1,vibration,mm_s,CNC-04,machining-a,swing,nominal,2.226,False,Edge collector replayed buffered events after network recovery.
4018,2024-01-14 22:45:00,2,temperature,celsius,FURN-02,heat-treat,swing,nominal,68.802,False,Sensor signal clipping observed during startup surge.
4019,2024-01-14 22:50:00,3,pressure,bar,HYD-07,press-line,swing,nominal,6.272,False,Hydraulic accumulator recharge lag increased under repeated cycles.
4020,2024-01-14 22:55:00,4,humidity,percent,PAINT-01,finishing,swing,nominal,42.215,False,Heat-treat furnace door cycling increased localized temperature spikes.
4021,2024-01-14 23:00:00,1,vibration,mm_s,CNC-04,machining-a,swing,nominal,1.89,False,Pressure line purge completed before restart authorization.
4022,2024-01-14 23:05:00,2,temperature,celsius,FURN-02,heat-treat,swing,warning,72.444,False,Humidity readings track seasonal rise across late spring.
4023,2024-01-14 23:10:00,3,pressure,bar,HYD-07,press-line,swing,nominal,7.56,False,Sensor 1 spike sequence matches historical bearing fault pattern.
4024,2024-01-14 23:15:00,4,humidity,percent,PAINT-01,finishing,swing,nominal,44.962,False,Temperature remained elevated during unscheduled overtime run.
4025,2024-01-14 23:20:00,1,vibration,mm_s,CNC-04,machining-a,swing,nominal,0.982,False,Machine throughput increase drove sustained pressure uplift.
4026,2024-01-14 23:25:00,2,temperature,celsius,FURN-02,heat-treat,swing,warning,71.617,False,Operator reported intermittent chatter on machine CNC-04.
4027,2024-01-14 23:30:00,3,pressure,bar,HYD-07,press-line,swing,nominal,8.653,False,Unexpected resonance band appeared near 42 Hz on spindle motor.
4028,2024-01-14 23:35:00,4,humidity,percent,PAINT-01,finishing,swing,nominal,44.951,False,Transient outlier matched forklift impact near cabinet wall.
4029,2024-01-14 23:40:00,1,vibration,mm_s,CNC-04,machining-a,swing,nominal,1.781,False,Telemetry quality flag downgraded during sensor self-test window.
4030,2024-01-14 23:45:00,2,temperature,celsius,FURN-02,heat-treat,swing,nominal,58.065,False,SCADA backfill inserted two delayed telemetry points.
4031,2024-01-14 23:50:00,3,pressure,bar,HYD-07,press-line,swing,nominal,8.492,False,Maintenance scheduler deferred calibration due to spare shortage.
4032,2024-01-14 23:55:00,4,humidity,percent,PAINT-01,finishing,swing,nominal,49.372,False,Pressure peak corresponds to oversized billet batch processing.
4033,2024-01-15 00:00:00,1,vibration,mm_s,CNC-04,machining-a,night,nominal,2.931,False,Sensor 1 spike sequence matches historical bearing fault pattern.
4034,2024-01-15 00:05:00,2,temperature,celsius,FURN-02,heat-treat,night,nominal,64.784,False,Telemetry quality flag downgraded during sensor self-test window.
4035,2024-01-15 00:10:00,3,pressure,bar,HYD-07,press-line,night,nominal,7.909,False,Reliability engineer tagged sample window for model retraining.
4036,2024-01-15 00:15:00,4,humidity,percent,PAINT-01,finishing,night,nominal,45.121,False,Unexpected resonance band appeared near 42 Hz on spindle motor.
4037,2024-01-15 00:20:00,1,vibration,mm_s,CNC-04,machining-a,night,nominal,2.501,False,Reliability engineer tagged sample window for model retraining.
4038,2024-01-15 00:25:00,2,temperature,celsius,FURN-02,heat-treat,night,warning,72.577,False,Humidity excursion near finishing booth during coating run.
4039,2024-01-15 00:30:00,3,pressure,bar,HYD-07,press-line,night,nominal,8.843,False,Machine throughput increase drove sustained pressure uplift.
4040,2024-01-15 00:35:00,4,humidity,percent,PAINT-01,finishing,night,nominal,46.348,False,Dust extraction fan offline for 18 minutes on line finishing.
4041,2024-01-15 00:40:00,1,vibration,mm_s,CNC-04,machining-a,night,nominal,2.48,False,Shift handoff note referenced unusual noise near press enclosure.
4042,2024-01-15 00:45:00,2,temperature,celsius,FURN-02,heat-treat,night,nominal,65.126,False,Unbalanced load introduced cyclical pressure ripple.
4043,2024-01-15 00:50:00,3,pressure,bar,HYD-07,press-line,night,nominal,9.071,False,Temperature remained elevated during unscheduled overtime run.
4044,2024-01-15 00:55:00,4,humidity,percent,PAINT-01,finishing,night,warning,50.35,False,Vibration harmonics broadened during extended production run.
4045,2024-01-15 01:00:00,1,vibration,mm_s,CNC-04,machining-a,night,nominal,3.259,False,Press cycle dwell time lengthened during high-volume batch.
4046,2024-01-15 01:05:00,2,temperature,celsius,FURN-02,heat-treat,night,nominal,68.547,False,Sensor 1 spike sequence matches historical bearing fault pattern.
4047,2024-01-15 01:10:00,3,pressure,bar,HYD-07,press-line,night,nominal,7.95,False,Machine throughput increase drove sustained pressure uplift.
4048,2024-01-15 01:15:00,4,humidity,percent,PAINT-01,finishing,night,nominal,34.752,False,Shift handoff note referenced unusual noise near press enclosure.
4049,2024-01-15 01:20:00,1,vibration,mm_s,CNC-04,machining-a,night,nominal,2.12,False,Shift handoff note referenced unusual noise near press enclosure.
4050,2024-01-15 01:25:00,2,temperature,celsius,FURN-02,heat-treat,night,nominal,70.743,False,Humidity readings track seasonal rise across late spring.
4051,2024-01-15 01:30:00,3,pressure,bar,HYD-07,press-line,night,warning,8.907,False,Shift handoff note referenced unusual noise near press enclosure.
4052,2024-01-15 01:35:00,4,humidity,percent,PAINT-01,finishing,night,nominal,43.651,False,Pressure settled back to nominal after valve reseat.
4053,2024-01-15 01:40:00,1,vibration,mm_s,CNC-04,machining-a,night,nominal,2.174,False,Maintenance crew confirmed lubrication interval was missed.
4054,2024-01-15 01:45:00,2,temperature,celsius,FURN-02,heat-treat,night,warning,71.304,False,Sensor 1 spike sequence matches historical bearing fault pattern.
4055,2024-01-15 01:50:00,3,pressure,bar,HYD-07,press-line,night,nominal,8.878,False,Temporary gateway failover completed without data loss.
4056,2024-01-15 01:55:00,4,humidity,percent,PAINT-01,finishing,night,nominal,45.592,False,Condensation warning cleared after dehumidifier ramp-up.
4057,2024-01-15 02:00:00,1,vibration,mm_s,CNC-04,machining-a,night,nominal,2.832,False,Sensor signal clipping observed during startup surge.
4058,2024-01-15 02:05:00,2,temperature,celsius,FURN-02,heat-treat,night,warning,73.002,False,Pressure line purge completed before restart authorization.
4059,2024-01-15 02:10:00,3,pressure,bar,HYD-07,press-line,night,nominal,8.595,False,Machine idle period extended during planned sanitation window.
4060,2024-01-15 02:15:00,4,humidity,percent,PAINT-01,finishing,night,nominal,42.821,False,Humidity excursion near finishing booth during coating run.
4061,2024-01-15 02:20:00,1,vibration,mm_s,CNC-04,machining-a,night,warning,2.258,False,Telemetry quality flag downgraded during sensor self-test window.
4062,2024-01-15 02:25:00,2,temperature,celsius,FURN-02,heat-treat,night,warning,74.849,False,Sensor enclosure opened for manual calibration verification.
4063,2024-01-15 02:30:00,3,pressure,bar,HYD-07,press-line,night,nominal,8.658,False,Anomaly review flagged possible bearing wear progression.
4064,2024-01-15 02:35:00,4,humidity,percent,PAINT-01,finishing,night,nominal,35.941,False,Compressed air fluctuation introduced pressure noise for two cycles.
4065,2024-01-15 02:40:00,1,vibration,mm_s,CNC-04,machining-a,night,nominal,2.256,False,Maintenance scheduler deferred calibration due to spare shortage.
4066,2024-01-15 02:45:00,2,temperature,celsius,FURN-02,heat-treat,night,warning,71.977,False,Humidity readings track seasonal rise across late spring.
4067,2024-01-15 02:50:00,3,pressure,bar,HYD-07,press-line,night,nominal,7.482,False,Short-lived packet loss observed at edge gateway gw-02.
4068,2024-01-15 02:55:00,4,humidity,percent,PAINT-01,finishing,night,nominal,44.66,False,Sensor 1 spike sequence matches historical bearing fault pattern.
4069,2024-01-15 03:00:00,1,vibration,mm_s,CNC-04,machining-a,night,nominal,3.502,False,Humidity readings track seasonal rise across late spring.
4070,2024-01-15 03:05:00,2,temperature,celsius,FURN-02,heat-treat,night,nominal,63.607,False,Vibration burst exceeds envelope during tool change cycle.
4071,2024-01-15 03:10:00,3,pressure,bar,HYD-07,press-line,night,nominal,8.56,False,Humidity baseline improved after seal replacement.
4072,2024-01-15 03:15:00,4,humidity,percent,PAINT-01,finishing,night,nominal,41.718,False,Reliability engineer tagged sample window for model retraining.
4073,2024-01-15 03:20:00,1,vibration,mm_s,CNC-04,machining-a,night,nominal,2.06,False,Quality team requested trace review for lot 24-118B.
4074,2024-01-15 03:25:00,2,temperature,celsius,FURN-02,heat-treat,night,warning,71.771,False,Vibration harmonics broadened during extended production run.
4075,2024-01-15 03:30:00,3,pressure,bar,HYD-07,press-line,night,nominal,7.968,False,Temporary gateway failover completed without data loss.
4076,2024-01-15 03:35:00,4,humidity,percent,PAINT-01,finishing,night,nominal,42.306,False,Reliability engineer tagged sample window for model retraining.
4077,2024-01-15 03:40:00,1,vibration,mm_s,CNC-04,machining-a,night,nominal,2.247,False,Pressure peak corresponds to oversized billet batch processing.
4078,2024-01-15 03:45:00,2,temperature,celsius,FURN-02,heat-treat,night,warning,74.0,False,Humidity climbed during dock-door open period in afternoon shift.
4079,2024-01-15 03:50:00,3,pressure,bar,HYD-07,press-line,night,nominal,7.462,False,Operator reset acknowledged after red-tag inspection.
4080,2024-01-15 03:55:00,4,humidity,percent,PAINT-01,finishing,night,nominal,44.4,False,Packaging line stop reduced adjacent vibration background.
4081,2024-01-15 04:00:00,1,vibration,mm_s,CNC-04,machining-a,night,nominal,2.891,False,Packaging line stop reduced adjacent vibration background.
4082,2024-01-15 04:05:00,2,temperature,celsius,FURN-02,heat-treat,night,warning,71.174,False,Ambient temperature stabilized after HVAC stage-two engagement.
4083,2024-01-15 04:10:00,3,pressure,bar,HYD-07,press-line,night,nominal,9.038,False,Machine idle period extended during planned sanitation window.
4084,2024-01-15 04:15:00,4,humidity,percent,PAINT-01,finishing,night,nominal,35.997,False,Reliability engineer tagged sample window for model retraining.
4085,2024-01-15 04:20:00,1,vibration,mm_s,CNC-04,machining-a,night,nominal,2.623,False,Sensor signal clipping observed during startup surge.
4086,2024-01-15 04:25:00,2,temperature,celsius,FURN-02,heat-treat,night,warning,74.938,False,Dust extraction fan offline for 18 minutes on line finishing.
4087,2024-01-15 04:30:00,3,pressure,bar,HYD-07,press-line,night,nominal,7.973,False,Machine idle period extended during planned sanitation window.
4088,2024-01-15 04:35:00,4,humidity,percent,PAINT-01,finishing,night,nominal,43.0,False,Heat-treat furnace door cycling increased localized temperature spikes.
4089,2024-01-15 04:40:00,1,vibration,mm_s,CNC-04,machining-a,night,nominal,1.895,False,Short-lived packet loss observed at edge gateway gw-02.
4090,2024-01-15 04:45:00,2,temperature,celsius,FURN-02,heat-treat,night,nominal,70.204,False,Night shift startup produced higher than normal vibration floor.
4091,2024-01-15 04:50:00,3,pressure,bar,HYD-07,press-line,night,nominal,8.202,False,Quality hold reduced finishing booth activity for one shift.
4092,2024-01-15 04:55:00,4,humidity,percent,PAINT-01,finishing,night,nominal,41.049,False,Ambient temperature stabilized after HVAC stage-two engagement.
4093,2024-01-15 05:00:00,1,vibration,mm_s,CNC-04,machining-a,night,nominal,3.631,False,Humidity readings track seasonal rise across late spring.
4094,2024-01-15 05:05:00,2,temperature,celsius,FURN-02,heat-treat,night,nominal,68.564,False,Short-lived packet loss observed at edge gateway gw-02.
4095,2024-01-15 05:10:00,3,pressure,bar,HYD-07,press-line,night,nominal,8.142,False,Hydraulic line pressure oscillation detected under load.
4096,2024-01-15 05:15:00,4,humidity,percent,PAINT-01,finishing,night,nominal,38.03,False,Bearing temperature rising faster than baseline on spindle cell.
4097,2024-01-15 05:20:00,1,vibration,mm_s,CNC-04,machining-a,night,nominal,2.213,False,Temporary gateway failover completed without data loss.
4098,2024-01-15 05:25:00,2,temperature,celsius,FURN-02,heat-treat,night,nominal,65.325,False,Maintenance note logged for coupling imbalance inspection.
4099,2024-01-15 05:30:00,3,pressure,bar,HYD-07,press-line,night,nominal,7.038,False,Supervisory alert generated after three consecutive threshold breaches.
4100,2024-01-15 05:35:00,4,humidity,percent,PAINT-01,finishing,night,nominal,46.962,False,Supervisory alert generated after three consecutive threshold breaches.
4101,2024-01-15 05:40:00,1,vibration,mm_s,CNC-04,machining-a,night,nominal,2.515,False,Vibration burst exceeds envelope during tool change cycle.
4102,2024-01-15 05:45:00,2,temperature,celsius,FURN-02,heat-treat,night,critical,78.292,False,Packaging line stop reduced adjacent vibration background.
4103,2024-01-15 05:50:00,3,pressure,bar,HYD-07,press-line,night,nominal,7.858,False,Coolant loop adjustment reduced chamber temperature spread.
4104,2024-01-15 05:55:00,4,humidity,percent,PAINT-01,finishing,night,nominal,38.033,False,Dust extraction fan offline for 18 minutes on line finishing.
4105,2024-01-15 06:00:00,1,vibration,mm_s,CNC-04,machining-a,night,nominal,2.89,False,Dust extraction fan offline for 18 minutes on line finishing.
4106,2024-01-15 06:05:00,2,temperature,celsius,FURN-02,heat-treat,night,nominal,64.434,False,Press cycle dwell time lengthened during high-volume batch.
4107,2024-01-15 06:10:00,3,pressure,bar,HYD-07,press-line,night,nominal,8.553,False,Warning threshold updated for pilot predictive-maintenance model.
4108,2024-01-15 06:15:00,4,humidity,percent,PAINT-01,finishing,night,nominal,47.2,False,Anomaly review flagged possible bearing wear progression.
4109,2024-01-15 06:20:00,1,vibration,mm_s,CNC-04,machining-a,night,nominal,3.839,False,Quality hold reduced finishing booth activity for one shift.
4110,2024-01-15 06:25:00,2,temperature,celsius,FURN-02,heat-treat,night,nominal,69.117,False,Condensation warning cleared after dehumidifier ramp-up.
4111,2024-01-15 06:30:00,3,pressure,bar,HYD-07,press-line,night,nominal,8.059,False,Transient outlier matched forklift impact near cabinet wall.
4112,2024-01-15 06:35:00,4,humidity,percent,PAINT-01,finishing,night,nominal,48.849,False,Hydraulic accumulator recharge lag increased under repeated cycles.
4113,2024-01-15 06:40:00,1,vibration,mm_s,CNC-04,machining-a,night,nominal,2.425,False,Pressure line purge completed before restart authorization.
4114,2024-01-15 06:45:00,2,temperature,celsius,FURN-02,heat-treat,night,nominal,67.536,False,Maintenance crew confirmed lubrication interval was missed.
4115,2024-01-15 06:50:00,3,pressure,bar,HYD-07,press-line,night,nominal,7.821,False,SCADA backfill inserted two delayed telemetry points.
4116,2024-01-15 06:55:00,4,humidity,percent,PAINT-01,finishing,night,nominal,43.893,False,Vibration baseline recovered after tool holder replacement.
4117,2024-01-15 07:00:00,1,vibration,mm_s,CNC-04,machining-a,night,nominal,2.144,False,Reliability engineer tagged sample window for model retraining.
4118,2024-01-15 07:05:00,2,temperature,celsius,FURN-02,heat-treat,night,nominal,63.136,False,Air handler maintenance reduced humidity variance on finishing line.
4119,2024-01-15 07:10:00,3,pressure,bar,HYD-07,press-line,night,nominal,8.267,False,Pressure line purge completed before restart authorization.
4120,2024-01-15 07:15:00,4,humidity,percent,PAINT-01,finishing,night,nominal,49.932,False,Anomaly review flagged possible bearing wear progression.
4121,2024-01-15 07:20:00,1,vibration,mm_s,CNC-04,machining-a,night,warning,2.924,False,Reliability engineer tagged sample window for model retraining.
4122,2024-01-15 07:25:00,2,temperature,celsius,FURN-02,heat-treat,night,warning,73.138,False,Press cycle dwell time lengthened during high-volume batch.
4123,2024-01-15 07:30:00,3,pressure,bar,HYD-07,press-line,night,nominal,8.748,False,Pressure line purge completed before restart authorization.
4124,2024-01-15 07:35:00,4,humidity,percent,PAINT-01,finishing,night,nominal,56.043,False,Air handler maintenance reduced humidity variance on finishing line.
4125,2024-01-15 07:40:00,1,vibration,mm_s,CNC-04,machining-a,night,critical,3.798,False,Humidity baseline improved after seal replacement.
4126,2024-01-15 07:45:00,2,temperature,celsius,FURN-02,heat-treat,night,warning,71.387,False,Sensor signal clipping observed during startup surge.
4127,2024-01-15 07:50:00,3,pressure,bar,HYD-07,press-line,night,nominal,6.988,False,Humidity excursion near finishing booth during coating run.
4128,2024-01-15 07:55:00,4,humidity,percent,PAINT-01,finishing,night,nominal,47.316,False,Temporary gateway failover completed without data loss.
4129,2024-01-15 08:00:00,1,vibration,mm_s,CNC-04,machining-a,day,nominal,2.475,False,Sensor 1 spike sequence matches historical bearing fault pattern.
4130,2024-01-15 08:05:00,2,temperature,celsius,FURN-02,heat-treat,day,nominal,69.991,False,Sensor enclosure opened for manual calibration verification.
4131,2024-01-15 08:10:00,3,pressure,bar,HYD-07,press-line,day,nominal,7.732,False,Maintenance note logged for coupling imbalance inspection.
4132,2024-01-15 08:15:00,4,humidity,percent,PAINT-01,finishing,day,nominal,42.67,False,Shift handoff note referenced unusual noise near press enclosure.
4133,2024-01-15 08:20:00,1,vibration,mm_s,CNC-04,machining-a,day,nominal,2.243,False,Pressure peak corresponds to oversized billet batch processing.
4134,2024-01-15 08:25:00,2,temperature,celsius,FURN-02,heat-treat,day,nominal,66.07,False,Thermal ramp exceeded expected warmup curve before shift start.
4135,2024-01-15 08:30:00,3,pressure,bar,HYD-07,press-line,day,nominal,7.813,False,Sensor enclosure opened for manual calibration verification.
4136,2024-01-15 08:35:00,4,humidity,percent,PAINT-01,finishing,day,nominal,50.113,False,Sensor enclosure opened for manual calibration verification.
4137,2024-01-15 08:40:00,1,vibration,mm_s,CNC-04,machining-a,day,nominal,2.615,False,Bearing temperature rising faster than baseline on spindle cell.
4138,2024-01-15 08:45:00,2,temperature,celsius,FURN-02,heat-treat,day,warning,71.429,False,Calibration check overdue by 11 days for press-line transducer.
4139,2024-01-15 08:50:00,3,pressure,bar,HYD-07,press-line,day,nominal,8.95,False,Ambient temperature stabilized after HVAC stage-two engagement.
4140,2024-01-15 08:55:00,4,humidity,percent,PAINT-01,finishing,day,nominal,34.513,False,Telemetry quality flag downgraded during sensor self-test window.
4141,2024-01-15 09:00:00,1,vibration,mm_s,CNC-04,machining-a,day,nominal,1.259,False,Machine throughput increase drove sustained pressure uplift.
4142,2024-01-15 09:05:00,2,temperature,celsius,FURN-02,heat-treat,day,nominal,67.72,False,Reliability engineer tagged sample window for model retraining.
4143,2024-01-15 09:10:00,3,pressure,bar,HYD-07,press-line,day,nominal,8.584,False,Machine idle period extended during planned sanitation window.
4144,2024-01-15 09:15:00,4,humidity,percent,PAINT-01,finishing,day,nominal,55.914,False,Condensation warning cleared after dehumidifier ramp-up.
4145,2024-01-15 09:20:00,1,vibration,mm_s,CNC-04,machining-a,day,nominal,2.062,False,Vibration baseline recovered after tool holder replacement.
4146,2024-01-15 09:25:00,2,temperature,celsius,FURN-02,heat-treat,day,warning,71.06,False,Condensation warning cleared after dehumidifier ramp-up.
4147,2024-01-15 09:30:00,3,pressure,bar,HYD-07,press-line,day,nominal,6.903,False,Reliability engineer tagged sample window for model retraining.
4148,2024-01-15 09:35:00,4,humidity,percent,PAINT-01,finishing,day,nominal,44.703,False,Air handler maintenance reduced humidity variance on finishing line.
4149,2024-01-15 09:40:00,1,vibration,mm_s,CNC-04,machining-a,day,nominal,1.396,False,Humidity excursion near finishing booth during coating run.
4150,2024-01-15 09:45:00,2,temperature,celsius,FURN-02,heat-treat,day,warning,75.359,False,Temporary gateway failover completed without data loss.
4151,2024-01-15 09:50:00,3,pressure,bar,HYD-07,press-line,day,nominal,8.671,False,Dust extraction fan offline for 18 minutes on line finishing.
4152,2024-01-15 09:55:00,4,humidity,percent,PAINT-01,finishing,day,nominal,45.624,False,Pressure peak corresponds to oversized billet batch processing.
4153,2024-01-15 10:00:00,1,vibration,mm_s,CNC-04,machining-a,day,nominal,2.202,False,Maintenance note logged for coupling imbalance inspection.
4154,2024-01-15 10:05:00,2,temperature,celsius,FURN-02,heat-treat,day,nominal,57.901,False,Temporary gateway failover completed without data loss.
4155,2024-01-15 10:10:00,3,pressure,bar,HYD-07,press-line,day,nominal,7.702,False,Sensor 3 drift suspected after cross-check with manual gauge.
4156,2024-01-15 10:15:00,4,humidity,percent,PAINT-01,finishing,day,nominal,36.399,False,Coolant loop adjustment reduced chamber temperature spread.
4157,2024-01-15 10:20:00,1,vibration,mm_s,CNC-04,machining-a,day,nominal,2.118,False,Condensation warning cleared after dehumidifier ramp-up.
4158,2024-01-15 10:25:00,2,temperature,celsius,FURN-02,heat-treat,day,warning,73.408,False,Condensation warning cleared after dehumidifier ramp-up.
4159,2024-01-15 10:30:00,3,pressure,bar,HYD-07,press-line,day,nominal,6.754,False,Ambient temperature stabilized after HVAC stage-two engagement.
4160,2024-01-15 10:35:00,4,humidity,percent,PAINT-01,finishing,day,nominal,48.779,False,Press cycle dwell time lengthened during high-volume batch.
4161,2024-01-15 10:40:00,1,vibration,mm_s,CNC-04,machining-a,day,nominal,0.949,False,Short-lived packet loss observed at edge gateway gw-02.
4162,2024-01-15 10:45:00,2,temperature,celsius,FURN-02,heat-treat,day,critical,79.58,False,Night shift startup produced higher than normal vibration floor.
4163,2024-01-15 10:50:00,3,pressure,bar,HYD-07,press-line,day,nominal,6.927,False,Air handler maintenance reduced humidity variance on finishing line.
4164,2024-01-15 10:55:00,4,humidity,percent,PAINT-01,finishing,day,nominal,44.819,False,Sensor signal clipping observed during startup surge.
4165,2024-01-15 11:00:00,1,vibration,mm_s,CNC-04,machining-a,day,nominal,2.499,False,Maintenance note logged for coupling imbalance inspection.
4166,2024-01-15 11:05:00,2,temperature,celsius,FURN-02,heat-treat,day,critical,76.643,False,Sensor heartbeat delayed by one interval after gateway retry.
4167,2024-01-15 11:10:00,3,pressure,bar,HYD-07,press-line,day,nominal,8.687,False,Pressure peak corresponds to oversized billet batch processing.
4168,2024-01-15 11:15:00,4,humidity,percent,PAINT-01,finishing,day,nominal,43.536,False,Pressure settled back to nominal after valve reseat.
4169,2024-01-15 11:20:00,1,vibration,mm_s,CNC-04,machining-a,day,nominal,2.74,False,Pressure line purge completed before restart authorization.
4170,2024-01-15 11:25:00,2,temperature,celsius,FURN-02,heat-treat,day,warning,72.379,False,Sensor signal clipping observed during startup surge.
4171,2024-01-15 11:30:00,3,pressure,bar,HYD-07,press-line,day,warning,8.095,False,Hydraulic line pressure oscillation detected under load.
4172,2024-01-15 11:35:00,4,humidity,percent,PAINT-01,finishing,day,nominal,41.092,False,Hydraulic accumulator recharge lag increased under repeated cycles.
4173,2024-01-15 11:40:00,1,vibration,mm_s,CNC-04,machining-a,day,critical,2.294,False,Heat-treat furnace door cycling increased localized temperature spikes.
4174,2024-01-15 11:45:00,2,temperature,celsius,FURN-02,heat-treat,day,warning,74.407,False,Packaging line stop reduced adjacent vibration background.
4175,2024-01-15 11:50:00,3,pressure,bar,HYD-07,press-line,day,nominal,7.161,False,Operator reported intermittent chatter on machine CNC-04.
4176,2024-01-15 11:55:00,4,humidity,percent,PAINT-01,finishing,day,nominal,39.778,False,Sensor 3 drift suspected after cross-check with manual gauge.
4177,2024-01-15 12:00:00,1,vibration,mm_s,CNC-04,machining-a,day,nominal,1.559,False,Supervisory alert generated after three consecutive threshold breaches.
4178,2024-01-15 12:05:00,2,temperature,celsius,FURN-02,heat-treat,day,critical,65.079,False,Maintenance scheduler deferred calibration due to spare shortage.
4179,2024-01-15 12:10:00,3,pressure,bar,HYD-07,press-line,day,nominal,8.829,False,Operator reported intermittent chatter on machine CNC-04.
4180,2024-01-15 12:15:00,4,humidity,percent,PAINT-01,finishing,day,nominal,40.52,False,Ambient temperature stabilized after HVAC stage-two engagement.
4181,2024-01-15 12:20:00,1,vibration,mm_s,CNC-04,machining-a,day,nominal,3.096,False,Maintenance crew confirmed lubrication interval was missed.
4182,2024-01-15 12:25:00,2,temperature,celsius,FURN-02,heat-treat,day,nominal,69.984,False,Maintenance note logged for coupling imbalance inspection.
4183,2024-01-15 12:30:00,3,pressure,bar,HYD-07,press-line,day,nominal,8.261,False,Pressure settled back to nominal after valve reseat.
4184,2024-01-15 12:35:00,4,humidity,percent,PAINT-01,finishing,day,nominal,36.09,False,Humidity readings track seasonal rise across late spring.
4185,2024-01-15 12:40:00,1,vibration,mm_s,CNC-04,machining-a,day,nominal,3.443,False,Maintenance scheduler deferred calibration due to spare shortage.
4186,2024-01-15 12:45:00,2,temperature,celsius,FURN-02,heat-treat,day,nominal,68.229,False,Humidity climbed during dock-door open period in afternoon shift.
4187,2024-01-15 12:50:00,3,pressure,bar,HYD-07,press-line,day,nominal,7.634,False,Sensor battery health remains nominal after firmware update.
4188,2024-01-15 12:55:00,4,humidity,percent,PAINT-01,finishing,day,nominal,45.22,False,Sensor heartbeat delayed by one interval after gateway retry.
4189,2024-01-15 13:00:00,1,vibration,mm_s,CNC-04,machining-a,day,nominal,2.62,False,Shift handoff note referenced unusual noise near press enclosure.
4190,2024-01-15 13:05:00,2,temperature,celsius,FURN-02,heat-treat,day,nominal,66.802,False,Edge collector replayed buffered events after network recovery.
4191,2024-01-15 13:10:00,3,pressure,bar,HYD-07,press-line,day,nominal,7.994,False,Shift handoff note referenced unusual noise near press enclosure.
4192,2024-01-15 13:15:00,4,humidity,percent,PAINT-01,finishing,day,nominal,52.14,False,Anomaly review flagged possible bearing wear progression.
4193,2024-01-15 13:20:00,1,vibration,mm_s,CNC-04,machining-a,day,nominal,2.205,False,Thermal overshoot event coincided with recipe change on furnace.
4194,2024-01-15 13:25:00,2,temperature,celsius,FURN-02,heat-treat,day,warning,73.353,False,Bearing temperature rising faster than baseline on spindle cell.
4195,2024-01-15 13:30:00,3,pressure,bar,HYD-07,press-line,day,nominal,7.23,False,Coolant loop adjustment reduced chamber temperature spread.
4196,2024-01-15 13:35:00,4,humidity,percent,PAINT-01,finishing,day,nominal,46.185,False,Press cycle dwell time lengthened during high-volume batch.
4197,2024-01-15 13:40:00,1,vibration,mm_s,CNC-04,machining-a,day,nominal,2.212,False,Pressure peak corresponds to oversized billet batch processing.
4198,2024-01-15 13:45:00,2,temperature,celsius,FURN-02,heat-treat,day,nominal,68.017,False,Temperature variance narrowed after coolant nozzle cleaning.
4199,2024-01-15 13:50:00,3,pressure,bar,HYD-07,press-line,day,nominal,9.099,False,Coolant loop adjustment reduced chamber temperature spread.
4200,2024-01-15 13:55:00,4,humidity,percent,PAINT-01,finishing,day,nominal,40.108,False,Supervisory alert generated after three consecutive threshold breaches.
4201,2024-01-15 14:00:00,1,vibration,mm_s,CNC-04,machining-a,day,nominal,2.638,False,Sensor 1 spike sequence matches historical bearing fault pattern.
4202,2024-01-15 14:05:00,2,temperature,celsius,FURN-02,heat-treat,day,nominal,60.562,False,Short-lived packet loss observed at edge gateway gw-02.
4203,2024-01-15 14:10:00,3,pressure,bar,HYD-07,press-line,day,nominal,7.029,False,Press cycle dwell time lengthened during high-volume batch.
4204,2024-01-15 14:15:00,4,humidity,percent,PAINT-01,finishing,day,nominal,45.848,False,Pressure settled back to nominal after valve reseat.
4205,2024-01-15 14:20:00,1,vibration,mm_s,CNC-04,machining-a,day,nominal,2.45,False,Quality team requested trace review for lot 24-118B.
4206,2024-01-15 14:25:00,2,temperature,celsius,FURN-02,heat-treat,day,warning,70.881,False,Operator reported intermittent chatter on machine CNC-04.
4207,2024-01-15 14:30:00,3,pressure,bar,HYD-07,press-line,day,nominal,6.963,False,Warning threshold updated for pilot predictive-maintenance model.
4208,2024-01-15 14:35:00,4,humidity,percent,PAINT-01,finishing,day,nominal,30.947,False,Humidity readings track seasonal rise across late spring.
4209,2024-01-15 14:40:00,1,vibration,mm_s,CNC-04,machining-a,day,nominal,2.64,False,Pressure settled back to nominal after valve reseat.
4210,2024-01-15 14:45:00,2,temperature,celsius,FURN-02,heat-treat,day,nominal,68.783,False,Humidity readings track seasonal rise across late spring.
4211,2024-01-15 14:50:00,3,pressure,bar,HYD-07,press-line,day,nominal,7.927,False,Coolant loop adjustment reduced chamber temperature spread.
4212,2024-01-15 14:55:00,4,humidity,percent,PAINT-01,finishing,day,nominal,52.736,False,Humidity readings track seasonal rise across late spring.
4213,2024-01-15 15:00:00,1,vibration,mm_s,CNC-04,machining-a,day,nominal,2.647,False,Edge collector replayed buffered events after network recovery.
4214,2024-01-15 15:05:00,2,temperature,celsius,FURN-02,heat-treat,day,warning,72.028,False,Edge collector replayed buffered events after network recovery.
4215,2024-01-15 15:10:00,3,pressure,bar,HYD-07,press-line,day,nominal,9.673,False,Quality hold reduced finishing booth activity for one shift.
4216,2024-01-15 15:15:00,4,humidity,percent,PAINT-01,finishing,day,nominal,41.415,False,Maintenance scheduler deferred calibration due to spare shortage.
4217,2024-01-15 15:20:00,1,vibration,mm_s,CNC-04,machining-a,day,nominal,1.994,False,Hydraulic line pressure oscillation detected under load.
4218,2024-01-15 15:25:00,2,temperature,celsius,FURN-02,heat-treat,day,nominal,67.066,False,Vibration burst exceeds envelope during tool change cycle.
4219,2024-01-15 15:30:00,3,pressure,bar,HYD-07,press-line,day,warning,6.886,False,Calibration check overdue by 11 days for press-line transducer.
4220,2024-01-15 15:35:00,4,humidity,percent,PAINT-01,finishing,day,nominal,46.781,False,Pressure settled back to nominal after valve reseat.
4221,2024-01-15 15:40:00,1,vibration,mm_s,CNC-04,machining-a,day,nominal,1.947,False,SCADA backfill inserted two delayed telemetry points.
4222,2024-01-15 15:45:00,2,temperature,celsius,FURN-02,heat-treat,day,nominal,61.158,False,Operator reported intermittent chatter on machine CNC-04.
4223,2024-01-15 15:50:00,3,pressure,bar,HYD-07,press-line,day,nominal,8.33,False,Unexpected resonance band appeared near 42 Hz on spindle motor.
4224,2024-01-15 15:55:00,4,humidity,percent,PAINT-01,finishing,day,nominal,43.934,False,Sensor enclosure opened for manual calibration verification.
4225,2024-01-15 16:00:00,1,vibration,mm_s,CNC-04,machining-a,swing,nominal,2.246,False,Short-lived packet loss observed at edge gateway gw-02.
4226,2024-01-15 16:05:00,2,temperature,celsius,FURN-02,heat-treat,swing,nominal,64.527,False,Unexpected resonance band appeared near 42 Hz on spindle motor.
4227,2024-01-15 16:10:00,3,pressure,bar,HYD-07,press-line,swing,nominal,7.845,False,Quality team requested trace review for lot 24-118B.
4228,2024-01-15 16:15:00,4,humidity,percent,PAINT-01,finishing,swing,nominal,47.122,False,Sensor 1 spike sequence matches historical bearing fault pattern.
4229,2024-01-15 16:20:00,1,vibration,mm_s,CNC-04,machining-a,swing,nominal,2.657,False,Calibration check overdue by 11 days for press-line transducer.
4230,2024-01-15 16:25:00,2,temperature,celsius,FURN-02,heat-treat,swing,nominal,64.793,False,Compressed air fluctuation introduced pressure noise for two cycles.
4231,2024-01-15 16:30:00,3,pressure,bar,HYD-07,press-line,swing,warning,8.06,False,Temperature remained elevated during unscheduled overtime run.
4232,2024-01-15 16:35:00,4,humidity,percent,PAINT-01,finishing,swing,nominal,55.871,False,Humidity readings track seasonal rise across late spring.
4233,2024-01-15 16:40:00,1,vibration,mm_s,CNC-04,machining-a,swing,nominal,1.542,False,Machine idle period extended during planned sanitation window.
4234,2024-01-15 16:45:00,2,temperature,celsius,FURN-02,heat-treat,swing,nominal,64.289,False,Operator reported intermittent chatter on machine CNC-04.
4235,2024-01-15 16:50:00,3,pressure,bar,HYD-07,press-line,swing,nominal,8.542,False,Vibration baseline recovered after tool holder replacement.
4236,2024-01-15 16:55:00,4,humidity,percent,PAINT-01,finishing,swing,nominal,33.521,False,Dust extraction fan offline for 18 minutes on line finishing.
4237,2024-01-15 17:00:00,1,vibration,mm_s,CNC-04,machining-a,swing,nominal,2.274,False,Maintenance note logged for coupling imbalance inspection.
4238,2024-01-15 17:05:00,2,temperature,celsius,FURN-02,heat-treat,swing,nominal,66.382,False,Sensor heartbeat delayed by one interval after gateway retry.
4239,2024-01-15 17:10:00,3,pressure,bar,HYD-07,press-line,swing,nominal,7.354,False,SCADA backfill inserted two delayed telemetry points.
4240,2024-01-15 17:15:00,4,humidity,percent,PAINT-01,finishing,swing,nominal,45.511,False,Pressure settled back to nominal after valve reseat.
4241,2024-01-15 17:20:00,1,vibration,mm_s,CNC-04,machining-a,swing,nominal,2.38,False,Temporary gateway failover completed without data loss.
4242,2024-01-15 17:25:00,2,temperature,celsius,FURN-02,heat-treat,swing,warning,72.187,False,Maintenance note logged for coupling imbalance inspection.
4243,2024-01-15 17:30:00,3,pressure,bar,HYD-07,press-line,swing,nominal,7.633,False,Maintenance scheduler deferred calibration due to spare shortage.
4244,2024-01-15 17:35:00,4,humidity,percent,PAINT-01,finishing,swing,nominal,45.647,False,Packaging line stop reduced adjacent vibration background.
4245,2024-01-15 17:40:00,1,vibration,mm_s,CNC-04,machining-a,swing,nominal,2.132,False,Humidity climbed during dock-door open period in afternoon shift.
4246,2024-01-15 17:45:00,2,temperature,celsius,FURN-02,heat-treat,swing,nominal,62.7,False,Sensor battery health remains nominal after firmware update.
4247,2024-01-15 17:50:00,3,pressure,bar,HYD-07,press-line,swing,nominal,7.352,False,Short-lived packet loss observed at edge gateway gw-02.
4248,2024-01-15 17:55:00,4,humidity,percent,PAINT-01,finishing,swing,nominal,42.33,False,Vibration harmonics broadened during extended production run.
4249,2024-01-15 18:00:00,1,vibration,mm_s,CNC-04,machining-a,swing,nominal,3.171,False,Sensor enclosure opened for manual calibration verification.
4250,2024-01-15 18:05:00,2,temperature,celsius,FURN-02,heat-treat,swing,warning,72.89,False,Machine throughput increase drove sustained pressure uplift.
4251,2024-01-15 18:10:00,3,pressure,bar,HYD-07,press-line,swing,nominal,8.711,False,Humidity climbed during dock-door open period in afternoon shift.
4252,2024-01-15 18:15:00,4,humidity,percent,PAINT-01,finishing,swing,nominal,40.516,False,Machine idle period extended during planned sanitation window.
4253,2024-01-15 18:20:00,1,vibration,mm_s,CNC-04,machining-a,swing,nominal,3.078,False,Sensor enclosure opened for manual calibration verification.
4254,2024-01-15 18:25:00,2,temperature,celsius,FURN-02,heat-treat,swing,nominal,63.203,False,Sensor heartbeat delayed by one interval after gateway retry.
4255,2024-01-15 18:30:00,3,pressure,bar,HYD-07,press-line,swing,nominal,8.627,False,Press cycle dwell time lengthened during high-volume batch.
4256,2024-01-15 18:35:00,4,humidity,percent,PAINT-01,finishing,swing,nominal,49.0,False,Pressure peak corresponds to oversized billet batch processing.
4257,2024-01-15 18:40:00,1,vibration,mm_s,CNC-04,machining-a,swing,nominal,2.629,False,Humidity climbed during dock-door open period in afternoon shift.
4258,2024-01-15 18:45:00,2,temperature,celsius,FURN-02,heat-treat,swing,nominal,67.203,False,Shift handoff note referenced unusual noise near press enclosure.
4259,2024-01-15 18:50:00,3,pressure,bar,HYD-07,press-line,swing,warning,7.069,False,Hydraulic accumulator recharge lag increased under repeated cycles.
4260,2024-01-15 18:55:00,4,humidity,percent,PAINT-01,finishing,swing,nominal,44.049,False,Quality team requested trace review for lot 24-118B.
4261,2024-01-15 19:00:00,1,vibration,mm_s,CNC-04,machining-a,swing,warning,3.374,False,Vibration burst exceeds envelope during tool change cycle.
4262,2024-01-15 19:05:00,2,temperature,celsius,FURN-02,heat-treat,swing,nominal,68.758,False,Quality hold reduced finishing booth activity for one shift.
4263,2024-01-15 19:10:00,3,pressure,bar,HYD-07,press-line,swing,nominal,8.048,False,Coolant loop adjustment reduced chamber temperature spread.
4264,2024-01-15 19:15:00,4,humidity,percent,PAINT-01,finishing,swing,nominal,44.223,False,Edge collector replayed buffered events after network recovery.
4265,2024-01-15 19:20:00,1,vibration,mm_s,CNC-04,machining-a,swing,nominal,2.883,False,Sensor enclosure opened for manual calibration verification.
4266,2024-01-15 19:25:00,2,temperature,celsius,FURN-02,heat-treat,swing,nominal,67.571,False,Sensor signal clipping observed during startup surge.
4267,2024-01-15 19:30:00,3,pressure,bar,HYD-07,press-line,swing,nominal,8.482,False,Warning threshold updated for pilot predictive-maintenance model.
4268,2024-01-15 19:35:00,4,humidity,percent,PAINT-01,finishing,swing,nominal,42.72,False,Short-lived packet loss observed at edge gateway gw-02.
4269,2024-01-15 19:40:00,1,vibration,mm_s,CNC-04,machining-a,swing,nominal,2.474,False,SCADA backfill inserted two delayed telemetry points.
4270,2024-01-15 19:45:00,2,temperature,celsius,FURN-02,heat-treat,swing,warning,71.718,False,Operator reset acknowledged after red-tag inspection.
4271,2024-01-15 19:50:00,3,pressure,bar,HYD-07,press-line,swing,critical,6.766,False,Sensor battery health remains nominal after firmware update.
4272,2024-01-15 19:55:00,4,humidity,percent,PAINT-01,finishing,swing,nominal,43.432,False,Heat-treat furnace door cycling increased localized temperature spikes.
4273,2024-01-15 20:00:00,1,vibration,mm_s,CNC-04,machining-a,swing,nominal,2.138,False,Machine idle period extended during planned sanitation window.
4274,2024-01-15 20:05:00,2,temperature,celsius,FURN-02,heat-treat,swing,nominal,68.433,False,Temperature variance narrowed after coolant nozzle cleaning.
4275,2024-01-15 20:10:00,3,pressure,bar,HYD-07,press-line,swing,nominal,8.702,False,Heat-treat furnace door cycling increased localized temperature spikes.
4276,2024-01-15 20:15:00,4,humidity,percent,PAINT-01,finishing,swing,nominal,47.281,False,Heat-treat furnace door cycling increased localized temperature spikes.
4277,2024-01-15 20:20:00,1,vibration,mm_s,CNC-04,machining-a,swing,nominal,2.183,False,Air handler maintenance reduced humidity variance on finishing line.
4278,2024-01-15 20:25:00,2,temperature,celsius,FURN-02,heat-treat,swing,nominal,68.216,False,Warning threshold updated for pilot predictive-maintenance model.
4279,2024-01-15 20:30:00,3,pressure,bar,HYD-07,press-line,swing,nominal,7.758,False,Night shift startup produced higher than normal vibration floor.
4280,2024-01-15 20:35:00,4,humidity,percent,PAINT-01,finishing,swing,nominal,47.071,False,Supervisory alert generated after three consecutive threshold breaches.
4281,2024-01-15 20:40:00,1,vibration,mm_s,CNC-04,machining-a,swing,nominal,2.609,False,Maintenance crew confirmed lubrication interval was missed.
4282,2024-01-15 20:45:00,2,temperature,celsius,FURN-02,heat-treat,swing,nominal,58.229,False,Telemetry quality flag downgraded during sensor self-test window.
4283,2024-01-15 20:50:00,3,pressure,bar,HYD-07,press-line,swing,nominal,7.505,False,SCADA backfill inserted two delayed telemetry points.
4284,2024-01-15 20:55:00,4,humidity,percent,PAINT-01,finishing,swing,nominal,40.345,False,Temporary gateway failover completed without data loss.
4285,2024-01-15 21:00:00,1,vibration,mm_s,CNC-04,machining-a,swing,nominal,2.196,False,Humidity baseline improved after seal replacement.
4286,2024-01-15 21:05:00,2,temperature,celsius,FURN-02,heat-treat,swing,nominal,70.726,False,Short-lived packet loss observed at edge gateway gw-02.
4287,2024-01-15 21:10:00,3,pressure,bar,HYD-07,press-line,swing,nominal,8.708,False,Humidity excursion near finishing booth during coating run.
4288,2024-01-15 21:15:00,4,humidity,percent,PAINT-01,finishing,swing,nominal,42.716,False,Humidity climbed during dock-door open period in afternoon shift.
4289,2024-01-15 21:20:00,1,vibration,mm_s,CNC-04,machining-a,swing,critical,1.566,False,Ambient temperature stabilized after HVAC stage-two engagement.
4290,2024-01-15 21:25:00,2,temperature,celsius,FURN-02,heat-treat,swing,critical,77.378,False,Bearing temperature rising faster than baseline on spindle cell.
4291,2024-01-15 21:30:00,3,pressure,bar,HYD-07,press-line,swing,nominal,8.535,False,Sensor signal clipping observed during startup surge.
4292,2024-01-15 21:35:00,4,humidity,percent,PAINT-01,finishing,swing,nominal,49.325,False,Thermal overshoot event coincided with recipe change on furnace.
4293,2024-01-15 21:40:00,1,vibration,mm_s,CNC-04,machining-a,swing,nominal,2.191,False,Thermal overshoot event coincided with recipe change on furnace.
4294,2024-01-15 21:45:00,2,temperature,celsius,FURN-02,heat-treat,swing,nominal,66.711,False,Thermal overshoot event coincided with recipe change on furnace.
4295,2024-01-15 21:50:00,3,pressure,bar,HYD-07,press-line,swing,nominal,6.91,False,Sensor signal clipping observed during startup surge.
4296,2024-01-15 21:55:00,4,humidity,percent,PAINT-01,finishing,swing,nominal,52.644,False,Maintenance scheduler deferred calibration due to spare shortage.
4297,2024-01-15 22:00:00,1,vibration,mm_s,CNC-04,machining-a,swing,nominal,2.965,False,Pressure peak corresponds to oversized billet batch processing.
4298,2024-01-15 22:05:00,2,temperature,celsius,FURN-02,heat-treat,swing,warning,71.898,False,Thermal overshoot event coincided with recipe change on furnace.
4299,2024-01-15 22:10:00,3,pressure,bar,HYD-07,press-line,swing,nominal,8.269,False,Vibration burst exceeds envelope during tool change cycle.
4300,2024-01-15 22:15:00,4,humidity,percent,PAINT-01,finishing,swing,nominal,52.651,False,Hydraulic line pressure oscillation detected under load.
4301,2024-01-15 22:20:00,1,vibration,mm_s,CNC-04,machining-a,swing,nominal,0.984,False,Short-lived packet loss observed at edge gateway gw-02.
4302,2024-01-15 22:25:00,2,temperature,celsius,FURN-02,heat-treat,swing,nominal,65.219,False,Humidity baseline improved after seal replacement.
4303,2024-01-15 22:30:00,3,pressure,bar,HYD-07,press-line,swing,critical,8.242,False,Compressed air fluctuation introduced pressure noise for two cycles.
4304,2024-01-15 22:35:00,4,humidity,percent,PAINT-01,finishing,swing,nominal,52.264,False,Humidity climbed during dock-door open period in afternoon shift.
4305,2024-01-15 22:40:00,1,vibration,mm_s,CNC-04,machining-a,swing,nominal,3.172,False,Sensor heartbeat delayed by one interval after gateway retry.
4306,2024-01-15 22:45:00,2,temperature,celsius,FURN-02,heat-treat,swing,warning,73.361,False,Transient outlier matched forklift impact near cabinet wall.
4307,2024-01-15 22:50:00,3,pressure,bar,HYD-07,press-line,swing,nominal,6.383,False,Shift handoff note referenced unusual noise near press enclosure.
4308,2024-01-15 22:55:00,4,humidity,percent,PAINT-01,finishing,swing,nominal,45.231,False,Temporary gateway failover completed without data loss.
4309,2024-01-15 23:00:00,1,vibration,mm_s,CNC-04,machining-a,swing,warning,2.716,False,Hydraulic accumulator recharge lag increased under repeated cycles.
4310,2024-01-15 23:05:00,2,temperature,celsius,FURN-02,heat-treat,swing,warning,71.263,False,Temporary gateway failover completed without data loss.
4311,2024-01-15 23:10:00,3,pressure,bar,HYD-07,press-line,swing,nominal,8.165,False,Air handler maintenance reduced humidity variance on finishing line.
4312,2024-01-15 23:15:00,4,humidity,percent,PAINT-01,finishing,swing,nominal,49.414,False,Air handler maintenance reduced humidity variance on finishing line.
4313,2024-01-15 23:20:00,1,vibration,mm_s,CNC-04,machining-a,swing,nominal,2.271,False,Temperature variance narrowed after coolant nozzle cleaning.
4314,2024-01-15 23:25:00,2,temperature,celsius,FURN-02,heat-treat,swing,nominal,67.279,False,Quality hold reduced finishing booth activity for one shift.
4315,2024-01-15 23:30:00,3,pressure,bar,HYD-07,press-line,swing,nominal,7.532,False,SCADA backfill inserted two delayed telemetry points.
4316,2024-01-15 23:35:00,4,humidity,percent,PAINT-01,finishing,swing,nominal,46.073,False,Bearing temperature rising faster than baseline on spindle cell.
4317,2024-01-15 23:40:00,1,vibration,mm_s,CNC-04,machining-a,swing,warning,2.558,False,Vibration baseline recovered after tool holder replacement.
4318,2024-01-15 23:45:00,2,temperature,celsius,FURN-02,heat-treat,swing,nominal,66.983,False,Machine idle period extended during planned sanitation window.
4319,2024-01-15 23:50:00,3,pressure,bar,HYD-07,press-line,swing,nominal,8.534,False,Sensor heartbeat delayed by one interval after gateway retry.
4320,2024-01-15 23:55:00,4,humidity,percent,PAINT-01,finishing,swing,nominal,40.547,False,Vibration harmonics broadened during extended production run.
4321,2024-01-16 00:00:00,1,vibration,mm_s,CNC-04,machining-a,night,nominal,3.179,False,Supervisory alert generated after three consecutive threshold breaches.
4322,2024-01-16 00:05:00,2,temperature,celsius,FURN-02,heat-treat,night,warning,72.084,False,Pressure peak corresponds to oversized billet batch processing.
4323,2024-01-16 00:10:00,3,pressure,bar,HYD-07,press-line,night,nominal,7.494,False,Packaging line stop reduced adjacent vibration background.
4324,2024-01-16 00:15:00,4,humidity,percent,PAINT-01,finishing,night,nominal,43.879,False,Temporary gateway failover completed without data loss.
4325,2024-01-16 00:20:00,1,vibration,mm_s,CNC-04,machining-a,night,nominal,2.668,False,Short-lived packet loss observed at edge gateway gw-02.
4326,2024-01-16 00:25:00,2,temperature,celsius,FURN-02,heat-treat,night,nominal,69.365,False,Transient outlier matched forklift impact near cabinet wall.
4327,2024-01-16 00:30:00,3,pressure,bar,HYD-07,press-line,night,nominal,8.13,False,Sensor heartbeat delayed by one interval after gateway retry.
4328,2024-01-16 00:35:00,4,humidity,percent,PAINT-01,finishing,night,nominal,43.464,False,Sensor heartbeat delayed by one interval after gateway retry.
4329,2024-01-16 00:40:00,1,vibration,mm_s,CNC-04,machining-a,night,nominal,3.172,False,Short-lived packet loss observed at edge gateway gw-02.
4330,2024-01-16 00:45:00,2,temperature,celsius,FURN-02,heat-treat,night,warning,63.64,False,Pressure line purge completed before restart authorization.
4331,2024-01-16 00:50:00,3,pressure,bar,HYD-07,press-line,night,nominal,7.702,False,Maintenance crew confirmed lubrication interval was missed.
4332,2024-01-16 00:55:00,4,humidity,percent,PAINT-01,finishing,night,warning,49.12,False,Machine throughput increase drove sustained pressure uplift.
4333,2024-01-16 01:00:00,1,vibration,mm_s,CNC-04,machining-a,night,nominal,3.118,False,Humidity readings track seasonal rise across late spring.
4334,2024-01-16 01:05:00,2,temperature,celsius,FURN-02,heat-treat,night,nominal,62.306,False,Pressure peak corresponds to oversized billet batch processing.
4335,2024-01-16 01:10:00,3,pressure,bar,HYD-07,press-line,night,nominal,7.637,False,Warning threshold updated for pilot predictive-maintenance model.
4336,2024-01-16 01:15:00,4,humidity,percent,PAINT-01,finishing,night,nominal,48.474,False,Pressure line purge completed before restart authorization.
4337,2024-01-16 01:20:00,1,vibration,mm_s,CNC-04,machining-a,night,nominal,2.746,False,Vibration burst exceeds envelope during tool change cycle.
4338,2024-01-16 01:25:00,2,temperature,celsius,FURN-02,heat-treat,night,warning,71.83,False,Temperature remained elevated during unscheduled overtime run.
4339,2024-01-16 01:30:00,3,pressure,bar,HYD-07,press-line,night,nominal,6.628,False,Humidity excursion near finishing booth during coating run.
4340,2024-01-16 01:35:00,4,humidity,percent,PAINT-01,finishing,night,nominal,43.98,False,Temporary gateway failover completed without data loss.
4341,2024-01-16 01:40:00,1,vibration,mm_s,CNC-04,machining-a,night,nominal,2.039,False,Machine idle period extended during planned sanitation window.
4342,2024-01-16 01:45:00,2,temperature,celsius,FURN-02,heat-treat,night,nominal,65.75,False,Humidity excursion near finishing booth during coating run.
4343,2024-01-16 01:50:00,3,pressure,bar,HYD-07,press-line,night,nominal,8.743,False,Hydraulic accumulator recharge lag increased under repeated cycles.
4344,2024-01-16 01:55:00,4,humidity,percent,PAINT-01,finishing,night,nominal,43.362,False,Temperature variance narrowed after coolant nozzle cleaning.
4345,2024-01-16 02:00:00,1,vibration,mm_s,CNC-04,machining-a,night,nominal,2.596,False,Maintenance crew confirmed lubrication interval was missed.
4346,2024-01-16 02:05:00,2,temperature,celsius,FURN-02,heat-treat,night,warning,69.343,False,Quality team requested trace review for lot 24-118B.
4347,2024-01-16 02:10:00,3,pressure,bar,HYD-07,press-line,night,nominal,8.804,False,Humidity climbed during dock-door open period in afternoon shift.
4348,2024-01-16 02:15:00,4,humidity,percent,PAINT-01,finishing,night,nominal,41.091,False,Maintenance scheduler deferred calibration due to spare shortage.
4349,2024-01-16 02:20:00,1,vibration,mm_s,CNC-04,machining-a,night,nominal,1.527,False,Maintenance scheduler deferred calibration due to spare shortage.
4350,2024-01-16 02:25:00,2,temperature,celsius,FURN-02,heat-treat,night,warning,71.832,False,Pressure peak corresponds to oversized billet batch processing.
4351,2024-01-16 02:30:00,3,pressure,bar,HYD-07,press-line,night,nominal,8.097,False,Anomaly review flagged possible bearing wear progression.
4352,2024-01-16 02:35:00,4,humidity,percent,PAINT-01,finishing,night,nominal,42.858,False,Press cycle dwell time lengthened during high-volume batch.
4353,2024-01-16 02:40:00,1,vibration,mm_s,CNC-04,machining-a,night,nominal,2.895,False,Sensor heartbeat delayed by one interval after gateway retry.
4354,2024-01-16 02:45:00,2,temperature,celsius,FURN-02,heat-treat,night,nominal,63.775,False,Operator reset acknowledged after red-tag inspection.
4355,2024-01-16 02:50:00,3,pressure,bar,HYD-07,press-line,night,nominal,8.291,False,Unbalanced load introduced cyclical pressure ripple.
4356,2024-01-16 02:55:00,4,humidity,percent,PAINT-01,finishing,night,nominal,43.97,False,Machine throughput increase drove sustained pressure uplift.
4357,2024-01-16 03:00:00,1,vibration,mm_s,CNC-04,machining-a,night,warning,2.419,False,Hydraulic line pressure oscillation detected under load.
4358,2024-01-16 03:05:00,2,temperature,celsius,FURN-02,heat-treat,night,nominal,64.623,False,Edge collector replayed buffered events after network recovery.
4359,2024-01-16 03:10:00,3,pressure,bar,HYD-07,press-line,night,nominal,7.573,False,Pressure line purge completed before restart authorization.
4360,2024-01-16 03:15:00,4,humidity,percent,PAINT-01,finishing,night,nominal,46.144,False,Operator reset acknowledged after red-tag inspection.
4361,2024-01-16 03:20:00,1,vibration,mm_s,CNC-04,machining-a,night,nominal,2.312,False,Pressure settled back to nominal after valve reseat.
4362,2024-01-16 03:25:00,2,temperature,celsius,FURN-02,heat-treat,night,critical,76.49,False,Humidity readings track seasonal rise across late spring.
4363,2024-01-16 03:30:00,3,pressure,bar,HYD-07,press-line,night,nominal,8.749,False,Sensor signal clipping observed during startup surge.
4364,2024-01-16 03:35:00,4,humidity,percent,PAINT-01,finishing,night,warning,45.068,False,Bearing temperature rising faster than baseline on spindle cell.
4365,2024-01-16 03:40:00,1,vibration,mm_s,CNC-04,machining-a,night,nominal,3.011,False,Temporary gateway failover completed without data loss.
4366,2024-01-16 03:45:00,2,temperature,celsius,FURN-02,heat-treat,night,nominal,67.333,False,Pressure settled back to nominal after valve reseat.
4367,2024-01-16 03:50:00,3,pressure,bar,HYD-07,press-line,night,nominal,8.21,False,Machine throughput increase drove sustained pressure uplift.
4368,2024-01-16 03:55:00,4,humidity,percent,PAINT-01,finishing,night,nominal,40.483,False,Packaging line stop reduced adjacent vibration background.
4369,2024-01-16 04:00:00,1,vibration,mm_s,CNC-04,machining-a,night,nominal,1.951,False,Vibration burst exceeds envelope during tool change cycle.
4370,2024-01-16 04:05:00,2,temperature,celsius,FURN-02,heat-treat,night,warning,73.775,False,Packaging line stop reduced adjacent vibration background.
4371,2024-01-16 04:10:00,3,pressure,bar,HYD-07,press-line,night,nominal,8.091,False,Compressed air fluctuation introduced pressure noise for two cycles.
4372,2024-01-16 04:15:00,4,humidity,percent,PAINT-01,finishing,night,nominal,42.071,False,Sensor battery health remains nominal after firmware update.
4373,2024-01-16 04:20:00,1,vibration,mm_s,CNC-04,machining-a,night,nominal,2.712,False,Pressure peak corresponds to oversized billet batch processing.
4374,2024-01-16 04:25:00,2,temperature,celsius,FURN-02,heat-treat,night,critical,80.473,False,SCADA backfill inserted two delayed telemetry points.
4375,2024-01-16 04:30:00,3,pressure,bar,HYD-07,press-line,night,nominal,9.006,False,Short-lived packet loss observed at edge gateway gw-02.
4376,2024-01-16 04:35:00,4,humidity,percent,PAINT-01,finishing,night,nominal,43.959,False,Ambient temperature stabilized after HVAC stage-two engagement.
4377,2024-01-16 04:40:00,1,vibration,mm_s,CNC-04,machining-a,night,nominal,2.463,False,Vibration harmonics broadened during extended production run.
4378,2024-01-16 04:45:00,2,temperature,celsius,FURN-02,heat-treat,night,nominal,70.267,False,Unbalanced load introduced cyclical pressure ripple.
4379,2024-01-16 04:50:00,3,pressure,bar,HYD-07,press-line,night,nominal,7.204,False,Sensor signal clipping observed during startup surge.
4380,2024-01-16 04:55:00,4,humidity,percent,PAINT-01,finishing,night,nominal,47.039,False,Temperature remained elevated during unscheduled overtime run.
4381,2024-01-16 05:00:00,1,vibration,mm_s,CNC-04,machining-a,night,nominal,2.551,False,Maintenance scheduler deferred calibration due to spare shortage.
4382,2024-01-16 05:05:00,2,temperature,celsius,FURN-02,heat-treat,night,nominal,65.313,False,Vibration harmonics broadened during extended production run.
4383,2024-01-16 05:10:00,3,pressure,bar,HYD-07,press-line,night,nominal,6.788,False,Humidity readings track seasonal rise across late spring.
4384,2024-01-16 05:15:00,4,humidity,percent,PAINT-01,finishing,night,nominal,42.019,False,Vibration harmonics broadened during extended production run.
4385,2024-01-16 05:20:00,1,vibration,mm_s,CNC-04,machining-a,night,nominal,2.806,False,Temperature variance narrowed after coolant nozzle cleaning.
4386,2024-01-16 05:25:00,2,temperature,celsius,FURN-02,heat-treat,night,nominal,69.764,False,Condensation warning cleared after dehumidifier ramp-up.
4387,2024-01-16 05:30:00,3,pressure,bar,HYD-07,press-line,night,nominal,8.339,False,Pressure line purge completed before restart authorization.
4388,2024-01-16 05:35:00,4,humidity,percent,PAINT-01,finishing,night,nominal,37.184,False,Temporary gateway failover completed without data loss.
4389,2024-01-16 05:40:00,1,vibration,mm_s,CNC-04,machining-a,night,nominal,3.653,False,Temperature variance narrowed after coolant nozzle cleaning.
4390,2024-01-16 05:45:00,2,temperature,celsius,FURN-02,heat-treat,night,nominal,68.344,False,Vibration burst exceeds envelope during tool change cycle.
4391,2024-01-16 05:50:00,3,pressure,bar,HYD-07,press-line,night,nominal,7.914,False,Short-lived packet loss observed at edge gateway gw-02.
4392,2024-01-16 05:55:00,4,humidity,percent,PAINT-01,finishing,night,nominal,38.94,False,Humidity excursion near finishing booth during coating run.
4393,2024-01-16 06:00:00,1,vibration,mm_s,CNC-04,machining-a,night,nominal,2.869,False,Machine idle period extended during planned sanitation window.
4394,2024-01-16 06:05:00,2,temperature,celsius,FURN-02,heat-treat,night,nominal,69.496,False,Dust extraction fan offline for 18 minutes on line finishing.
4395,2024-01-16 06:10:00,3,pressure,bar,HYD-07,press-line,night,nominal,7.312,False,Heat-treat furnace door cycling increased localized temperature spikes.
4396,2024-01-16 06:15:00,4,humidity,percent,PAINT-01,finishing,night,nominal,46.106,False,Ambient temperature stabilized after HVAC stage-two engagement.
4397,2024-01-16 06:20:00,1,vibration,mm_s,CNC-04,machining-a,night,nominal,3.397,False,Telemetry quality flag downgraded during sensor self-test window.
4398,2024-01-16 06:25:00,2,temperature,celsius,FURN-02,heat-treat,night,warning,72.422,False,Thermal overshoot event coincided with recipe change on furnace.
4399,2024-01-16 06:30:00,3,pressure,bar,HYD-07,press-line,night,nominal,8.162,False,Machine idle period extended during planned sanitation window.
4400,2024-01-16 06:35:00,4,humidity,percent,PAINT-01,finishing,night,nominal,46.833,False,Quality team requested trace review for lot 24-118B.
4401,2024-01-16 06:40:00,1,vibration,mm_s,CNC-04,machining-a,night,nominal,3.418,False,Unbalanced load introduced cyclical pressure ripple.
4402,2024-01-16 06:45:00,2,temperature,celsius,FURN-02,heat-treat,night,warning,72.938,False,Air handler maintenance reduced humidity variance on finishing line.
4403,2024-01-16 06:50:00,3,pressure,bar,HYD-07,press-line,night,nominal,8.286,False,Ambient temperature stabilized after HVAC stage-two engagement.
4404,2024-01-16 06:55:00,4,humidity,percent,PAINT-01,finishing,night,nominal,41.577,False,Pressure settled back to nominal after valve reseat.
4405,2024-01-16 07:00:00,1,vibration,mm_s,CNC-04,machining-a,night,nominal,3.073,False,Telemetry quality flag downgraded during sensor self-test window.
4406,2024-01-16 07:05:00,2,temperature,celsius,FURN-02,heat-treat,night,nominal,60.175,False,Pressure peak corresponds to oversized billet batch processing.
4407,2024-01-16 07:10:00,3,pressure,bar,HYD-07,press-line,night,nominal,8.622,False,Coolant loop adjustment reduced chamber temperature spread.
4408,2024-01-16 07:15:00,4,humidity,percent,PAINT-01,finishing,night,nominal,39.562,False,Reliability engineer tagged sample window for model retraining.
4409,2024-01-16 07:20:00,1,vibration,mm_s,CNC-04,machining-a,night,nominal,1.636,False,Condensation warning cleared after dehumidifier ramp-up.
4410,2024-01-16 07:25:00,2,temperature,celsius,FURN-02,heat-treat,night,warning,74.552,False,Warning threshold updated for pilot predictive-maintenance model.
4411,2024-01-16 07:30:00,3,pressure,bar,HYD-07,press-line,night,nominal,7.333,False,Shift handoff note referenced unusual noise near press enclosure.
4412,2024-01-16 07:35:00,4,humidity,percent,PAINT-01,finishing,night,nominal,37.492,False,Air handler maintenance reduced humidity variance on finishing line.
4413,2024-01-16 07:40:00,1,vibration,mm_s,CNC-04,machining-a,night,nominal,2.518,False,Pressure peak corresponds to oversized billet batch processing.
4414,2024-01-16 07:45:00,2,temperature,celsius,FURN-02,heat-treat,night,nominal,70.429,False,Humidity readings track seasonal rise across late spring.
4415,2024-01-16 07:50:00,3,pressure,bar,HYD-07,press-line,night,nominal,7.784,False,Sensor signal clipping observed during startup surge.
4416,2024-01-16 07:55:00,4,humidity,percent,PAINT-01,finishing,night,nominal,37.734,False,Sensor 1 spike sequence matches historical bearing fault pattern.
4417,2024-01-16 08:00:00,1,vibration,mm_s,CNC-04,machining-a,day,nominal,1.8,False,Sensor enclosure opened for manual calibration verification.
4418,2024-01-16 08:05:00,2,temperature,celsius,FURN-02,heat-treat,day,nominal,66.368,False,Pressure peak corresponds to oversized billet batch processing.
4419,2024-01-16 08:10:00,3,pressure,bar,HYD-07,press-line,day,nominal,7.994,False,Pressure line purge completed before restart authorization.
4420,2024-01-16 08:15:00,4,humidity,percent,PAINT-01,finishing,day,nominal,42.334,False,Night shift startup produced higher than normal vibration floor.
4421,2024-01-16 08:20:00,1,vibration,mm_s,CNC-04,machining-a,day,nominal,3.975,False,Unbalanced load introduced cyclical pressure ripple.
4422,2024-01-16 08:25:00,2,temperature,celsius,FURN-02,heat-treat,day,warning,72.253,False,Unexpected resonance band appeared near 42 Hz on spindle motor.
4423,2024-01-16 08:30:00,3,pressure,bar,HYD-07,press-line,day,nominal,8.521,False,Anomaly review flagged possible bearing wear progression.
4424,2024-01-16 08:35:00,4,humidity,percent,PAINT-01,finishing,day,nominal,36.403,False,Temporary gateway failover completed without data loss.
4425,2024-01-16 08:40:00,1,vibration,mm_s,CNC-04,machining-a,day,nominal,1.848,False,Operator reset acknowledged after red-tag inspection.
4426,2024-01-16 08:45:00,2,temperature,celsius,FURN-02,heat-treat,day,nominal,64.223,False,Thermal overshoot event coincided with recipe change on furnace.
4427,2024-01-16 08:50:00,3,pressure,bar,HYD-07,press-line,day,nominal,8.391,False,Sensor 3 drift suspected after cross-check with manual gauge.
4428,2024-01-16 08:55:00,4,humidity,percent,PAINT-01,finishing,day,nominal,45.075,False,Press cycle dwell time lengthened during high-volume batch.
4429,2024-01-16 09:00:00,1,vibration,mm_s,CNC-04,machining-a,day,nominal,1.577,False,Machine idle period extended during planned sanitation window.
4430,2024-01-16 09:05:00,2,temperature,celsius,FURN-02,heat-treat,day,nominal,64.433,False,Dust extraction fan offline for 18 minutes on line finishing.
4431,2024-01-16 09:10:00,3,pressure,bar,HYD-07,press-line,day,nominal,7.48,False,Machine throughput increase drove sustained pressure uplift.
4432,2024-01-16 09:15:00,4,humidity,percent,PAINT-01,finishing,day,nominal,46.827,False,Maintenance crew confirmed lubrication interval was missed.
4433,2024-01-16 09:20:00,1,vibration,mm_s,CNC-04,machining-a,day,nominal,0.876,False,Temporary gateway failover completed without data loss.
4434,2024-01-16 09:25:00,2,temperature,celsius,FURN-02,heat-treat,day,warning,73.717,False,Humidity excursion near finishing booth during coating run.
4435,2024-01-16 09:30:00,3,pressure,bar,HYD-07,press-line,day,nominal,8.137,False,Calibration check overdue by 11 days for press-line transducer.
4436,2024-01-16 09:35:00,4,humidity,percent,PAINT-01,finishing,day,nominal,37.447,False,Quality team requested trace review for lot 24-118B.
4437,2024-01-16 09:40:00,1,vibration,mm_s,CNC-04,machining-a,day,nominal,1.83,False,Hydraulic line pressure oscillation detected under load.
4438,2024-01-16 09:45:00,2,temperature,celsius,FURN-02,heat-treat,day,nominal,69.254,False,Humidity readings track seasonal rise across late spring.
4439,2024-01-16 09:50:00,3,pressure,bar,HYD-07,press-line,day,nominal,7.462,False,Sensor 1 spike sequence matches historical bearing fault pattern.
4440,2024-01-16 09:55:00,4,humidity,percent,PAINT-01,finishing,day,nominal,39.097,False,Thermal ramp exceeded expected warmup curve before shift start.
4441,2024-01-16 10:00:00,1,vibration,mm_s,CNC-04,machining-a,day,nominal,2.468,False,Pressure line purge completed before restart authorization.
4442,2024-01-16 10:05:00,2,temperature,celsius,FURN-02,heat-treat,day,critical,76.008,False,Bearing temperature rising faster than baseline on spindle cell.
4443,2024-01-16 10:10:00,3,pressure,bar,HYD-07,press-line,day,nominal,7.532,False,Operator reset acknowledged after red-tag inspection.
4444,2024-01-16 10:15:00,4,humidity,percent,PAINT-01,finishing,day,nominal,43.807,False,Humidity baseline improved after seal replacement.
4445,2024-01-16 10:20:00,1,vibration,mm_s,CNC-04,machining-a,day,nominal,2.998,False,SCADA backfill inserted two delayed telemetry points.
4446,2024-01-16 10:25:00,2,temperature,celsius,FURN-02,heat-treat,day,nominal,65.866,False,Unexpected resonance band appeared near 42 Hz on spindle motor.
4447,2024-01-16 10:30:00,3,pressure,bar,HYD-07,press-line,day,nominal,7.597,False,Humidity excursion near finishing booth during coating run.
4448,2024-01-16 10:35:00,4,humidity,percent,PAINT-01,finishing,day,nominal,40.218,False,Coolant loop adjustment reduced chamber temperature spread.
4449,2024-01-16 10:40:00,1,vibration,mm_s,CNC-04,machining-a,day,nominal,1.811,False,Maintenance note logged for coupling imbalance inspection.
4450,2024-01-16 10:45:00,2,temperature,celsius,FURN-02,heat-treat,day,nominal,70.266,False,Humidity readings track seasonal rise across late spring.
4451,2024-01-16 10:50:00,3,pressure,bar,HYD-07,press-line,day,nominal,7.382,False,Reliability engineer tagged sample window for model retraining.
4452,2024-01-16 10:55:00,4,humidity,percent,PAINT-01,finishing,day,warning,45.229,False,Pressure settled back to nominal after valve reseat.
4453,2024-01-16 11:00:00,1,vibration,mm_s,CNC-04,machining-a,day,nominal,3.044,False,Supervisory alert generated after three consecutive threshold breaches.
4454,2024-01-16 11:05:00,2,temperature,celsius,FURN-02,heat-treat,day,nominal,70.699,False,Pressure line purge completed before restart authorization.
4455,2024-01-16 11:10:00,3,pressure,bar,HYD-07,press-line,day,nominal,8.278,False,SCADA backfill inserted two delayed telemetry points.
4456,2024-01-16 11:15:00,4,humidity,percent,PAINT-01,finishing,day,nominal,49.193,False,Transient outlier matched forklift impact near cabinet wall.
4457,2024-01-16 11:20:00,1,vibration,mm_s,CNC-04,machining-a,day,nominal,2.365,False,Hydraulic accumulator recharge lag increased under repeated cycles.
4458,2024-01-16 11:25:00,2,temperature,celsius,FURN-02,heat-treat,day,nominal,70.783,False,Condensation warning cleared after dehumidifier ramp-up.
4459,2024-01-16 11:30:00,3,pressure,bar,HYD-07,press-line,day,nominal,8.405,False,Thermal overshoot event coincided with recipe change on furnace.
4460,2024-01-16 11:35:00,4,humidity,percent,PAINT-01,finishing,day,nominal,43.249,False,Unexpected resonance band appeared near 42 Hz on spindle motor.
4461,2024-01-16 11:40:00,1,vibration,mm_s,CNC-04,machining-a,day,nominal,2.133,False,Maintenance crew confirmed lubrication interval was missed.
4462,2024-01-16 11:45:00,2,temperature,celsius,FURN-02,heat-treat,day,warning,71.75,False,Edge collector replayed buffered events after network recovery.
4463,2024-01-16 11:50:00,3,pressure,bar,HYD-07,press-line,day,nominal,7.54,False,Bearing temperature rising faster than baseline on spindle cell.
4464,2024-01-16 11:55:00,4,humidity,percent,PAINT-01,finishing,day,warning,35.761,False,Humidity readings track seasonal rise across late spring.
4465,2024-01-16 12:00:00,1,vibration,mm_s,CNC-04,machining-a,day,nominal,2.495,False,Sensor battery health remains nominal after firmware update.
4466,2024-01-16 12:05:00,2,temperature,celsius,FURN-02,heat-treat,day,warning,71.026,False,Sensor 3 drift suspected after cross-check with manual gauge.
4467,2024-01-16 12:10:00,3,pressure,bar,HYD-07,press-line,day,nominal,7.913,False,Vibration harmonics broadened during extended production run.
4468,2024-01-16 12:15:00,4,humidity,percent,PAINT-01,finishing,day,nominal,45.114,False,Temporary gateway failover completed without data loss.
4469,2024-01-16 12:20:00,1,vibration,mm_s,CNC-04,machining-a,day,critical,3.18,False,Compressed air fluctuation introduced pressure noise for two cycles.
4470,2024-01-16 12:25:00,2,temperature,celsius,FURN-02,heat-treat,day,nominal,69.045,False,SCADA backfill inserted two delayed telemetry points.
4471,2024-01-16 12:30:00,3,pressure,bar,HYD-07,press-line,day,nominal,7.55,False,Bearing temperature rising faster than baseline on spindle cell.
4472,2024-01-16 12:35:00,4,humidity,percent,PAINT-01,finishing,day,nominal,42.581,False,Hydraulic accumulator recharge lag increased under repeated cycles.
4473,2024-01-16 12:40:00,1,vibration,mm_s,CNC-04,machining-a,day,nominal,2.428,False,Anomaly review flagged possible bearing wear progression.
4474,2024-01-16 12:45:00,2,temperature,celsius,FURN-02,heat-treat,day,nominal,60.222,False,Supervisory alert generated after three consecutive threshold breaches.
4475,2024-01-16 12:50:00,3,pressure,bar,HYD-07,press-line,day,nominal,7.191,False,Unbalanced load introduced cyclical pressure ripple.
4476,2024-01-16 12:55:00,4,humidity,percent,PAINT-01,finishing,day,nominal,46.938,False,Temperature variance narrowed after coolant nozzle cleaning.
4477,2024-01-16 13:00:00,1,vibration,mm_s,CNC-04,machining-a,day,nominal,1.79,False,Calibration check overdue by 11 days for press-line transducer.
4478,2024-01-16 13:05:00,2,temperature,celsius,FURN-02,heat-treat,day,warning,72.849,False,Sensor battery health remains nominal after firmware update.
4479,2024-01-16 13:10:00,3,pressure,bar,HYD-07,press-line,day,nominal,7.091,False,Maintenance note logged for coupling imbalance inspection.
4480,2024-01-16 13:15:00,4,humidity,percent,PAINT-01,finishing,day,warning,55.905,False,Short-lived packet loss observed at edge gateway gw-02.
4481,2024-01-16 13:20:00,1,vibration,mm_s,CNC-04,machining-a,day,nominal,2.633,False,Temperature remained elevated during unscheduled overtime run.
4482,2024-01-16 13:25:00,2,temperature,celsius,FURN-02,heat-treat,day,nominal,58.279,False,Pressure line purge completed before restart authorization.
4483,2024-01-16 13:30:00,3,pressure,bar,HYD-07,press-line,day,nominal,8.936,False,Pressure line purge completed before restart authorization.
4484,2024-01-16 13:35:00,4,humidity,percent,PAINT-01,finishing,day,nominal,39.485,False,Telemetry quality flag downgraded during sensor self-test window.
4485,2024-01-16 13:40:00,1,vibration,mm_s,CNC-04,machining-a,day,nominal,2.624,False,Compressed air fluctuation introduced pressure noise for two cycles.
4486,2024-01-16 13:45:00,2,temperature,celsius,FURN-02,heat-treat,day,nominal,63.41,False,Pressure line purge completed before restart authorization.
4487,2024-01-16 13:50:00,3,pressure,bar,HYD-07,press-line,day,nominal,7.316,False,Vibration burst exceeds envelope during tool change cycle.
4488,2024-01-16 13:55:00,4,humidity,percent,PAINT-01,finishing,day,nominal,40.619,False,Transient outlier matched forklift impact near cabinet wall.
4489,2024-01-16 14:00:00,1,vibration,mm_s,CNC-04,machining-a,day,nominal,2.295,False,Quality hold reduced finishing booth activity for one shift.
4490,2024-01-16 14:05:00,2,temperature,celsius,FURN-02,heat-treat,day,nominal,65.791,False,Transient outlier matched forklift impact near cabinet wall.
4491,2024-01-16 14:10:00,3,pressure,bar,HYD-07,press-line,day,nominal,8.213,False,Pressure peak corresponds to oversized billet batch processing.
4492,2024-01-16 14:15:00,4,humidity,percent,PAINT-01,finishing,day,nominal,45.719,False,Thermal overshoot event coincided with recipe change on furnace.
4493,2024-01-16 14:20:00,1,vibration,mm_s,CNC-04,machining-a,day,critical,2.962,False,Unbalanced load introduced cyclical pressure ripple.
4494,2024-01-16 14:25:00,2,temperature,celsius,FURN-02,heat-treat,day,warning,73.028,False,Temperature variance narrowed after coolant nozzle cleaning.
4495,2024-01-16 14:30:00,3,pressure,bar,HYD-07,press-line,day,nominal,8.054,False,Edge collector replayed buffered events after network recovery.
4496,2024-01-16 14:35:00,4,humidity,percent,PAINT-01,finishing,day,nominal,48.608,False,Bearing temperature rising faster than baseline on spindle cell.
4497,2024-01-16 14:40:00,1,vibration,mm_s,CNC-04,machining-a,day,nominal,1.141,False,Pressure settled back to nominal after valve reseat.
4498,2024-01-16 14:45:00,2,temperature,celsius,FURN-02,heat-treat,day,nominal,67.964,False,Dust extraction fan offline for 18 minutes on line finishing.
4499,2024-01-16 14:50:00,3,pressure,bar,HYD-07,press-line,day,nominal,7.026,False,Shift handoff note referenced unusual noise near press enclosure.
4500,2024-01-16 14:55:00,4,humidity,percent,PAINT-01,finishing,day,nominal,54.485,False,Pressure line purge completed before restart authorization.
4501,2024-01-16 15:00:00,1,vibration,mm_s,CNC-04,machining-a,day,nominal,2.596,False,Short-lived packet loss observed at edge gateway gw-02.
4502,2024-01-16 15:05:00,2,temperature,celsius,FURN-02,heat-treat,day,critical,77.402,False,Vibration burst exceeds envelope during tool change cycle.
4503,2024-01-16 15:10:00,3,pressure,bar,HYD-07,press-line,day,nominal,8.076,False,Sensor battery health remains nominal after firmware update.
4504,2024-01-16 15:15:00,4,humidity,percent,PAINT-01,finishing,day,nominal,42.178,False,Quality hold reduced finishing booth activity for one shift.
4505,2024-01-16 15:20:00,1,vibration,mm_s,CNC-04,machining-a,day,nominal,2.831,False,Warning threshold updated for pilot predictive-maintenance model.
4506,2024-01-16 15:25:00,2,temperature,celsius,FURN-02,heat-treat,day,nominal,62.725,False,Thermal ramp exceeded expected warmup curve before shift start.
4507,2024-01-16 15:30:00,3,pressure,bar,HYD-07,press-line,day,nominal,7.992,False,Humidity baseline improved after seal replacement.
4508,2024-01-16 15:35:00,4,humidity,percent,PAINT-01,finishing,day,nominal,39.933,False,Machine throughput increase drove sustained pressure uplift.
4509,2024-01-16 15:40:00,1,vibration,mm_s,CNC-04,machining-a,day,nominal,1.603,False,Temperature remained elevated during unscheduled overtime run.
4510,2024-01-16 15:45:00,2,temperature,celsius,FURN-02,heat-treat,day,nominal,64.018,False,Maintenance scheduler deferred calibration due to spare shortage.
4511,2024-01-16 15:50:00,3,pressure,bar,HYD-07,press-line,day,nominal,7.784,False,Air handler maintenance reduced humidity variance on finishing line.
4512,2024-01-16 15:55:00,4,humidity,percent,PAINT-01,finishing,day,nominal,40.324,False,Condensation warning cleared after dehumidifier ramp-up.
4513,2024-01-16 16:00:00,1,vibration,mm_s,CNC-04,machining-a,swing,nominal,1.584,False,Sensor heartbeat delayed by one interval after gateway retry.
4514,2024-01-16 16:05:00,2,temperature,celsius,FURN-02,heat-treat,swing,nominal,58.84,False,Warning threshold updated for pilot predictive-maintenance model.
4515,2024-01-16 16:10:00,3,pressure,bar,HYD-07,press-line,swing,nominal,7.517,False,Pressure settled back to nominal after valve reseat.
4516,2024-01-16 16:15:00,4,humidity,percent,PAINT-01,finishing,swing,nominal,42.098,False,Ambient temperature stabilized after HVAC stage-two engagement.
4517,2024-01-16 16:20:00,1,vibration,mm_s,CNC-04,machining-a,swing,nominal,2.949,False,Packaging line stop reduced adjacent vibration background.
4518,2024-01-16 16:25:00,2,temperature,celsius,FURN-02,heat-treat,swing,nominal,63.807,False,Thermal ramp exceeded expected warmup curve before shift start.
4519,2024-01-16 16:30:00,3,pressure,bar,HYD-07,press-line,swing,nominal,7.798,False,Vibration harmonics broadened during extended production run.
4520,2024-01-16 16:35:00,4,humidity,percent,PAINT-01,finishing,swing,nominal,43.054,False,Night shift startup produced higher than normal vibration floor.
4521,2024-01-16 16:40:00,1,vibration,mm_s,CNC-04,machining-a,swing,nominal,3.046,False,Temperature variance narrowed after coolant nozzle cleaning.
4522,2024-01-16 16:45:00,2,temperature,celsius,FURN-02,heat-treat,swing,nominal,66.122,False,Unexpected resonance band appeared near 42 Hz on spindle motor.
4523,2024-01-16 16:50:00,3,pressure,bar,HYD-07,press-line,swing,nominal,8.107,False,Coolant loop adjustment reduced chamber temperature spread.
4524,2024-01-16 16:55:00,4,humidity,percent,PAINT-01,finishing,swing,nominal,45.14,False,Humidity readings track seasonal rise across late spring.
4525,2024-01-16 17:00:00,1,vibration,mm_s,CNC-04,machining-a,swing,nominal,3.148,False,Condensation warning cleared after dehumidifier ramp-up.
4526,2024-01-16 17:05:00,2,temperature,celsius,FURN-02,heat-treat,swing,warning,75.561,False,Machine idle period extended during planned sanitation window.
4527,2024-01-16 17:10:00,3,pressure,bar,HYD-07,press-line,swing,nominal,7.24,False,Thermal ramp exceeded expected warmup curve before shift start.
4528,2024-01-16 17:15:00,4,humidity,percent,PAINT-01,finishing,swing,nominal,44.449,False,Supervisory alert generated after three consecutive threshold breaches.
4529,2024-01-16 17:20:00,1,vibration,mm_s,CNC-04,machining-a,swing,nominal,2.019,False,Thermal ramp exceeded expected warmup curve before shift start.
4530,2024-01-16 17:25:00,2,temperature,celsius,FURN-02,heat-treat,swing,warning,73.676,False,Maintenance scheduler deferred calibration due to spare shortage.
4531,2024-01-16 17:30:00,3,pressure,bar,HYD-07,press-line,swing,nominal,8.734,False,Sensor 1 spike sequence matches historical bearing fault pattern.
4532,2024-01-16 17:35:00,4,humidity,percent,PAINT-01,finishing,swing,nominal,37.9,False,Hydraulic line pressure oscillation detected under load.
4533,2024-01-16 17:40:00,1,vibration,mm_s,CNC-04,machining-a,swing,nominal,2.511,False,Quality team requested trace review for lot 24-118B.
4534,2024-01-16 17:45:00,2,temperature,celsius,FURN-02,heat-treat,swing,nominal,70.044,False,Maintenance crew confirmed lubrication interval was missed.
4535,2024-01-16 17:50:00,3,pressure,bar,HYD-07,press-line,swing,nominal,8.247,False,Packaging line stop reduced adjacent vibration background.
4536,2024-01-16 17:55:00,4,humidity,percent,PAINT-01,finishing,swing,nominal,36.636,False,Transient outlier matched forklift impact near cabinet wall.
4537,2024-01-16 18:00:00,1,vibration,mm_s,CNC-04,machining-a,swing,nominal,2.583,False,Sensor heartbeat delayed by one interval after gateway retry.
4538,2024-01-16 18:05:00,2,temperature,celsius,FURN-02,heat-treat,swing,nominal,67.571,False,Press cycle dwell time lengthened during high-volume batch.
4539,2024-01-16 18:10:00,3,pressure,bar,HYD-07,press-line,swing,nominal,6.236,False,Compressed air fluctuation introduced pressure noise for two cycles.
4540,2024-01-16 18:15:00,4,humidity,percent,PAINT-01,finishing,swing,nominal,43.754,False,Quality hold reduced finishing booth activity for one shift.
4541,2024-01-16 18:20:00,1,vibration,mm_s,CNC-04,machining-a,swing,nominal,1.461,False,Air handler maintenance reduced humidity variance on finishing line.
4542,2024-01-16 18:25:00,2,temperature,celsius,FURN-02,heat-treat,swing,warning,72.414,False,Unbalanced load introduced cyclical pressure ripple.
4543,2024-01-16 18:30:00,3,pressure,bar,HYD-07,press-line,swing,critical,7.654,False,Operator reset acknowledged after red-tag inspection.
4544,2024-01-16 18:35:00,4,humidity,percent,PAINT-01,finishing,swing,nominal,40.484,False,Sensor enclosure opened for manual calibration verification.
4545,2024-01-16 18:40:00,1,vibration,mm_s,CNC-04,machining-a,swing,nominal,2.486,False,Machine throughput increase drove sustained pressure uplift.
4546,2024-01-16 18:45:00,2,temperature,celsius,FURN-02,heat-treat,swing,warning,74.7,False,Sensor 1 spike sequence matches historical bearing fault pattern.
4547,2024-01-16 18:50:00,3,pressure,bar,HYD-07,press-line,swing,critical,9.184,False,Hydraulic line pressure oscillation detected under load.
4548,2024-01-16 18:55:00,4,humidity,percent,PAINT-01,finishing,swing,nominal,41.319,False,Maintenance note logged for coupling imbalance inspection.
4549,2024-01-16 19:00:00,1,vibration,mm_s,CNC-04,machining-a,swing,nominal,2.476,False,Maintenance scheduler deferred calibration due to spare shortage.
4550,2024-01-16 19:05:00,2,temperature,celsius,FURN-02,heat-treat,swing,nominal,66.063,False,Maintenance note logged for coupling imbalance inspection.
4551,2024-01-16 19:10:00,3,pressure,bar,HYD-07,press-line,swing,nominal,8.032,False,Vibration burst exceeds envelope during tool change cycle.
4552,2024-01-16 19:15:00,4,humidity,percent,PAINT-01,finishing,swing,nominal,48.703,False,Maintenance crew confirmed lubrication interval was missed.
4553,2024-01-16 19:20:00,1,vibration,mm_s,CNC-04,machining-a,swing,nominal,2.81,False,Shift handoff note referenced unusual noise near press enclosure.
4554,2024-01-16 19:25:00,2,temperature,celsius,FURN-02,heat-treat,swing,nominal,66.512,False,Humidity climbed during dock-door open period in afternoon shift.
4555,2024-01-16 19:30:00,3,pressure,bar,HYD-07,press-line,swing,nominal,7.329,False,Hydraulic line pressure oscillation detected under load.
4556,2024-01-16 19:35:00,4,humidity,percent,PAINT-01,finishing,swing,nominal,47.581,False,Edge collector replayed buffered events after network recovery.
4557,2024-01-16 19:40:00,1,vibration,mm_s,CNC-04,machining-a,swing,nominal,2.086,False,Unexpected resonance band appeared near 42 Hz on spindle motor.
4558,2024-01-16 19:45:00,2,temperature,celsius,FURN-02,heat-treat,swing,nominal,67.034,False,Temperature remained elevated during unscheduled overtime run.
4559,2024-01-16 19:50:00,3,pressure,bar,HYD-07,press-line,swing,nominal,8.216,False,Temporary gateway failover completed without data loss.
4560,2024-01-16 19:55:00,4,humidity,percent,PAINT-01,finishing,swing,nominal,42.474,False,Maintenance crew confirmed lubrication interval was missed.
4561,2024-01-16 20:00:00,1,vibration,mm_s,CNC-04,machining-a,swing,critical,3.088,False,Humidity readings track seasonal rise across late spring.
4562,2024-01-16 20:05:00,2,temperature,celsius,FURN-02,heat-treat,swing,nominal,61.171,False,Sensor enclosure opened for manual calibration verification.
4563,2024-01-16 20:10:00,3,pressure,bar,HYD-07,press-line,swing,nominal,6.423,False,Pressure settled back to nominal after valve reseat.
4564,2024-01-16 20:15:00,4,humidity,percent,PAINT-01,finishing,swing,nominal,49.385,False,Short-lived packet loss observed at edge gateway gw-02.
4565,2024-01-16 20:20:00,1,vibration,mm_s,CNC-04,machining-a,swing,nominal,2.444,False,Telemetry quality flag downgraded during sensor self-test window.
4566,2024-01-16 20:25:00,2,temperature,celsius,FURN-02,heat-treat,swing,warning,74.426,False,Humidity readings track seasonal rise across late spring.
4567,2024-01-16 20:30:00,3,pressure,bar,HYD-07,press-line,swing,nominal,7.975,False,Sensor heartbeat delayed by one interval after gateway retry.
4568,2024-01-16 20:35:00,4,humidity,percent,PAINT-01,finishing,swing,nominal,49.722,False,Vibration burst exceeds envelope during tool change cycle.
4569,2024-01-16 20:40:00,1,vibration,mm_s,CNC-04,machining-a,swing,nominal,3.34,False,Pressure settled back to nominal after valve reseat.
4570,2024-01-16 20:45:00,2,temperature,celsius,FURN-02,heat-treat,swing,nominal,66.352,False,Maintenance scheduler deferred calibration due to spare shortage.
4571,2024-01-16 20:50:00,3,pressure,bar,HYD-07,press-line,swing,nominal,7.474,False,Maintenance note logged for coupling imbalance inspection.
4572,2024-01-16 20:55:00,4,humidity,percent,PAINT-01,finishing,swing,nominal,51.139,False,Warning threshold updated for pilot predictive-maintenance model.
4573,2024-01-16 21:00:00,1,vibration,mm_s,CNC-04,machining-a,swing,nominal,2.811,False,Vibration baseline recovered after tool holder replacement.
4574,2024-01-16 21:05:00,2,temperature,celsius,FURN-02,heat-treat,swing,nominal,67.676,False,Humidity climbed during dock-door open period in afternoon shift.
4575,2024-01-16 21:10:00,3,pressure,bar,HYD-07,press-line,swing,nominal,7.828,False,Sensor heartbeat delayed by one interval after gateway retry.
4576,2024-01-16 21:15:00,4,humidity,percent,PAINT-01,finishing,swing,nominal,52.093,False,Sensor heartbeat delayed by one interval after gateway retry.
4577,2024-01-16 21:20:00,1,vibration,mm_s,CNC-04,machining-a,swing,nominal,2.553,False,Dust extraction fan offline for 18 minutes on line finishing.
4578,2024-01-16 21:25:00,2,temperature,celsius,FURN-02,heat-treat,swing,warning,75.531,False,Coolant loop adjustment reduced chamber temperature spread.
4579,2024-01-16 21:30:00,3,pressure,bar,HYD-07,press-line,swing,nominal,6.935,False,Telemetry quality flag downgraded during sensor self-test window.
4580,2024-01-16 21:35:00,4,humidity,percent,PAINT-01,finishing,swing,nominal,43.28,False,Vibration burst exceeds envelope during tool change cycle.
4581,2024-01-16 21:40:00,1,vibration,mm_s,CNC-04,machining-a,swing,nominal,1.75,False,Maintenance scheduler deferred calibration due to spare shortage.
4582,2024-01-16 21:45:00,2,temperature,celsius,FURN-02,heat-treat,swing,nominal,66.552,False,Short-lived packet loss observed at edge gateway gw-02.
4583,2024-01-16 21:50:00,3,pressure,bar,HYD-07,press-line,swing,nominal,7.52,False,Humidity excursion near finishing booth during coating run.
4584,2024-01-16 21:55:00,4,humidity,percent,PAINT-01,finishing,swing,critical,49.852,False,Sensor battery health remains nominal after firmware update.
4585,2024-01-16 22:00:00,1,vibration,mm_s,CNC-04,machining-a,swing,nominal,1.674,False,Telemetry quality flag downgraded during sensor self-test window.
4586,2024-01-16 22:05:00,2,temperature,celsius,FURN-02,heat-treat,swing,warning,74.678,False,Humidity excursion near finishing booth during coating run.
4587,2024-01-16 22:10:00,3,pressure,bar,HYD-07,press-line,swing,nominal,6.103,False,Humidity readings track seasonal rise across late spring.
4588,2024-01-16 22:15:00,4,humidity,percent,PAINT-01,finishing,swing,nominal,42.78,False,Thermal ramp exceeded expected warmup curve before shift start.
4589,2024-01-16 22:20:00,1,vibration,mm_s,CNC-04,machining-a,swing,nominal,3.28,False,Humidity readings track seasonal rise across late spring.
4590,2024-01-16 22:25:00,2,temperature,celsius,FURN-02,heat-treat,swing,nominal,61.115,False,Heat-treat furnace door cycling increased localized temperature spikes.
4591,2024-01-16 22:30:00,3,pressure,bar,HYD-07,press-line,swing,nominal,7.398,False,Vibration harmonics broadened during extended production run.
4592,2024-01-16 22:35:00,4,humidity,percent,PAINT-01,finishing,swing,nominal,50.378,False,Sensor 3 drift suspected after cross-check with manual gauge.
4593,2024-01-16 22:40:00,1,vibration,mm_s,CNC-04,machining-a,swing,nominal,2.883,False,Calibration check overdue by 11 days for press-line transducer.
4594,2024-01-16 22:45:00,2,temperature,celsius,FURN-02,heat-treat,swing,warning,71.509,False,Pressure line purge completed before restart authorization.
4595,2024-01-16 22:50:00,3,pressure,bar,HYD-07,press-line,swing,nominal,7.879,False,Transient outlier matched forklift impact near cabinet wall.
4596,2024-01-16 22:55:00,4,humidity,percent,PAINT-01,finishing,swing,warning,43.125,False,Transient outlier matched forklift impact near cabinet wall.
4597,2024-01-16 23:00:00,1,vibration,mm_s,CNC-04,machining-a,swing,nominal,2.243,False,Quality hold reduced finishing booth activity for one shift.
4598,2024-01-16 23:05:00,2,temperature,celsius,FURN-02,heat-treat,swing,nominal,66.978,False,Pressure settled back to nominal after valve reseat.
4599,2024-01-16 23:10:00,3,pressure,bar,HYD-07,press-line,swing,nominal,8.524,False,Operator reset acknowledged after red-tag inspection.
4600,2024-01-16 23:15:00,4,humidity,percent,PAINT-01,finishing,swing,nominal,44.406,False,Machine throughput increase drove sustained pressure uplift.
4601,2024-01-16 23:20:00,1,vibration,mm_s,CNC-04,machining-a,swing,nominal,2.171,False,Reliability engineer tagged sample window for model retraining.
4602,2024-01-16 23:25:00,2,temperature,celsius,FURN-02,heat-treat,swing,warning,61.876,False,Press cycle dwell time lengthened during high-volume batch.
4603,2024-01-16 23:30:00,3,pressure,bar,HYD-07,press-line,swing,critical,9.402,False,Sensor battery health remains nominal after firmware update.
4604,2024-01-16 23:35:00,4,humidity,percent,PAINT-01,finishing,swing,nominal,39.295,False,Operator reset acknowledged after red-tag inspection.
4605,2024-01-16 23:40:00,1,vibration,mm_s,CNC-04,machining-a,swing,nominal,2.522,False,Thermal ramp exceeded expected warmup curve before shift start.
4606,2024-01-16 23:45:00,2,temperature,celsius,FURN-02,heat-treat,swing,nominal,63.875,False,Unexpected resonance band appeared near 42 Hz on spindle motor.
4607,2024-01-16 23:50:00,3,pressure,bar,HYD-07,press-line,swing,nominal,7.268,False,Operator reported intermittent chatter on machine CNC-04.
4608,2024-01-16 23:55:00,4,humidity,percent,PAINT-01,finishing,swing,nominal,39.246,False,Supervisory alert generated after three consecutive threshold breaches.
4609,2024-01-17 00:00:00,1,vibration,mm_s,CNC-04,machining-a,night,nominal,1.91,False,Air handler maintenance reduced humidity variance on finishing line.
4610,2024-01-17 00:05:00,2,temperature,celsius,FURN-02,heat-treat,night,warning,69.867,False,Edge collector replayed buffered events after network recovery.
4611,2024-01-17 00:10:00,3,pressure,bar,HYD-07,press-line,night,nominal,8.379,False,Sensor heartbeat delayed by one interval after gateway retry.
4612,2024-01-17 00:15:00,4,humidity,percent,PAINT-01,finishing,night,nominal,46.601,False,Pressure settled back to nominal after valve reseat.
4613,2024-01-17 00:20:00,1,vibration,mm_s,CNC-04,machining-a,night,nominal,2.393,False,Sensor 1 spike sequence matches historical bearing fault pattern.
4614,2024-01-17 00:25:00,2,temperature,celsius,FURN-02,heat-treat,night,nominal,64.916,False,Heat-treat furnace door cycling increased localized temperature spikes.
4615,2024-01-17 00:30:00,3,pressure,bar,HYD-07,press-line,night,nominal,7.832,False,Bearing temperature rising faster than baseline on spindle cell.
4616,2024-01-17 00:35:00,4,humidity,percent,PAINT-01,finishing,night,nominal,49.413,False,Quality hold reduced finishing booth activity for one shift.
4617,2024-01-17 00:40:00,1,vibration,mm_s,CNC-04,machining-a,night,nominal,2.987,False,Pressure peak corresponds to oversized billet batch processing.
4618,2024-01-17 00:45:00,2,temperature,celsius,FURN-02,heat-treat,night,warning,70.96,False,Short-lived packet loss observed at edge gateway gw-02.
4619,2024-01-17 00:50:00,3,pressure,bar,HYD-07,press-line,night,nominal,7.856,False,Hydraulic line pressure oscillation detected under load.
4620,2024-01-17 00:55:00,4,humidity,percent,PAINT-01,finishing,night,nominal,39.393,False,Pressure peak corresponds to oversized billet batch processing.
4621,2024-01-17 01:00:00,1,vibration,mm_s,CNC-04,machining-a,night,nominal,3.06,False,Short-lived packet loss observed at edge gateway gw-02.
4622,2024-01-17 01:05:00,2,temperature,celsius,FURN-02,heat-treat,night,warning,65.883,False,Hydraulic accumulator recharge lag increased under repeated cycles.
4623,2024-01-17 01:10:00,3,pressure,bar,HYD-07,press-line,night,nominal,8.108,False,Quality hold reduced finishing booth activity for one shift.
4624,2024-01-17 01:15:00,4,humidity,percent,PAINT-01,finishing,night,nominal,51.196,False,Operator reset acknowledged after red-tag inspection.
4625,2024-01-17 01:20:00,1,vibration,mm_s,CNC-04,machining-a,night,nominal,2.448,False,Humidity climbed during dock-door open period in afternoon shift.
4626,2024-01-17 01:25:00,2,temperature,celsius,FURN-02,heat-treat,night,nominal,61.951,False,Transient outlier matched forklift impact near cabinet wall.
4627,2024-01-17 01:30:00,3,pressure,bar,HYD-07,press-line,night,nominal,7.947,False,Short-lived packet loss observed at edge gateway gw-02.
4628,2024-01-17 01:35:00,4,humidity,percent,PAINT-01,finishing,night,nominal,50.636,False,Quality team requested trace review for lot 24-118B.
4629,2024-01-17 01:40:00,1,vibration,mm_s,CNC-04,machining-a,night,nominal,3.53,False,Machine throughput increase drove sustained pressure uplift.
4630,2024-01-17 01:45:00,2,temperature,celsius,FURN-02,heat-treat,night,warning,73.603,False,Sensor 1 spike sequence matches historical bearing fault pattern.
4631,2024-01-17 01:50:00,3,pressure,bar,HYD-07,press-line,night,nominal,9.264,False,Coolant loop adjustment reduced chamber temperature spread.
4632,2024-01-17 01:55:00,4,humidity,percent,PAINT-01,finishing,night,nominal,46.558,False,Hydraulic accumulator recharge lag increased under repeated cycles.
4633,2024-01-17 02:00:00,1,vibration,mm_s,CNC-04,machining-a,night,nominal,3.225,False,Humidity excursion near finishing booth during coating run.
4634,2024-01-17 02:05:00,2,temperature,celsius,FURN-02,heat-treat,night,nominal,70.565,False,Condensation warning cleared after dehumidifier ramp-up.
4635,2024-01-17 02:10:00,3,pressure,bar,HYD-07,press-line,night,nominal,7.856,False,Packaging line stop reduced adjacent vibration background.
4636,2024-01-17 02:15:00,4,humidity,percent,PAINT-01,finishing,night,nominal,49.319,False,Machine throughput increase drove sustained pressure uplift.
4637,2024-01-17 02:20:00,1,vibration,mm_s,CNC-04,machining-a,night,nominal,2.227,False,Quality team requested trace review for lot 24-118B.
4638,2024-01-17 02:25:00,2,temperature,celsius,FURN-02,heat-treat,night,nominal,61.127,False,Coolant loop adjustment reduced chamber temperature spread.
4639,2024-01-17 02:30:00,3,pressure,bar,HYD-07,press-line,night,nominal,7.307,False,Pressure settled back to nominal after valve reseat.
4640,2024-01-17 02:35:00,4,humidity,percent,PAINT-01,finishing,night,nominal,41.943,False,Pressure peak corresponds to oversized billet batch processing.
4641,2024-01-17 02:40:00,1,vibration,mm_s,CNC-04,machining-a,night,nominal,1.948,False,Heat-treat furnace door cycling increased localized temperature spikes.
4642,2024-01-17 02:45:00,2,temperature,celsius,FURN-02,heat-treat,night,warning,72.18,False,Sensor signal clipping observed during startup surge.
4643,2024-01-17 02:50:00,3,pressure,bar,HYD-07,press-line,night,nominal,8.169,False,Coolant loop adjustment reduced chamber temperature spread.
4644,2024-01-17 02:55:00,4,humidity,percent,PAINT-01,finishing,night,nominal,37.475,False,Telemetry quality flag downgraded during sensor self-test window.
4645,2024-01-17 03:00:00,1,vibration,mm_s,CNC-04,machining-a,night,nominal,2.977,False,Operator reported intermittent chatter on machine CNC-04.
4646,2024-01-17 03:05:00,2,temperature,celsius,FURN-02,heat-treat,night,critical,69.792,False,Sensor enclosure opened for manual calibration verification.
4647,2024-01-17 03:10:00,3,pressure,bar,HYD-07,press-line,night,nominal,7.352,False,Pressure settled back to nominal after valve reseat.
4648,2024-01-17 03:15:00,4,humidity,percent,PAINT-01,finishing,night,nominal,41.959,False,SCADA backfill inserted two delayed telemetry points.
4649,2024-01-17 03:20:00,1,vibration,mm_s,CNC-04,machining-a,night,nominal,2.402,False,Bearing temperature rising faster than baseline on spindle cell.
4650,2024-01-17 03:25:00,2,temperature,celsius,FURN-02,heat-treat,night,nominal,67.301,False,Warning threshold updated for pilot predictive-maintenance model.
4651,2024-01-17 03:30:00,3,pressure,bar,HYD-07,press-line,night,nominal,7.81,False,Transient outlier matched forklift impact near cabinet wall.
4652,2024-01-17 03:35:00,4,humidity,percent,PAINT-01,finishing,night,nominal,50.52,False,Press cycle dwell time lengthened during high-volume batch.
4653,2024-01-17 03:40:00,1,vibration,mm_s,CNC-04,machining-a,night,nominal,2.298,False,Quality hold reduced finishing booth activity for one shift.
4654,2024-01-17 03:45:00,2,temperature,celsius,FURN-02,heat-treat,night,nominal,67.48,False,Quality hold reduced finishing booth activity for one shift.
4655,2024-01-17 03:50:00,3,pressure,bar,HYD-07,press-line,night,nominal,8.739,False,Supervisory alert generated after three consecutive threshold breaches.
4656,2024-01-17 03:55:00,4,humidity,percent,PAINT-01,finishing,night,nominal,50.892,False,Vibration harmonics broadened during extended production run.
4657,2024-01-17 04:00:00,1,vibration,mm_s,CNC-04,machining-a,night,nominal,2.773,False,Heat-treat furnace door cycling increased localized temperature spikes.
4658,2024-01-17 04:05:00,2,temperature,celsius,FURN-02,heat-treat,night,warning,75.276,False,Machine throughput increase drove sustained pressure uplift.
4659,2024-01-17 04:10:00,3,pressure,bar,HYD-07,press-line,night,nominal,7.889,False,Vibration harmonics broadened during extended production run.
4660,2024-01-17 04:15:00,4,humidity,percent,PAINT-01,finishing,night,nominal,38.661,False,Reliability engineer tagged sample window for model retraining.
4661,2024-01-17 04:20:00,1,vibration,mm_s,CNC-04,machining-a,night,nominal,3.046,False,Transient outlier matched forklift impact near cabinet wall.
4662,2024-01-17 04:25:00,2,temperature,celsius,FURN-02,heat-treat,night,nominal,70.681,False,Supervisory alert generated after three consecutive threshold breaches.
4663,2024-01-17 04:30:00,3,pressure,bar,HYD-07,press-line,night,nominal,8.388,False,Press cycle dwell time lengthened during high-volume batch.
4664,2024-01-17 04:35:00,4,humidity,percent,PAINT-01,finishing,night,nominal,38.587,False,Operator reported intermittent chatter on machine CNC-04.
4665,2024-01-17 04:40:00,1,vibration,mm_s,CNC-04,machining-a,night,nominal,3.086,False,Dust extraction fan offline for 18 minutes on line finishing.
4666,2024-01-17 04:45:00,2,temperature,celsius,FURN-02,heat-treat,night,warning,75.497,False,Compressed air fluctuation introduced pressure noise for two cycles.
4667,2024-01-17 04:50:00,3,pressure,bar,HYD-07,press-line,night,nominal,7.914,False,Sensor 3 drift suspected after cross-check with manual gauge.
4668,2024-01-17 04:55:00,4,humidity,percent,PAINT-01,finishing,night,nominal,40.123,False,Machine idle period extended during planned sanitation window.
4669,2024-01-17 05:00:00,1,vibration,mm_s,CNC-04,machining-a,night,nominal,2.68,False,Pressure settled back to nominal after valve reseat.
4670,2024-01-17 05:05:00,2,temperature,celsius,FURN-02,heat-treat,night,warning,71.388,False,Dust extraction fan offline for 18 minutes on line finishing.
4671,2024-01-17 05:10:00,3,pressure,bar,HYD-07,press-line,night,nominal,8.22,False,Vibration harmonics broadened during extended production run.
4672,2024-01-17 05:15:00,4,humidity,percent,PAINT-01,finishing,night,nominal,34.888,False,Vibration baseline recovered after tool holder replacement.
4673,2024-01-17 05:20:00,1,vibration,mm_s,CNC-04,machining-a,night,nominal,1.388,False,Sensor heartbeat delayed by one interval after gateway retry.
4674,2024-01-17 05:25:00,2,temperature,celsius,FURN-02,heat-treat,night,nominal,70.304,False,Thermal ramp exceeded expected warmup curve before shift start.
4675,2024-01-17 05:30:00,3,pressure,bar,HYD-07,press-line,night,nominal,7.597,False,Short-lived packet loss observed at edge gateway gw-02.
4676,2024-01-17 05:35:00,4,humidity,percent,PAINT-01,finishing,night,nominal,41.527,False,Air handler maintenance reduced humidity variance on finishing line.
4677,2024-01-17 05:40:00,1,vibration,mm_s,CNC-04,machining-a,night,nominal,3.175,False,Temperature variance narrowed after coolant nozzle cleaning.
4678,2024-01-17 05:45:00,2,temperature,celsius,FURN-02,heat-treat,night,nominal,65.84,False,Machine idle period extended during planned sanitation window.
4679,2024-01-17 05:50:00,3,pressure,bar,HYD-07,press-line,night,nominal,8.577,False,Sensor signal clipping observed during startup surge.
4680,2024-01-17 05:55:00,4,humidity,percent,PAINT-01,finishing,night,nominal,46.99,False,Sensor 1 spike sequence matches historical bearing fault pattern.
4681,2024-01-17 06:00:00,1,vibration,mm_s,CNC-04,machining-a,night,warning,2.207,False,Quality team requested trace review for lot 24-118B.
4682,2024-01-17 06:05:00,2,temperature,celsius,FURN-02,heat-treat,night,nominal,69.959,False,Thermal overshoot event coincided with recipe change on furnace.
4683,2024-01-17 06:10:00,3,pressure,bar,HYD-07,press-line,night,nominal,7.193,False,Hydraulic accumulator recharge lag increased under repeated cycles.
4684,2024-01-17 06:15:00,4,humidity,percent,PAINT-01,finishing,night,nominal,29.555,False,SCADA backfill inserted two delayed telemetry points.
4685,2024-01-17 06:20:00,1,vibration,mm_s,CNC-04,machining-a,night,critical,2.82,False,Sensor heartbeat delayed by one interval after gateway retry.
4686,2024-01-17 06:25:00,2,temperature,celsius,FURN-02,heat-treat,night,warning,73.844,False,Calibration check overdue by 11 days for press-line transducer.
4687,2024-01-17 06:30:00,3,pressure,bar,HYD-07,press-line,night,nominal,7.53,False,Hydraulic line pressure oscillation detected under load.
4688,2024-01-17 06:35:00,4,humidity,percent,PAINT-01,finishing,night,nominal,44.204,False,Hydraulic accumulator recharge lag increased under repeated cycles.
4689,2024-01-17 06:40:00,1,vibration,mm_s,CNC-04,machining-a,night,nominal,2.583,False,Sensor enclosure opened for manual calibration verification.
4690,2024-01-17 06:45:00,2,temperature,celsius,FURN-02,heat-treat,night,nominal,69.616,False,SCADA backfill inserted two delayed telemetry points.
4691,2024-01-17 06:50:00,3,pressure,bar,HYD-07,press-line,night,nominal,8.103,False,Sensor 3 drift suspected after cross-check with manual gauge.
4692,2024-01-17 06:55:00,4,humidity,percent,PAINT-01,finishing,night,nominal,51.668,False,Condensation warning cleared after dehumidifier ramp-up.
4693,2024-01-17 07:00:00,1,vibration,mm_s,CNC-04,machining-a,night,nominal,3.884,False,Sensor signal clipping observed during startup surge.
4694,2024-01-17 07:05:00,2,temperature,celsius,FURN-02,heat-treat,night,critical,77.965,False,Sensor 3 drift suspected after cross-check with manual gauge.
4695,2024-01-17 07:10:00,3,pressure,bar,HYD-07,press-line,night,nominal,8.586,False,Pressure line purge completed before restart authorization.
4696,2024-01-17 07:15:00,4,humidity,percent,PAINT-01,finishing,night,nominal,49.141,False,Humidity baseline improved after seal replacement.
4697,2024-01-17 07:20:00,1,vibration,mm_s,CNC-04,machining-a,night,nominal,3.782,False,Temperature remained elevated during unscheduled overtime run.
4698,2024-01-17 07:25:00,2,temperature,celsius,FURN-02,heat-treat,night,warning,73.84,False,Maintenance crew confirmed lubrication interval was missed.
4699,2024-01-17 07:30:00,3,pressure,bar,HYD-07,press-line,night,nominal,8.187,False,Calibration check overdue by 11 days for press-line transducer.
4700,2024-01-17 07:35:00,4,humidity,percent,PAINT-01,finishing,night,nominal,46.575,False,Operator reported intermittent chatter on machine CNC-04.
4701,2024-01-17 07:40:00,1,vibration,mm_s,CNC-04,machining-a,night,warning,2.397,False,Condensation warning cleared after dehumidifier ramp-up.
4702,2024-01-17 07:45:00,2,temperature,celsius,FURN-02,heat-treat,night,nominal,63.86,False,Short-lived packet loss observed at edge gateway gw-02.
4703,2024-01-17 07:50:00,3,pressure,bar,HYD-07,press-line,night,nominal,8.383,False,Temperature remained elevated during unscheduled overtime run.
4704,2024-01-17 07:55:00,4,humidity,percent,PAINT-01,finishing,night,nominal,45.128,False,Humidity excursion near finishing booth during coating run.
4705,2024-01-17 08:00:00,1,vibration,mm_s,CNC-04,machining-a,day,nominal,1.66,False,Thermal overshoot event coincided with recipe change on furnace.
4706,2024-01-17 08:05:00,2,temperature,celsius,FURN-02,heat-treat,day,nominal,66.821,False,Press cycle dwell time lengthened during high-volume batch.
4707,2024-01-17 08:10:00,3,pressure,bar,HYD-07,press-line,day,nominal,7.008,False,Air handler maintenance reduced humidity variance on finishing line.
4708,2024-01-17 08:15:00,4,humidity,percent,PAINT-01,finishing,day,nominal,50.006,False,Reliability engineer tagged sample window for model retraining.
4709,2024-01-17 08:20:00,1,vibration,mm_s,CNC-04,machining-a,day,nominal,1.703,False,Operator reset acknowledged after red-tag inspection.
4710,2024-01-17 08:25:00,2,temperature,celsius,FURN-02,heat-treat,day,warning,72.034,False,Night shift startup produced higher than normal vibration floor.
4711,2024-01-17 08:30:00,3,pressure,bar,HYD-07,press-line,day,nominal,7.594,False,Operator reported intermittent chatter on machine CNC-04.
4712,2024-01-17 08:35:00,4,humidity,percent,PAINT-01,finishing,day,nominal,46.861,False,Reliability engineer tagged sample window for model retraining.
4713,2024-01-17 08:40:00,1,vibration,mm_s,CNC-04,machining-a,day,nominal,2.549,False,Sensor 1 spike sequence matches historical bearing fault pattern.
4714,2024-01-17 08:45:00,2,temperature,celsius,FURN-02,heat-treat,day,nominal,62.134,False,Maintenance scheduler deferred calibration due to spare shortage.
4715,2024-01-17 08:50:00,3,pressure,bar,HYD-07,press-line,day,nominal,7.955,False,Thermal ramp exceeded expected warmup curve before shift start.
4716,2024-01-17 08:55:00,4,humidity,percent,PAINT-01,finishing,day,nominal,42.97,False,Sensor 1 spike sequence matches historical bearing fault pattern.
4717,2024-01-17 09:00:00,1,vibration,mm_s,CNC-04,machining-a,day,nominal,2.103,False,Machine throughput increase drove sustained pressure uplift.
4718,2024-01-17 09:05:00,2,temperature,celsius,FURN-02,heat-treat,day,nominal,68.482,False,Sensor 3 drift suspected after cross-check with manual gauge.
4719,2024-01-17 09:10:00,3,pressure,bar,HYD-07,press-line,day,nominal,7.836,False,Hydraulic line pressure oscillation detected under load.
4720,2024-01-17 09:15:00,4,humidity,percent,PAINT-01,finishing,day,nominal,49.02,False,Machine idle period extended during planned sanitation window.
4721,2024-01-17 09:20:00,1,vibration,mm_s,CNC-04,machining-a,day,nominal,1.789,False,Maintenance note logged for coupling imbalance inspection.
4722,2024-01-17 09:25:00,2,temperature,celsius,FURN-02,heat-treat,day,nominal,64.809,False,Transient outlier matched forklift impact near cabinet wall.
4723,2024-01-17 09:30:00,3,pressure,bar,HYD-07,press-line,day,nominal,7.097,False,Sensor heartbeat delayed by one interval after gateway retry.
4724,2024-01-17 09:35:00,4,humidity,percent,PAINT-01,finishing,day,nominal,37.52,False,Temporary gateway failover completed without data loss.
4725,2024-01-17 09:40:00,1,vibration,mm_s,CNC-04,machining-a,day,nominal,2.112,False,Humidity excursion near finishing booth during coating run.
4726,2024-01-17 09:45:00,2,temperature,celsius,FURN-02,heat-treat,day,nominal,69.19,False,Short-lived packet loss observed at edge gateway gw-02.
4727,2024-01-17 09:50:00,3,pressure,bar,HYD-07,press-line,day,nominal,7.252,False,Maintenance scheduler deferred calibration due to spare shortage.
4728,2024-01-17 09:55:00,4,humidity,percent,PAINT-01,finishing,day,nominal,48.31,False,Warning threshold updated for pilot predictive-maintenance model.
4729,2024-01-17 10:00:00,1,vibration,mm_s,CNC-04,machining-a,day,nominal,2.648,False,Transient outlier matched forklift impact near cabinet wall.
4730,2024-01-17 10:05:00,2,temperature,celsius,FURN-02,heat-treat,day,nominal,64.847,False,Shift handoff note referenced unusual noise near press enclosure.
4731,2024-01-17 10:10:00,3,pressure,bar,HYD-07,press-line,day,nominal,7.715,False,Humidity readings track seasonal rise across late spring.
4732,2024-01-17 10:15:00,4,humidity,percent,PAINT-01,finishing,day,nominal,47.084,False,Air handler maintenance reduced humidity variance on finishing line.
4733,2024-01-17 10:20:00,1,vibration,mm_s,CNC-04,machining-a,day,nominal,2.357,False,Vibration baseline recovered after tool holder replacement.
4734,2024-01-17 10:25:00,2,temperature,celsius,FURN-02,heat-treat,day,warning,73.749,False,Sensor 1 spike sequence matches historical bearing fault pattern.
4735,2024-01-17 10:30:00,3,pressure,bar,HYD-07,press-line,day,nominal,8.285,False,Operator reset acknowledged after red-tag inspection.
4736,2024-01-17 10:35:00,4,humidity,percent,PAINT-01,finishing,day,nominal,45.347,False,Telemetry quality flag downgraded during sensor self-test window.
4737,2024-01-17 10:40:00,1,vibration,mm_s,CNC-04,machining-a,day,nominal,2.135,False,Humidity climbed during dock-door open period in afternoon shift.
4738,2024-01-17 10:45:00,2,temperature,celsius,FURN-02,heat-treat,day,nominal,66.718,False,Shift handoff note referenced unusual noise near press enclosure.
4739,2024-01-17 10:50:00,3,pressure,bar,HYD-07,press-line,day,nominal,9.165,False,Sensor 3 drift suspected after cross-check with manual gauge.
4740,2024-01-17 10:55:00,4,humidity,percent,PAINT-01,finishing,day,nominal,44.816,False,Thermal ramp exceeded expected warmup curve before shift start.
4741,2024-01-17 11:00:00,1,vibration,mm_s,CNC-04,machining-a,day,nominal,2.204,False,Unbalanced load introduced cyclical pressure ripple.
4742,2024-01-17 11:05:00,2,temperature,celsius,FURN-02,heat-treat,day,warning,72.001,False,Humidity excursion near finishing booth during coating run.
4743,2024-01-17 11:10:00,3,pressure,bar,HYD-07,press-line,day,nominal,7.091,False,Reliability engineer tagged sample window for model retraining.
4744,2024-01-17 11:15:00,4,humidity,percent,PAINT-01,finishing,day,nominal,52.759,False,Machine idle period extended during planned sanitation window.
4745,2024-01-17 11:20:00,1,vibration,mm_s,CNC-04,machining-a,day,nominal,2.311,False,Pressure peak corresponds to oversized billet batch processing.
4746,2024-01-17 11:25:00,2,temperature,celsius,FURN-02,heat-treat,day,nominal,62.29,False,Pressure settled back to nominal after valve reseat.
4747,2024-01-17 11:30:00,3,pressure,bar,HYD-07,press-line,day,nominal,7.833,False,Bearing temperature rising faster than baseline on spindle cell.
4748,2024-01-17 11:35:00,4,humidity,percent,PAINT-01,finishing,day,nominal,49.763,False,Press cycle dwell time lengthened during high-volume batch.
4749,2024-01-17 11:40:00,1,vibration,mm_s,CNC-04,machining-a,day,nominal,2.522,False,Quality team requested trace review for lot 24-118B.
4750,2024-01-17 11:45:00,2,temperature,celsius,FURN-02,heat-treat,day,nominal,67.641,False,Air handler maintenance reduced humidity variance on finishing line.
4751,2024-01-17 11:50:00,3,pressure,bar,HYD-07,press-line,day,nominal,7.137,False,Dust extraction fan offline for 18 minutes on line finishing.
4752,2024-01-17 11:55:00,4,humidity,percent,PAINT-01,finishing,day,nominal,51.213,False,Reliability engineer tagged sample window for model retraining.
4753,2024-01-17 12:00:00,1,vibration,mm_s,CNC-04,machining-a,day,nominal,2.555,False,Vibration harmonics broadened during extended production run.
4754,2024-01-17 12:05:00,2,temperature,celsius,FURN-02,heat-treat,day,nominal,63.254,False,Sensor enclosure opened for manual calibration verification.
4755,2024-01-17 12:10:00,3,pressure,bar,HYD-07,press-line,day,warning,7.784,False,Humidity climbed during dock-door open period in afternoon shift.
4756,2024-01-17 12:15:00,4,humidity,percent,PAINT-01,finishing,day,nominal,46.789,False,Edge collector replayed buffered events after network recovery.
4757,2024-01-17 12:20:00,1,vibration,mm_s,CNC-04,machining-a,day,nominal,1.493,False,Vibration baseline recovered after tool holder replacement.
4758,2024-01-17 12:25:00,2,temperature,celsius,FURN-02,heat-treat,day,warning,74.383,False,Pressure line purge completed before restart authorization.
4759,2024-01-17 12:30:00,3,pressure,bar,HYD-07,press-line,day,nominal,7.55,False,Operator reported intermittent chatter on machine CNC-04.
4760,2024-01-17 12:35:00,4,humidity,percent,PAINT-01,finishing,day,warning,50.094,False,Sensor heartbeat delayed by one interval after gateway retry.
4761,2024-01-17 12:40:00,1,vibration,mm_s,CNC-04,machining-a,day,nominal,2.492,False,Vibration baseline recovered after tool holder replacement.
4762,2024-01-17 12:45:00,2,temperature,celsius,FURN-02,heat-treat,day,nominal,65.529,False,Telemetry quality flag downgraded during sensor self-test window.
4763,2024-01-17 12:50:00,3,pressure,bar,HYD-07,press-line,day,warning,8.065,False,Condensation warning cleared after dehumidifier ramp-up.
4764,2024-01-17 12:55:00,4,humidity,percent,PAINT-01,finishing,day,nominal,46.601,False,Press cycle dwell time lengthened during high-volume batch.
4765,2024-01-17 13:00:00,1,vibration,mm_s,CNC-04,machining-a,day,nominal,2.201,False,Vibration harmonics broadened during extended production run.
4766,2024-01-17 13:05:00,2,temperature,celsius,FURN-02,heat-treat,day,nominal,68.622,False,Humidity readings track seasonal rise across late spring.
4767,2024-01-17 13:10:00,3,pressure,bar,HYD-07,press-line,day,nominal,6.508,False,Pressure settled back to nominal after valve reseat.
4768,2024-01-17 13:15:00,4,humidity,percent,PAINT-01,finishing,day,nominal,43.64,False,Quality hold reduced finishing booth activity for one shift.
4769,2024-01-17 13:20:00,1,vibration,mm_s,CNC-04,machining-a,day,nominal,1.842,False,Supervisory alert generated after three consecutive threshold breaches.
4770,2024-01-17 13:25:00,2,temperature,celsius,FURN-02,heat-treat,day,nominal,70.599,False,Unexpected resonance band appeared near 42 Hz on spindle motor.
4771,2024-01-17 13:30:00,3,pressure,bar,HYD-07,press-line,day,nominal,7.584,False,Hydraulic accumulator recharge lag increased under repeated cycles.
4772,2024-01-17 13:35:00,4,humidity,percent,PAINT-01,finishing,day,nominal,48.303,False,Humidity baseline improved after seal replacement.
4773,2024-01-17 13:40:00,1,vibration,mm_s,CNC-04,machining-a,day,nominal,2.195,False,SCADA backfill inserted two delayed telemetry points.
4774,2024-01-17 13:45:00,2,temperature,celsius,FURN-02,heat-treat,day,nominal,65.657,False,Reliability engineer tagged sample window for model retraining.
4775,2024-01-17 13:50:00,3,pressure,bar,HYD-07,press-line,day,nominal,7.871,False,Unbalanced load introduced cyclical pressure ripple.
4776,2024-01-17 13:55:00,4,humidity,percent,PAINT-01,finishing,day,nominal,43.032,False,Machine throughput increase drove sustained pressure uplift.
4777,2024-01-17 14:00:00,1,vibration,mm_s,CNC-04,machining-a,day,nominal,3.036,False,Condensation warning cleared after dehumidifier ramp-up.
4778,2024-01-17 14:05:00,2,temperature,celsius,FURN-02,heat-treat,day,nominal,63.615,False,Humidity baseline improved after seal replacement.
4779,2024-01-17 14:10:00,3,pressure,bar,HYD-07,press-line,day,nominal,7.933,False,Unexpected resonance band appeared near 42 Hz on spindle motor.
4780,2024-01-17 14:15:00,4,humidity,percent,PAINT-01,finishing,day,nominal,50.257,False,Sensor enclosure opened for manual calibration verification.
4781,2024-01-17 14:20:00,1,vibration,mm_s,CNC-04,machining-a,day,nominal,2.845,False,Reliability engineer tagged sample window for model retraining.
4782,2024-01-17 14:25:00,2,temperature,celsius,FURN-02,heat-treat,day,critical,69.853,False,Thermal overshoot event coincided with recipe change on furnace.
4783,2024-01-17 14:30:00,3,pressure,bar,HYD-07,press-line,day,nominal,8.013,False,Humidity readings track seasonal rise across late spring.
4784,2024-01-17 14:35:00,4,humidity,percent,PAINT-01,finishing,day,nominal,38.313,False,Quality team requested trace review for lot 24-118B.
4785,2024-01-17 14:40:00,1,vibration,mm_s,CNC-04,machining-a,day,warning,2.453,False,Unexpected resonance band appeared near 42 Hz on spindle motor.
4786,2024-01-17 14:45:00,2,temperature,celsius,FURN-02,heat-treat,day,nominal,60.323,False,Pressure line purge completed before restart authorization.
4787,2024-01-17 14:50:00,3,pressure,bar,HYD-07,press-line,day,nominal,7.903,False,Machine throughput increase drove sustained pressure uplift.
4788,2024-01-17 14:55:00,4,humidity,percent,PAINT-01,finishing,day,nominal,43.13,False,Vibration harmonics broadened during extended production run.
4789,2024-01-17 15:00:00,1,vibration,mm_s,CNC-04,machining-a,day,nominal,1.907,False,Shift handoff note referenced unusual noise near press enclosure.
4790,2024-01-17 15:05:00,2,temperature,celsius,FURN-02,heat-treat,day,warning,75.057,False,SCADA backfill inserted two delayed telemetry points.
4791,2024-01-17 15:10:00,3,pressure,bar,HYD-07,press-line,day,nominal,8.617,False,Pressure line purge completed before restart authorization.
4792,2024-01-17 15:15:00,4,humidity,percent,PAINT-01,finishing,day,nominal,40.978,False,Sensor 1 spike sequence matches historical bearing fault pattern.
4793,2024-01-17 15:20:00,1,vibration,mm_s,CNC-04,machining-a,day,nominal,1.652,False,Calibration check overdue by 11 days for press-line transducer.
4794,2024-01-17 15:25:00,2,temperature,celsius,FURN-02,heat-treat,day,warning,68.405,False,Maintenance note logged for coupling imbalance inspection.
4795,2024-01-17 15:30:00,3,pressure,bar,HYD-07,press-line,day,nominal,8.664,False,Edge collector replayed buffered events after network recovery.
4796,2024-01-17 15:35:00,4,humidity,percent,PAINT-01,finishing,day,nominal,56.061,False,Humidity excursion near finishing booth during coating run.
4797,2024-01-17 15:40:00,1,vibration,mm_s,CNC-04,machining-a,day,nominal,1.882,False,SCADA backfill inserted two delayed telemetry points.
4798,2024-01-17 15:45:00,2,temperature,celsius,FURN-02,heat-treat,day,nominal,62.387,False,Anomaly review flagged possible bearing wear progression.
4799,2024-01-17 15:50:00,3,pressure,bar,HYD-07,press-line,day,nominal,7.664,False,Transient outlier matched forklift impact near cabinet wall.
4800,2024-01-17 15:55:00,4,humidity,percent,PAINT-01,finishing,day,nominal,41.122,False,Vibration burst exceeds envelope during tool change cycle.
4801,2024-01-17 16:00:00,1,vibration,mm_s,CNC-04,machining-a,swing,nominal,2.407,False,Reliability engineer tagged sample window for model retraining.
4802,2024-01-17 16:05:00,2,temperature,celsius,FURN-02,heat-treat,swing,nominal,67.83,False,Thermal ramp exceeded expected warmup curve before shift start.
4803,2024-01-17 16:10:00,3,pressure,bar,HYD-07,press-line,swing,nominal,7.462,False,Packaging line stop reduced adjacent vibration background.
4804,2024-01-17 16:15:00,4,humidity,percent,PAINT-01,finishing,swing,nominal,44.109,False,Pressure settled back to nominal after valve reseat.
4805,2024-01-17 16:20:00,1,vibration,mm_s,CNC-04,machining-a,swing,nominal,2.418,False,Humidity excursion near finishing booth during coating run.
4806,2024-01-17 16:25:00,2,temperature,celsius,FURN-02,heat-treat,swing,warning,71.622,False,Sensor enclosure opened for manual calibration verification.
4807,2024-01-17 16:30:00,3,pressure,bar,HYD-07,press-line,swing,nominal,7.93,False,Operator reported intermittent chatter on machine CNC-04.
4808,2024-01-17 16:35:00,4,humidity,percent,PAINT-01,finishing,swing,nominal,34.075,False,Telemetry quality flag downgraded during sensor self-test window.
4809,2024-01-17 16:40:00,1,vibration,mm_s,CNC-04,machining-a,swing,nominal,2.042,False,Edge collector replayed buffered events after network recovery.
4810,2024-01-17 16:45:00,2,temperature,celsius,FURN-02,heat-treat,swing,nominal,65.346,False,Pressure line purge completed before restart authorization.
4811,2024-01-17 16:50:00,3,pressure,bar,HYD-07,press-line,swing,nominal,8.325,False,Air handler maintenance reduced humidity variance on finishing line.
4812,2024-01-17 16:55:00,4,humidity,percent,PAINT-01,finishing,swing,nominal,52.957,False,Hydraulic line pressure oscillation detected under load.
4813,2024-01-17 17:00:00,1,vibration,mm_s,CNC-04,machining-a,swing,nominal,2.883,False,Quality team requested trace review for lot 24-118B.
4814,2024-01-17 17:05:00,2,temperature,celsius,FURN-02,heat-treat,swing,warning,60.285,False,Temperature variance narrowed after coolant nozzle cleaning.
4815,2024-01-17 17:10:00,3,pressure,bar,HYD-07,press-line,swing,nominal,7.827,False,Heat-treat furnace door cycling increased localized temperature spikes.
4816,2024-01-17 17:15:00,4,humidity,percent,PAINT-01,finishing,swing,nominal,40.339,False,Shift handoff note referenced unusual noise near press enclosure.
4817,2024-01-17 17:20:00,1,vibration,mm_s,CNC-04,machining-a,swing,nominal,2.611,False,Sensor battery health remains nominal after firmware update.
4818,2024-01-17 17:25:00,2,temperature,celsius,FURN-02,heat-treat,swing,nominal,68.469,False,Humidity readings track seasonal rise across late spring.
4819,2024-01-17 17:30:00,3,pressure,bar,HYD-07,press-line,swing,nominal,7.092,False,Hydraulic line pressure oscillation detected under load.
4820,2024-01-17 17:35:00,4,humidity,percent,PAINT-01,finishing,swing,nominal,51.906,False,Machine throughput increase drove sustained pressure uplift.
4821,2024-01-17 17:40:00,1,vibration,mm_s,CNC-04,machining-a,swing,nominal,0.942,False,Air handler maintenance reduced humidity variance on finishing line.
4822,2024-01-17 17:45:00,2,temperature,celsius,FURN-02,heat-treat,swing,warning,72.45,False,Pressure settled back to nominal after valve reseat.
4823,2024-01-17 17:50:00,3,pressure,bar,HYD-07,press-line,swing,nominal,8.424,False,Maintenance crew confirmed lubrication interval was missed.
4824,2024-01-17 17:55:00,4,humidity,percent,PAINT-01,finishing,swing,nominal,39.178,False,Sensor signal clipping observed during startup surge.
4825,2024-01-17 18:00:00,1,vibration,mm_s,CNC-04,machining-a,swing,nominal,2.46,False,Air handler maintenance reduced humidity variance on finishing line.
4826,2024-01-17 18:05:00,2,temperature,celsius,FURN-02,heat-treat,swing,nominal,70.074,False,Temperature remained elevated during unscheduled overtime run.
4827,2024-01-17 18:10:00,3,pressure,bar,HYD-07,press-line,swing,nominal,8.057,False,Coolant loop adjustment reduced chamber temperature spread.
4828,2024-01-17 18:15:00,4,humidity,percent,PAINT-01,finishing,swing,nominal,39.528,False,Sensor battery health remains nominal after firmware update.
4829,2024-01-17 18:20:00,1,vibration,mm_s,CNC-04,machining-a,swing,nominal,2.816,False,Sensor heartbeat delayed by one interval after gateway retry.
4830,2024-01-17 18:25:00,2,temperature,celsius,FURN-02,heat-treat,swing,nominal,70.839,False,Vibration harmonics broadened during extended production run.
4831,2024-01-17 18:30:00,3,pressure,bar,HYD-07,press-line,swing,nominal,8.943,False,Sensor signal clipping observed during startup surge.
4832,2024-01-17 18:35:00,4,humidity,percent,PAINT-01,finishing,swing,nominal,48.552,False,Thermal ramp exceeded expected warmup curve before shift start.
4833,2024-01-17 18:40:00,1,vibration,mm_s,CNC-04,machining-a,swing,nominal,2.511,False,Unexpected resonance band appeared near 42 Hz on spindle motor.
4834,2024-01-17 18:45:00,2,temperature,celsius,FURN-02,heat-treat,swing,warning,73.332,False,Press cycle dwell time lengthened during high-volume batch.
4835,2024-01-17 18:50:00,3,pressure,bar,HYD-07,press-line,swing,nominal,7.314,False,Sensor 3 drift suspected after cross-check with manual gauge.
4836,2024-01-17 18:55:00,4,humidity,percent,PAINT-01,finishing,swing,nominal,36.665,False,Maintenance scheduler deferred calibration due to spare shortage.
4837,2024-01-17 19:00:00,1,vibration,mm_s,CNC-04,machining-a,swing,nominal,2.72,False,Sensor battery health remains nominal after firmware update.
4838,2024-01-17 19:05:00,2,temperature,celsius,FURN-02,heat-treat,swing,critical,76.151,False,Press cycle dwell time lengthened during high-volume batch.
4839,2024-01-17 19:10:00,3,pressure,bar,HYD-07,press-line,swing,nominal,7.955,False,Edge collector replayed buffered events after network recovery.
4840,2024-01-17 19:15:00,4,humidity,percent,PAINT-01,finishing,swing,nominal,46.548,False,Sensor enclosure opened for manual calibration verification.
4841,2024-01-17 19:20:00,1,vibration,mm_s,CNC-04,machining-a,swing,nominal,2.255,False,Temporary gateway failover completed without data loss.
4842,2024-01-17 19:25:00,2,temperature,celsius,FURN-02,heat-treat,swing,nominal,56.908,False,Humidity readings track seasonal rise across late spring.
4843,2024-01-17 19:30:00,3,pressure,bar,HYD-07,press-line,swing,nominal,8.081,False,Transient outlier matched forklift impact near cabinet wall.
4844,2024-01-17 19:35:00,4,humidity,percent,PAINT-01,finishing,swing,nominal,40.59,False,Thermal overshoot event coincided with recipe change on furnace.
4845,2024-01-17 19:40:00,1,vibration,mm_s,CNC-04,machining-a,swing,nominal,2.364,False,Humidity excursion near finishing booth during coating run.
4846,2024-01-17 19:45:00,2,temperature,celsius,FURN-02,heat-treat,swing,nominal,63.068,False,Air handler maintenance reduced humidity variance on finishing line.
4847,2024-01-17 19:50:00,3,pressure,bar,HYD-07,press-line,swing,nominal,7.655,False,Pressure settled back to nominal after valve reseat.
4848,2024-01-17 19:55:00,4,humidity,percent,PAINT-01,finishing,swing,nominal,55.192,False,Temperature variance narrowed after coolant nozzle cleaning.
4849,2024-01-17 20:00:00,1,vibration,mm_s,CNC-04,machining-a,swing,nominal,2.376,False,Hydraulic line pressure oscillation detected under load.
4850,2024-01-17 20:05:00,2,temperature,celsius,FURN-02,heat-treat,swing,nominal,69.786,False,Sensor enclosure opened for manual calibration verification.
4851,2024-01-17 20:10:00,3,pressure,bar,HYD-07,press-line,swing,nominal,7.184,False,Shift handoff note referenced unusual noise near press enclosure.
4852,2024-01-17 20:15:00,4,humidity,percent,PAINT-01,finishing,swing,nominal,53.428,False,Thermal ramp exceeded expected warmup curve before shift start.
4853,2024-01-17 20:20:00,1,vibration,mm_s,CNC-04,machining-a,swing,nominal,2.501,False,Sensor 3 drift suspected after cross-check with manual gauge.
4854,2024-01-17 20:25:00,2,temperature,celsius,FURN-02,heat-treat,swing,nominal,70.278,False,Sensor heartbeat delayed by one interval after gateway retry.
4855,2024-01-17 20:30:00,3,pressure,bar,HYD-07,press-line,swing,nominal,7.983,False,Reliability engineer tagged sample window for model retraining.
4856,2024-01-17 20:35:00,4,humidity,percent,PAINT-01,finishing,swing,warning,50.745,False,Air handler maintenance reduced humidity variance on finishing line.
4857,2024-01-17 20:40:00,1,vibration,mm_s,CNC-04,machining-a,swing,nominal,2.081,False,Humidity readings track seasonal rise across late spring.
4858,2024-01-17 20:45:00,2,temperature,celsius,FURN-02,heat-treat,swing,nominal,62.062,False,Transient outlier matched forklift impact near cabinet wall.
4859,2024-01-17 20:50:00,3,pressure,bar,HYD-07,press-line,swing,nominal,7.521,False,Anomaly review flagged possible bearing wear progression.
4860,2024-01-17 20:55:00,4,humidity,percent,PAINT-01,finishing,swing,nominal,56.065,False,Calibration check overdue by 11 days for press-line transducer.
4861,2024-01-17 21:00:00,1,vibration,mm_s,CNC-04,machining-a,swing,nominal,3.001,False,Sensor enclosure opened for manual calibration verification.
4862,2024-01-17 21:05:00,2,temperature,celsius,FURN-02,heat-treat,swing,nominal,65.513,False,Bearing temperature rising faster than baseline on spindle cell.
4863,2024-01-17 21:10:00,3,pressure,bar,HYD-07,press-line,swing,nominal,7.818,False,Warning threshold updated for pilot predictive-maintenance model.
4864,2024-01-17 21:15:00,4,humidity,percent,PAINT-01,finishing,swing,nominal,41.312,False,Air handler maintenance reduced humidity variance on finishing line.
4865,2024-01-17 21:20:00,1,vibration,mm_s,CNC-04,machining-a,swing,nominal,3.183,False,Warning threshold updated for pilot predictive-maintenance model.
4866,2024-01-17 21:25:00,2,temperature,celsius,FURN-02,heat-treat,swing,critical,76.782,False,Quality team requested trace review for lot 24-118B.
4867,2024-01-17 21:30:00,3,pressure,bar,HYD-07,press-line,swing,nominal,7.827,False,Reliability engineer tagged sample window for model retraining.
4868,2024-01-17 21:35:00,4,humidity,percent,PAINT-01,finishing,swing,nominal,48.32,False,Press cycle dwell time lengthened during high-volume batch.
4869,2024-01-17 21:40:00,1,vibration,mm_s,CNC-04,machining-a,swing,nominal,2.108,False,Temporary gateway failover completed without data loss.
4870,2024-01-17 21:45:00,2,temperature,celsius,FURN-02,heat-treat,swing,nominal,67.441,False,Sensor heartbeat delayed by one interval after gateway retry.
4871,2024-01-17 21:50:00,3,pressure,bar,HYD-07,press-line,swing,nominal,7.113,False,Humidity baseline improved after seal replacement.
4872,2024-01-17 21:55:00,4,humidity,percent,PAINT-01,finishing,swing,nominal,39.694,False,Thermal overshoot event coincided with recipe change on furnace.
4873,2024-01-17 22:00:00,1,vibration,mm_s,CNC-04,machining-a,swing,nominal,1.757,False,Air handler maintenance reduced humidity variance on finishing line.
4874,2024-01-17 22:05:00,2,temperature,celsius,FURN-02,heat-treat,swing,nominal,69.981,False,Coolant loop adjustment reduced chamber temperature spread.
4875,2024-01-17 22:10:00,3,pressure,bar,HYD-07,press-line,swing,nominal,7.518,False,Sensor battery health remains nominal after firmware update.
4876,2024-01-17 22:15:00,4,humidity,percent,PAINT-01,finishing,swing,nominal,48.795,False,Short-lived packet loss observed at edge gateway gw-02.
4877,2024-01-17 22:20:00,1,vibration,mm_s,CNC-04,machining-a,swing,nominal,1.66,False,Sensor battery health remains nominal after firmware update.
4878,2024-01-17 22:25:00,2,temperature,celsius,FURN-02,heat-treat,swing,critical,77.094,False,Air handler maintenance reduced humidity variance on finishing line.
4879,2024-01-17 22:30:00,3,pressure,bar,HYD-07,press-line,swing,nominal,7.534,False,Compressed air fluctuation introduced pressure noise for two cycles.
4880,2024-01-17 22:35:00,4,humidity,percent,PAINT-01,finishing,swing,nominal,46.127,False,Pressure peak corresponds to oversized billet batch processing.
4881,2024-01-17 22:40:00,1,vibration,mm_s,CNC-04,machining-a,swing,nominal,2.623,False,Unexpected resonance band appeared near 42 Hz on spindle motor.
4882,2024-01-17 22:45:00,2,temperature,celsius,FURN-02,heat-treat,swing,nominal,69.46,False,Coolant loop adjustment reduced chamber temperature spread.
4883,2024-01-17 22:50:00,3,pressure,bar,HYD-07,press-line,swing,nominal,7.844,False,Night shift startup produced higher than normal vibration floor.
4884,2024-01-17 22:55:00,4,humidity,percent,PAINT-01,finishing,swing,nominal,38.255,False,Vibration harmonics broadened during extended production run.
4885,2024-01-17 23:00:00,1,vibration,mm_s,CNC-04,machining-a,swing,nominal,2.723,False,Short-lived packet loss observed at edge gateway gw-02.
4886,2024-01-17 23:05:00,2,temperature,celsius,FURN-02,heat-treat,swing,warning,72.58,False,Humidity readings track seasonal rise across late spring.
4887,2024-01-17 23:10:00,3,pressure,bar,HYD-07,press-line,swing,nominal,8.109,False,Thermal overshoot event coincided with recipe change on furnace.
4888,2024-01-17 23:15:00,4,humidity,percent,PAINT-01,finishing,swing,nominal,44.133,False,Hydraulic line pressure oscillation detected under load.
4889,2024-01-17 23:20:00,1,vibration,mm_s,CNC-04,machining-a,swing,nominal,2.625,False,Pressure line purge completed before restart authorization.
4890,2024-01-17 23:25:00,2,temperature,celsius,FURN-02,heat-treat,swing,warning,71.607,False,Sensor enclosure opened for manual calibration verification.
4891,2024-01-17 23:30:00,3,pressure,bar,HYD-07,press-line,swing,nominal,8.009,False,Anomaly review flagged possible bearing wear progression.
4892,2024-01-17 23:35:00,4,humidity,percent,PAINT-01,finishing,swing,nominal,44.907,False,Maintenance crew confirmed lubrication interval was missed.
4893,2024-01-17 23:40:00,1,vibration,mm_s,CNC-04,machining-a,swing,nominal,2.672,False,Condensation warning cleared after dehumidifier ramp-up.
4894,2024-01-17 23:45:00,2,temperature,celsius,FURN-02,heat-treat,swing,nominal,67.527,False,Sensor 3 drift suspected after cross-check with manual gauge.
4895,2024-01-17 23:50:00,3,pressure,bar,HYD-07,press-line,swing,nominal,8.366,False,Unbalanced load introduced cyclical pressure ripple.
4896,2024-01-17 23:55:00,4,humidity,percent,PAINT-01,finishing,swing,nominal,44.751,False,Hydraulic accumulator recharge lag increased under repeated cycles.
4897,2024-01-18 00:00:00,1,vibration,mm_s,CNC-04,machining-a,night,nominal,2.337,False,Pressure peak corresponds to oversized billet batch processing.
4898,2024-01-18 00:05:00,2,temperature,celsius,FURN-02,heat-treat,night,nominal,67.52,False,Humidity excursion near finishing booth during coating run.
4899,2024-01-18 00:10:00,3,pressure,bar,HYD-07,press-line,night,nominal,8.152,False,Humidity excursion near finishing booth during coating run.
4900,2024-01-18 00:15:00,4,humidity,percent,PAINT-01,finishing,night,nominal,53.633,False,Sensor 1 spike sequence matches historical bearing fault pattern.
4901,2024-01-18 00:20:00,1,vibration,mm_s,CNC-04,machining-a,night,nominal,1.555,False,Edge collector replayed buffered events after network recovery.
4902,2024-01-18 00:25:00,2,temperature,celsius,FURN-02,heat-treat,night,warning,74.607,False,Thermal overshoot event coincided with recipe change on furnace.
4903,2024-01-18 00:30:00,3,pressure,bar,HYD-07,press-line,night,nominal,9.348,False,Sensor 1 spike sequence matches historical bearing fault pattern.
4904,2024-01-18 00:35:00,4,humidity,percent,PAINT-01,finishing,night,nominal,39.33,False,Maintenance crew confirmed lubrication interval was missed.
4905,2024-01-18 00:40:00,1,vibration,mm_s,CNC-04,machining-a,night,nominal,2.376,False,Hydraulic accumulator recharge lag increased under repeated cycles.
4906,2024-01-18 00:45:00,2,temperature,celsius,FURN-02,heat-treat,night,nominal,69.254,False,Packaging line stop reduced adjacent vibration background.
4907,2024-01-18 00:50:00,3,pressure,bar,HYD-07,press-line,night,nominal,8.304,False,Air handler maintenance reduced humidity variance on finishing line.
4908,2024-01-18 00:55:00,4,humidity,percent,PAINT-01,finishing,night,nominal,41.277,False,Operator reset acknowledged after red-tag inspection.
4909,2024-01-18 01:00:00,1,vibration,mm_s,CNC-04,machining-a,night,nominal,3.56,False,Condensation warning cleared after dehumidifier ramp-up.
4910,2024-01-18 01:05:00,2,temperature,celsius,FURN-02,heat-treat,night,nominal,64.752,False,Humidity climbed during dock-door open period in afternoon shift.
4911,2024-01-18 01:10:00,3,pressure,bar,HYD-07,press-line,night,nominal,7.183,False,Maintenance scheduler deferred calibration due to spare shortage.
4912,2024-01-18 01:15:00,4,humidity,percent,PAINT-01,finishing,night,nominal,29.816,False,Transient outlier matched forklift impact near cabinet wall.
4913,2024-01-18 01:20:00,1,vibration,mm_s,CNC-04,machining-a,night,nominal,2.796,False,Calibration check overdue by 11 days for press-line transducer.
4914,2024-01-18 01:25:00,2,temperature,celsius,FURN-02,heat-treat,night,warning,74.162,False,Telemetry quality flag downgraded during sensor self-test window.
4915,2024-01-18 01:30:00,3,pressure,bar,HYD-07,press-line,night,nominal,7.798,False,Humidity climbed during dock-door open period in afternoon shift.
4916,2024-01-18 01:35:00,4,humidity,percent,PAINT-01,finishing,night,nominal,48.022,False,Short-lived packet loss observed at edge gateway gw-02.
4917,2024-01-18 01:40:00,1,vibration,mm_s,CNC-04,machining-a,night,nominal,2.883,False,Operator reset acknowledged after red-tag inspection.
4918,2024-01-18 01:45:00,2,temperature,celsius,FURN-02,heat-treat,night,nominal,56.446,False,SCADA backfill inserted two delayed telemetry points.
4919,2024-01-18 01:50:00,3,pressure,bar,HYD-07,press-line,night,warning,10.126,False,Operator reported intermittent chatter on machine CNC-04.
4920,2024-01-18 01:55:00,4,humidity,percent,PAINT-01,finishing,night,nominal,48.744,False,Quality hold reduced finishing booth activity for one shift.
4921,2024-01-18 02:00:00,1,vibration,mm_s,CNC-04,machining-a,night,nominal,3.148,False,Supervisory alert generated after three consecutive threshold breaches.
4922,2024-01-18 02:05:00,2,temperature,celsius,FURN-02,heat-treat,night,critical,76.396,False,Dust extraction fan offline for 18 minutes on line finishing.
4923,2024-01-18 02:10:00,3,pressure,bar,HYD-07,press-line,night,nominal,7.179,False,Dust extraction fan offline for 18 minutes on line finishing.
4924,2024-01-18 02:15:00,4,humidity,percent,PAINT-01,finishing,night,nominal,49.055,False,Warning threshold updated for pilot predictive-maintenance model.
4925,2024-01-18 02:20:00,1,vibration,mm_s,CNC-04,machining-a,night,nominal,2.188,False,Hydraulic accumulator recharge lag increased under repeated cycles.
4926,2024-01-18 02:25:00,2,temperature,celsius,FURN-02,heat-treat,night,nominal,68.455,False,Night shift startup produced higher than normal vibration floor.
4927,2024-01-18 02:30:00,3,pressure,bar,HYD-07,press-line,night,nominal,8.361,False,Humidity readings track seasonal rise across late spring.
4928,2024-01-18 02:35:00,4,humidity,percent,PAINT-01,finishing,night,nominal,44.458,False,Machine throughput increase drove sustained pressure uplift.
4929,2024-01-18 02:40:00,1,vibration,mm_s,CNC-04,machining-a,night,nominal,2.773,False,Calibration check overdue by 11 days for press-line transducer.
4930,2024-01-18 02:45:00,2,temperature,celsius,FURN-02,heat-treat,night,nominal,69.331,False,Transient outlier matched forklift impact near cabinet wall.
4931,2024-01-18 02:50:00,3,pressure,bar,HYD-07,press-line,night,nominal,9.519,False,Maintenance crew confirmed lubrication interval was missed.
4932,2024-01-18 02:55:00,4,humidity,percent,PAINT-01,finishing,night,nominal,40.957,False,Sensor signal clipping observed during startup surge.
4933,2024-01-18 03:00:00,1,vibration,mm_s,CNC-04,machining-a,night,nominal,2.932,False,Calibration check overdue by 11 days for press-line transducer.
4934,2024-01-18 03:05:00,2,temperature,celsius,FURN-02,heat-treat,night,nominal,69.669,False,Warning threshold updated for pilot predictive-maintenance model.
4935,2024-01-18 03:10:00,3,pressure,bar,HYD-07,press-line,night,nominal,7.253,False,Temperature variance narrowed after coolant nozzle cleaning.
4936,2024-01-18 03:15:00,4,humidity,percent,PAINT-01,finishing,night,nominal,38.675,False,Temporary gateway failover completed without data loss.
4937,2024-01-18 03:20:00,1,vibration,mm_s,CNC-04,machining-a,night,nominal,2.137,False,Anomaly review flagged possible bearing wear progression.
4938,2024-01-18 03:25:00,2,temperature,celsius,FURN-02,heat-treat,night,warning,75.285,False,Temperature remained elevated during unscheduled overtime run.
4939,2024-01-18 03:30:00,3,pressure,bar,HYD-07,press-line,night,nominal,9.082,False,Pressure peak corresponds to oversized billet batch processing.
4940,2024-01-18 03:35:00,4,humidity,percent,PAINT-01,finishing,night,nominal,47.469,False,Humidity climbed during dock-door open period in afternoon shift.
4941,2024-01-18 03:40:00,1,vibration,mm_s,CNC-04,machining-a,night,nominal,2.85,False,Compressed air fluctuation introduced pressure noise for two cycles.
4942,2024-01-18 03:45:00,2,temperature,celsius,FURN-02,heat-treat,night,nominal,70.081,False,Edge collector replayed buffered events after network recovery.
4943,2024-01-18 03:50:00,3,pressure,bar,HYD-07,press-line,night,nominal,9.081,False,Humidity climbed during dock-door open period in afternoon shift.
4944,2024-01-18 03:55:00,4,humidity,percent,PAINT-01,finishing,night,critical,40.526,False,Telemetry quality flag downgraded during sensor self-test window.
4945,2024-01-18 04:00:00,1,vibration,mm_s,CNC-04,machining-a,night,nominal,3.362,False,Night shift startup produced higher than normal vibration floor.
4946,2024-01-18 04:05:00,2,temperature,celsius,FURN-02,heat-treat,night,nominal,69.196,False,Shift handoff note referenced unusual noise near press enclosure.
4947,2024-01-18 04:10:00,3,pressure,bar,HYD-07,press-line,night,nominal,7.878,False,Anomaly review flagged possible bearing wear progression.
4948,2024-01-18 04:15:00,4,humidity,percent,PAINT-01,finishing,night,nominal,36.281,False,Sensor 1 spike sequence matches historical bearing fault pattern.
4949,2024-01-18 04:20:00,1,vibration,mm_s,CNC-04,machining-a,night,nominal,2.43,False,Humidity climbed during dock-door open period in afternoon shift.
4950,2024-01-18 04:25:00,2,temperature,celsius,FURN-02,heat-treat,night,nominal,65.013,False,Quality team requested trace review for lot 24-118B.
4951,2024-01-18 04:30:00,3,pressure,bar,HYD-07,press-line,night,nominal,6.837,False,Pressure settled back to nominal after valve reseat.
4952,2024-01-18 04:35:00,4,humidity,percent,PAINT-01,finishing,night,nominal,49.838,False,Press cycle dwell time lengthened during high-volume batch.
4953,2024-01-18 04:40:00,1,vibration,mm_s,CNC-04,machining-a,night,nominal,1.703,False,Sensor heartbeat delayed by one interval after gateway retry.
4954,2024-01-18 04:45:00,2,temperature,celsius,FURN-02,heat-treat,night,critical,66.088,False,Shift handoff note referenced unusual noise near press enclosure.
4955,2024-01-18 04:50:00,3,pressure,bar,HYD-07,press-line,night,nominal,8.459,False,Hydraulic accumulator recharge lag increased under repeated cycles.
4956,2024-01-18 04:55:00,4,humidity,percent,PAINT-01,finishing,night,nominal,42.823,False,Dust extraction fan offline for 18 minutes on line finishing.
4957,2024-01-18 05:00:00,1,vibration,mm_s,CNC-04,machining-a,night,nominal,2.745,False,Operator reset acknowledged after red-tag inspection.
4958,2024-01-18 05:05:00,2,temperature,celsius,FURN-02,heat-treat,night,warning,72.189,False,Hydraulic line pressure oscillation detected under load.
4959,2024-01-18 05:10:00,3,pressure,bar,HYD-07,press-line,night,nominal,8.006,False,Machine throughput increase drove sustained pressure uplift.
4960,2024-01-18 05:15:00,4,humidity,percent,PAINT-01,finishing,night,nominal,45.499,False,Humidity climbed during dock-door open period in afternoon shift.
4961,2024-01-18 05:20:00,1,vibration,mm_s,CNC-04,machining-a,night,nominal,2.289,False,Operator reset acknowledged after red-tag inspection.
4962,2024-01-18 05:25:00,2,temperature,celsius,FURN-02,heat-treat,night,nominal,70.303,False,Heat-treat furnace door cycling increased localized temperature spikes.
4963,2024-01-18 05:30:00,3,pressure,bar,HYD-07,press-line,night,nominal,7.942,False,Quality hold reduced finishing booth activity for one shift.
4964,2024-01-18 05:35:00,4,humidity,percent,PAINT-01,finishing,night,nominal,27.7,False,Pressure line purge completed before restart authorization.
4965,2024-01-18 05:40:00,1,vibration,mm_s,CNC-04,machining-a,night,nominal,2.75,False,Machine throughput increase drove sustained pressure uplift.
4966,2024-01-18 05:45:00,2,temperature,celsius,FURN-02,heat-treat,night,critical,76.894,False,Pressure peak corresponds to oversized billet batch processing.
4967,2024-01-18 05:50:00,3,pressure,bar,HYD-07,press-line,night,nominal,8.5,False,Sensor enclosure opened for manual calibration verification.
4968,2024-01-18 05:55:00,4,humidity,percent,PAINT-01,finishing,night,nominal,44.441,False,Sensor 3 drift suspected after cross-check with manual gauge.
4969,2024-01-18 06:00:00,1,vibration,mm_s,CNC-04,machining-a,night,nominal,2.187,False,Hydraulic accumulator recharge lag increased under repeated cycles.
4970,2024-01-18 06:05:00,2,temperature,celsius,FURN-02,heat-treat,night,nominal,65.636,False,Pressure line purge completed before restart authorization.
4971,2024-01-18 06:10:00,3,pressure,bar,HYD-07,press-line,night,nominal,8.072,False,Pressure settled back to nominal after valve reseat.
4972,2024-01-18 06:15:00,4,humidity,percent,PAINT-01,finishing,night,nominal,43.475,False,Sensor 1 spike sequence matches historical bearing fault pattern.
4973,2024-01-18 06:20:00,1,vibration,mm_s,CNC-04,machining-a,night,nominal,2.684,False,Hydraulic accumulator recharge lag increased under repeated cycles.
4974,2024-01-18 06:25:00,2,temperature,celsius,FURN-02,heat-treat,night,nominal,64.111,False,Maintenance scheduler deferred calibration due to spare shortage.
4975,2024-01-18 06:30:00,3,pressure,bar,HYD-07,press-line,night,nominal,7.034,False,Unbalanced load introduced cyclical pressure ripple.
4976,2024-01-18 06:35:00,4,humidity,percent,PAINT-01,finishing,night,nominal,53.952,False,Humidity baseline improved after seal replacement.
4977,2024-01-18 06:40:00,1,vibration,mm_s,CNC-04,machining-a,night,nominal,3.325,False,Anomaly review flagged possible bearing wear progression.
4978,2024-01-18 06:45:00,2,temperature,celsius,FURN-02,heat-treat,night,nominal,70.653,False,Heat-treat furnace door cycling increased localized temperature spikes.
4979,2024-01-18 06:50:00,3,pressure,bar,HYD-07,press-line,night,nominal,7.989,False,Vibration baseline recovered after tool holder replacement.
4980,2024-01-18 06:55:00,4,humidity,percent,PAINT-01,finishing,night,nominal,43.419,False,Calibration check overdue by 11 days for press-line transducer.
4981,2024-01-18 07:00:00,1,vibration,mm_s,CNC-04,machining-a,night,nominal,2.635,False,Pressure line purge completed before restart authorization.
4982,2024-01-18 07:05:00,2,temperature,celsius,FURN-02,heat-treat,night,nominal,68.92,False,Condensation warning cleared after dehumidifier ramp-up.
4983,2024-01-18 07:10:00,3,pressure,bar,HYD-07,press-line,night,nominal,8.3,False,Sensor signal clipping observed during startup surge.
4984,2024-01-18 07:15:00,4,humidity,percent,PAINT-01,finishing,night,nominal,29.505,False,Machine idle period extended during planned sanitation window.
4985,2024-01-18 07:20:00,1,vibration,mm_s,CNC-04,machining-a,night,nominal,1.743,False,Pressure peak corresponds to oversized billet batch processing.
4986,2024-01-18 07:25:00,2,temperature,celsius,FURN-02,heat-treat,night,nominal,63.912,False,Quality team requested trace review for lot 24-118B.
4987,2024-01-18 07:30:00,3,pressure,bar,HYD-07,press-line,night,nominal,8.385,False,Humidity climbed during dock-door open period in afternoon shift.
4988,2024-01-18 07:35:00,4,humidity,percent,PAINT-01,finishing,night,nominal,43.457,False,Pressure settled back to nominal after valve reseat.
4989,2024-01-18 07:40:00,1,vibration,mm_s,CNC-04,machining-a,night,nominal,2.857,False,Sensor 3 drift suspected after cross-check with manual gauge.
4990,2024-01-18 07:45:00,2,temperature,celsius,FURN-02,heat-treat,night,nominal,66.97,False,Hydraulic accumulator recharge lag increased under repeated cycles.
4991,2024-01-18 07:50:00,3,pressure,bar,HYD-07,press-line,night,nominal,8.895,False,Sensor battery health remains nominal after firmware update.
4992,2024-01-18 07:55:00,4,humidity,percent,PAINT-01,finishing,night,nominal,44.695,False,Short-lived packet loss observed at edge gateway gw-02.
4993,2024-01-18 08:00:00,1,vibration,mm_s,CNC-04,machining-a,day,nominal,2.411,False,Humidity readings track seasonal rise across late spring.
4994,2024-01-18 08:05:00,2,temperature,celsius,FURN-02,heat-treat,day,warning,72.228,False,Quality hold reduced finishing booth activity for one shift.
4995,2024-01-18 08:10:00,3,pressure,bar,HYD-07,press-line,day,nominal,6.553,False,Sensor heartbeat delayed by one interval after gateway retry.
4996,2024-01-18 08:15:00,4,humidity,percent,PAINT-01,finishing,day,nominal,50.986,False,Anomaly review flagged possible bearing wear progression.
4997,2024-01-18 08:20:00,1,vibration,mm_s,CNC-04,machining-a,day,nominal,2.517,False,Humidity excursion near finishing booth during coating run.
4998,2024-01-18 08:25:00,2,temperature,celsius,FURN-02,heat-treat,day,nominal,63.116,False,Reliability engineer tagged sample window for model retraining.
4999,2024-01-18 08:30:00,3,pressure,bar,HYD-07,press-line,day,nominal,8.47,False,Temporary gateway failover completed without data loss.
5000,2024-01-18 08:35:00,4,humidity,percent,PAINT-01,finishing,day,nominal,44.167,False,Bearing temperature rising faster than baseline on spindle cell.
